Date,Open,High,Low,Close,Adj Close,Volume
1980-03-17,0.0,0.8271409869194031,0.8085539937019348,0.8178470134735107,0.4295596778392792,1158040
1980-03-18,0.0,0.8302389979362488,0.814749002456665,0.8271409869194031,0.4344412386417389,1622063
1980-03-19,0.0,0.8426309823989868,0.8271409869194031,0.8426309823989868,0.4425770342350006,1367859
1980-03-20,0.0,0.8612179756164551,0.8395329713821411,0.8395329713821411,0.440949946641922,3046412
1980-03-21,0.0,0.848825991153717,0.8364350199699402,0.8364350199699402,0.4393227994441986,1020851
1980-03-24,0.0,0.8426309823989868,0.8302389979362488,0.8302389979362488,0.4360686242580414,778752
1980-03-25,0.0,0.8426309823989868,0.8271409869194031,0.8302389979362488,0.4360686242580414,944186
1980-03-26,0.0,0.8426309823989868,0.8271409869194031,0.8426309823989868,0.4425770342350006,2332220
1980-03-27,0.0,0.8302389979362488,0.8116520047187805,0.8116520047187805,0.42630600929260254,770682
1980-03-28,0.0,0.8426309823989868,0.8302389979362488,0.8364350199699402,0.4393227994441986,459988
1980-03-31,0.0,0.8519240021705627,0.8364350199699402,0.8457289934158325,0.4442044198513031,250169
1980-04-01,0.0,0.8612179756164551,0.8457289934158325,0.8581200242042542,0.4507126212120056,201749
1980-04-02,0.0,0.9045889973640442,0.8581200242042542,0.8983929753303528,0.47186532616615295,758577
1980-04-03,0.0,0.9262740015983582,0.9014909863471985,0.9169800281524658,0.48162758350372314,1480839
1980-04-07,0.0,0.9169800281524658,0.9014909863471985,0.9014909863471985,0.4734920263290405,464023
1980-04-08,0.0,0.8952950239181519,0.8860009908676147,0.8860009908676147,0.4653564989566803,1355754
1980-04-09,0.0,0.8860009908676147,0.8860009908676147,0.8860009908676147,0.4653564989566803,347009
1980-04-10,0.0,0.9045889973640442,0.8921970129013062,0.8952950239181519,0.4702380299568176,314729
1980-04-11,0.0,0.9169800281524658,0.9014909863471985,0.9045889973640442,0.47511985898017883,710157
1980-04-14,0.0,0.8983929753303528,0.8921970129013062,0.8921970129013062,0.4686107635498047,205784
1980-04-15,0.0,0.9045889973640442,0.8952950239181519,0.8983929753303528,0.47186532616615295,197714
1980-04-16,0.0,0.9169800281524658,0.9045889973640442,0.9045889973640442,0.47511985898017883,2134506
1980-04-17,0.0,0.8983929753303528,0.8921970129013062,0.8983929753303528,0.47186532616615295,1371894
1980-04-18,0.0,0.9076870083808899,0.8983929753303528,0.8983929753303528,0.47186532616615295,391393
1980-04-21,0.0,0.9045889973640442,0.8983929753303528,0.8983929753303528,0.47186532616615295,379288
1980-04-22,0.0,0.9293720126152039,0.9045889973640442,0.9045889973640442,0.47511985898017883,1125760
1980-04-23,0.0,0.9200779795646667,0.9045889973640442,0.9107850193977356,0.47837379574775696,625422
1980-04-24,0.0,0.9169800281524658,0.9076870083808899,0.9169800281524658,0.48162758350372314,246134
1980-04-25,0.0,0.9200779795646667,0.9138820171356201,0.9138820171356201,0.48000040650367737,121049
1980-04-28,0.0,0.9262740015983582,0.9138820171356201,0.9262740015983582,0.48650914430618286,347009
1980-04-29,0.0,0.9262740015983582,0.9231759905815125,0.9231759905815125,0.48488175868988037,1166110
1980-04-30,0.0,0.9262740015983582,0.9200779795646667,0.9200779795646667,0.48325490951538086,431743
1980-05-01,0.0,0.9479590058326721,0.9324700236320496,0.9448620080947876,0.49627241492271423,500338
1980-05-02,0.0,0.9510570168495178,0.9355679750442505,0.9355679750442505,0.4913908541202545,217889
1980-05-05,0.0,0.9479590058326721,0.9355679750442505,0.9479590058326721,0.49789905548095703,455953
1980-05-06,0.0,0.9541550278663635,0.9417639970779419,0.9479590058326721,0.49789905548095703,375253
1980-05-07,0.0,0.9541550278663635,0.9386659860610962,0.9417639970779419,0.4946449100971222,407533
1980-05-08,0.0,0.9541550278663635,0.9417639970779419,0.9479590058326721,0.49789905548095703,1343649
1980-05-09,0.0,0.9510570168495178,0.9386659860610962,0.9417639970779419,0.4946449100971222,669807
1980-05-12,0.0,0.9510570168495178,0.9417639970779419,0.9510570168495178,0.49952614307403564,141224
1980-05-13,0.0,0.9665470123291016,0.9603509902954102,0.9603509902954102,0.5044074654579163,322799
1980-05-14,0.0,0.9789379835128784,0.9603509902954102,0.9665470123291016,0.5076619386672974,439813
1980-05-15,0.0,0.9727429747581482,0.9603509902954102,0.9634490013122559,0.5060345530509949,72630
1980-05-16,0.0,0.9665470123291016,0.9603509902954102,0.9603509902954102,0.5044074654579163,8070
1980-05-19,0.0,0.9572529792785645,0.9417639970779419,0.9417639970779419,0.4946449100971222,1428384
1980-05-20,0.0,0.9572529792785645,0.9417639970779419,0.9510570168495178,0.49952614307403564,1388034
1980-05-21,0.0,0.9634490013122559,0.9541550278663635,0.9603509902954102,0.5044074654579163,371218
1980-05-22,0.0,0.9696450233459473,0.9634490013122559,0.9696450233459473,0.5092891454696655,314729
1980-05-23,0.0,0.9851340055465698,0.9727429747581482,0.9789379835128784,0.5141698122024536,1351719
1980-05-27,0.0,0.9665470123291016,0.9603509902954102,0.9634490013122559,0.5060345530509949,229994
1980-05-28,0.0,0.9665470123291016,0.9572529792785645,0.9665470123291016,0.5076619386672974,242099
1980-05-29,0.0,0.9727429747581482,0.9665470123291016,0.9665470123291016,0.5076619386672974,36315
1980-05-30,0.0,0.9665470123291016,0.9603509902954102,0.9665470123291016,0.5076619386672974,3453945
1980-06-02,0.0,0.9665470123291016,0.9510570168495178,0.9541550278663635,0.5011534094810486,217889
1980-06-03,0.0,0.9572529792785645,0.9479590058326721,0.9572529792785645,0.5027804970741272,2134506
1980-06-04,0.0,0.9634490013122559,0.9479590058326721,0.9634490013122559,0.5060345530509949,468058
1980-06-05,0.0,0.9696450233459473,0.9603509902954102,0.9696450233459473,0.5092891454696655,1751183
1980-06-06,0.0,0.9789379835128784,0.9634490013122559,0.9758409857749939,0.512543261051178,2469409
1980-06-09,0.0,0.9696450233459473,0.9541550278663635,0.9603509902954102,0.5044074654579163,577003
1980-06-10,0.0,0.9634490013122559,0.9479590058326721,0.9479590058326721,0.49789905548095703,621387
1980-06-11,0.0,0.9572529792785645,0.9417639970779419,0.9572529792785645,0.5027804970741272,819102
1980-06-12,0.0,0.9634490013122559,0.9541550278663635,0.9541550278663635,0.5011534094810486,391393
1980-06-13,0.0,0.9510570168495178,0.9355679750442505,0.9510570168495178,0.49952614307403564,298589
1980-06-16,0.0,0.9541550278663635,0.9448620080947876,0.9541550278663635,0.5011534094810486,141224
1980-06-17,0.0,0.9634490013122559,0.9479590058326721,0.9634490013122559,0.5060345530509949,1141900
1980-06-18,0.0,0.9572529792785645,0.9479590058326721,0.9510570168495178,0.49952614307403564,1121725
1980-06-19,0.0,0.9510570168495178,0.9355679750442505,0.9417639970779419,0.4946449100971222,597177
1980-06-20,0.0,0.9417639970779419,0.8983929753303528,0.9169800281524658,0.48162758350372314,1069270
1980-06-23,0.0,0.9262740015983582,0.9138820171356201,0.9231759905815125,0.48488175868988037,694017
1980-06-24,0.0,0.9541550278663635,0.9293720126152039,0.9479590058326721,0.49789905548095703,3207811
1980-06-25,0.0,0.9634490013122559,0.9510570168495178,0.9541550278663635,0.5011534094810486,1492944
1980-06-26,0.0,0.9665470123291016,0.9541550278663635,0.9572529792785645,0.5027804970741272,435778
1980-06-27,0.0,0.9603509902954102,0.9448620080947876,0.9572529792785645,0.5027804970741272,1371894
1980-06-30,0.0,0.9603509902954102,0.9479590058326721,0.9479590058326721,0.49789905548095703,185609
1980-07-01,0.0,0.9603509902954102,0.9510570168495178,0.9572529792785645,0.5027804970741272,1359789
1980-07-02,0.0,0.9665470123291016,0.9510570168495178,0.9665470123291016,0.5076619386672974,637527
1980-07-03,0.0,0.9913300275802612,0.9665470123291016,0.9913300275802612,0.5206789374351501,3514470
1980-07-07,0.0,1.0316029787063599,1.009917974472046,1.0316029787063599,0.5418317317962646,1396104
1980-07-08,0.0,1.0656800270080566,1.0470919609069824,1.0656800270080566,0.5597296953201294,1218565
1980-07-09,0.0,1.084267020225525,1.0439950227737427,1.0811690092086792,0.5678650736808777,593142
1980-07-10,0.0,1.062582015991211,1.0223089456558228,1.0223089456558228,0.536949872970581,1731008
1980-07-11,0.0,1.0254069566726685,1.016113042831421,1.0192110538482666,0.5353226661682129,2106261
1980-07-14,0.0,1.0532879829406738,1.0285049676895142,1.0532879829406738,0.5532211065292358,1404174
1980-07-15,0.0,1.084267020225525,1.062582015991211,1.0811690092086792,0.5678650736808777,1892407
1980-07-16,0.0,1.0811690092086792,1.0656800270080566,1.0656800270080566,0.5597296953201294,508408
1980-07-17,0.0,1.0997569561004639,1.071876049041748,1.093561053276062,0.5743736624717712,629457
1980-07-18,0.0,1.1028549671173096,1.0904630422592163,1.1028549671173096,0.5792549848556519,2400815
1980-07-21,0.0,1.109050989151001,1.1028549671173096,1.1059529781341553,0.5808821320533752,669807
1980-07-22,0.0,1.109050989151001,1.0873650312423706,1.0904630422592163,0.5727466344833374,512443
1980-07-23,0.0,1.0997569561004639,1.0904630422592163,1.093561053276062,0.5743736624717712,181574
1980-07-24,0.0,1.1028549671173096,1.0873650312423706,1.0997569561004639,0.577627956867218,802962
1980-07-25,0.0,1.1059529781341553,1.084267020225525,1.1059529781341553,0.5808821320533752,189644
1980-07-28,0.0,1.109050989151001,1.0997569561004639,1.0997569561004639,0.577627956867218,762612
1980-07-29,0.0,1.0997569561004639,1.0904630422592163,1.093561053276062,0.5743736624717712,597177
1980-07-30,0.0,1.1028549671173096,1.093561053276062,1.0966589450836182,0.5760009288787842,326834
1980-07-31,0.0,1.1028549671173096,1.0873650312423706,1.093561053276062,0.5743736624717712,1585748
1980-08-01,0.0,1.109050989151001,1.0904630422592163,1.109050989151001,0.5825097560882568,1258915
1980-08-04,0.0,1.130735993385315,1.0997569561004639,1.130735993385315,0.5938988924026489,419638
1980-08-05,0.0,1.18340003490448,1.1462249755859375,1.1803020238876343,0.6199327707290649,1279090
1980-08-06,0.0,1.2236729860305786,1.152420997619629,1.177204966545105,0.6183062195777893,1759253
1980-08-07,0.0,1.2019879817962646,1.1895960569381714,1.198889970779419,0.6296957731246948,1613993
1980-08-08,0.0,1.208184003829956,1.1741069555282593,1.18340003490448,0.6215603351593018,689982
1980-08-11,0.0,1.177204966545105,1.1431280374526978,1.152420997619629,0.6052890419960022,496303
1980-08-12,0.0,1.152420997619629,1.140030026435852,1.1462249755859375,0.6020345687866211,806997
1980-08-13,0.0,1.1493229866027832,1.130735993385315,1.140030026435852,0.5987805128097534,330869
1980-08-14,0.0,1.1493229866027832,1.140030026435852,1.1493229866027832,0.6036615967750549,516478
1980-08-15,0.0,1.1586170196533203,1.1462249755859375,1.1586170196533203,0.6085432171821594,407533
1980-08-18,0.0,1.161715030670166,1.140030026435852,1.140030026435852,0.5987805128097534,540688
1980-08-19,0.0,1.161715030670166,1.140030026435852,1.161715030670166,0.6101704239845276,516478
1980-08-20,0.0,1.152420997619629,1.1462249755859375,1.1462249755859375,0.6020345687866211,229994
1980-08-21,0.0,1.1895960569381714,1.1555190086364746,1.1895960569381714,0.6248144507408142,685947
1980-08-22,0.0,1.251554012298584,1.208184003829956,1.2484560012817383,0.6557295322418213,932081
1980-08-25,0.0,1.2701419591903687,1.22986900806427,1.2329670190811157,0.6475942730903625,601212
1980-08-26,0.0,1.2329670190811157,1.2112809419631958,1.2143789529800415,0.6378310322761536,2832558
1980-08-27,0.0,1.2143789529800415,1.2050859928131104,1.208184003829956,0.6345772743225098,108945
1980-08-28,0.0,1.2267709970474243,1.208184003829956,1.2143789529800415,0.6378310322761536,504373
1980-08-29,0.0,1.2143789529800415,1.198889970779419,1.198889970779419,0.6296957731246948,64560
1980-09-02,0.0,1.2112809419631958,1.198889970779419,1.198889970779419,0.6296957731246948,1113655
1980-09-03,0.0,1.22986900806427,1.2143789529800415,1.2267709970474243,0.6443400979042053,1202425
1980-09-04,0.0,1.2329670190811157,1.2143789529800415,1.2236729860305786,0.6427124738693237,597177
1980-09-05,0.0,1.2360650300979614,1.2267709970474243,1.22986900806427,0.6459671258926392,347009
1980-09-08,0.0,1.2484560012817383,1.2267709970474243,1.22986900806427,0.6459671258926392,924011
1980-09-09,0.0,1.2329670190811157,1.220574975013733,1.220574975013733,0.6410855650901794,1093480
1980-09-10,0.0,1.2484560012817383,1.220574975013733,1.2267709970474243,0.6443400979042053,274379
1980-09-11,0.0,1.2267709970474243,1.208184003829956,1.2112809419631958,0.636203944683075,205784
1980-09-12,0.0,1.2143789529800415,1.1803020238876343,1.1895960569381714,0.6248144507408142,459988
1980-09-15,0.0,1.1957919597625732,1.177204966545105,1.1957919597625732,0.6280686855316162,407533
1980-09-16,0.0,1.1957919597625732,1.18340003490448,1.1895960569381714,0.6248144507408142,431743
1980-09-17,0.0,1.1957919597625732,1.18340003490448,1.1895960569381714,0.6248144507408142,229994
1980-09-18,0.0,1.220574975013733,1.198889970779419,1.2143789529800415,0.6378310322761536,1065235
1980-09-19,0.0,1.2484560012817383,1.2019879817962646,1.2422610521316528,0.6524760127067566,407533
1980-09-22,0.0,1.2391630411148071,1.2143789529800415,1.2329670190811157,0.6475942730903625,484198
1980-09-23,0.0,1.2856309413909912,1.2391630411148071,1.2577500343322754,0.6606110334396362,694017
1980-09-24,0.0,1.2794350385665894,1.22986900806427,1.2794350385665894,0.6720004677772522,698052
1980-09-25,0.0,1.2701419591903687,1.2546520233154297,1.2639460563659668,0.6638654470443726,500338
1980-09-26,0.0,1.2453579902648926,1.1957919597625732,1.198889970779419,0.6296957731246948,581038
1980-09-29,0.0,1.1864980459213257,1.1586170196533203,1.177204966545105,0.6183062195777893,653667
1980-09-30,0.0,1.1710089445114136,1.1555190086364746,1.1679110527038574,0.6134246587753296,108945
1980-10-01,0.0,1.1895960569381714,1.1648130416870117,1.1710089445114136,0.6150520443916321,3776744
1980-10-02,0.0,1.1648130416870117,1.1276379823684692,1.1338340044021606,0.5955266952514648,395428
1980-10-03,0.0,1.1462249755859375,1.1338340044021606,1.1369320154190063,0.5971536040306091,661737
1980-10-06,0.0,1.152420997619629,1.1369320154190063,1.152420997619629,0.6052890419960022,936116
1980-10-07,0.0,1.2019879817962646,1.152420997619629,1.2019879817962646,0.6313229203224182,1722938
1980-10-08,0.0,1.2577500343322754,1.208184003829956,1.2267709970474243,0.6443400979042053,726297
1980-10-09,0.0,1.251554012298584,1.2267709970474243,1.2329670190811157,0.6475942730903625,468058
1980-10-10,0.0,1.251554012298584,1.2267709970474243,1.251554012298584,0.6573567986488342,2231346
1980-10-13,0.0,1.2391630411148071,1.2174769639968872,1.2236729860305786,0.6427124738693237,141224
1980-10-14,0.0,1.2360650300979614,1.2236729860305786,1.2360650300979614,0.6492215394973755,423673
1980-10-15,0.0,1.2360650300979614,1.1895960569381714,1.1895960569381714,0.6248144507408142,577003
1980-10-16,0.0,1.198889970779419,1.1803020238876343,1.1895960569381714,0.6248144507408142,492268
1980-10-17,0.0,1.208184003829956,1.1895960569381714,1.208184003829956,0.6345772743225098,197714
1980-10-20,0.0,1.2267709970474243,1.2019879817962646,1.2267709970474243,0.6443400979042053,1589783
1980-10-21,0.0,1.2360650300979614,1.2143789529800415,1.2143789529800415,0.6378310322761536,790857
1980-10-22,0.0,1.2267709970474243,1.2143789529800415,1.2143789529800415,0.6378310322761536,153329
1980-10-23,0.0,1.22986900806427,1.208184003829956,1.2143789529800415,0.6378310322761536,3292546
1980-10-24,0.0,1.2143789529800415,1.2112809419631958,1.2143789529800415,0.6378310322761536,40350
1980-10-27,0.0,1.208184003829956,1.1895960569381714,1.1895960569381714,0.6248144507408142,1323474
1980-10-28,0.0,1.1926939487457275,1.1648130416870117,1.1648130416870117,0.6117973327636719,492268
1980-10-29,0.0,1.1895960569381714,1.1586170196533203,1.1741069555282593,0.6166794300079346,185609
1980-10-30,0.0,1.1803020238876343,1.1555190086364746,1.1710089445114136,0.6150520443916321,637527
1980-10-31,0.0,1.1895960569381714,1.1710089445114136,1.1895960569381714,0.6248144507408142,125084
1980-11-03,0.0,1.198889970779419,1.1710089445114136,1.18340003490448,0.6215603351593018,956291
1980-11-05,0.0,1.251554012298584,1.2143789529800415,1.220574975013733,0.6410855650901794,577003
1980-11-06,0.0,1.2329670190811157,1.1957919597625732,1.1957919597625732,0.6280686855316162,1303299
1980-11-07,0.0,1.2019879817962646,1.18340003490448,1.1957919597625732,0.6280686855316162,597177
1980-11-10,0.0,1.208184003829956,1.1926939487457275,1.208184003829956,0.6345772743225098,225959
1980-11-11,0.0,1.208184003829956,1.2019879817962646,1.2050859928131104,0.6329500675201416,568933
1980-11-12,0.0,1.220574975013733,1.208184003829956,1.220574975013733,0.6410855650901794,141224
1980-11-13,0.0,1.2577500343322754,1.2329670190811157,1.2577500343322754,0.6606110334396362,1149970
1980-11-14,0.0,1.3135119676589966,1.267043948173523,1.288728952407837,0.6768820881843567,798927
1980-11-17,0.0,1.2949249744415283,1.2391630411148071,1.2639460563659668,0.6638654470443726,1597853
1980-11-18,0.0,1.298022985458374,1.2639460563659668,1.2949249744415283,0.6801367998123169,726297
1980-11-19,0.0,1.3011209964752197,1.2639460563659668,1.2639460563659668,0.6638654470443726,948221
1980-11-20,0.0,1.2639460563659668,1.2391630411148071,1.2391630411148071,0.6508484482765198,342974
1980-11-21,0.0,1.2360650300979614,1.220574975013733,1.220574975013733,0.6410855650901794,205784
1980-11-24,0.0,1.2143789529800415,1.1895960569381714,1.208184003829956,0.6345772743225098,794892
1980-11-25,0.0,1.2019879817962646,1.1895960569381714,1.1957919597625732,0.6280686855316162,730332
1980-11-26,0.0,1.2019879817962646,1.1895960569381714,1.2019879817962646,0.6313229203224182,996641
1980-11-28,0.0,1.2050859928131104,1.1957919597625732,1.2019879817962646,0.6313229203224182,1158040
1980-12-01,0.0,1.208184003829956,1.1957919597625732,1.2019879817962646,0.6313229203224182,117015
1980-12-02,0.0,1.208184003829956,1.198889970779419,1.208184003829956,0.6345772743225098,270344
1980-12-03,0.0,1.2050859928131104,1.18340003490448,1.1895960569381714,0.6248144507408142,992606
1980-12-04,0.0,1.1895960569381714,1.1679110527038574,1.1803020238876343,0.6199327707290649,1166110
1980-12-05,0.0,1.1710089445114136,1.140030026435852,1.140030026435852,0.5987805128097534,520513
1980-12-08,0.0,1.130735993385315,1.1028549671173096,1.109050989151001,0.5825097560882568,544723
1980-12-09,0.0,1.1214419603347778,1.1028549671173096,1.115246057510376,0.5857634544372559,2235380
1980-12-10,0.0,1.1214419603347778,1.0966589450836182,1.0966589450836182,0.5760009288787842,1488909
1980-12-11,0.0,1.1028549671173096,1.084267020225525,1.084267020225525,0.5694924592971802,496303
1980-12-12,0.0,1.1028549671173096,1.084267020225525,1.0966589450836182,0.5760009288787842,2324150
1980-12-15,0.0,1.109050989151001,1.0966589450836182,1.1028549671173096,0.5792549848556519,936116
1980-12-16,0.0,1.115246057510376,1.1028549671173096,1.115246057510376,0.5857634544372559,758577
1980-12-17,0.0,1.1338340044021606,1.1214419603347778,1.1338340044021606,0.5955266952514648,859451
1980-12-18,0.0,1.1369320154190063,1.1276379823684692,1.1276379823684692,0.5922717452049255,1024886
1980-12-19,0.0,1.1586170196533203,1.109050989151001,1.1586170196533203,0.6085432171821594,1117690
1980-12-22,0.0,1.1710089445114136,1.152420997619629,1.1648130416870117,0.6117973327636719,536653
1980-12-23,0.0,1.1710089445114136,1.140030026435852,1.1555190086364746,0.6069161295890808,540688
1980-12-24,0.0,1.1741069555282593,1.1493229866027832,1.1741069555282593,0.6166794300079346,928046
1980-12-26,0.0,1.1895960569381714,1.177204966545105,1.1895960569381714,0.6248144507408142,48420
1980-12-29,0.0,1.208184003829956,1.1957919597625732,1.208184003829956,0.6345772743225098,2481514
1980-12-30,0.0,1.2267709970474243,1.2019879817962646,1.220574975013733,0.6410855650901794,839276
1980-12-31,0.0,1.2391630411148071,1.2143789529800415,1.2267709970474243,0.6443400979042053,500338
1981-01-02,0.0,1.2391630411148071,1.220574975013733,1.2391630411148071,0.6508484482765198,185609
1981-01-05,0.0,1.251554012298584,1.2267709970474243,1.2453579902648926,0.6541022658348083,589107
1981-01-06,0.0,1.2484560012817383,1.2360650300979614,1.2391630411148071,0.6508484482765198,722262
1981-01-07,0.0,1.2236729860305786,1.2050859928131104,1.2236729860305786,0.6427124738693237,1509084
1981-01-08,0.0,1.2329670190811157,1.2019879817962646,1.220574975013733,0.6410855650901794,1670483
1981-01-09,0.0,1.2174769639968872,1.2019879817962646,1.2174769639968872,0.6394583582878113,738402
1981-01-12,0.0,1.2174769639968872,1.1864980459213257,1.208184003829956,0.6345772743225098,802962
1981-01-13,0.0,1.208184003829956,1.1926939487457275,1.198889970779419,0.6296957731246948,153329
1981-01-14,0.0,1.220574975013733,1.2019879817962646,1.2143789529800415,0.6378310322761536,633492
1981-01-15,0.0,1.2236729860305786,1.208184003829956,1.208184003829956,0.6345772743225098,72630
1981-01-16,0.0,1.2143789529800415,1.1957919597625732,1.208184003829956,0.6345772743225098,266309
1981-01-19,0.0,1.2267709970474243,1.2019879817962646,1.2267709970474243,0.6443400979042053,730332
1981-01-20,0.0,1.220574975013733,1.1957919597625732,1.2019879817962646,0.6313229203224182,100875
1981-01-21,0.0,1.1895960569381714,1.1586170196533203,1.1648130416870117,0.6117973327636719,355078
1981-01-22,0.0,1.1741069555282593,1.1710089445114136,1.1741069555282593,0.6166794300079346,633492
1981-01-23,0.0,1.1895960569381714,1.1679110527038574,1.1803020238876343,0.6199327707290649,859451
1981-01-26,0.0,1.1803020238876343,1.177204966545105,1.1803020238876343,0.6199327707290649,177539
1981-01-27,0.0,1.2019879817962646,1.1864980459213257,1.1895960569381714,0.6248144507408142,1440489
1981-01-28,0.0,1.1864980459213257,1.177204966545105,1.177204966545105,0.6183062195777893,221924
1981-01-29,0.0,1.1803020238876343,1.1710089445114136,1.1710089445114136,0.6150520443916321,694017
1981-01-30,0.0,1.1895960569381714,1.177204966545105,1.1803020238876343,0.6199327707290649,379288
1981-02-02,0.0,1.1895960569381714,1.177204966545105,1.1895960569381714,0.6248144507408142,201749
1981-02-03,0.0,1.1895960569381714,1.18340003490448,1.1895960569381714,0.6248144507408142,205784
1981-02-04,0.0,1.208184003829956,1.1926939487457275,1.1926939487457275,0.6264416575431824,318764
1981-02-05,0.0,1.220574975013733,1.198889970779419,1.220574975013733,0.6410855650901794,1238740
1981-02-06,0.0,1.220574975013733,1.2019879817962646,1.2143789529800415,0.6378310322761536,238064
1981-02-09,0.0,1.220574975013733,1.1895960569381714,1.1895960569381714,0.6248144507408142,108945
1981-02-10,0.0,1.1895960569381714,1.18340003490448,1.18340003490448,0.6215603351593018,104910
1981-02-11,0.0,1.198889970779419,1.1803020238876343,1.1803020238876343,0.6199327707290649,117015
1981-02-12,0.0,1.1803020238876343,1.177204966545105,1.177204966545105,0.6183062195777893,56490
1981-02-13,0.0,1.1803020238876343,1.1679110527038574,1.1679110527038574,0.6134246587753296,161399
1981-02-17,0.0,1.1741069555282593,1.1648130416870117,1.1679110527038574,0.6134246587753296,468058
1981-02-18,0.0,1.1957919597625732,1.1679110527038574,1.1957919597625732,0.6280686855316162,415603
1981-02-19,0.0,1.2143789529800415,1.2019879817962646,1.208184003829956,0.6345772743225098,859451
1981-02-20,0.0,1.208184003829956,1.1957919597625732,1.208184003829956,0.6345772743225098,794892
1981-02-23,0.0,1.2112809419631958,1.2019879817962646,1.208184003829956,0.6345772743225098,459988
1981-02-24,0.0,1.220574975013733,1.208184003829956,1.220574975013733,0.6410855650901794,330869
1981-02-25,0.0,1.220574975013733,1.1864980459213257,1.2019879817962646,0.6313229203224182,1545398
1981-02-26,0.0,1.251554012298584,1.2236729860305786,1.2453579902648926,0.6541022658348083,4684615
1981-02-27,0.0,1.2577500343322754,1.22986900806427,1.2391630411148071,0.6508484482765198,593142
1981-03-02,0.0,1.2639460563659668,1.2329670190811157,1.2639460563659668,0.6638654470443726,585073
1981-03-03,0.0,1.27633798122406,1.2577500343322754,1.267043948173523,0.665492832660675,367183
1981-03-04,0.0,1.27633798122406,1.2577500343322754,1.2577500343322754,0.6606110334396362,306659
1981-03-05,0.0,1.260848045349121,1.2391630411148071,1.2391630411148071,0.6508484482765198,173504
1981-03-06,0.0,1.2484560012817383,1.2329670190811157,1.2484560012817383,0.6557295322418213,282449
1981-03-09,0.0,1.2949249744415283,1.251554012298584,1.27633798122406,0.6703739166259766,415603
1981-03-10,0.0,1.282533049583435,1.2577500343322754,1.2577500343322754,0.6606110334396362,1956967
1981-03-11,0.0,1.27633798122406,1.2546520233154297,1.27633798122406,0.6703739166259766,1283125
1981-03-12,0.0,1.282533049583435,1.2546520233154297,1.282533049583435,0.6736279129981995,2303975
1981-03-13,0.0,1.2949249744415283,1.282533049583435,1.288728952407837,0.6768820881843567,633492
1981-03-16,0.0,1.3011209964752197,1.2794350385665894,1.2856309413909912,0.6752551198005676,217889
1981-03-17,0.0,1.282533049583435,1.2639460563659668,1.2701419591903687,0.667120099067688,758577
1981-03-18,0.0,1.2949249744415283,1.27633798122406,1.288728952407837,0.6768820881843567,383323
1981-03-19,0.0,1.319707989692688,1.2949249744415283,1.319707989692688,0.6931537389755249,552793
1981-03-20,0.0,1.319707989692688,1.2949249744415283,1.2949249744415283,0.6801367998123169,2106261
1981-03-23,0.0,1.3135119676589966,1.3011209964752197,1.3073170185089111,0.6866458058357239,544723
1981-03-24,0.0,1.3444910049438477,1.3011209964752197,1.3444910049438477,0.7061702013015747,581038
1981-03-25,0.0,1.3444910049438477,1.329002022743225,1.3382960557937622,0.7029167413711548,342974
1981-03-26,0.0,1.3692749738693237,1.3382960557937622,1.350687026977539,0.7094242572784424,2412920
1981-03-27,0.0,1.3630789518356323,1.3382960557937622,1.3444910049438477,0.7061702013015747,125084
1981-03-30,0.0,1.3537850379943848,1.3382960557937622,1.3537850379943848,0.7110520005226135,677877
1981-03-31,0.0,1.4002540111541748,1.3785680532455444,1.3940579891204834,0.7322043180465698,548758
1981-04-01,0.0,1.4126449823379517,1.387861967086792,1.4064500331878662,0.7387129068374634,742437
1981-04-02,0.0,1.4002540111541748,1.3754709959030151,1.3816659450531006,0.725695788860321,669807
1981-04-03,0.0,1.3816659450531006,1.3692749738693237,1.3692749738693237,0.71918785572052,2021526
1981-04-06,0.0,1.3754709959030151,1.3692749738693237,1.3692749738693237,0.71918785572052,80700
1981-04-07,0.0,1.4002540111541748,1.3754709959030151,1.4002540111541748,0.7354586720466614,205784
1981-04-08,0.0,1.4002540111541748,1.3940579891204834,1.397156000137329,0.7338318228721619,496303
1981-04-09,0.0,1.418841004371643,1.4064500331878662,1.418841004371643,0.745220959186554,964361
1981-04-10,0.0,1.4622119665145874,1.418841004371643,1.4467220306396484,0.7598653435707092,1823812
1981-04-13,0.0,1.4436240196228027,1.4312330484390259,1.4312330484390259,0.7517303228378296,532618
1981-04-14,0.0,1.456015944480896,1.4312330484390259,1.4529180526733398,0.7631193399429321,568933
1981-04-15,0.0,1.4622119665145874,1.4467220306396484,1.456015944480896,0.7647464275360107,161399
1981-04-16,0.0,1.47770094871521,1.4715059995651245,1.47770094871521,0.7761366367340088,1432419
1981-04-20,0.0,1.4746040105819702,1.4622119665145874,1.4622119665145874,0.7680009007453918,205784
1981-04-21,0.0,1.47770094871521,1.4622119665145874,1.47770094871521,0.7761366367340088,246134
1981-04-22,0.0,1.4931910037994385,1.4684079885482788,1.4931910037994385,0.7842724919319153,314729
1981-04-23,0.0,1.555148959159851,1.4993870258331299,1.5520509481430054,0.8151878714561462,2303975
1981-04-24,0.0,1.5737370252609253,1.555148959159851,1.5706390142440796,0.8249503374099731,669807
1981-04-27,0.0,1.5706390142440796,1.5520509481430054,1.5520509481430054,0.8151878714561462,899801
1981-04-28,0.0,1.5520509481430054,1.5148760080337524,1.5179740190505981,0.7972893118858337,1162075
1981-04-29,0.0,1.4993870258331299,1.4684079885482788,1.4684079885482788,0.7712553143501282,468058
1981-04-30,0.0,1.5613449811935425,1.486994981765747,1.5613449811935425,0.8200694918632507,843311
1981-05-01,0.0,1.5613449811935425,1.5303659439086914,1.5303659439086914,0.803797721862793,625422
1981-05-04,0.0,1.5179740190505981,1.4962890148162842,1.5055830478668213,0.7907811999320984,815067
1981-05-05,0.0,1.4931910037994385,1.4622119665145874,1.4807989597320557,0.7777634859085083,919976
1981-05-06,0.0,1.4962890148162842,1.4591139554977417,1.4591139554977417,0.7663743495941162,1089445
1981-05-07,0.0,1.4684079885482788,1.4312330484390259,1.4529180526733398,0.7631193399429321,476128
1981-05-08,0.0,1.456015944480896,1.4436240196228027,1.4436240196228027,0.7582382559776306,3909898
1981-05-11,0.0,1.4374289512634277,1.418841004371643,1.4312330484390259,0.7517303228378296,217889
1981-05-12,0.0,1.4312330484390259,1.4064500331878662,1.4157429933547974,0.7435939311981201,1428384
1981-05-13,0.0,1.4374289512634277,1.4064500331878662,1.4374289512634277,0.7549841403961182,472093
1981-05-14,0.0,1.4374289512634277,1.4126449823379517,1.4126449823379517,0.7419666647911072,714192
1981-05-15,0.0,1.4498200416564941,1.418841004371643,1.4498200416564941,0.7614926695823669,7597873
1981-05-18,0.0,1.465309977531433,1.4467220306396484,1.4467220306396484,0.7598653435707092,629457
1981-05-19,0.0,1.4498200416564941,1.4436240196228027,1.4436240196228027,0.7582382559776306,2263625
1981-05-20,0.0,1.4498200416564941,1.4374289512634277,1.4498200416564941,0.7614926695823669,435778
1981-05-21,0.0,1.4746040105819702,1.4622119665145874,1.4746040105819702,0.774509608745575,915941
1981-05-22,0.0,1.4807989597320557,1.4622119665145874,1.4622119665145874,0.7680009007453918,1190320
1981-05-26,0.0,1.4746040105819702,1.456015944480896,1.4684079885482788,0.7712553143501282,1202425
1981-05-27,0.0,1.4684079885482788,1.4436240196228027,1.456015944480896,0.7647464275360107,1462681
1981-05-28,0.0,1.4684079885482788,1.4498200416564941,1.4498200416564941,0.7614926695823669,794892
1981-05-29,0.0,1.4622119665145874,1.4498200416564941,1.4498200416564941,0.7614926695823669,314729
1981-06-01,0.0,1.4807989597320557,1.456015944480896,1.4807989597320557,0.7777634859085083,1079358
1981-06-02,0.0,1.4993870258331299,1.4746040105819702,1.4746040105819702,0.774509608745575,629457
1981-06-03,0.0,1.5737370252609253,1.4746040105819702,1.5737370252609253,0.8265785574913025,982518
1981-06-04,0.0,1.5613449811935425,1.5117779970169067,1.5365619659423828,0.8070524334907532,738402
1981-06-05,0.0,1.5241700410842896,1.4993870258331299,1.4993870258331299,0.7875270247459412,2316080
1981-06-08,0.0,1.5303659439086914,1.4993870258331299,1.5117779970169067,0.7940345406532288,780769
1981-06-09,0.0,1.5241700410842896,1.5117779970169067,1.5117779970169067,0.7940345406532288,1198390
1981-06-10,0.0,1.5179740190505981,1.486994981765747,1.5055830478668213,0.7907811999320984,946203
1981-06-11,0.0,1.5055830478668213,1.486994981765747,1.486994981765747,0.7810178995132446,552793
1981-06-12,0.0,1.4993870258331299,1.4746040105819702,1.4807989597320557,0.7777634859085083,318764
1981-06-15,0.0,1.4746040105819702,1.456015944480896,1.4746040105819702,0.774509608745575,221924
1981-06-16,0.0,1.4993870258331299,1.4746040105819702,1.4746040105819702,0.774509608745575,488233
1981-06-17,0.0,1.486994981765747,1.4622119665145874,1.4622119665145874,0.7680009007453918,494285
1981-06-18,0.0,1.4684079885482788,1.4498200416564941,1.4498200416564941,0.7614926695823669,369201
1981-06-19,0.0,1.4622119665145874,1.4250370264053345,1.4622119665145874,0.7680009007453918,562880
1981-06-22,0.0,1.4498200416564941,1.387861967086792,1.4002540111541748,0.7354586720466614,2473444
1981-06-23,0.0,1.4498200416564941,1.4126449823379517,1.4498200416564941,0.7614926695823669,1349702
1981-06-24,0.0,1.456015944480896,1.4250370264053345,1.4250370264053345,0.748475193977356,742437
1981-06-25,0.0,1.4746040105819702,1.4250370264053345,1.4436240196228027,0.7582382559776306,177539
1981-06-26,0.0,1.4746040105819702,1.4436240196228027,1.4498200416564941,0.7614926695823669,459988
1981-06-29,0.0,1.4498200416564941,1.4126449823379517,1.4374289512634277,0.7549841403961182,671825
1981-06-30,0.0,1.4498200416564941,1.387861967086792,1.4002540111541748,0.7354586720466614,133154
1981-07-01,0.0,1.4002540111541748,1.3754709959030151,1.3754709959030151,0.7224416732788086,326834
1981-07-02,0.0,1.387861967086792,1.3382960557937622,1.350687026977539,0.7094242572784424,1555486
1981-07-06,0.0,1.3630789518356323,1.2639460563659668,1.2639460563659668,0.6638654470443726,1577678
1981-07-07,0.0,1.3382960557937622,1.27633798122406,1.319707989692688,0.6931537389755249,758577
1981-07-08,0.0,1.3382960557937622,1.3135119676589966,1.3135119676589966,0.6898987293243408,756559
1981-07-09,0.0,1.3259040117263794,1.3073170185089111,1.3135119676589966,0.6898987293243408,100875
1981-07-10,0.0,1.3259040117263794,1.288728952407837,1.288728952407837,0.6768820881843567,768664
1981-07-13,0.0,1.3135119676589966,1.288728952407837,1.3135119676589966,0.6898987293243408,488233
1981-07-14,0.0,1.3135119676589966,1.288728952407837,1.2949249744415283,0.6801367998123169,445866
1981-07-15,0.0,1.319707989692688,1.3011209964752197,1.3135119676589966,0.6898987293243408,766647
1981-07-16,0.0,1.3259040117263794,1.3011209964752197,1.319707989692688,0.6931537389755249,2180908
1981-07-17,0.0,1.350687026977539,1.3135119676589966,1.350687026977539,0.7094242572784424,488233
1981-07-20,0.0,1.4064500331878662,1.3444910049438477,1.4064500331878662,0.7387129068374634,1077340
1981-07-21,0.0,1.418841004371643,1.3940579891204834,1.4064500331878662,0.7387129068374634,1335579
1981-07-22,0.0,1.4250370264053345,1.387861967086792,1.387861967086792,0.7289494276046753,1979159
1981-07-23,0.0,1.3630789518356323,1.3382960557937622,1.3630789518356323,0.715933620929718,181574
1981-07-24,0.0,1.4126449823379517,1.3444910049438477,1.4126449823379517,0.7419666647911072,149294
1981-07-27,0.0,1.4622119665145874,1.4250370264053345,1.4250370264053345,0.748475193977356,312711
1981-07-28,0.0,1.4312330484390259,1.4126449823379517,1.4126449823379517,0.7419666647911072,240081
1981-07-29,0.0,1.418841004371643,1.4002540111541748,1.4126449823379517,0.7419666647911072,877609
1981-07-30,0.0,1.4250370264053345,1.3754709959030151,1.3816659450531006,0.725695788860321,532618
1981-07-31,0.0,1.4126449823379517,1.3630789518356323,1.4126449823379517,0.7419666647911072,2332220
1981-08-03,0.0,1.4312330484390259,1.3940579891204834,1.3940579891204834,0.7322043180465698,861469
1981-08-04,0.0,1.4126449823379517,1.3940579891204834,1.4002540111541748,0.7354586720466614,187627
1981-08-05,0.0,1.4126449823379517,1.4002540111541748,1.4002540111541748,0.7354586720466614,831206
1981-08-06,0.0,1.4312330484390259,1.4064500331878662,1.4312330484390259,0.7517303228378296,577003
1981-08-07,0.0,1.4374289512634277,1.4126449823379517,1.4374289512634277,0.7549841403961182,3175531
1981-08-10,0.0,1.4622119665145874,1.4250370264053345,1.4498200416564941,0.7614926695823669,68595
1981-08-11,0.0,1.5117779970169067,1.4374289512634277,1.486994981765747,0.7810178995132446,712174
1981-08-12,0.0,1.486994981765747,1.456015944480896,1.456015944480896,0.7647464275360107,254204
1981-08-13,0.0,1.4746040105819702,1.4374289512634277,1.4746040105819702,0.774509608745575,137189
1981-08-14,0.0,1.4684079885482788,1.4374289512634277,1.4498200416564941,0.7614926695823669,1220582
1981-08-17,0.0,1.4498200416564941,1.4250370264053345,1.4250370264053345,0.748475193977356,88770
1981-08-18,0.0,1.4622119665145874,1.4250370264053345,1.4374289512634277,0.7549841403961182,207802
1981-08-19,0.0,1.4684079885482788,1.4374289512634277,1.4684079885482788,0.7712553143501282,833224
1981-08-20,0.0,1.4993870258331299,1.4746040105819702,1.486994981765747,0.7810178995132446,589107
1981-08-21,0.0,1.486994981765747,1.456015944480896,1.4622119665145874,0.7680009007453918,429726
1981-08-24,0.0,1.4436240196228027,1.4250370264053345,1.4250370264053345,0.748475193977356,746472
1981-08-25,0.0,1.4126449823379517,1.3754709959030151,1.387861967086792,0.7289494276046753,2380640
1981-08-26,0.0,1.4126449823379517,1.3754709959030151,1.4064500331878662,0.7387129068374634,558845
1981-08-27,0.0,1.4002540111541748,1.350687026977539,1.350687026977539,0.7094242572784424,1622063
1981-08-28,0.0,1.3630789518356323,1.3073170185089111,1.3259040117263794,0.6964078545570374,1260932
1981-08-31,0.0,1.3568830490112305,1.319707989692688,1.3259040117263794,0.6964078545570374,738402
1981-09-01,0.0,1.3382960557937622,1.288728952407837,1.319707989692688,0.6931537389755249,2973782
1981-09-02,0.0,1.350687026977539,1.3259040117263794,1.3382960557937622,0.7029167413711548,464023
1981-09-03,0.0,1.3382960557937622,1.3011209964752197,1.3073170185089111,0.6866458058357239,639545
1981-09-04,0.0,1.3011209964752197,1.2701419591903687,1.3011209964752197,0.6833909749984741,1186285
1981-09-08,0.0,1.3011209964752197,1.2701419591903687,1.282533049583435,0.6736279129981995,1208477
1981-09-09,0.0,1.3135119676589966,1.27633798122406,1.3011209964752197,0.6833909749984741,702087
1981-09-10,0.0,1.3630789518356323,1.3135119676589966,1.350687026977539,0.7094242572784424,1006728
1981-09-11,0.0,1.3692749738693237,1.350687026977539,1.3692749738693237,0.71918785572052,2903170
1981-09-14,0.0,1.387861967086792,1.3568830490112305,1.3754709959030151,0.7224416732788086,742437
1981-09-15,0.0,1.3630789518356323,1.3444910049438477,1.3444910049438477,0.7061702013015747,510425
1981-09-16,0.0,1.3259040117263794,1.2639460563659668,1.27633798122406,0.6703739166259766,1390052
1981-09-17,0.0,1.288728952407837,1.2391630411148071,1.2453579902648926,0.6541022658348083,2110296
1981-09-18,0.0,1.2453579902648926,1.2143789529800415,1.2143789529800415,0.6378310322761536,1478821
1981-09-21,0.0,1.2391630411148071,1.1957919597625732,1.2267709970474243,0.6443400979042053,1622063
1981-09-22,0.0,1.2577500343322754,1.2267709970474243,1.2577500343322754,0.6606110334396362,1204442
1981-09-23,0.0,1.251554012298584,1.2143789529800415,1.220574975013733,0.6410855650901794,1303299
1981-09-24,0.0,1.2701419591903687,1.2329670190811157,1.2453579902648926,0.6541022658348083,1361807
1981-09-25,0.0,1.2267709970474243,1.2143789529800415,1.220574975013733,0.6410855650901794,506390
1981-09-28,0.0,1.2267709970474243,1.1895960569381714,1.2143789529800415,0.6378310322761536,2776068
1981-09-29,0.0,1.2577500343322754,1.208184003829956,1.208184003829956,0.6345772743225098,2168803
1981-09-30,0.0,1.2639460563659668,1.208184003829956,1.2639460563659668,0.6638654470443726,976466
1981-10-01,0.0,1.2639460563659668,1.2391630411148071,1.2391630411148071,0.6508484482765198,1063218
1981-10-02,0.0,1.3073170185089111,1.2577500343322754,1.2949249744415283,0.6801367998123169,1303299
1981-10-05,0.0,1.3382960557937622,1.3073170185089111,1.319707989692688,0.6931537389755249,2108279
1981-10-06,0.0,1.3754709959030151,1.3321000337600708,1.3382960557937622,0.7029167413711548,752524
1981-10-07,0.0,1.3568830490112305,1.3321000337600708,1.3568830490112305,0.7126789093017578,2346343
1981-10-08,0.0,1.3630789518356323,1.3444910049438477,1.3444910049438477,0.7061702013015747,675860
1981-10-09,0.0,1.3568830490112305,1.3382960557937622,1.3382960557937622,0.7029167413711548,683930
1981-10-12,0.0,1.3382960557937622,1.3135119676589966,1.3321000337600708,0.699661910533905,117015
1981-10-13,0.0,1.3382960557937622,1.3259040117263794,1.3321000337600708,0.699661910533905,270344
1981-10-14,0.0,1.3321000337600708,1.288728952407837,1.3011209964752197,0.6833909749984741,1010763
1981-10-15,0.0,1.288728952407837,1.288728952407837,1.288728952407837,0.6768820881843567,2675194
1981-10-16,0.0,1.288728952407837,1.27633798122406,1.288728952407837,0.6768820881843567,2989922
1981-10-19,0.0,1.3259040117263794,1.282533049583435,1.3259040117263794,0.6964078545570374,181574
1981-10-20,0.0,1.3630789518356323,1.3135119676589966,1.3630789518356323,0.715933620929718,645597
1981-10-21,0.0,1.3816659450531006,1.350687026977539,1.3568830490112305,0.7126789093017578,593142
1981-10-22,0.0,1.350687026977539,1.3259040117263794,1.350687026977539,0.7094242572784424,407533
1981-10-23,0.0,1.3568830490112305,1.3382960557937622,1.3382960557937622,0.7029167413711548,625422
1981-10-26,0.0,1.3568830490112305,1.3259040117263794,1.3259040117263794,0.6964078545570374,1333562
1981-10-27,0.0,1.3754709959030151,1.3382960557937622,1.3630789518356323,0.715933620929718,794892
1981-10-28,0.0,1.4126449823379517,1.3382960557937622,1.4002540111541748,0.7354586720466614,702087
1981-10-29,0.0,1.4250370264053345,1.3816659450531006,1.3940579891204834,0.7322043180465698,520513
1981-10-30,0.0,1.4312330484390259,1.4002540111541748,1.4250370264053345,0.748475193977356,907871
1981-11-02,0.0,1.4993870258331299,1.4436240196228027,1.4993870258331299,0.7875270247459412,669807
1981-11-03,0.0,1.4993870258331299,1.4622119665145874,1.4807989597320557,0.7777634859085083,268326
1981-11-04,0.0,1.486994981765747,1.4374289512634277,1.4374289512634277,0.7549841403961182,326834
1981-11-05,0.0,1.4312330484390259,1.4002540111541748,1.4002540111541748,0.7354586720466614,135172
1981-11-06,0.0,1.4374289512634277,1.4064500331878662,1.4374289512634277,0.7549841403961182,324816
1981-11-09,0.0,1.486994981765747,1.4374289512634277,1.486994981765747,0.7810178995132446,191662
1981-11-10,0.0,1.4807989597320557,1.4250370264053345,1.4250370264053345,0.748475193977356,300606
1981-11-11,0.0,1.4498200416564941,1.4374289512634277,1.4498200416564941,0.7614926695823669,236046
1981-11-12,0.0,1.4807989597320557,1.4622119665145874,1.4746040105819702,0.774509608745575,153329
1981-11-13,0.0,1.4622119665145874,1.4126449823379517,1.4126449823379517,0.7419666647911072,322799
1981-11-16,0.0,1.4250370264053345,1.4126449823379517,1.4126449823379517,0.7419666647911072,112980
1981-11-17,0.0,1.4064500331878662,1.3816659450531006,1.4064500331878662,0.7387129068374634,597177
1981-11-18,0.0,1.418841004371643,1.3816659450531006,1.418841004371643,0.745220959186554,221924
1981-11-19,0.0,1.4126449823379517,1.3754709959030151,1.4126449823379517,0.7419666647911072,163417
1981-11-20,0.0,1.418841004371643,1.387861967086792,1.4064500331878662,0.7387129068374634,187627
1981-11-23,0.0,1.4374289512634277,1.387861967086792,1.387861967086792,0.7289494276046753,310694
1981-11-24,0.0,1.4002540111541748,1.3568830490112305,1.3754709959030151,0.7224416732788086,1484874
1981-11-25,0.0,1.387861967086792,1.3754709959030151,1.3816659450531006,0.725695788860321,270344
1981-11-27,0.0,1.387861967086792,1.3692749738693237,1.387861967086792,0.7289494276046753,292536
1981-11-30,0.0,1.387861967086792,1.3692749738693237,1.3692749738693237,0.71918785572052,163417
1981-12-01,0.0,1.387861967086792,1.3568830490112305,1.3692749738693237,0.71918785572052,395428
1981-12-02,0.0,1.3940579891204834,1.350687026977539,1.3754709959030151,0.7224416732788086,1797585
1981-12-03,0.0,1.4126449823379517,1.3754709959030151,1.4002540111541748,0.7354586720466614,1081375
1981-12-04,0.0,1.4436240196228027,1.4064500331878662,1.4126449823379517,0.7419666647911072,351044
1981-12-07,0.0,1.4126449823379517,1.3568830490112305,1.3630789518356323,0.715933620929718,1043043
1981-12-08,0.0,1.3816659450531006,1.350687026977539,1.3816659450531006,0.725695788860321,119032
1981-12-09,0.0,1.4002540111541748,1.3630789518356323,1.3816659450531006,0.725695788860321,151312
1981-12-10,0.0,1.387861967086792,1.3630789518356323,1.3630789518356323,0.715933620929718,391393
1981-12-11,0.0,1.3568830490112305,1.3382960557937622,1.3382960557937622,0.7029167413711548,4827857
1981-12-14,0.0,1.3444910049438477,1.319707989692688,1.3321000337600708,0.699661910533905,1083393
1981-12-15,0.0,1.3382960557937622,1.3135119676589966,1.3382960557937622,0.7029167413711548,2239415
1981-12-16,0.0,1.350687026977539,1.3011209964752197,1.3011209964752197,0.6833909749984741,792874
1981-12-17,0.0,1.3073170185089111,1.2949249744415283,1.3011209964752197,0.6833909749984741,125084
1981-12-18,0.0,1.3321000337600708,1.3073170185089111,1.3135119676589966,0.6898987293243408,314729
1981-12-21,0.0,1.3259040117263794,1.3011209964752197,1.3073170185089111,0.6866458058357239,443848
1981-12-22,0.0,1.3073170185089111,1.27633798122406,1.27633798122406,0.6703739166259766,1210495
1981-12-23,0.0,1.288728952407837,1.2701419591903687,1.2701419591903687,0.667120099067688,268326
1981-12-24,0.0,1.282533049583435,1.2701419591903687,1.282533049583435,0.6736279129981995,114997
1981-12-28,0.0,1.288728952407837,1.2701419591903687,1.2701419591903687,0.667120099067688,56490
1981-12-29,0.0,1.2639460563659668,1.2577500343322754,1.2577500343322754,0.6606110334396362,1426366
1981-12-30,0.0,1.251554012298584,1.2453579902648926,1.251554012298584,0.6573567986488342,1333562
1981-12-31,0.0,1.2577500343322754,1.2453579902648926,1.2453579902648926,0.6541022658348083,736384
1982-01-04,0.0,1.282533049583435,1.2577500343322754,1.282533049583435,0.6736279129981995,1890389
1982-01-05,0.0,1.282533049583435,1.251554012298584,1.2577500343322754,0.6606110334396362,1670483
1982-01-06,0.0,1.27633798122406,1.251554012298584,1.2639460563659668,0.6638654470443726,619370
1982-01-07,0.0,1.282533049583435,1.251554012298584,1.27633798122406,0.6703739166259766,540688
1982-01-08,0.0,1.3135119676589966,1.288728952407837,1.3073170185089111,0.6866458058357239,1063218
1982-01-11,0.0,1.3011209964752197,1.251554012298584,1.2577500343322754,0.6606110334396362,544723
1982-01-12,0.0,1.251554012298584,1.2329670190811157,1.251554012298584,0.6573567986488342,2368535
1982-01-13,0.0,1.251554012298584,1.2391630411148071,1.251554012298584,0.6573567986488342,161399
1982-01-14,0.0,1.251554012298584,1.2329670190811157,1.2329670190811157,0.6475942730903625,1182250
1982-01-15,0.0,1.2391630411148071,1.2267709970474243,1.2391630411148071,0.6508484482765198,895766
1982-01-18,0.0,1.2577500343322754,1.2329670190811157,1.2577500343322754,0.6606110334396362,338939
1982-01-19,0.0,1.2701419591903687,1.2453579902648926,1.2577500343322754,0.6606110334396362,179557
1982-01-20,0.0,1.251554012298584,1.2391630411148071,1.2391630411148071,0.6508484482765198,349026
1982-01-21,0.0,1.220574975013733,1.1895960569381714,1.1895960569381714,0.6248144507408142,4384009
1982-01-22,0.0,1.208184003829956,1.1895960569381714,1.1957919597625732,0.6280686855316162,1214530
1982-01-25,0.0,1.1895960569381714,1.177204966545105,1.1895960569381714,0.6248144507408142,1234705
1982-01-26,0.0,1.2019879817962646,1.1648130416870117,1.1648130416870117,0.6117973327636719,1539346
1982-01-27,0.0,1.1586170196533203,1.140030026435852,1.152420997619629,0.6052890419960022,2767998
1982-01-28,0.0,1.2391630411148071,1.1895960569381714,1.2329670190811157,0.6475942730903625,2630809
1982-01-29,0.0,1.2639460563659668,1.2453579902648926,1.2577500343322754,0.6606110334396362,875591
1982-02-01,0.0,1.282533049583435,1.2391630411148071,1.2391630411148071,0.6508484482765198,1083393
1982-02-02,0.0,1.288728952407837,1.251554012298584,1.27633798122406,0.6703739166259766,457971
1982-02-03,0.0,1.288728952407837,1.251554012298584,1.2701419591903687,0.667120099067688,502355
1982-02-04,0.0,1.2701419591903687,1.2391630411148071,1.2639460563659668,0.6638654470443726,577003
1982-02-05,0.0,1.251554012298584,1.2267709970474243,1.2391630411148071,0.6508484482765198,806997
1982-02-08,0.0,1.251554012298584,1.208184003829956,1.220574975013733,0.6410855650901794,643580
1982-02-09,0.0,1.2143789529800415,1.1895960569381714,1.2143789529800415,0.6378310322761536,1089445
1982-02-10,0.0,1.2391630411148071,1.2143789529800415,1.2391630411148071,0.6508484482765198,1337597
1982-02-11,0.0,1.251554012298584,1.2329670190811157,1.2329670190811157,0.6475942730903625,566915
1982-02-12,0.0,1.2453579902648926,1.2329670190811157,1.2329670190811157,0.6475942730903625,1164093
1982-02-16,0.0,1.251554012298584,1.2267709970474243,1.2391630411148071,0.6508484482765198,722262
1982-02-17,0.0,1.2453579902648926,1.2267709970474243,1.2267709970474243,0.6443400979042053,976466
1982-02-18,0.0,1.251554012298584,1.2267709970474243,1.2391630411148071,0.6508484482765198,1559521
1982-02-19,0.0,1.251554012298584,1.2391630411148071,1.2391630411148071,0.6508484482765198,585073
1982-02-22,0.0,1.27633798122406,1.2267709970474243,1.2267709970474243,0.6443400979042053,2045736
1982-02-23,0.0,1.2267709970474243,1.1895960569381714,1.208184003829956,0.6345772743225098,629457
1982-02-24,0.0,1.251554012298584,1.2143789529800415,1.2391630411148071,0.6508484482765198,254204
1982-02-25,0.0,1.2577500343322754,1.2391630411148071,1.2391630411148071,0.6508484482765198,129119
1982-02-26,0.0,1.2577500343322754,1.2329670190811157,1.251554012298584,0.6573567986488342,308676
1982-03-01,0.0,1.27633798122406,1.2639460563659668,1.2639460563659668,0.6638654470443726,1063218
1982-03-02,0.0,1.3135119676589966,1.2639460563659668,1.3011209964752197,0.6833909749984741,2326168
1982-03-03,0.0,1.3011209964752197,1.251554012298584,1.251554012298584,0.6573567986488342,1549433
1982-03-04,0.0,1.2453579902648926,1.1895960569381714,1.2019879817962646,0.6313229203224182,1426366
1982-03-05,0.0,1.220574975013733,1.1895960569381714,1.220574975013733,0.6410855650901794,1123743
1982-03-08,0.0,1.2453579902648926,1.2143789529800415,1.2143789529800415,0.6378310322761536,813049
1982-03-09,0.0,1.2267709970474243,1.1462249755859375,1.208184003829956,0.6345772743225098,1559521
1982-03-10,0.0,1.2577500343322754,1.208184003829956,1.2391630411148071,0.6508484482765198,1125760
1982-03-11,0.0,1.2577500343322754,1.2391630411148071,1.2453579902648926,0.6541022658348083,831206
1982-03-12,0.0,1.2329670190811157,1.208184003829956,1.220574975013733,0.6410855650901794,976466
1982-03-15,0.0,1.2329670190811157,1.208184003829956,1.2329670190811157,0.6475942730903625,1874250
1982-03-16,0.0,1.2577500343322754,1.1957919597625732,1.2453579902648926,0.6541022658348083,841294
1982-03-17,0.0,1.2577500343322754,1.2391630411148071,1.251554012298584,0.6573567986488342,1545398
1982-03-18,0.0,1.288728952407837,1.251554012298584,1.27633798122406,0.6703739166259766,1109620
1982-03-19,0.0,1.2949249744415283,1.2639460563659668,1.2639460563659668,0.6638654470443726,209819
1982-03-22,0.0,1.282533049583435,1.2639460563659668,1.282533049583435,0.6736279129981995,532618
1982-03-23,0.0,1.3321000337600708,1.3011209964752197,1.3073170185089111,0.6866458058357239,685947
1982-03-24,0.0,1.3630789518356323,1.3135119676589966,1.3568830490112305,0.7126789093017578,2473444
1982-03-25,0.0,1.3692749738693237,1.350687026977539,1.3568830490112305,0.7126789093017578,433761
1982-03-26,0.0,1.3444910049438477,1.319707989692688,1.3321000337600708,0.699661910533905,1494961
1982-03-29,0.0,1.3259040117263794,1.3073170185089111,1.3259040117263794,0.6964078545570374,1026903
1982-03-30,0.0,1.350687026977539,1.3259040117263794,1.3382960557937622,0.7029167413711548,877609
1982-03-31,0.0,1.3568830490112305,1.3444910049438477,1.350687026977539,0.7094242572784424,661737
1982-04-01,0.0,1.3692749738693237,1.3321000337600708,1.350687026977539,0.7094242572784424,657702
1982-04-02,0.0,1.4064500331878662,1.350687026977539,1.387861967086792,0.7289494276046753,879626
1982-04-05,0.0,1.387861967086792,1.3630789518356323,1.3754709959030151,0.7224416732788086,1722938
1982-04-06,0.0,1.3754709959030151,1.350687026977539,1.3692749738693237,0.71918785572052,298589
1982-04-07,0.0,1.3940579891204834,1.3754709959030151,1.3816659450531006,0.725695788860321,4620055
1982-04-08,0.0,1.3816659450531006,1.3630789518356323,1.3816659450531006,0.725695788860321,4547426
1982-04-12,0.0,1.3754709959030151,1.350687026977539,1.350687026977539,0.7094242572784424,560863
1982-04-13,0.0,1.3630789518356323,1.319707989692688,1.3259040117263794,0.6964078545570374,486215
1982-04-14,0.0,1.3011209964752197,1.2639460563659668,1.288728952407837,0.6768820881843567,2350378
1982-04-15,0.0,1.3011209964752197,1.27633798122406,1.3011209964752197,0.6833909749984741,831206
1982-04-16,0.0,1.3382960557937622,1.319707989692688,1.3259040117263794,0.6964078545570374,528583
1982-04-19,0.0,1.350687026977539,1.3259040117263794,1.3382960557937622,0.7029167413711548,932081
1982-04-20,0.0,1.3382960557937622,1.3135119676589966,1.319707989692688,0.6931537389755249,778752
1982-04-21,0.0,1.319707989692688,1.288728952407837,1.288728952407837,0.6768820881843567,453936
1982-04-22,0.0,1.27633798122406,1.2391630411148071,1.2577500343322754,0.6606110334396362,3534645
1982-04-23,0.0,1.27633798122406,1.2639460563659668,1.2701419591903687,0.667120099067688,899801
1982-04-26,0.0,1.288728952407837,1.2639460563659668,1.2701419591903687,0.667120099067688,1656360
1982-04-27,0.0,1.2701419591903687,1.2453579902648926,1.251554012298584,0.6573567986488342,865504
1982-04-28,0.0,1.2639460563659668,1.251554012298584,1.2577500343322754,0.6606110334396362,353061
1982-04-29,0.0,1.2701419591903687,1.251554012298584,1.251554012298584,0.6573567986488342,528583
1982-04-30,0.0,1.2701419591903687,1.2577500343322754,1.2639460563659668,0.6638654470443726,433761
1982-05-03,0.0,1.2701419591903687,1.251554012298584,1.2639460563659668,0.6638654470443726,215872
1982-05-04,0.0,1.282533049583435,1.2639460563659668,1.282533049583435,0.6736279129981995,395428
1982-05-05,0.0,1.282533049583435,1.2701419591903687,1.2701419591903687,0.667120099067688,225959
1982-05-06,0.0,1.3011209964752197,1.2701419591903687,1.3011209964752197,0.6833909749984741,1287160
1982-05-07,0.0,1.3382960557937622,1.3011209964752197,1.3259040117263794,0.6964078545570374,1022868
1982-05-10,0.0,1.3382960557937622,1.319707989692688,1.3259040117263794,0.6964078545570374,681912
1982-05-11,0.0,1.3259040117263794,1.3073170185089111,1.3135119676589966,0.6898987293243408,893749
1982-05-12,0.0,1.3135119676589966,1.288728952407837,1.2949249744415283,0.6801367998123169,1012781
1982-05-13,0.0,1.3073170185089111,1.2701419591903687,1.2701419591903687,0.667120099067688,542705
1982-05-14,0.0,1.288728952407837,1.2577500343322754,1.27633798122406,0.6703739166259766,897784
1982-05-17,0.0,1.288728952407837,1.251554012298584,1.2577500343322754,0.6606110334396362,340956
1982-05-18,0.0,1.2577500343322754,1.2453579902648926,1.2577500343322754,0.6606110334396362,232012
1982-05-19,0.0,1.2639460563659668,1.251554012298584,1.251554012298584,0.6573567986488342,2459322
1982-05-20,0.0,1.2701419591903687,1.2453579902648926,1.2453579902648926,0.6541022658348083,895766
1982-05-21,0.0,1.251554012298584,1.2453579902648926,1.251554012298584,0.6573567986488342,855416
1982-05-24,0.0,1.2701419591903687,1.251554012298584,1.251554012298584,0.6573567986488342,556828
1982-05-25,0.0,1.27633798122406,1.2391630411148071,1.2391630411148071,0.6508484482765198,3254214
1982-05-26,0.0,1.2267709970474243,1.18340003490448,1.18340003490448,0.6215603351593018,1234705
1982-05-27,0.0,1.2267709970474243,1.1895960569381714,1.220574975013733,0.6410855650901794,677877
1982-05-28,0.0,1.2329670190811157,1.1895960569381714,1.220574975013733,0.6410855650901794,3002027
1982-06-01,0.0,1.2329670190811157,1.2143789529800415,1.2267709970474243,0.6443400979042053,326834
1982-06-02,0.0,1.2391630411148071,1.2143789529800415,1.2391630411148071,0.6508484482765198,661737
1982-06-03,0.0,1.2577500343322754,1.2329670190811157,1.2391630411148071,0.6508484482765198,726297
1982-06-04,0.0,1.2453579902648926,1.2143789529800415,1.2143789529800415,0.6378310322761536,508408
1982-06-07,0.0,1.2267709970474243,1.208184003829956,1.2143789529800415,0.6378310322761536,443848
1982-06-08,0.0,1.208184003829956,1.2019879817962646,1.2019879817962646,0.6313229203224182,782787
1982-06-09,0.0,1.2019879817962646,1.18340003490448,1.18340003490448,0.6215603351593018,1105585
1982-06-10,0.0,1.2143789529800415,1.177204966545105,1.2143789529800415,0.6378310322761536,347009
1982-06-11,0.0,1.251554012298584,1.2143789529800415,1.2391630411148071,0.6508484482765198,470076
1982-06-14,0.0,1.2391630411148071,1.2267709970474243,1.2267709970474243,0.6443400979042053,52455
1982-06-15,0.0,1.2329670190811157,1.220574975013733,1.2267709970474243,0.6443400979042053,110962
1982-06-16,0.0,1.2391630411148071,1.2143789529800415,1.220574975013733,0.6410855650901794,455953
1982-06-17,0.0,1.2329670190811157,1.2143789529800415,1.220574975013733,0.6410855650901794,579020
1982-06-18,0.0,1.2267709970474243,1.208184003829956,1.2267709970474243,0.6443400979042053,1714868
1982-06-21,0.0,1.2267709970474243,1.208184003829956,1.208184003829956,0.6345772743225098,958308
1982-06-22,0.0,1.2143789529800415,1.177204966545105,1.18340003490448,0.6215603351593018,1091463
1982-06-23,0.0,1.1957919597625732,1.177204966545105,1.1895960569381714,0.6248144507408142,2616686
1982-06-24,0.0,1.208184003829956,1.1895960569381714,1.1957919597625732,0.6280686855316162,1099533
1982-06-25,0.0,1.208184003829956,1.1957919597625732,1.1957919597625732,0.6280686855316162,161399
1982-06-28,0.0,1.2143789529800415,1.2019879817962646,1.2143789529800415,0.6378310322761536,661737
1982-06-29,0.0,1.2143789529800415,1.1957919597625732,1.2143789529800415,0.6378310322761536,203767
1982-06-30,0.0,1.2391630411148071,1.1895960569381714,1.208184003829956,0.6345772743225098,641562
1982-07-01,0.0,1.2143789529800415,1.177204966545105,1.18340003490448,0.6215603351593018,564898
1982-07-02,0.0,1.177204966545105,1.1586170196533203,1.1648130416870117,0.6117973327636719,478145
1982-07-06,0.0,1.1648130416870117,1.0904630422592163,1.0904630422592163,0.5727466344833374,1640221
1982-07-07,0.0,1.1276379823684692,1.1028549671173096,1.1214419603347778,0.5890176296234131,274379
1982-07-08,0.0,1.1276379823684692,1.109050989151001,1.1276379823684692,0.5922717452049255,901819
1982-07-09,0.0,1.177204966545105,1.140030026435852,1.1710089445114136,0.6150520443916321,587090
1982-07-12,0.0,1.251554012298584,1.1895960569381714,1.2391630411148071,0.6508484482765198,3681922
1982-07-13,0.0,1.2453579902648926,1.220574975013733,1.220574975013733,0.6410855650901794,1154005
1982-07-14,0.0,1.2391630411148071,1.220574975013733,1.220574975013733,0.6410855650901794,1266985
1982-07-15,0.0,1.2391630411148071,1.2267709970474243,1.2391630411148071,0.6508484482765198,1628116
1982-07-16,0.0,1.2453579902648926,1.2329670190811157,1.2453579902648926,0.6541022658348083,1065235
1982-07-19,0.0,1.251554012298584,1.208184003829956,1.208184003829956,0.6345772743225098,635510
1982-07-20,0.0,1.2391630411148071,1.2143789529800415,1.2391630411148071,0.6508484482765198,4236732
1982-07-21,0.0,1.2391630411148071,1.2143789529800415,1.2143789529800415,0.6378310322761536,593142
1982-07-22,0.0,1.2267709970474243,1.2019879817962646,1.2019879817962646,0.6313229203224182,318764
1982-07-23,0.0,1.2267709970474243,1.2019879817962646,1.2019879817962646,0.6313229203224182,2140558
1982-07-26,0.0,1.2019879817962646,1.177204966545105,1.1895960569381714,0.6248144507408142,593142
1982-07-27,0.0,1.1895960569381714,1.1710089445114136,1.1710089445114136,0.6150520443916321,518495
1982-07-28,0.0,1.1648130416870117,1.140030026435852,1.140030026435852,0.5987805128097534,647615
1982-07-29,0.0,1.140030026435852,1.1214419603347778,1.140030026435852,0.5987805128097534,1339614
1982-07-30,0.0,1.152420997619629,1.140030026435852,1.152420997619629,0.6052890419960022,153329
1982-08-02,0.0,1.1895960569381714,1.1586170196533203,1.1710089445114136,0.6150520443916321,879626
1982-08-03,0.0,1.1895960569381714,1.1710089445114136,1.1710089445114136,0.6150520443916321,492268
1982-08-04,0.0,1.1895960569381714,1.152420997619629,1.177204966545105,0.6183062195777893,631475
1982-08-05,0.0,1.1648130416870117,1.152420997619629,1.1586170196533203,0.6085432171821594,443848
1982-08-06,0.0,1.1462249755859375,1.109050989151001,1.109050989151001,0.5825097560882568,258239
1982-08-09,0.0,1.0966589450836182,1.0780709981918335,1.0966589450836182,0.5760009288787842,984536
1982-08-10,0.0,1.115246057510376,1.0904630422592163,1.0966589450836182,0.5760009288787842,1420314
1982-08-11,0.0,1.1028549671173096,1.084267020225525,1.0904630422592163,0.5727466344833374,1854075
1982-08-12,0.0,1.0904630422592163,1.0285049676895142,1.0285049676895142,0.5402043461799622,1047078
1982-08-13,0.0,1.040897011756897,1.0223089456558228,1.040897011756897,0.5467128157615662,964361
1982-08-16,0.0,1.0532879829406738,1.0285049676895142,1.0285049676895142,0.5402043461799622,1178215
1982-08-17,0.0,1.0780709981918335,1.0285049676895142,1.0780709981918335,0.5662378668785095,2447217
1982-08-18,0.0,1.152420997619629,1.0532879829406738,1.0532879829406738,0.5532211065292358,4743122
1982-08-19,0.0,1.0656800270080566,1.0347009897232056,1.040897011756897,0.5467128157615662,2221258
1982-08-20,0.0,1.071876049041748,1.0347009897232056,1.0594840049743652,0.5564756393432617,1503031
1982-08-23,0.0,1.1276379823684692,1.0470919609069824,1.1276379823684692,0.5922717452049255,3133164
1982-08-24,0.0,1.2143789529800415,1.152420997619629,1.2019879817962646,0.6313229203224182,4432429
1982-08-25,0.0,1.2391630411148071,1.140030026435852,1.140030026435852,0.5987805128097534,5441174
1982-08-26,0.0,1.251554012298584,1.140030026435852,1.208184003829956,0.6345772743225098,15661786
1982-08-27,0.0,1.2329670190811157,1.2019879817962646,1.208184003829956,0.6345772743225098,3613327
1982-08-30,0.0,1.2143789529800415,1.177204966545105,1.2019879817962646,0.6313229203224182,1728990
1982-08-31,0.0,1.2143789529800415,1.1895960569381714,1.1957919597625732,0.6280686855316162,1450576
1982-09-01,0.0,1.208184003829956,1.1586170196533203,1.177204966545105,0.6183062195777893,3889723
1982-09-02,0.0,1.2143789529800415,1.152420997619629,1.2143789529800415,0.6378310322761536,3175531
1982-09-03,0.0,1.2639460563659668,1.2143789529800415,1.251554012298584,0.6573567986488342,7141920
1982-09-07,0.0,1.3382960557937622,1.2639460563659668,1.3135119676589966,0.6898987293243408,4505058
1982-09-08,0.0,1.350687026977539,1.3073170185089111,1.3444910049438477,0.7061702013015747,2897118
1982-09-09,0.0,1.3382960557937622,1.319707989692688,1.3259040117263794,0.6964078545570374,978483
1982-09-10,0.0,1.3382960557937622,1.3073170185089111,1.3259040117263794,0.6964078545570374,1143918
1982-09-13,0.0,1.3259040117263794,1.288728952407837,1.319707989692688,0.6931537389755249,591125
1982-09-14,0.0,1.3382960557937622,1.319707989692688,1.319707989692688,0.6931537389755249,1799602
1982-09-15,0.0,1.319707989692688,1.27633798122406,1.3011209964752197,0.6833909749984741,2116348
1982-09-16,0.0,1.3073170185089111,1.2701419591903687,1.2701419591903687,0.667120099067688,1674518
1982-09-17,0.0,1.282533049583435,1.2577500343322754,1.2577500343322754,0.6606110334396362,869539
1982-09-20,0.0,1.2639460563659668,1.2267709970474243,1.2391630411148071,0.6508484482765198,2281783
1982-09-21,0.0,1.2391630411148071,1.1895960569381714,1.2143789529800415,0.6378310322761536,6411588
1982-09-22,0.0,1.251554012298584,1.18340003490448,1.18340003490448,0.6215603351593018,6490270
1982-09-23,0.0,1.1895960569381714,1.1648130416870117,1.1895960569381714,0.6248144507408142,2481514
1982-09-24,0.0,1.1895960569381714,1.1710089445114136,1.1895960569381714,0.6248144507408142,5080043
1982-09-27,0.0,1.208184003829956,1.18340003490448,1.1895960569381714,0.6248144507408142,1910564
1982-09-28,0.0,1.251554012298584,1.2019879817962646,1.2329670190811157,0.6475942730903625,2305993
1982-09-29,0.0,1.251554012298584,1.2143789529800415,1.2143789529800415,0.6378310322761536,2602564
1982-09-30,0.0,1.2267709970474243,1.2019879817962646,1.2143789529800415,0.6378310322761536,2493619
1982-10-01,0.0,1.2267709970474243,1.2019879817962646,1.2143789529800415,0.6378310322761536,934099
1982-10-04,0.0,1.2267709970474243,1.208184003829956,1.2143789529800415,0.6378310322761536,286484
1982-10-05,0.0,1.2267709970474243,1.1895960569381714,1.1957919597625732,0.6280686855316162,2342308
1982-10-06,0.0,1.2639460563659668,1.1895960569381714,1.2639460563659668,0.6638654470443726,4091473
1982-10-07,0.0,1.3011209964752197,1.2639460563659668,1.2701419591903687,0.667120099067688,4283134
1982-10-08,0.0,1.3444910049438477,1.2949249744415283,1.3382960557937622,0.7029167413711548,8150665
1982-10-11,0.0,1.4064500331878662,1.3692749738693237,1.3692749738693237,0.71918785572052,2840628
1982-10-12,0.0,1.418841004371643,1.3754709959030151,1.4064500331878662,0.7387129068374634,4716895
1982-10-13,0.0,1.4498200416564941,1.4002540111541748,1.4374289512634277,0.7549841403961182,2112314
1982-10-14,0.0,1.4312330484390259,1.387861967086792,1.4002540111541748,0.7354586720466614,2273713
1982-10-15,0.0,1.4126449823379517,1.387861967086792,1.3940579891204834,0.7322043180465698,4720930
1982-10-18,0.0,1.4064500331878662,1.3568830490112305,1.4064500331878662,0.7387129068374634,1121725
1982-10-19,0.0,1.4374289512634277,1.387861967086792,1.387861967086792,0.7289494276046753,1349702
1982-10-20,0.0,1.4993870258331299,1.387861967086792,1.486994981765747,0.7810178995132446,1216547
1982-10-21,0.0,1.4993870258331299,1.4374289512634277,1.4498200416564941,0.7614926695823669,1551451
1982-10-22,0.0,1.5241700410842896,1.4498200416564941,1.486994981765747,0.7810178995132446,4172172
1982-10-25,0.0,1.4746040105819702,1.4374289512634277,1.4436240196228027,0.7582382559776306,1775392
1982-10-26,0.0,1.456015944480896,1.4126449823379517,1.456015944480896,0.7647464275360107,1539346
1982-10-27,0.0,1.4807989597320557,1.4498200416564941,1.4684079885482788,0.7712553143501282,1979159
1982-10-28,0.0,1.4684079885482788,1.4312330484390259,1.4622119665145874,0.7680009007453918,1156023
1982-10-29,0.0,1.4684079885482788,1.4250370264053345,1.4312330484390259,0.7517303228378296,974448
1982-11-01,0.0,1.4312330484390259,1.387861967086792,1.4126449823379517,0.7419666647911072,2681246
1982-11-02,0.0,1.4374289512634277,1.387861967086792,1.387861967086792,0.7289494276046753,1597853
1982-11-03,0.0,1.4374289512634277,1.387861967086792,1.4374289512634277,0.7549841403961182,4896452
1982-11-04,0.0,1.5675410032272339,1.4126449823379517,1.5055830478668213,0.7907811999320984,10618057
1982-11-05,0.0,1.6728700399398804,1.5117779970169067,1.6604779958724976,0.8721372485160828,4965046
1982-11-08,0.0,1.6852610111236572,1.6480859518051147,1.666674017906189,0.8753918409347534,8370572
1982-11-09,0.0,1.6728700399398804,1.635694980621338,1.635694980621338,0.8591198325157166,2681246
1982-11-10,0.0,1.6790649890899658,1.5861279964447021,1.6294989585876465,0.8558655977249146,4646283
1982-11-11,0.0,1.635694980621338,1.598520040512085,1.6109110116958618,0.846102774143219,1305317
1982-11-12,0.0,1.6109110116958618,1.5861279964447021,1.5861279964447021,0.8330861330032349,1807672
1982-11-15,0.0,1.598520040512085,1.5613449811935425,1.598520040512085,0.8395945429801941,1747148
1982-11-16,0.0,1.6109110116958618,1.5613449811935425,1.5861279964447021,0.8330861330032349,2564232
1982-11-17,0.0,1.6542819738388062,1.5923240184783936,1.6542819738388062,0.8688824772834778,2443182
1982-11-18,0.0,1.6852610111236572,1.666674017906189,1.6852610111236572,0.8851535320281982,1180232
1982-11-19,0.0,1.734827995300293,1.69765305519104,1.7224359512329102,0.9046793580055237,1710833
1982-11-22,0.0,1.734827995300293,1.635694980621338,1.6480859518051147,0.8656284809112549,740419
1982-11-23,0.0,1.69765305519104,1.6480859518051147,1.6728700399398804,0.8786455988883972,1093480
1982-11-24,0.0,1.710044026374817,1.666674017906189,1.6852610111236572,0.8851535320281982,911906
1982-11-26,0.0,1.69765305519104,1.666674017906189,1.6728700399398804,0.8786455988883972,603230
1982-11-29,0.0,1.6914570331573486,1.6604779958724976,1.6728700399398804,0.8786455988883972,2120383
1982-11-30,0.0,1.7534149885177612,1.6728700399398804,1.7410240173339844,0.9144423007965088,1008746
1982-12-01,0.0,1.809177041053772,1.7534149885177612,1.809177041053772,0.9502391219139099,1789515
1982-12-02,0.0,1.8215689659118652,1.7843940258026123,1.802981972694397,0.946984052658081,3986563
1982-12-03,0.0,1.802981972694397,1.734827995300293,1.734827995300293,0.9111878275871277,4523216
1982-12-06,0.0,1.8525480031967163,1.7162400484085083,1.8525480031967163,0.9730182886123657,802962
1982-12-07,0.0,1.8525480031967163,1.809177041053772,1.8215689659118652,0.9567471742630005,4470761
1982-12-08,0.0,1.8587440252304077,1.8215689659118652,1.833961009979248,0.963255763053894,1053131
1982-12-09,0.0,1.8215689659118652,1.7720030546188354,1.7720030546188354,0.9307135939598083,2525899
1982-12-10,0.0,1.765807032585144,1.7410240173339844,1.765807032585144,0.9274589419364929,403498
1982-12-13,0.0,1.7472189664840698,1.6852610111236572,1.69765305519104,0.8916628360748291,1067253
1982-12-14,0.0,1.7472189664840698,1.598520040512085,1.6109110116958618,0.846102774143219,2203101
1982-12-15,0.0,1.6294989585876465,1.5675410032272339,1.6294989585876465,0.8558655977249146,1133830
1982-12-16,0.0,1.6604779958724976,1.6047159433364868,1.635694980621338,0.8591198325157166,1555486
1982-12-17,0.0,1.69765305519104,1.6418910026550293,1.6728700399398804,0.8786455988883972,825154
1982-12-20,0.0,1.710044026374817,1.666674017906189,1.6728700399398804,0.8786455988883972,1646273
1982-12-21,0.0,1.710044026374817,1.6604779958724976,1.703848958015442,0.8949173092842102,1093480
1982-12-22,0.0,1.7596110105514526,1.734827995300293,1.7534149885177612,0.9209503531455994,1593818
1982-12-23,0.0,1.8587440252304077,1.7843940258026123,1.8215689659118652,0.9567471742630005,2425025
1982-12-27,0.0,1.8587440252304077,1.7967859506607056,1.846351981163025,0.9697635173797607,407533
1982-12-28,0.0,1.8835270404815674,1.8215689659118652,1.833961009979248,0.963255763053894,1517154
1982-12-29,0.0,1.8587440252304077,1.833961009979248,1.833961009979248,0.963255763053894,708139
1982-12-30,0.0,1.871135950088501,1.8215689659118652,1.8277649879455566,0.9600012898445129,829189
1982-12-31,0.0,1.833961009979248,1.802981972694397,1.833961009979248,0.963255763053894,268326
1983-01-03,0.0,1.833961009979248,1.7720030546188354,1.7720030546188354,0.9307135939598083,1234705
1983-01-04,0.0,1.7967859506607056,1.7472189664840698,1.7967859506607056,0.9437306523323059,2324150
1983-01-05,0.0,1.7967859506607056,1.7472189664840698,1.7596110105514526,0.9242050051689148,2219241
1983-01-06,0.0,1.8649400472640991,1.778198003768921,1.846351981163025,0.9697635173797607,1706798
1983-01-07,0.0,1.871135950088501,1.833961009979248,1.8587440252304077,0.9762731790542603,1513119
1983-01-10,0.0,1.8959189653396606,1.833961009979248,1.8587440252304077,0.9762731790542603,488233
1983-01-11,0.0,1.871135950088501,1.8401570320129395,1.8587440252304077,0.9762731790542603,970413
1983-01-12,0.0,1.877331018447876,1.846351981163025,1.8587440252304077,0.9762731790542603,1190320
1983-01-13,0.0,1.8525480031967163,1.809177041053772,1.833961009979248,0.963255763053894,2287835
1983-01-14,0.0,1.871135950088501,1.833961009979248,1.8587440252304077,0.9762731790542603,2237398
1983-01-17,0.0,1.8835270404815674,1.8215689659118652,1.8277649879455566,0.9600012898445129,1864162
1983-01-18,0.0,1.8215689659118652,1.7596110105514526,1.809177041053772,0.9502391219139099,1914599
1983-01-19,0.0,1.809177041053772,1.7720030546188354,1.7843940258026123,0.9372215270996094,3221934
1983-01-20,0.0,1.7967859506607056,1.7720030546188354,1.7843940258026123,0.9372215270996094,1567591
1983-01-21,0.0,1.7905900478363037,1.7472189664840698,1.7720030546188354,0.9307135939598083,847346
1983-01-24,0.0,1.7596110105514526,1.6604779958724976,1.6790649890899658,0.881899356842041,1115673
1983-01-25,0.0,1.765807032585144,1.710044026374817,1.7596110105514526,0.9242050051689148,1654343
1983-01-26,0.0,1.7720030546188354,1.7162400484085083,1.734827995300293,0.9111878275871277,262274
1983-01-27,0.0,1.7720030546188354,1.7410240173339844,1.7720030546188354,0.9307135939598083,994623
1983-01-28,0.0,1.778198003768921,1.7596110105514526,1.7596110105514526,0.9242050051689148,752524
1983-01-31,0.0,1.7472189664840698,1.710044026374817,1.7410240173339844,0.9144423007965088,1737060
1983-02-01,0.0,1.7472189664840698,1.6604779958724976,1.6728700399398804,0.8786455988883972,2979835
1983-02-02,0.0,1.6604779958724976,1.6294989585876465,1.6604779958724976,0.8721372485160828,2588441
1983-02-03,0.0,1.734827995300293,1.6728700399398804,1.7224359512329102,0.9046793580055237,3292546
1983-02-04,0.0,1.765807032585144,1.734827995300293,1.7410240173339844,0.9144423007965088,2314063
1983-02-07,0.0,1.7596110105514526,1.7286319732666016,1.7472189664840698,0.9176960587501526,663755
1983-02-08,0.0,1.7410240173339844,1.69765305519104,1.69765305519104,0.8916628360748291,1051113
1983-02-09,0.0,1.69765305519104,1.635694980621338,1.666674017906189,0.8753918409347534,4841979
1983-02-10,0.0,1.734827995300293,1.6790649890899658,1.734827995300293,0.9111878275871277,3308686
1983-02-11,0.0,1.7843940258026123,1.7224359512329102,1.7286319732666016,0.9079335927963257,2578354
1983-02-14,0.0,1.802981972694397,1.7162400484085083,1.802981972694397,0.946984052658081,1886354
1983-02-15,0.0,1.809177041053772,1.7596110105514526,1.7720030546188354,0.9307135939598083,879626
1983-02-16,0.0,1.833961009979248,1.7843940258026123,1.7843940258026123,0.9372215270996094,1956967
1983-02-17,0.0,1.802981972694397,1.7596110105514526,1.7843940258026123,0.9372215270996094,1607941
1983-02-18,0.0,1.7905900478363037,1.7720030546188354,1.778198003768921,0.933967113494873,2031614
1983-02-22,0.0,1.7967859506607056,1.7596110105514526,1.7720030546188354,0.9307135939598083,1361807
1983-02-23,0.0,1.7843940258026123,1.765807032585144,1.7843940258026123,0.9372215270996094,490250
1983-02-24,0.0,1.802981972694397,1.778198003768921,1.7843940258026123,0.9372215270996094,1912582
1983-02-25,0.0,1.8277649879455566,1.7720030546188354,1.7843940258026123,0.9372215270996094,2965712
1983-02-28,0.0,1.7967859506607056,1.7596110105514526,1.7720030546188354,0.9307135939598083,286484
1983-03-01,0.0,1.8277649879455566,1.778198003768921,1.809177041053772,0.9502391219139099,1026903
1983-03-02,0.0,1.871135950088501,1.809177041053772,1.846351981163025,0.9697635173797607,3232021
1983-03-03,0.0,1.9268980026245117,1.8215689659118652,1.9207019805908203,1.0088149309158325,2225293
1983-03-04,0.0,1.9826600551605225,1.9330940246582031,1.9826600551605225,1.0413578748703003,2318098
1983-03-07,0.0,1.970268964767456,1.9330940246582031,1.9330940246582031,1.0153238773345947,2402832
1983-03-08,0.0,1.970268964767456,1.8835270404815674,1.8897229433059692,0.9925443530082703,2150646
1983-03-09,0.0,1.9330940246582031,1.8897229433059692,1.9330940246582031,1.0153238773345947,2711508
1983-03-10,0.0,1.94548499584198,1.8959189653396606,1.908310055732727,1.0023068189620972,667790
1983-03-11,0.0,1.908310055732727,1.871135950088501,1.877331018447876,0.9860352873802185,464023
1983-03-14,0.0,1.8835270404815674,1.8525480031967163,1.8835270404815674,0.9892894625663757,704105
1983-03-15,0.0,1.8649400472640991,1.833961009979248,1.846351981163025,0.9697635173797607,1989247
1983-03-16,0.0,1.833961009979248,1.802981972694397,1.809177041053772,0.9502391219139099,1930739
1983-03-17,0.0,1.833961009979248,1.809177041053772,1.833961009979248,0.963255763053894,268326
1983-03-18,0.0,1.846351981163025,1.809177041053772,1.809177041053772,0.9502391219139099,924011
1983-03-21,0.0,1.802981972694397,1.7843940258026123,1.802981972694397,0.946984052658081,635510
1983-03-22,0.0,1.8215689659118652,1.7967859506607056,1.809177041053772,0.9502391219139099,815067
1983-03-23,0.0,1.8215689659118652,1.7843940258026123,1.7967859506607056,0.9437306523323059,1654343
1983-03-24,0.0,1.846351981163025,1.778198003768921,1.8401570320129395,0.9665102958679199,2882995
1983-03-25,0.0,1.8649400472640991,1.833961009979248,1.8401570320129395,0.9665102958679199,355078
1983-03-28,0.0,1.8525480031967163,1.809177041053772,1.8215689659118652,0.9567471742630005,213854
1983-03-29,0.0,1.833961009979248,1.8215689659118652,1.8215689659118652,0.9567471742630005,714192
1983-03-30,0.0,1.833961009979248,1.8215689659118652,1.8277649879455566,0.9600012898445129,1190320
1983-03-31,0.0,1.8401570320129395,1.7967859506607056,1.8215689659118652,0.9567471742630005,788839
1983-04-04,0.0,1.833961009979248,1.734827995300293,1.7472189664840698,0.9176960587501526,1258915
1983-04-05,0.0,1.7596110105514526,1.703848958015442,1.703848958015442,0.8949173092842102,1726973
1983-04-06,1.7162400484085083,1.7472189664840698,1.69765305519104,1.7472189664840698,0.9176960587501526,2465375
1983-04-07,1.7472189664840698,1.7843940258026123,1.7410240173339844,1.7843940258026123,0.9372215270996094,2903170
1983-04-08,1.7843940258026123,1.7843940258026123,1.7596110105514526,1.778198003768921,0.933967113494873,659720
1983-04-11,1.778198003768921,1.7843940258026123,1.7534149885177612,1.7534149885177612,0.9209503531455994,786822
1983-04-12,1.7596110105514526,1.765807032585144,1.7224359512329102,1.7596110105514526,0.9242050051689148,1030938
1983-04-13,1.778198003768921,1.802981972694397,1.765807032585144,1.7720030546188354,0.9307135939598083,1436454
1983-04-14,1.7843940258026123,1.8215689659118652,1.778198003768921,1.8215689659118652,0.9567471742630005,3419648
1983-04-15,1.833961009979248,1.833961009979248,1.7967859506607056,1.809177041053772,0.9502391219139099,528583
1983-04-18,1.7843940258026123,1.802981972694397,1.7720030546188354,1.802981972694397,0.946984052658081,2568267
1983-04-19,1.7720030546188354,1.7967859506607056,1.7596110105514526,1.765807032585144,0.9274589419364929,3191671
1983-04-20,1.7720030546188354,1.8215689659118652,1.7720030546188354,1.809177041053772,0.9502391219139099,1269002
1983-04-21,1.8215689659118652,1.846351981163025,1.7905900478363037,1.7905900478363037,0.9404760599136353,1392069
1983-04-22,1.7905900478363037,1.802981972694397,1.7843940258026123,1.7905900478363037,0.9404760599136353,879626
1983-04-25,1.7720030546188354,1.7967859506607056,1.7472189664840698,1.7472189664840698,0.9176960587501526,1444524
1983-04-26,1.778198003768921,1.802981972694397,1.7472189664840698,1.7843940258026123,0.9372215270996094,3601222
1983-04-27,1.7596110105514526,1.7843940258026123,1.734827995300293,1.7410240173339844,0.9144423007965088,1605923
1983-04-28,1.7534149885177612,1.7720030546188354,1.734827995300293,1.7596110105514526,0.9242050051689148,2162751
1983-04-29,1.7843940258026123,1.8215689659118652,1.7472189664840698,1.8215689659118652,0.9567471742630005,1690658
1983-05-02,1.8215689659118652,1.871135950088501,1.7967859506607056,1.8587440252304077,0.9762731790542603,2937468
1983-05-03,1.833961009979248,1.8649400472640991,1.8215689659118652,1.8587440252304077,0.9762731790542603,2636861
1983-05-04,1.871135950088501,1.877331018447876,1.8587440252304077,1.871135950088501,0.982781708240509,1724955
1983-05-05,1.9207019805908203,1.9516810178756714,1.8835270404815674,1.94548499584198,1.0218329429626465,3508418
1983-05-06,1.94548499584198,2.0198349952697754,1.94548499584198,2.0074429512023926,1.054374098777771,7874269
1983-05-09,2.013638973236084,2.069401979446411,1.9826600551605225,2.0632059574127197,1.0836634635925293,2412920
1983-05-10,2.0817930698394775,2.1065759658813477,2.069401979446411,2.075597047805786,1.0901710987091064,4367869
1983-05-11,2.075597047805786,2.0941851139068604,2.050813913345337,2.0570099353790283,1.0804086923599243,2305993
1983-05-12,2.0570099353790283,2.0570099353790283,1.9578770399093628,1.9826600551605225,1.0413578748703003,6579040
1983-05-13,1.976464033126831,1.9950519800186157,1.970268964767456,1.9888559579849243,1.0446120500564575,2445200
1983-05-16,1.9826600551605225,1.9826600551605225,1.9330940246582031,1.9578770399093628,1.028340220451355,839276
1983-05-17,1.9392900466918945,1.9640729427337646,1.908310055732727,1.9207019805908203,1.0088149309158325,1511101
1983-05-18,1.9207019805908203,1.9516810178756714,1.908310055732727,1.9516810178756714,1.0250862836837769,2673176
1983-05-19,1.9330940246582031,1.94548499584198,1.914505958557129,1.914505958557129,1.0055609941482544,464023
1983-05-20,1.9268980026245117,1.9330940246582031,1.9207019805908203,1.9330940246582031,1.0153238773345947,457971
1983-05-23,1.9207019805908203,1.9330940246582031,1.908310055732727,1.9330940246582031,1.0153238773345947,538670
1983-05-24,1.9207019805908203,1.9578770399093628,1.908310055732727,1.9516810178756714,1.0250862836837769,1735043
1983-05-25,1.9578770399093628,1.970268964767456,1.94548499584198,1.9578770399093628,1.028340220451355,373236
1983-05-26,1.970268964767456,2.0198349952697754,1.970268964767456,1.976464033126831,1.0381028652191162,4726982
1983-05-27,1.970268964767456,1.970268964767456,1.9207019805908203,1.94548499584198,1.0218329429626465,1769340
1983-05-31,1.9207019805908203,1.94548499584198,1.902114987373352,1.9207019805908203,1.0088149309158325,326834
1983-06-01,1.8959189653396606,1.9330940246582031,1.8897229433059692,1.9268980026245117,1.0120691061019897,2086086
1983-06-02,1.9516810178756714,1.9516810178756714,1.914505958557129,1.9268980026245117,1.0120691061019897,1168128
1983-06-03,1.9330940246582031,1.94548499584198,1.9207019805908203,1.9392900466918945,1.018578290939331,593142
1983-06-06,1.9330940246582031,1.94548499584198,1.914505958557129,1.9268980026245117,1.0120691061019897,419638
1983-06-07,1.9330940246582031,1.9392900466918945,1.8959189653396606,1.8959189653396606,0.9957985877990723,2648966
1983-06-08,1.8835270404815674,1.902114987373352,1.871135950088501,1.902114987373352,0.999052882194519,738402
1983-06-09,1.908310055732727,1.908310055732727,1.8959189653396606,1.908310055732727,1.0023068189620972,417621
1983-06-10,1.908310055732727,1.9640729427337646,1.8959189653396606,1.9516810178756714,1.0250862836837769,1430401
1983-06-13,1.9640729427337646,1.9826600551605225,1.9330940246582031,1.9826600551605225,1.0413578748703003,857434
1983-06-14,1.9888559579849243,2.0012478828430176,1.9578770399093628,1.970268964767456,1.0384845733642578,677877
1983-06-15,1.9826600551605225,2.069401979446411,1.970268964767456,2.069401979446411,1.0907350778579712,1662413
1983-06-16,2.1065759658813477,2.1933178901672363,2.1003808975219727,2.1933178901672363,1.1560481786727905,2231346
1983-06-17,2.1561429500579834,2.168534994125366,2.1313600540161133,2.149946928024292,1.133188247680664,899801
1983-06-20,2.174730062484741,2.205709934234619,2.1437509059906006,2.1437509059906006,1.12992262840271,790857
1983-06-21,2.1437509059906006,2.1437509059906006,2.125164031982422,2.1437509059906006,1.12992262840271,934099
1983-06-22,2.149946928024292,2.168534994125366,2.1313600540161133,2.162338972091675,1.13972008228302,3026237
1983-06-23,2.168534994125366,2.174730062484741,2.1313600540161133,2.1313600540161133,1.1233916282653809,1214530
1983-06-24,2.1189680099487305,2.1189680099487305,2.0817930698394775,2.0941851139068604,1.103797435760498,984536
1983-06-27,2.0941851139068604,2.0941851139068604,2.0446178913116455,2.0446178913116455,1.0776723623275757,542705
1983-06-28,2.0446178913116455,2.075597047805786,2.0446178913116455,2.0632059574127197,1.0874696969985962,437796
1983-06-29,2.050813913345337,2.0632059574127197,2.0384230613708496,2.0570099353790283,1.0842032432556152,171487
1983-06-30,2.069401979446411,2.1003808975219727,2.069401979446411,2.0941851139068604,1.103797435760498,423673
1983-07-01,2.0941851139068604,2.1809260845184326,2.0941851139068604,2.174730062484741,1.1462509632110596,1055148
1983-07-05,2.1561429500579834,2.1561429500579834,2.0570099353790283,2.069401979446411,1.0907350778579712,1545398
1983-07-06,2.069401979446411,2.1189680099487305,2.069401979446411,2.112771987915039,1.1135940551757812,540688
1983-07-07,2.1065759658813477,2.1437509059906006,2.1065759658813477,2.1313600540161133,1.1233916282653809,641562
1983-07-08,2.1313600540161133,2.162338972091675,2.1313600540161133,2.1313600540161133,1.1233916282653809,464023
1983-07-11,2.1437509059906006,2.1561429500579834,2.1437509059906006,2.1561429500579834,1.1364542245864868,468058
1983-07-12,2.1561429500579834,2.174730062484741,2.1561429500579834,2.1561429500579834,1.1364542245864868,1914599
1983-07-13,2.162338972091675,2.168534994125366,2.1189680099487305,2.1437509059906006,1.12992262840271,2529934
1983-07-14,2.1437509059906006,2.1561429500579834,2.1313600540161133,2.1313600540161133,1.1233916282653809,3768674
1983-07-15,2.1189680099487305,2.1189680099487305,2.0817930698394775,2.0817930698394775,1.0972663164138794,407533
1983-07-18,2.0570099353790283,2.0570099353790283,2.032227039337158,2.0384230613708496,1.0744069814682007,1099533
1983-07-19,2.032227039337158,2.0384230613708496,1.9826600551605225,2.0074429512023926,1.0580776929855347,1737060
1983-07-20,2.032227039337158,2.1809260845184326,2.032227039337158,2.1809260845184326,1.1495168209075928,1129795
1983-07-21,2.1933178901672363,2.1933178901672363,2.1003808975219727,2.1065759658813477,1.1103289127349854,1034973
1983-07-22,2.125164031982422,2.1437509059906006,2.1065759658813477,2.1065759658813477,1.1103289127349854,1087428
1983-07-25,2.1065759658813477,2.1065759658813477,2.069401979446411,2.0817930698394775,1.0972663164138794,353061
1983-07-26,2.0817930698394775,2.1003808975219727,2.0817930698394775,2.0941851139068604,1.103797435760498,615335
1983-07-27,2.0570099353790283,2.1313600540161133,1.970268964767456,1.9826600551605225,1.045015573501587,2007404
1983-07-28,1.9826600551605225,2.0198349952697754,1.970268964767456,1.970268964767456,1.0384845733642578,1262950
1983-07-29,1.94548499584198,1.9516810178756714,1.9207019805908203,1.9330940246582031,1.0188908576965332,3161409
1983-08-01,1.9330940246582031,1.94548499584198,1.908310055732727,1.9207019805908203,1.0123584270477295,625422
1983-08-02,1.9330940246582031,1.9392900466918945,1.9207019805908203,1.9207019805908203,1.0123584270477295,772699
1983-08-03,1.9207019805908203,1.94548499584198,1.908310055732727,1.94548499584198,1.0254219770431519,413586
1983-08-04,1.94548499584198,1.94548499584198,1.8959189653396606,1.908310055732727,1.0058276653289795,726297
1983-08-05,1.8959189653396606,1.8959189653396606,1.8587440252304077,1.8835270404815674,0.9927645921707153,1289177
1983-08-08,1.8649400472640991,1.8649400472640991,1.833961009979248,1.833961009979248,0.9666393995285034,1079358
1983-08-09,1.833961009979248,1.846351981163025,1.7720030546188354,1.7843940258026123,0.9405133724212646,3338948
1983-08-10,1.7843940258026123,1.7967859506607056,1.7720030546188354,1.7967859506607056,0.9470458030700684,1133830
1983-08-11,1.809177041053772,1.8215689659118652,1.809177041053772,1.809177041053772,0.9535764455795288,1848022
1983-08-12,1.8215689659118652,1.8215689659118652,1.802981972694397,1.809177041053772,0.9535764455795288,260256
1983-08-15,1.8277649879455566,1.8277649879455566,1.802981972694397,1.802981972694397,0.9503107666969299,562880
1983-08-16,1.7905900478363037,1.802981972694397,1.7843940258026123,1.7967859506607056,0.9470458030700684,2445200
1983-08-17,1.7843940258026123,1.8277649879455566,1.7843940258026123,1.8277649879455566,0.9633735418319702,1714868
1983-08-18,1.833961009979248,1.846351981163025,1.802981972694397,1.802981972694397,0.9503107666969299,885679
1983-08-19,1.7905900478363037,1.846351981163025,1.7905900478363037,1.8277649879455566,0.9633735418319702,593142
1983-08-22,1.8401570320129395,1.8587440252304077,1.833961009979248,1.833961009979248,0.9666393995285034,375253
1983-08-23,1.833961009979248,1.833961009979248,1.8153729438781738,1.8215689659118652,0.9601078033447266,92805
1983-08-24,1.7720030546188354,1.7967859506607056,1.7596110105514526,1.7967859506607056,0.9470458030700684,1028921
1983-08-25,1.7967859506607056,1.7967859506607056,1.765807032585144,1.778198003768921,0.9372479319572449,203767
1983-08-26,1.7905900478363037,1.7967859506607056,1.7720030546188354,1.7843940258026123,0.9405133724212646,679895
1983-08-29,1.765807032585144,1.7905900478363037,1.765807032585144,1.7905900478363037,0.9437795281410217,363148
1983-08-30,1.7720030546188354,1.7843940258026123,1.7596110105514526,1.7720030546188354,0.9339831471443176,1535311
1983-08-31,1.7720030546188354,1.7967859506607056,1.765807032585144,1.7720030546188354,0.9339831471443176,2507742
1983-09-01,1.7843940258026123,1.809177041053772,1.7843940258026123,1.7843940258026123,0.9405133724212646,2334238
1983-09-02,1.7843940258026123,1.8215689659118652,1.7843940258026123,1.809177041053772,0.9535764455795288,1648290
1983-09-06,1.833961009979248,1.8959189653396606,1.833961009979248,1.8897229433059692,0.9960315823554993,1868197
1983-09-07,1.902114987373352,1.970268964767456,1.902114987373352,1.970268964767456,1.0384845733642578,2844663
1983-09-08,1.970268964767456,1.976464033126831,1.94548499584198,1.9516810178756714,1.0286873579025269,2326168
1983-09-09,1.9268980026245117,1.9516810178756714,1.9207019805908203,1.9207019805908203,1.0123584270477295,1178215
1983-09-12,1.9268980026245117,1.9268980026245117,1.8835270404815674,1.902114987373352,1.0061975717544556,1242775
1983-09-13,1.8897229433059692,1.8897229433059692,1.8587440252304077,1.8835270404815674,0.9963642358779907,534635
1983-09-14,1.871135950088501,1.8835270404815674,1.846351981163025,1.8835270404815674,0.9963642358779907,913924
1983-09-15,1.8835270404815674,1.8835270404815674,1.8525480031967163,1.8649400472640991,0.9865325689315796,252186
1983-09-16,1.8649400472640991,1.8649400472640991,1.833961009979248,1.8587440252304077,0.983254611492157,336921
1983-09-19,1.8649400472640991,1.8897229433059692,1.846351981163025,1.877331018447876,0.9930868148803711,984536
1983-09-20,1.8897229433059692,1.902114987373352,1.8835270404815674,1.8897229433059692,0.9996427297592163,1724955
1983-09-21,1.8897229433059692,1.8959189653396606,1.833961009979248,1.8587440252304077,0.983254611492157,1014798
1983-09-22,1.871135950088501,1.877331018447876,1.833961009979248,1.8649400472640991,0.9865325689315796,1478821
1983-09-23,1.871135950088501,1.871135950088501,1.833961009979248,1.8587440252304077,0.983254611492157,1878285
1983-09-26,1.8649400472640991,1.871135950088501,1.833961009979248,1.846351981163025,0.9766992330551147,1535311
1983-09-27,1.8587440252304077,1.8587440252304077,1.8401570320129395,1.8401570320129395,0.9734225273132324,1367859
1983-09-28,1.8277649879455566,1.846351981163025,1.8215689659118652,1.833961009979248,0.9701447486877441,415603
1983-09-29,1.8215689659118652,1.833961009979248,1.809177041053772,1.8153729438781738,0.9603114724159241,403498
1983-09-30,1.8277649879455566,1.8277649879455566,1.7967859506607056,1.7967859506607056,0.9504795074462891,613317
1983-10-03,1.7967859506607056,1.8215689659118652,1.7843940258026123,1.8215689659118652,0.9635893106460571,944186
1983-10-04,1.8215689659118652,1.846351981163025,1.8215689659118652,1.846351981163025,0.9766992330551147,2703439
1983-10-05,1.8587440252304077,1.8649400472640991,1.8401570320129395,1.8525480031967163,0.9799770712852478,679895
1983-10-06,1.833961009979248,1.9268980026245117,1.833961009979248,1.914505958557129,1.0127519369125366,1355754
1983-10-07,1.9268980026245117,1.9330940246582031,1.902114987373352,1.9207019805908203,1.0160300731658936,1498996
1983-10-10,1.9268980026245117,1.94548499584198,1.9268980026245117,1.9330940246582031,1.022585153579712,80700
1983-10-11,1.94548499584198,1.970268964767456,1.9392900466918945,1.9392900466918945,1.0258619785308838,522530
1983-10-12,1.9392900466918945,1.970268964767456,1.9268980026245117,1.9330940246582031,1.022585153579712,1266985
1983-10-13,1.9330940246582031,1.9516810178756714,1.914505958557129,1.9207019805908203,1.0160300731658936,907871
1983-10-14,1.9207019805908203,1.970268964767456,1.9207019805908203,1.9640729427337646,1.0389724969863892,603230
1983-10-17,1.9578770399093628,1.970268964767456,1.9516810178756714,1.970268964767456,1.0422496795654297,472093
1983-10-18,1.9826600551605225,1.9826600551605225,1.908310055732727,1.9330940246582031,1.022585153579712,2993957
1983-10-19,1.908310055732727,1.908310055732727,1.871135950088501,1.8835270404815674,0.9963642358779907,1448559
1983-10-20,1.8835270404815674,1.8959189653396606,1.8835270404815674,1.8835270404815674,0.9963642358779907,1521189
1983-10-21,1.8835270404815674,1.902114987373352,1.877331018447876,1.877331018447876,0.9930868148803711,1176197
1983-10-24,1.846351981163025,1.846351981163025,1.8215689659118652,1.833961009979248,0.9701447486877441,1218565
1983-10-25,1.846351981163025,1.846351981163025,1.8215689659118652,1.8277649879455566,0.9668678641319275,750507
1983-10-26,1.8277649879455566,1.846351981163025,1.8277649879455566,1.8401570320129395,0.9734225273132324,649632
1983-10-27,1.8277649879455566,1.8277649879455566,1.809177041053772,1.8215689659118652,0.9635893106460571,1793550
1983-10-28,1.809177041053772,1.8215689659118652,1.7967859506607056,1.7967859506607056,0.9504795074462891,3375263
1983-10-31,1.7967859506607056,1.7967859506607056,1.710044026374817,1.734827995300293,0.9177039861679077,3439823
1983-11-01,1.734827995300293,1.734827995300293,1.6728700399398804,1.710044026374817,0.9045940041542053,5047764
1983-11-02,1.710044026374817,1.7472189664840698,1.6852610111236572,1.7410240173339844,0.9209825396537781,843311
1983-11-03,1.7224359512329102,1.7410240173339844,1.69765305519104,1.710044026374817,0.9045940041542053,2889048
1983-11-04,1.710044026374817,1.7162400484085083,1.710044026374817,1.710044026374817,0.9045940041542053,570950
1983-11-07,1.710044026374817,1.710044026374817,1.6914570331573486,1.710044026374817,0.9045940041542053,1196372
1983-11-08,1.69765305519104,1.7286319732666016,1.69765305519104,1.710044026374817,0.9045940041542053,538670
1983-11-09,1.7224359512329102,1.7596110105514526,1.7224359512329102,1.7534149885177612,0.9275368452072144,359113
1983-11-10,1.765807032585144,1.765807032585144,1.7410240173339844,1.7596110105514526,0.9308144450187683,1010763
1983-11-11,1.7596110105514526,1.7720030546188354,1.734827995300293,1.7472189664840698,0.9242593050003052,516478
1983-11-14,1.734827995300293,1.734827995300293,1.6852610111236572,1.69765305519104,0.8980393409729004,6516497
1983-11-15,1.710044026374817,1.7224359512329102,1.69765305519104,1.69765305519104,0.8980393409729004,2804313
1983-11-16,1.710044026374817,1.734827995300293,1.5737370252609253,1.7162400484085083,0.907871663570404,2598529
1983-11-17,1.7286319732666016,1.7534149885177612,1.7224359512329102,1.7472189664840698,0.9242593050003052,1460664
1983-11-18,1.7410240173339844,1.7472189664840698,1.7224359512329102,1.7410240173339844,0.9209825396537781,1141900
1983-11-21,1.734827995300293,1.7472189664840698,1.7224359512329102,1.7410240173339844,0.9209825396537781,919976
1983-11-22,1.7472189664840698,1.7720030546188354,1.734827995300293,1.734827995300293,0.9177039861679077,734367
1983-11-23,1.7472189664840698,1.765807032585144,1.734827995300293,1.7596110105514526,0.9308144450187683,1573643
1983-11-25,1.7720030546188354,1.7720030546188354,1.734827995300293,1.734827995300293,0.9177039861679077,1121725
1983-11-28,1.734827995300293,1.7534149885177612,1.734827995300293,1.7534149885177612,0.9275368452072144,673842
1983-11-29,1.734827995300293,1.7534149885177612,1.7286319732666016,1.7534149885177612,0.9275368452072144,1297247
1983-11-30,1.765807032585144,1.778198003768921,1.7534149885177612,1.7534149885177612,0.9275368452072144,1228652
1983-12-01,1.765807032585144,1.7720030546188354,1.7534149885177612,1.7534149885177612,0.9275368452072144,197714
1983-12-02,1.778198003768921,1.778198003768921,1.7472189664840698,1.7534149885177612,0.9275368452072144,272361
1983-12-05,1.7720030546188354,1.809177041053772,1.7720030546188354,1.7967859506607056,0.9504795074462891,2765981
1983-12-06,1.809177041053772,1.809177041053772,1.7905900478363037,1.802981972694397,0.9537570476531982,2116348
1983-12-07,1.802981972694397,1.809177041053772,1.7967859506607056,1.802981972694397,0.9537570476531982,942168
1983-12-08,1.8153729438781738,1.8153729438781738,1.7720030546188354,1.7720030546188354,0.9373698234558105,2893083
1983-12-09,1.7720030546188354,1.7905900478363037,1.765807032585144,1.7905900478363037,0.9472023248672485,1634168
1983-12-12,1.7843940258026123,1.7905900478363037,1.7720030546188354,1.778198003768921,0.9443068504333496,1285142
1983-12-13,1.7720030546188354,1.7843940258026123,1.7596110105514526,1.7843940258026123,0.9475975036621094,1456629
1983-12-14,1.7720030546188354,1.778198003768921,1.7596110105514526,1.7596110105514526,0.9344362020492554,764629
1983-12-15,1.7720030546188354,1.7720030546188354,1.6790649890899658,1.6914570331573486,0.8982434868812561,9310723
1983-12-16,1.6914570331573486,1.703848958015442,1.6604779958724976,1.6604779958724976,0.881791889667511,1664430
1983-12-19,1.666674017906189,1.6790649890899658,1.6604779958724976,1.6790649890899658,0.8916630148887634,1648290
1983-12-20,1.6852610111236572,1.69765305519104,1.6728700399398804,1.6852610111236572,0.894952654838562,3558855
1983-12-21,1.69765305519104,1.7162400484085083,1.6914570331573486,1.710044026374817,0.9081133604049683,1047078
1983-12-22,1.710044026374817,1.710044026374817,1.6852610111236572,1.6852610111236572,0.894952654838562,2039684
1983-12-23,1.6728700399398804,1.703848958015442,1.6480859518051147,1.6728700399398804,0.8883721828460693,395428
1983-12-27,1.6852610111236572,1.734827995300293,1.6852610111236572,1.734827995300293,0.9212751388549805,1345667
1983-12-28,1.7224359512329102,1.7472189664840698,1.7224359512329102,1.734827995300293,0.9212751388549805,359113
1983-12-29,1.7472189664840698,1.7534149885177612,1.710044026374817,1.7286319732666016,0.9179844856262207,746472
1983-12-30,1.7472189664840698,1.7596110105514526,1.7410240173339844,1.7596110105514526,0.9344362020492554,183592
1984-01-03,1.7720030546188354,1.809177041053772,1.7472189664840698,1.7596110105514526,0.9344362020492554,2372570
1984-01-04,1.7596110105514526,1.7596110105514526,1.734827995300293,1.734827995300293,0.9212751388549805,2533969
1984-01-05,1.734827995300293,1.7843940258026123,1.734827995300293,1.7843940258026123,0.9475975036621094,1674518
1984-01-06,1.7843940258026123,1.809177041053772,1.7843940258026123,1.809177041053772,0.9607580900192261,1825830
1984-01-09,1.7967859506607056,1.7967859506607056,1.7720030546188354,1.7843940258026123,0.9475975036621094,579020
1984-01-10,1.7720030546188354,1.7967859506607056,1.7720030546188354,1.7967859506607056,0.954177975654602,2354412
1984-01-11,1.802981972694397,1.809177041053772,1.7534149885177612,1.809177041053772,0.9607580900192261,806997
1984-01-12,1.809177041053772,1.846351981163025,1.802981972694397,1.846351981163025,0.9804994463920593,839276
1984-01-13,1.833961009979248,1.846351981163025,1.8277649879455566,1.8401570320129395,0.977209746837616,869539
1984-01-16,1.8401570320129395,1.8401570320129395,1.8215689659118652,1.833961009979248,0.9739195704460144,899801
1984-01-17,1.833961009979248,1.871135950088501,1.833961009979248,1.871135950088501,0.9936615228652954,1149970
1984-01-18,1.8835270404815674,1.908310055732727,1.8835270404815674,1.8959189653396606,1.0068223476409912,1755218
1984-01-19,1.8897229433059692,1.908310055732727,1.8835270404815674,1.8959189653396606,1.0068223476409912,1107603
1984-01-20,1.8897229433059692,1.8959189653396606,1.871135950088501,1.8835270404815674,1.000240683555603,2314063
1984-01-23,1.8835270404815674,1.8835270404815674,1.833961009979248,1.846351981163025,0.9804994463920593,1045061
1984-01-24,1.846351981163025,1.877331018447876,1.846351981163025,1.871135950088501,0.9936615228652954,857434
1984-01-25,1.871135950088501,1.877331018447876,1.8215689659118652,1.8215689659118652,0.9673389792442322,2620721
1984-01-26,1.809177041053772,1.8215689659118652,1.7967859506607056,1.809177041053772,0.9607580900192261,589107
1984-01-27,1.7967859506607056,1.7967859506607056,1.778198003768921,1.7843940258026123,0.9475975036621094,328851
1984-01-30,1.7720030546188354,1.7720030546188354,1.7472189664840698,1.765807032585144,0.9377264380455017,796909
1984-01-31,1.7534149885177612,1.778198003768921,1.7472189664840698,1.778198003768921,0.9443068504333496,613317
1984-02-01,1.7720030546188354,1.778198003768921,1.7534149885177612,1.7534149885177612,0.9311462044715881,411568
1984-02-02,1.7534149885177612,1.7720030546188354,1.7534149885177612,1.7720030546188354,0.9410169124603271,1295229
1984-02-03,1.765807032585144,1.7720030546188354,1.7596110105514526,1.765807032585144,0.9377264380455017,320781
1984-02-06,1.765807032585144,1.765807032585144,1.7224359512329102,1.7286319732666016,0.9179844856262207,2586424
1984-02-07,1.710044026374817,1.7286319732666016,1.69765305519104,1.7224359512329102,0.9146945476531982,2241433
1984-02-08,1.7224359512329102,1.734827995300293,1.7162400484085083,1.7224359512329102,0.9146945476531982,1194355
1984-02-09,1.7224359512329102,1.734827995300293,1.710044026374817,1.7162400484085083,0.911404550075531,2259590
1984-02-10,1.7162400484085083,1.7472189664840698,1.7162400484085083,1.734827995300293,0.9212751388549805,7234724
1984-02-13,1.7162400484085083,1.7286319732666016,1.710044026374817,1.7224359512329102,0.9146945476531982,609282
1984-02-14,1.7224359512329102,1.7596110105514526,1.7162400484085083,1.734827995300293,0.9212751388549805,2031614
1984-02-15,1.7472189664840698,1.7472189664840698,1.6914570331573486,1.69765305519104,0.901533842086792,1260932
1984-02-16,1.6852610111236572,1.6852610111236572,1.6109110116958618,1.6604779958724976,0.881791889667511,12825193
1984-02-17,1.6604779958724976,1.6852610111236572,1.6294989585876465,1.6294989585876465,0.8653404712677002,3282459
1984-02-21,1.6171070337295532,1.6233030557632446,1.598520040512085,1.6171070337295532,0.8587600588798523,1458646
1984-02-22,1.598520040512085,1.598520040512085,1.5365619659423828,1.5489530563354492,0.8225669860839844,2142576
1984-02-23,1.5613449811935425,1.5613449811935425,1.5365619659423828,1.555148959159851,0.8258569240570068,1277072
1984-02-24,1.598520040512085,1.6171070337295532,1.5613449811935425,1.6171070337295532,0.8587600588798523,1795567
1984-02-27,1.6294989585876465,1.6542819738388062,1.598520040512085,1.6109110116958618,0.8554693460464478,270344
1984-02-28,1.6109110116958618,1.6109110116958618,1.5675410032272339,1.5737370252609253,0.8357287049293518,1874250
1984-02-29,1.598520040512085,1.6233030557632446,1.5861279964447021,1.5861279964447021,0.8423091173171997,1664430
1984-03-01,1.6047159433364868,1.6233030557632446,1.5923240184783936,1.6233030557632446,0.8620505332946777,1862145
1984-03-02,1.6233030557632446,1.635694980621338,1.6109110116958618,1.6233030557632446,0.8620505332946777,1339614
1984-03-05,1.6171070337295532,1.6233030557632446,1.5861279964447021,1.598520040512085,0.8488889932632446,2158716
1984-03-06,1.5923240184783936,1.6109110116958618,1.5861279964447021,1.5861279964447021,0.8423091173171997,191662
1984-03-07,1.5861279964447021,1.5861279964447021,1.5489530563354492,1.5737370252609253,0.8357287049293518,4030948
1984-03-08,1.5737370252609253,1.5861279964447021,1.5489530563354492,1.5613449811935425,0.8291475176811218,381306
1984-03-09,1.5613449811935425,1.5799319744110107,1.5489530563354492,1.5799319744110107,0.8390181660652161,272361
1984-03-12,1.5613449811935425,1.6233030557632446,1.5613449811935425,1.6233030557632446,0.8620505332946777,1020851
1984-03-13,1.6171070337295532,1.6480859518051147,1.6171070337295532,1.6418910026550293,0.8756649494171143,1486891
1984-03-14,1.6480859518051147,1.6728700399398804,1.6480859518051147,1.6728700399398804,0.8921864032745361,1347684
1984-03-15,1.6728700399398804,1.703848958015442,1.6542819738388062,1.6542819738388062,0.8822733759880066,2661071
1984-03-16,1.6728700399398804,1.69765305519104,1.635694980621338,1.6728700399398804,0.8921864032745361,855416
1984-03-19,1.635694980621338,1.6480859518051147,1.6171070337295532,1.6480859518051147,0.8789688944816589,427708
1984-03-20,1.6480859518051147,1.6480859518051147,1.598520040512085,1.598520040512085,0.8525339365005493,1131813
1984-03-21,1.5923240184783936,1.5923240184783936,1.5613449811935425,1.5613449811935425,0.8327075242996216,1220582
1984-03-22,1.5365619659423828,1.5489530563354492,1.5241700410842896,1.5365619659423828,0.8194898962974548,1016816
1984-03-23,1.5489530563354492,1.5489530563354492,1.5365619659423828,1.5365619659423828,0.8194898962974548,1151988
1984-03-26,1.5489530563354492,1.555148959159851,1.5427570343017578,1.5489530563354492,0.8260989785194397,1081375
1984-03-27,1.5427570343017578,1.555148959159851,1.5427570343017578,1.5427570343017578,0.8227946758270264,1014798
1984-03-28,1.5613449811935425,1.6233030557632446,1.555148959159851,1.6233030557632446,0.8657517433166504,613317
1984-03-29,1.6480859518051147,1.6480859518051147,1.6109110116958618,1.6294989585876465,0.8690556883811951,385341
1984-03-30,1.6233030557632446,1.6480859518051147,1.6233030557632446,1.6480859518051147,0.8789688944816589,268326
1984-04-02,1.6418910026550293,1.6480859518051147,1.6047159433364868,1.6047159433364868,0.8558384776115417,928046
1984-04-03,1.598520040512085,1.598520040512085,1.5861279964447021,1.598520040512085,0.8525339365005493,1182250
1984-04-04,1.5923240184783936,1.6047159433364868,1.5923240184783936,1.598520040512085,0.8525339365005493,367183
1984-04-05,1.5861279964447021,1.5923240184783936,1.5737370252609253,1.5737370252609253,0.8393170237541199,395428
1984-04-06,1.5737370252609253,1.598520040512085,1.5489530563354492,1.5737370252609253,0.8393170237541199,764629
1984-04-09,1.5861279964447021,1.5861279964447021,1.5303659439086914,1.5365619659423828,0.8194898962974548,1262950
1984-04-10,1.5241700410842896,1.5241700410842896,1.4622119665145874,1.4684079885482788,0.7831416726112366,3227986
1984-04-11,1.4622119665145874,1.5117779970169067,1.4622119665145874,1.5117779970169067,0.8062724471092224,942168
1984-04-12,1.4931910037994385,1.5365619659423828,1.486994981765747,1.5179740190505981,0.8095763921737671,2659054
1984-04-13,1.5365619659423828,1.5613449811935425,1.5365619659423828,1.5613449811935425,0.8327075242996216,2765981
1984-04-16,1.5489530563354492,1.5489530563354492,1.5303659439086914,1.5365619659423828,0.8194898962974548,738402
1984-04-17,1.5489530563354492,1.555148959159851,1.5241700410842896,1.555148959159851,0.8294030427932739,3145269
1984-04-18,1.5489530563354492,1.5675410032272339,1.5365619659423828,1.5365619659423828,0.8194898962974548,566915
1984-04-19,1.5303659439086914,1.5489530563354492,1.5241700410842896,1.5365619659423828,0.8194898962974548,266309
1984-04-23,1.5365619659423828,1.5427570343017578,1.4931910037994385,1.4931910037994385,0.7963590621948242,1680570
1984-04-24,1.4931910037994385,1.5365619659423828,1.486994981765747,1.5365619659423828,0.8194898962974548,2201083
1984-04-25,1.5489530563354492,1.5861279964447021,1.5427570343017578,1.5799319744110107,0.8426204323768616,1593818
1984-04-26,1.5861279964447021,1.635694980621338,1.5799319744110107,1.635694980621338,0.8723602890968323,3972441
1984-04-27,1.635694980621338,1.6480859518051147,1.635694980621338,1.635694980621338,0.8723602890968323,389376
1984-04-30,1.6480859518051147,1.6604779958724976,1.6418910026550293,1.6542819738388062,0.8822733759880066,524548
1984-05-01,1.666674017906189,1.7162400484085083,1.666674017906189,1.703848958015442,0.9087079167366028,1176197
1984-05-02,1.703848958015442,1.703848958015442,1.666674017906189,1.69765305519104,0.9054045081138611,1075323
1984-05-03,1.6914570331573486,1.6914570331573486,1.6790649890899658,1.6852610111236572,0.8987954258918762,244116
1984-05-04,1.6852610111236572,1.6852610111236572,1.6542819738388062,1.6728700399398804,0.8921864032745361,1432419
1984-05-07,1.6604779958724976,1.6604779958724976,1.635694980621338,1.6418910026550293,0.8756649494171143,292536
1984-05-08,1.6480859518051147,1.666674017906189,1.6418910026550293,1.666674017906189,0.888882577419281,391393
1984-05-09,1.6604779958724976,1.666674017906189,1.6418910026550293,1.6480859518051147,0.8789688944816589,758577
1984-05-10,1.6480859518051147,1.6480859518051147,1.635694980621338,1.635694980621338,0.8723602890968323,728314
1984-05-11,1.635694980621338,1.6418910026550293,1.635694980621338,1.635694980621338,0.8723602890968323,883661
1984-05-14,1.635694980621338,1.6418910026550293,1.635694980621338,1.635694980621338,0.8723602890968323,318764
1984-05-15,1.6480859518051147,1.6914570331573486,1.6418910026550293,1.6418910026550293,0.8756649494171143,667790
1984-05-16,1.6418910026550293,1.6728700399398804,1.6418910026550293,1.6542819738388062,0.8822733759880066,786822
1984-05-17,1.6542819738388062,1.6542819738388062,1.635694980621338,1.635694980621338,0.8723602890968323,2310028
1984-05-18,1.6480859518051147,1.6852610111236572,1.6418910026550293,1.6852610111236572,0.8987954258918762,831206
1984-05-21,1.6728700399398804,1.6728700399398804,1.6542819738388062,1.666674017906189,0.888882577419281,562880
1984-05-22,1.6542819738388062,1.6604779958724976,1.6294989585876465,1.6294989585876465,0.8690556883811951,1279090
1984-05-23,1.6294989585876465,1.635694980621338,1.6047159433364868,1.6109110116958618,0.8591424226760864,1375929
1984-05-24,1.6109110116958618,1.6109110116958618,1.5861279964447021,1.5861279964447021,0.8459255695343018,1563556
1984-05-25,1.5923240184783936,1.6233030557632446,1.5923240184783936,1.6109110116958618,0.8591424226760864,1018833
1984-05-29,1.6233030557632446,1.6294989585876465,1.6109110116958618,1.6109110116958618,0.8591424226760864,254204
1984-05-30,1.6233030557632446,1.635694980621338,1.6047159433364868,1.6294989585876465,0.8690556883811951,1668465
1984-05-31,1.6233030557632446,1.635694980621338,1.6171070337295532,1.6171070337295532,0.8624473214149475,689982
1984-06-01,1.6109110116958618,1.6171070337295532,1.5923240184783936,1.6171070337295532,0.8624473214149475,730332
1984-06-04,1.6233030557632446,1.666674017906189,1.6233030557632446,1.6418910026550293,0.8756649494171143,1823812
1984-06-05,1.635694980621338,1.6542819738388062,1.6294989585876465,1.635694980621338,0.8723602890968323,574985
1984-06-06,1.635694980621338,1.710044026374817,1.635694980621338,1.6852610111236572,0.8987954258918762,706122
1984-06-07,1.703848958015442,1.7472189664840698,1.6852610111236572,1.7286319732666016,0.9219259023666382,1303299
1984-06-08,1.7162400484085083,1.7162400484085083,1.6728700399398804,1.6790649890899658,0.8954913020133972,429726
1984-06-11,1.6542819738388062,1.6542819738388062,1.635694980621338,1.635694980621338,0.8723602890968323,250169
1984-06-12,1.6294989585876465,1.6418910026550293,1.6233030557632446,1.635694980621338,0.8764757513999939,357096
1984-06-13,1.6418910026550293,1.6604779958724976,1.6418910026550293,1.6480859518051147,0.8831153512001038,189644
1984-06-14,1.6480859518051147,1.6728700399398804,1.6418910026550293,1.6728700399398804,0.8963952660560608,141224
1984-06-15,1.6604779958724976,1.6790649890899658,1.6480859518051147,1.6480859518051147,0.8831153512001038,671825
1984-06-18,1.6542819738388062,1.6728700399398804,1.6294989585876465,1.6604779958724976,0.8897558450698853,2394762
1984-06-19,1.6480859518051147,1.710044026374817,1.6480859518051147,1.6790649890899658,0.8997155427932739,1390052
1984-06-20,1.6728700399398804,1.734827995300293,1.666674017906189,1.710044026374817,0.9163152575492859,915941
1984-06-21,1.7224359512329102,1.7843940258026123,1.710044026374817,1.7534149885177612,0.9395548701286316,4597863
1984-06-22,1.7410240173339844,1.765807032585144,1.7286319732666016,1.765807032585144,0.9461949467658997,1501014
1984-06-25,1.7720030546188354,1.7720030546188354,1.7224359512329102,1.7472189664840698,0.9362348914146423,631475
1984-06-26,1.734827995300293,1.7472189664840698,1.7224359512329102,1.734827995300293,0.9295956492424011,617352
1984-06-27,1.734827995300293,1.7472189664840698,1.7224359512329102,1.734827995300293,0.9295956492424011,811032
1984-06-28,1.7224359512329102,1.7843940258026123,1.7224359512329102,1.7534149885177612,0.9395548701286316,724279
1984-06-29,1.7472189664840698,1.778198003768921,1.7410240173339844,1.7596110105514526,0.9428748488426208,530600
1984-07-02,1.7534149885177612,1.7596110105514526,1.734827995300293,1.7472189664840698,0.9362348914146423,3284476
1984-07-03,1.7534149885177612,1.765807032585144,1.7472189664840698,1.7534149885177612,0.9395548701286316,1168128
1984-07-05,1.7410240173339844,1.7472189664840698,1.7286319732666016,1.734827995300293,0.9295956492424011,718227
1984-07-06,1.7224359512329102,1.7224359512329102,1.710044026374817,1.710044026374817,0.9163152575492859,667790
1984-07-09,1.703848958015442,1.710044026374817,1.69765305519104,1.710044026374817,0.9163152575492859,633492
1984-07-10,1.7162400484085083,1.7596110105514526,1.7162400484085083,1.734827995300293,0.9295956492424011,1472769
1984-07-11,1.734827995300293,1.7410240173339844,1.734827995300293,1.734827995300293,0.9295956492424011,437796
1984-07-12,1.734827995300293,1.7596110105514526,1.7224359512329102,1.734827995300293,0.9295956492424011,3397456
1984-07-13,1.734827995300293,1.7472189664840698,1.734827995300293,1.7472189664840698,0.9362348914146423,320781
1984-07-16,1.7472189664840698,1.765807032585144,1.7410240173339844,1.765807032585144,0.9461949467658997,746472
1984-07-17,1.765807032585144,1.765807032585144,1.7534149885177612,1.765807032585144,0.9461949467658997,316746
1984-07-18,1.765807032585144,1.765807032585144,1.7410240173339844,1.7596110105514526,0.9428748488426208,246134
1984-07-19,1.7472189664840698,1.7534149885177612,1.734827995300293,1.734827995300293,0.9295956492424011,1862145
1984-07-20,1.734827995300293,1.7410240173339844,1.734827995300293,1.7410240173339844,0.9329153895378113,431743
1984-07-23,1.734827995300293,1.7596110105514526,1.7162400484085083,1.7596110105514526,0.9428748488426208,2025561
1984-07-24,1.7596110105514526,1.7843940258026123,1.7596110105514526,1.7596110105514526,0.9428748488426208,784804
1984-07-25,1.7720030546188354,1.7720030546188354,1.734827995300293,1.7596110105514526,0.9428748488426208,572968
1984-07-26,1.7596110105514526,1.7596110105514526,1.7224359512329102,1.7224359512329102,0.9229558110237122,895766
1984-07-27,1.7224359512329102,1.7224359512329102,1.703848958015442,1.703848958015442,0.9129955768585205,149294
1984-07-30,1.7162400484085083,1.7224359512329102,1.710044026374817,1.7162400484085083,0.9196352362632751,195697
1984-07-31,1.7224359512329102,1.734827995300293,1.710044026374817,1.7224359512329102,0.9229558110237122,756559
1984-08-01,1.710044026374817,1.7596110105514526,1.710044026374817,1.7472189664840698,0.9362348914146423,2798261
1984-08-02,1.7596110105514526,1.8277649879455566,1.7596110105514526,1.8277649879455566,0.9793953895568848,9714221
1984-08-03,1.8401570320129395,1.8959189653396606,1.8401570320129395,1.8897229433059692,1.0125948190689087,4729000
1984-08-06,1.902114987373352,1.9330940246582031,1.8587440252304077,1.8649400472640991,0.9993153214454651,5100218
1984-08-07,1.8525480031967163,1.8835270404815674,1.846351981163025,1.871135950088501,1.0026354789733887,1771357
1984-08-08,1.877331018447876,1.8897229433059692,1.8525480031967163,1.8525480031967163,0.9926748275756836,1878285
1984-08-09,1.846351981163025,1.8835270404815674,1.833961009979248,1.8835270404815674,1.0092748403549194,1307334
1984-08-10,1.908310055732727,1.9207019805908203,1.8835270404815674,1.8959189653396606,1.015915036201477,3242109
1984-08-13,1.8835270404815674,1.8897229433059692,1.871135950088501,1.8835270404815674,1.0092748403549194,585073
1984-08-14,1.8835270404815674,1.8835270404815674,1.871135950088501,1.8835270404815674,1.0092748403549194,250169
1984-08-15,1.871135950088501,1.8835270404815674,1.833961009979248,1.833961009979248,0.982715368270874,2590459
1984-08-16,1.8401570320129395,1.8587440252304077,1.833961009979248,1.846351981163025,0.989354133605957,1085410
1984-08-17,1.8401570320129395,1.8835270404815674,1.8401570320129395,1.877331018447876,1.0059549808502197,2560197
1984-08-20,1.871135950088501,1.8835270404815674,1.8649400472640991,1.8835270404815674,1.0092748403549194,738402
1984-08-21,1.8835270404815674,1.9268980026245117,1.8835270404815674,1.9207019805908203,1.0291950702667236,1914599
1984-08-22,1.9207019805908203,1.9578770399093628,1.8897229433059692,1.8897229433059692,1.0125948190689087,2045736
1984-08-23,1.902114987373352,1.914505958557129,1.8587440252304077,1.8897229433059692,1.0125948190689087,2114331
1984-08-24,1.902114987373352,1.9207019805908203,1.902114987373352,1.908310055732727,1.0225549936294556,201749
1984-08-27,1.8959189653396606,1.8959189653396606,1.8587440252304077,1.871135950088501,1.0026354789733887,996641
1984-08-28,1.871135950088501,1.871135950088501,1.8587440252304077,1.871135950088501,1.0026354789733887,165434
1984-08-29,1.877331018447876,1.908310055732727,1.877331018447876,1.8835270404815674,1.0092748403549194,3974458
1984-08-30,1.8835270404815674,1.8959189653396606,1.871135950088501,1.871135950088501,1.0026354789733887,1926704
1984-08-31,1.871135950088501,1.914505958557129,1.871135950088501,1.914505958557129,1.025875210762024,593142
1984-09-04,1.9207019805908203,1.9207019805908203,1.8835270404815674,1.8897229433059692,1.0125948190689087,1698728
1984-09-05,1.8897229433059692,1.8897229433059692,1.877331018447876,1.877331018447876,1.0059549808502197,294554
1984-09-06,1.8587440252304077,1.8959189653396606,1.8587440252304077,1.8835270404815674,1.0092748403549194,579020
1984-09-07,1.8835270404815674,1.902114987373352,1.8835270404815674,1.8959189653396606,1.015915036201477,532618
1984-09-10,1.8835270404815674,1.8835270404815674,1.877331018447876,1.8835270404815674,1.0092748403549194,121049
1984-09-11,1.8959189653396606,1.9207019805908203,1.8835270404815674,1.9207019805908203,1.033408284187317,1656360
1984-09-12,1.8959189653396606,1.914505958557129,1.8959189653396606,1.902114987373352,1.0234078168869019,377271
1984-09-13,1.8959189653396606,1.9516810178756714,1.8959189653396606,1.94548499584198,1.0467427968978882,546740
1984-09-14,1.9578770399093628,1.9950519800186157,1.9516810178756714,1.9640729427337646,1.0567437410354614,1773375
1984-09-17,1.94548499584198,1.970268964767456,1.9330940246582031,1.9578770399093628,1.0534100532531738,3268336
1984-09-18,1.9578770399093628,1.970268964767456,1.9578770399093628,1.9640729427337646,1.0567437410354614,1854075
1984-09-19,1.9578770399093628,1.9640729427337646,1.94548499584198,1.9578770399093628,1.0534100532531738,855416
1984-09-20,1.9516810178756714,1.9640729427337646,1.94548499584198,1.9578770399093628,1.0534100532531738,1515136
1984-09-21,1.94548499584198,1.9578770399093628,1.9392900466918945,1.9516810178756714,1.0500764846801758,3211846
1984-09-24,1.9392900466918945,1.9392900466918945,1.8959189653396606,1.908310055732727,1.0267413854599,841294
1984-09-25,1.908310055732727,1.908310055732727,1.871135950088501,1.8897229433059692,1.0167405605316162,1089445
1984-09-26,1.877331018447876,1.9207019805908203,1.877331018447876,1.902114987373352,1.0234078168869019,1321457
1984-09-27,1.914505958557129,1.9207019805908203,1.8835270404815674,1.9207019805908203,1.033408284187317,280431
1984-09-28,1.9330940246582031,1.9392900466918945,1.9207019805908203,1.9330940246582031,1.040075421333313,2396780
1984-10-01,1.9330940246582031,1.9392900466918945,1.908310055732727,1.908310055732727,1.0267413854599,2142576
1984-10-02,1.8959189653396606,1.8959189653396606,1.833961009979248,1.833961009979248,0.9867385029792786,1006728
1984-10-03,1.809177041053772,1.8215689659118652,1.7720030546188354,1.7843940258026123,0.9600699543952942,1026903
1984-10-04,1.7843940258026123,1.7967859506607056,1.7596110105514526,1.7596110105514526,0.9467354416847229,714192
1984-10-05,1.765807032585144,1.765807032585144,1.710044026374817,1.734827995300293,0.9334014058113098,839276
1984-10-08,1.7162400484085083,1.7286319732666016,1.7162400484085083,1.7286319732666016,0.9300678372383118,1353737
1984-10-09,1.7286319732666016,1.7596110105514526,1.7224359512329102,1.7224359512329102,0.9267339110374451,4337607
1984-10-10,1.7224359512329102,1.7720030546188354,1.7224359512329102,1.7720030546188354,0.9534035325050354,8412939
1984-10-11,1.765807032585144,1.7967859506607056,1.734827995300293,1.7472189664840698,0.9400686621665955,2564232
1984-10-12,1.765807032585144,1.7843940258026123,1.7596110105514526,1.7720030546188354,0.9534035325050354,689982
1984-10-15,1.778198003768921,1.833961009979248,1.7720030546188354,1.8277649879455566,0.9834052920341492,2499672
1984-10-16,1.8215689659118652,1.8525480031967163,1.8153729438781738,1.8153729438781738,0.9767372608184814,782787
1984-10-17,1.8277649879455566,1.833961009979248,1.8153729438781738,1.8215689659118652,0.9800711870193481,310694
1984-10-18,1.8215689659118652,1.8649400472640991,1.8215689659118652,1.8649400472640991,1.0034070014953613,942168
1984-10-19,1.9268980026245117,1.9392900466918945,1.9207019805908203,1.9207019805908203,1.033408284187317,2701421
1984-10-22,1.9207019805908203,1.9392900466918945,1.8959189653396606,1.9207019805908203,1.033408284187317,821119
1984-10-23,1.9207019805908203,1.9268980026245117,1.908310055732727,1.908310055732727,1.0267413854599,1202425
1984-10-24,1.908310055732727,1.9268980026245117,1.908310055732727,1.908310055732727,1.0267413854599,1036991
1984-10-25,1.908310055732727,1.908310055732727,1.8587440252304077,1.871135950088501,1.0067402124404907,2616686
1984-10-26,1.871135950088501,1.871135950088501,1.833961009979248,1.8401570320129395,0.9900726079940796,328851
1984-10-29,1.8401570320129395,1.8401570320129395,1.8215689659118652,1.8277649879455566,0.9834052920341492,312711
1984-10-30,1.8401570320129395,1.8525480031967163,1.8153729438781738,1.8215689659118652,0.9800711870193481,635510
1984-10-31,1.8215689659118652,1.8587440252304077,1.8215689659118652,1.8525480031967163,0.9967395663261414,974448
1984-11-01,1.8587440252304077,1.902114987373352,1.8587440252304077,1.8897229433059692,1.0167405605316162,371218
1984-11-02,1.8897229433059692,1.902114987373352,1.8835270404815674,1.8959189653396606,1.0200743675231934,704105
1984-11-05,1.8835270404815674,1.8835270404815674,1.8649400472640991,1.871135950088501,1.0067402124404907,738402
1984-11-06,1.8649400472640991,1.8649400472640991,1.8401570320129395,1.8649400472640991,1.0034070014953613,706122
1984-11-07,1.8587440252304077,1.877331018447876,1.8587440252304077,1.871135950088501,1.0067402124404907,871556
1984-11-08,1.871135950088501,1.871135950088501,1.8587440252304077,1.8587440252304077,1.000072956085205,641562
1984-11-09,1.8587440252304077,1.8587440252304077,1.8401570320129395,1.8401570320129395,0.9900726079940796,1464699
1984-11-12,1.8401570320129395,1.846351981163025,1.833961009979248,1.833961009979248,0.9867385029792786,127102
1984-11-13,1.846351981163025,1.8587440252304077,1.833961009979248,1.833961009979248,0.9867385029792786,236046
1984-11-14,1.8401570320129395,1.846351981163025,1.833961009979248,1.833961009979248,0.9867385029792786,843311
1984-11-15,1.846351981163025,1.846351981163025,1.809177041053772,1.809177041053772,0.9734033942222595,225959
1984-11-16,1.8153729438781738,1.8215689659118652,1.802981972694397,1.809177041053772,0.9734033942222595,310694
1984-11-19,1.8215689659118652,1.833961009979248,1.809177041053772,1.8153729438781738,0.9767372608184814,381306
1984-11-20,1.8277649879455566,1.8277649879455566,1.809177041053772,1.8153729438781738,0.9767372608184814,883661
1984-11-21,1.802981972694397,1.8153729438781738,1.7967859506607056,1.809177041053772,0.9734033942222595,1747148
1984-11-23,1.8153729438781738,1.8215689659118652,1.802981972694397,1.809177041053772,0.9734033942222595,236046
1984-11-26,1.8215689659118652,1.8277649879455566,1.809177041053772,1.809177041053772,0.9734033942222595,607265
1984-11-27,1.809177041053772,1.8153729438781738,1.7967859506607056,1.802981972694397,0.9700707197189331,502355
1984-11-28,1.802981972694397,1.802981972694397,1.7905900478363037,1.7905900478363037,0.9634034037590027,242099
1984-11-29,1.7843940258026123,1.7843940258026123,1.7472189664840698,1.7534149885177612,0.9434017539024353,401481
1984-11-30,1.7534149885177612,1.765807032585144,1.7472189664840698,1.7596110105514526,0.9467354416847229,1307334
1984-12-03,1.7472189664840698,1.7472189664840698,1.7410240173339844,1.7472189664840698,0.9400686621665955,413586
1984-12-04,1.7472189664840698,1.7596110105514526,1.7472189664840698,1.7472189664840698,0.9400686621665955,1377947
1984-12-05,1.7472189664840698,1.7596110105514526,1.7472189664840698,1.7472189664840698,0.9400686621665955,1115673
1984-12-06,1.7472189664840698,1.7720030546188354,1.7472189664840698,1.765807032585144,0.9500690698623657,2255555
1984-12-07,1.765807032585144,1.7843940258026123,1.7472189664840698,1.7472189664840698,0.9400686621665955,754542
1984-12-10,1.7472189664840698,1.7720030546188354,1.7472189664840698,1.7720030546188354,0.9534035325050354,639545
1984-12-11,1.7720030546188354,1.7843940258026123,1.7472189664840698,1.7534149885177612,0.9475085139274597,435778
1984-12-12,1.765807032585144,1.765807032585144,1.7534149885177612,1.7596110105514526,0.9508565068244934,815067
1984-12-13,1.7472189664840698,1.778198003768921,1.7472189664840698,1.765807032585144,0.954204797744751,897784
1984-12-14,1.7596110105514526,1.7843940258026123,1.7596110105514526,1.7843940258026123,0.9642487168312073,1028921
1984-12-17,1.7720030546188354,1.7905900478363037,1.7534149885177612,1.778198003768921,0.960900604724884,5073991
1984-12-18,1.7967859506607056,1.8587440252304077,1.7967859506607056,1.8587440252304077,1.0044255256652832,4220592
1984-12-19,1.871135950088501,1.908310055732727,1.8649400472640991,1.8835270404815674,1.0178182125091553,1799602
1984-12-20,1.8835270404815674,1.908310055732727,1.8835270404815674,1.8959189653396606,1.0245143175125122,462006
1984-12-21,1.8959189653396606,1.8959189653396606,1.877331018447876,1.8897229433059692,1.021166443824768,1448559
1984-12-24,1.902114987373352,1.9268980026245117,1.8959189653396606,1.908310055732727,1.0312105417251587,342974
1984-12-26,1.902114987373352,1.902114987373352,1.8835270404815674,1.8959189653396606,1.0245143175125122,403498
1984-12-27,1.8959189653396606,1.9207019805908203,1.8959189653396606,1.914505958557129,1.0345585346221924,439813
1984-12-28,1.9268980026245117,1.9268980026245117,1.914505958557129,1.914505958557129,1.0345585346221924,562880
1984-12-31,1.914505958557129,1.9330940246582031,1.908310055732727,1.9330940246582031,1.044602870941162,574985
1985-01-02,1.9207019805908203,1.9268980026245117,1.908310055732727,1.9207019805908203,1.0379071235656738,736384
1985-01-03,1.908310055732727,1.9268980026245117,1.908310055732727,1.9268980026245117,1.0412546396255493,1172163
1985-01-04,1.914505958557129,1.9268980026245117,1.914505958557129,1.9207019805908203,1.0379071235656738,744454
1985-01-07,1.9268980026245117,1.9330940246582031,1.9207019805908203,1.9207019805908203,1.0379071235656738,966378
1985-01-08,1.9268980026245117,1.9330940246582031,1.9207019805908203,1.9330940246582031,1.044602870941162,1587766
1985-01-09,1.9268980026245117,1.9640729427337646,1.9207019805908203,1.9516810178756714,1.0546469688415527,1797585
1985-01-10,1.9640729427337646,2.0074429512023926,1.9516810178756714,2.0074429512023926,1.0847797393798828,3236056
1985-01-11,2.026031017303467,2.0446178913116455,2.013638973236084,2.0384230613708496,1.1015201807022095,2275730
1985-01-14,2.026031017303467,2.0384230613708496,2.0198349952697754,2.032227039337158,1.098172903060913,3056500
1985-01-15,2.0198349952697754,2.0570099353790283,2.0198349952697754,2.032227039337158,1.098172903060913,2197048
1985-01-16,2.0198349952697754,2.0570099353790283,2.013638973236084,2.013638973236084,1.0881282091140747,1868197
1985-01-17,2.026031017303467,2.0446178913116455,1.9950519800186157,1.9950519800186157,1.078083872795105,1722938
1985-01-18,2.0012478828430176,2.0012478828430176,1.976464033126831,1.9950519800186157,1.078083872795105,1299264
1985-01-21,1.9826600551605225,2.1003808975219727,1.9826600551605225,2.0941851139068604,1.1316534280776978,3496313
1985-01-22,2.0941851139068604,2.149946928024292,2.0817930698394775,2.0817930698394775,1.1249573230743408,4396114
1985-01-23,2.069401979446411,2.1313600540161133,2.032227039337158,2.1313600540161133,1.1517412662506104,4230680
1985-01-24,2.1437509059906006,2.149946928024292,2.1003808975219727,2.1065759658813477,1.138349175453186,990588
1985-01-25,2.0941851139068604,2.1189680099487305,2.0941851139068604,2.1003808975219727,1.1350017786026,1186285
1985-01-28,2.112771987915039,2.1313600540161133,2.1065759658813477,2.1313600540161133,1.1517412662506104,1162075
1985-01-29,2.1313600540161133,2.174730062484741,2.1189680099487305,2.174730062484741,1.175178050994873,1180232
1985-01-30,2.205709934234619,2.26147198677063,2.1933178901672363,2.211905002593994,1.195266604423523,7474806
1985-01-31,2.211905002593994,2.2304930686950684,2.187122106552124,2.187122106552124,1.1818749904632568,3104919
1985-02-01,2.1809260845184326,2.1933178901672363,2.1561429500579834,2.187122106552124,1.1818749904632568,1319439
1985-02-04,2.174730062484741,2.2181010246276855,2.162338972091675,2.2181010246276855,1.1986149549484253,2150646
1985-02-05,2.2181010246276855,2.2552759647369385,2.2181010246276855,2.249079942703247,1.215355396270752,3334913
1985-02-06,2.2304930686950684,2.26147198677063,2.2304930686950684,2.2366890907287598,1.208659291267395,2112314
1985-02-07,2.2552759647369385,2.2552759647369385,2.2181010246276855,2.2304930686950684,1.2053117752075195,4862154
1985-02-08,2.2304930686950684,2.2552759647369385,2.2181010246276855,2.2552759647369385,1.218703269958496,1708815
1985-02-11,2.2552759647369385,2.2552759647369385,2.211905002593994,2.211905002593994,1.195266604423523,659720
1985-02-12,2.2181010246276855,2.2304930686950684,2.205709934234619,2.2181010246276855,1.1986149549484253,889714
1985-02-13,2.211905002593994,2.2738630771636963,2.1995139122009277,2.2676680088043213,1.2253999710083008,1472769
1985-02-14,2.2800590991973877,2.2862548828125,2.2304930686950684,2.2304930686950684,1.2053117752075195,3002027
1985-02-15,2.2552759647369385,2.2552759647369385,2.2181010246276855,2.2366890907287598,1.208659291267395,3788849
1985-02-19,2.249079942703247,2.2800590991973877,2.2304930686950684,2.2676680088043213,1.2253999710083008,724279
1985-02-20,2.2552759647369385,2.2924509048461914,2.2552759647369385,2.2800590991973877,1.2320966720581055,3223951
1985-02-21,2.2676680088043213,2.2676680088043213,2.211905002593994,2.2181010246276855,1.1986149549484253,2414937
1985-02-22,2.205709934234619,2.2304930686950684,2.1933178901672363,2.2181010246276855,1.1986149549484253,1113655
1985-02-25,2.205709934234619,2.205709934234619,2.1437509059906006,2.1809260845184326,1.1785264015197754,994623
1985-02-26,2.168534994125366,2.2428839206695557,2.168534994125366,2.2304930686950684,1.2053117752075195,3647624
1985-02-27,2.249079942703247,2.249079942703247,2.2304930686950684,2.2366890907287598,1.208659291267395,464023
1985-02-28,2.2366890907287598,2.249079942703247,2.2304930686950684,2.2304930686950684,1.2053117752075195,490250
1985-03-01,2.249079942703247,2.2676680088043213,2.2304930686950684,2.2428839206695557,1.2120065689086914,982518
1985-03-04,2.249079942703247,2.2552759647369385,2.2304930686950684,2.2366890907287598,1.208659291267395,1275055
1985-03-05,2.2428839206695557,2.249079942703247,2.2304930686950684,2.2366890907287598,1.208659291267395,453936
1985-03-06,2.249079942703247,2.2552759647369385,2.1809260845184326,2.1809260845184326,1.1785264015197754,1585748
1985-03-07,2.1561429500579834,2.1561429500579834,2.1065759658813477,2.125164031982422,1.1483938694000244,1942844
1985-03-08,2.125164031982422,2.125164031982422,2.1065759658813477,2.125164031982422,1.1483938694000244,833224
1985-03-11,2.1313600540161133,2.1313600540161133,2.112771987915039,2.1313600540161133,1.1517412662506104,694017
1985-03-12,2.1189680099487305,2.1313600540161133,2.112771987915039,2.125164031982422,1.1525466442108154,1589783
1985-03-13,2.125164031982422,2.1313600540161133,2.1003808975219727,2.1003808975219727,1.1391061544418335,1654343
1985-03-14,2.1065759658813477,2.1313600540161133,2.0817930698394775,2.0817930698394775,1.1290249824523926,1950914
1985-03-15,2.1065759658813477,2.1313600540161133,2.0941851139068604,2.1065759658813477,1.1424660682678223,1912582
1985-03-18,2.1065759658813477,2.1313600540161133,2.1003808975219727,2.1003808975219727,1.1391061544418335,1283125
1985-03-19,2.0941851139068604,2.125164031982422,2.087989091873169,2.112771987915039,1.145825743675232,2136523
1985-03-20,2.112771987915039,2.112771987915039,2.069401979446411,2.069401979446411,1.1223052740097046,1904512
1985-03-21,2.0817930698394775,2.125164031982422,2.075597047805786,2.125164031982422,1.1525466442108154,2025561
1985-03-22,2.1313600540161133,2.1313600540161133,2.1003808975219727,2.112771987915039,1.145825743675232,570950
1985-03-25,2.112771987915039,2.125164031982422,2.112771987915039,2.112771987915039,1.145825743675232,435778
1985-03-26,2.1189680099487305,2.1313600540161133,2.1065759658813477,2.1189680099487305,1.1491864919662476,2075999
1985-03-27,2.125164031982422,2.162338972091675,2.1189680099487305,2.149946928024292,1.1659868955612183,1333562
1985-03-28,2.149946928024292,2.162338972091675,2.112771987915039,2.1189680099487305,1.1491864919662476,881644
1985-03-29,2.1313600540161133,2.149946928024292,2.112771987915039,2.149946928024292,1.1659868955612183,1456629
1985-04-01,2.149946928024292,2.1995139122009277,2.149946928024292,2.187122106552124,1.1861480474472046,1188302
1985-04-02,2.1995139122009277,2.211905002593994,2.1933178901672363,2.1933178901672363,1.1895097494125366,617352
1985-04-03,2.205709934234619,2.211905002593994,2.1933178901672363,2.211905002593994,1.1995892524719238,738402
1985-04-04,2.224297046661377,2.224297046661377,2.1995139122009277,2.1995139122009277,1.1928690671920776,867521
1985-04-08,2.211905002593994,2.224297046661377,2.1933178901672363,2.1933178901672363,1.1895097494125366,752524
1985-04-09,2.205709934234619,2.205709934234619,2.1561429500579834,2.168534994125366,1.1760684251785278,2919310
1985-04-10,2.168534994125366,2.1809260845184326,2.162338972091675,2.174730062484741,1.179427981376648,1325492
1985-04-11,2.1933178901672363,2.1933178901672363,2.149946928024292,2.149946928024292,1.1659868955612183,683930
1985-04-12,2.1561429500579834,2.1933178901672363,2.149946928024292,2.1809260845184326,1.1827880144119263,488233
1985-04-15,2.187122106552124,2.187122106552124,2.168534994125366,2.174730062484741,1.179427981376648,344991
1985-04-16,2.168534994125366,2.1809260845184326,2.162338972091675,2.168534994125366,1.1760684251785278,1535311
1985-04-17,2.174730062484741,2.1809260845184326,2.162338972091675,2.1809260845184326,1.1827880144119263,1053131
1985-04-18,2.1809260845184326,2.187122106552124,2.1313600540161133,2.1313600540161133,1.155907154083252,381306
1985-04-19,2.1437509059906006,2.149946928024292,2.0941851139068604,2.1065759658813477,1.1424660682678223,1135848
1985-04-22,2.1189680099487305,2.125164031982422,2.112771987915039,2.125164031982422,1.1525466442108154,389376
1985-04-23,2.125164031982422,2.1313600540161133,2.112771987915039,2.1313600540161133,1.155907154083252,506390
1985-04-24,2.1375560760498047,2.149946928024292,2.1189680099487305,2.1189680099487305,1.1491864919662476,871556
1985-04-25,2.1313600540161133,2.1313600540161133,2.112771987915039,2.1189680099487305,1.1491864919662476,813049
1985-04-26,2.1189680099487305,2.1189680099487305,2.087989091873169,2.112771987915039,1.145825743675232,581038
1985-04-29,2.112771987915039,2.112771987915039,2.0570099353790283,2.0632059574127197,1.1189452409744263,766647
1985-04-30,2.0632059574127197,2.0817930698394775,2.0570099353790283,2.075597047805786,1.125664472579956,1549433
1985-05-01,2.0817930698394775,2.112771987915039,2.075597047805786,2.0817930698394775,1.1290249824523926,1059183
1985-05-02,2.0941851139068604,2.1313600540161133,2.087989091873169,2.1189680099487305,1.1491864919662476,298589
1985-05-03,2.1437509059906006,2.1933178901672363,2.1375560760498047,2.1437509059906006,1.1626273393630981,1971089
1985-05-06,2.1375560760498047,2.149946928024292,2.1375560760498047,2.149946928024292,1.1659868955612183,246134
1985-05-07,2.1437509059906006,2.168534994125366,2.1437509059906006,2.162338972091675,1.1727076768875122,724279
1985-05-08,2.162338972091675,2.162338972091675,2.1375560760498047,2.1375560760498047,1.1592673063278198,768664
1985-05-09,2.162338972091675,2.162338972091675,2.1313600540161133,2.1313600540161133,1.155907154083252,968396
1985-05-10,2.168534994125366,2.2428839206695557,2.162338972091675,2.224297046661377,1.2063101530075073,2653001
1985-05-13,2.2304930686950684,2.2304930686950684,2.224297046661377,2.2304930686950684,1.2096704244613647,2471427
1985-05-14,2.2304930686950684,2.2428839206695557,2.2181010246276855,2.2304930686950684,1.2096704244613647,4864172
1985-05-15,2.2304930686950684,2.2428839206695557,2.2304930686950684,2.2366890907287598,1.213030457496643,3911916
1985-05-16,2.2428839206695557,2.2428839206695557,2.2304930686950684,2.2304930686950684,1.2096704244613647,7474806
1985-05-17,2.2304930686950684,2.2676680088043213,2.2304930686950684,2.2552759647369385,1.223110556602478,1359789
1985-05-20,2.2738630771636963,2.2800590991973877,2.2676680088043213,2.2800590991973877,1.2365516424179077,2027579
1985-05-21,2.2800590991973877,2.298646926879883,2.2738630771636963,2.2924509048461914,1.2432719469070435,2386692
1985-05-22,2.298646926879883,2.304842948913574,2.2738630771636963,2.304842948913574,1.2499929666519165,2164768
1985-05-23,2.304842948913574,2.311038017272949,2.2862548828125,2.2924509048461914,1.2432719469070435,1381982
1985-05-24,2.2924509048461914,2.304842948913574,2.2800590991973877,2.2924509048461914,1.2432719469070435,1103568
1985-05-28,2.2924509048461914,2.2924509048461914,2.2676680088043213,2.2800590991973877,1.2365516424179077,750507
1985-05-29,2.2676680088043213,2.2862548828125,2.2676680088043213,2.2800590991973877,1.2365516424179077,718227
1985-05-30,2.2800590991973877,2.304842948913574,2.2676680088043213,2.304842948913574,1.2499929666519165,1351719
1985-05-31,2.298646926879883,2.3296260833740234,2.2924509048461914,2.311038017272949,1.2533527612686157,3252196
1985-06-03,2.311038017272949,2.3172340393066406,2.2800590991973877,2.2924509048461914,1.2432719469070435,1006728
1985-06-04,2.298646926879883,2.304842948913574,2.2800590991973877,2.304842948913574,1.2499929666519165,1444524
1985-06-05,2.304842948913574,2.335822105407715,2.304842948913574,2.335822105407715,1.2667932510375977,1470751
1985-06-06,2.3296260833740234,2.3544089794158936,2.323430061340332,2.3544089794158936,1.2768738269805908,2408885
1985-06-07,2.3791921138763428,2.385387897491455,2.3668010234832764,2.3668010234832764,1.2835946083068848,3431753
1985-06-10,2.3915839195251465,2.4039759635925293,2.3791921138763428,2.3915839195251465,1.2970348596572876,3875601
1985-06-11,2.4039759635925293,2.4287590980529785,2.3791921138763428,2.4039759635925293,1.3083672523498535,2437130
1985-06-12,2.4101710319519043,2.4163670539855957,2.385387897491455,2.4039759635925293,1.3083672523498535,1260932
1985-06-13,2.3791921138763428,2.3915839195251465,2.3544089794158936,2.3544089794158936,1.2813901901245117,1908547
1985-06-14,2.3420169353485107,2.3915839195251465,2.3420169353485107,2.3915839195251465,1.301622748374939,1178215
1985-06-17,2.4039759635925293,2.4039759635925293,2.3729960918426514,2.385387897491455,1.298250675201416,2082051
1985-06-18,2.3791921138763428,2.4039759635925293,2.3791921138763428,2.3791921138763428,1.2948789596557617,445866
1985-06-19,2.385387897491455,2.4039759635925293,2.3791921138763428,2.4039759635925293,1.3083672523498535,1214530
1985-06-20,2.4039759635925293,2.4039759635925293,2.3791921138763428,2.385387897491455,1.298250675201416,347009
1985-06-21,2.4039759635925293,2.441149950027466,2.397779941558838,2.434954881668091,1.3252277374267578,1553468
1985-06-24,2.434954881668091,2.5093040466308594,2.422563076019287,2.48452091217041,1.3522038459777832,1501014
1985-06-25,2.4907169342041016,2.5464789867401123,2.4907169342041016,2.515500068664551,1.369064211845398,2316080
1985-06-26,2.5650670528411865,2.6270248889923096,2.5650670528411865,2.6270248889923096,1.4297622442245483,3669817
1985-06-27,2.6270248889923096,2.676590919494629,2.6022419929504395,2.6642000675201416,1.4499951601028442,2489584
1985-06-28,2.713766098022461,2.713766098022461,2.633220911026001,2.651808023452759,1.4432495832443237,2160733
1985-07-01,2.651808023452759,2.651808023452759,2.6270248889923096,2.651808023452759,1.4432495832443237,1287160
1985-07-02,2.6456120014190674,2.6456120014190674,2.6022419929504395,2.6022419929504395,1.4162743091583252,492268
1985-07-03,2.6022419929504395,2.614633083343506,2.558871030807495,2.5898499488830566,1.4095298051834106,1095498
1985-07-05,2.596045970916748,2.614633083343506,2.5650670528411865,2.5898499488830566,1.4095298051834106,1513119
1985-07-08,2.577457904815674,2.6022419929504395,2.5526750087738037,2.5650670528411865,1.3960421085357666,1791532
1985-07-09,2.5650670528411865,2.5650670528411865,2.515500068664551,2.5278921127319336,1.3758093118667603,1720920
1985-07-10,2.5278921127319336,2.596045970916748,2.5278921127319336,2.577457904815674,1.4027845859527588,2219241
1985-07-11,2.577457904815674,2.5898499488830566,2.5526750087738037,2.5836539268493652,1.4061578512191772,710157
1985-07-12,2.577457904815674,2.577457904815674,2.5464789867401123,2.5650670528411865,1.3960421085357666,847346
1985-07-15,2.558871030807495,2.6022419929504395,2.558871030807495,2.5836539268493652,1.4061578512191772,4942854
1985-07-16,2.577457904815674,2.5898499488830566,2.5712618827819824,2.577457904815674,1.4027845859527588,2562214
1985-07-17,2.596045970916748,2.6208291053771973,2.596045970916748,2.6084370613098145,1.41964590549469,2921328
1985-07-18,2.596045970916748,2.6270248889923096,2.596045970916748,2.6022419929504395,1.4162743091583252,776734
1985-07-19,2.5898499488830566,2.6208291053771973,2.5898499488830566,2.614633083343506,1.423018217086792,1563556
1985-07-22,2.6022419929504395,2.6084370613098145,2.596045970916748,2.6022419929504395,1.4162743091583252,583055
1985-07-23,2.6022419929504395,2.6208291053771973,2.5898499488830566,2.6022419929504395,1.4162743091583252,1204442
1985-07-24,2.614633083343506,2.614633083343506,2.5526750087738037,2.5526750087738037,1.389297366142273,4226645
1985-07-25,2.5526750087738037,2.5650670528411865,2.515500068664551,2.5464789867401123,1.385925531387329,1242775
1985-07-26,2.558871030807495,2.577457904815674,2.534087896347046,2.577457904815674,1.4027845859527588,3585082
1985-07-29,2.596045970916748,2.596045970916748,2.5526750087738037,2.5526750087738037,1.389297366142273,1464699
1985-07-30,2.558871030807495,2.558871030807495,2.5031089782714844,2.5278921127319336,1.3758093118667603,1327509
1985-07-31,2.5278921127319336,2.5464789867401123,2.515500068664551,2.5464789867401123,1.385925531387329,2798261
1985-08-01,2.558871030807495,2.558871030807495,2.540282964706421,2.5464789867401123,1.385925531387329,476128
1985-08-02,2.5526750087738037,2.5526750087738037,2.540282964706421,2.5464789867401123,1.385925531387329,328851
1985-08-05,2.5464789867401123,2.5464789867401123,2.515500068664551,2.5278921127319336,1.3758093118667603,506390
1985-08-06,2.521696090698242,2.521696090698242,2.4907169342041016,2.4907169342041016,1.3555757999420166,966378
1985-08-07,2.4783248901367188,2.496912956237793,2.4783248901367188,2.4783248901367188,1.348831057548523,1331544
1985-08-08,2.45973801612854,2.4907169342041016,2.45973801612854,2.4907169342041016,1.3555757999420166,794892
1985-08-09,2.4783248901367188,2.4783248901367188,2.4721291065216064,2.4783248901367188,1.348831057548523,811032
1985-08-12,2.4659340381622314,2.4659340381622314,2.441149950027466,2.4473459720611572,1.3319717645645142,798927
1985-08-13,2.4473459720611572,2.4473459720611572,2.4163670539855957,2.4287590980529785,1.3218554258346558,3181584
1985-08-14,2.4101710319519043,2.4287590980529785,2.4101710319519043,2.4163670539855957,1.3151112794876099,740419
1985-08-15,2.4287590980529785,2.441149950027466,2.4163670539855957,2.441149950027466,1.3285984992980957,1184267
1985-08-16,2.4287590980529785,2.441149950027466,2.4163670539855957,2.4163670539855957,1.3151112794876099,1827847
1985-08-19,2.4287590980529785,2.434954881668091,2.4163670539855957,2.4287590980529785,1.3218554258346558,498320
1985-08-20,2.4287590980529785,2.4907169342041016,2.4287590980529785,2.4783248901367188,1.348831057548523,1954949
1985-08-21,2.4907169342041016,2.515500068664551,2.48452091217041,2.515500068664551,1.369064211845398,1771357
1985-08-22,2.521696090698242,2.521696090698242,2.4783248901367188,2.4783248901367188,1.348831057548523,863486
1985-08-23,2.4783248901367188,2.515500068664551,2.4783248901367188,2.5031089782714844,1.3623203039169312,1771357
1985-08-26,2.515500068664551,2.5278921127319336,2.496912956237793,2.5278921127319336,1.3758093118667603,587090
1985-08-27,2.540282964706421,2.5464789867401123,2.5278921127319336,2.5464789867401123,1.385925531387329,702087
1985-08-28,2.5464789867401123,2.5712618827819824,2.540282964706421,2.5712618827819824,1.3994132280349731,1333562
1985-08-29,2.577457904815674,2.6022419929504395,2.577457904815674,2.577457904815674,1.4027845859527588,1115673
1985-08-30,2.577457904815674,2.577457904815674,2.558871030807495,2.5650670528411865,1.3960421085357666,1307334
1985-09-03,2.5712618827819824,2.5898499488830566,2.5650670528411865,2.5836539268493652,1.4061578512191772,1632151
1985-09-04,2.5712618827819824,2.577457904815674,2.5650670528411865,2.5650670528411865,1.3960421085357666,774717
1985-09-05,2.5712618827819824,2.5712618827819824,2.534087896347046,2.534087896347046,1.3791817426681519,1200407
1985-09-06,2.5464789867401123,2.5464789867401123,2.5278921127319336,2.540282964706421,1.3825527429580688,1573643
1985-09-09,2.5526750087738037,2.5650670528411865,2.540282964706421,2.5464789867401123,1.385925531387329,942168
1985-09-10,2.5464789867401123,2.5464789867401123,2.5031089782714844,2.515500068664551,1.369064211845398,583055
1985-09-11,2.4907169342041016,2.4907169342041016,2.4659340381622314,2.4659340381622314,1.3420891761779785,577003
1985-09-12,2.441149950027466,2.4659340381622314,2.441149950027466,2.441149950027466,1.333156943321228,994623
1985-09-13,2.434954881668091,2.45973801612854,2.4287590980529785,2.45973801612854,1.3433090448379517,1896442
1985-09-16,2.45973801612854,2.4783248901367188,2.45973801612854,2.4783248901367188,1.3534585237503052,2350378
1985-09-17,2.4721291065216064,2.4907169342041016,2.4659340381622314,2.48452091217041,1.3568428754806519,790857
1985-09-18,2.48452091217041,2.5464789867401123,2.4659340381622314,2.5464789867401123,1.3906795978546143,2295905
1985-09-19,2.540282964706421,2.5898499488830566,2.5278921127319336,2.5836539268493652,1.410980463027954,1543381
1985-09-20,2.577457904815674,2.614633083343506,2.5526750087738037,2.5526750087738037,1.394062876701355,2039684
1985-09-23,2.577457904815674,2.6022419929504395,2.577457904815674,2.6022419929504395,1.4211326837539673,1260932
1985-09-24,2.5898499488830566,2.596045970916748,2.5526750087738037,2.5650670528411865,1.400830626487732,1024886
1985-09-25,2.5464789867401123,2.5526750087738037,2.521696090698242,2.521696090698242,1.3771449327468872,1222600
1985-09-26,2.5031089782714844,2.5093040466308594,2.4659340381622314,2.4783248901367188,1.3534585237503052,2148628
1985-09-30,2.4907169342041016,2.5031089782714844,2.4473459720611572,2.4535419940948486,1.339924931526184,2558179
1985-10-01,2.4535419940948486,2.4721291065216064,2.434954881668091,2.4721291065216064,1.350075364112854,2348360
1985-10-02,2.4783248901367188,2.4907169342041016,2.4659340381622314,2.4907169342041016,1.3602262735366821,1795567
1985-10-03,2.4907169342041016,2.5093040466308594,2.4783248901367188,2.4907169342041016,1.3602262735366821,520513
1985-10-04,2.4783248901367188,2.4783248901367188,2.434954881668091,2.4473459720611572,1.3365405797958374,1006728
1985-10-07,2.4473459720611572,2.4473459720611572,2.3791921138763428,2.3791921138763428,1.2993212938308716,1139883
1985-10-08,2.3729960918426514,2.385387897491455,2.3544089794158936,2.3791921138763428,1.2993212938308716,986553
1985-10-09,2.385387897491455,2.4101710319519043,2.3729960918426514,2.4039759635925293,1.312855839729309,1279090
1985-10-10,2.4163670539855957,2.4163670539855957,2.3915839195251465,2.4039759635925293,1.312855839729309,661737
1985-10-11,2.4163670539855957,2.4535419940948486,2.4039759635925293,2.4535419940948486,1.339924931526184,1420314
1985-10-14,2.4783248901367188,2.496912956237793,2.4721291065216064,2.496912956237793,1.3636105060577393,443848
1985-10-15,2.515500068664551,2.534087896347046,2.48452091217041,2.5278921127319336,1.3805289268493652,1162075
1985-10-16,2.540282964706421,2.5650670528411865,2.5278921127319336,2.540282964706421,1.3872946500778198,3135182
1985-10-17,2.540282964706421,2.540282964706421,2.5031089782714844,2.5278921127319336,1.3805289268493652,1690658
1985-10-18,2.5278921127319336,2.5526750087738037,2.5278921127319336,2.5464789867401123,1.3906795978546143,865504
1985-10-21,2.5464789867401123,2.5898499488830566,2.540282964706421,2.5836539268493652,1.410980463027954,3326843
1985-10-22,2.5650670528411865,2.6208291053771973,2.5650670528411865,2.6022419929504395,1.4211326837539673,952256
1985-10-23,2.614633083343506,2.639415979385376,2.614633083343506,2.639415979385376,1.4414329528808594,1803637
1985-10-24,2.6270248889923096,2.651808023452759,2.6208291053771973,2.639415979385376,1.4414329528808594,1073305
1985-10-25,2.651808023452759,2.65800404548645,2.6270248889923096,2.639415979385376,1.4414329528808594,342974
1985-10-28,2.639415979385376,2.651808023452759,2.633220911026001,2.639415979385376,1.4414329528808594,324816
1985-10-29,2.651808023452759,2.6703948974609375,2.6456120014190674,2.65800404548645,1.4515856504440308,1626098
1985-10-30,2.6642000675201416,2.6642000675201416,2.633220911026001,2.65800404548645,1.4515856504440308,1827847
1985-10-31,2.651808023452759,2.7013750076293945,2.651808023452759,2.7013750076293945,1.4752699136734009,3421665
1985-11-01,2.7013750076293945,2.7199618816375732,2.6642000675201416,2.7199618816375732,1.485421061515808,1061200
1985-11-04,2.7199618816375732,2.732353925704956,2.7013750076293945,2.732353925704956,1.492189645767212,1458646
1985-11-05,2.738548994064331,2.788115978240967,2.738548994064331,2.7633330821990967,1.509107232093811,1492944
1985-11-06,2.775723934173584,2.775723934173584,2.713766098022461,2.7261579036712646,1.4888049364089966,2511777
1985-11-07,2.7261579036712646,2.738548994064331,2.6889829635620117,2.738548994064331,1.4955719709396362,859451
1985-11-08,2.750941038131714,2.775723934173584,2.7261579036712646,2.775723934173584,1.5158742666244507,2209153
1985-11-11,2.775723934173584,2.8067030906677246,2.7571370601654053,2.8067030906677246,1.5327919721603394,2061876
1985-11-12,2.8067030906677246,2.812899112701416,2.7819199562072754,2.794312000274658,1.5260251760482788,1351719
1985-11-13,2.7819199562072754,2.7819199562072754,2.738548994064331,2.7571370601654053,1.5057228803634644,1656360
1985-11-14,2.738548994064331,2.7571370601654053,2.738548994064331,2.7571370601654053,1.5057228803634644,861469
1985-11-15,2.750941038131714,2.750941038131714,2.732353925704956,2.750941038131714,1.5023397207260132,1073305
1985-11-18,2.7447450160980225,2.7633330821990967,2.713766098022461,2.7571370601654053,1.5057228803634644,2326168
1985-11-19,2.7633330821990967,2.775723934173584,2.7571370601654053,2.775723934173584,1.5158742666244507,1214530
1985-11-20,2.769529104232788,2.769529104232788,2.7447450160980225,2.7633330821990967,1.509107232093811,1398122
1985-11-21,2.7633330821990967,2.8005080223083496,2.7447450160980225,2.8005080223083496,1.5294097661972046,1470751
1985-11-22,2.788115978240967,2.8067030906677246,2.7633330821990967,2.794312000274658,1.5260251760482788,1032956
1985-11-25,2.794312000274658,2.8067030906677246,2.788115978240967,2.8067030906677246,1.5327919721603394,472093
1985-11-26,2.8067030906677246,2.8252909183502197,2.8005080223083496,2.812899112701416,1.536176323890686,651650
1985-11-27,2.8190948963165283,2.868662118911743,2.8190948963165283,2.8624660968780518,1.5632456541061401,843311
1985-11-29,2.868662118911743,2.868662118911743,2.831486940383911,2.850074052810669,1.5564775466918945,764629
1985-12-02,2.8438780307769775,2.8624660968780518,2.8190948963165283,2.831486940383911,1.5463274717330933,470076
1985-12-03,2.831486940383911,2.837682008743286,2.812899112701416,2.837682008743286,1.5497106313705444,443848
1985-12-04,2.837682008743286,2.8996410369873047,2.8252909183502197,2.8996410369873047,1.5835472345352173,950238
1985-12-05,2.912031888961792,2.973989963531494,2.8996410369873047,2.912031888961792,1.5903143882751465,2346343
1985-12-06,2.8996410369873047,2.8996410369873047,2.850074052810669,2.8624660968780518,1.5632456541061401,1250845
1985-12-09,2.850074052810669,2.8934450149536133,2.850074052810669,2.8810529708862305,1.5733964443206787,2483532
1985-12-10,2.868662118911743,2.887248992919922,2.8624660968780518,2.868662118911743,1.5712260007858276,815067
1985-12-11,2.850074052810669,2.8810529708862305,2.850074052810669,2.8562700748443604,1.5644394159317017,2580372
1985-12-12,2.8438780307769775,2.874856948852539,2.8005080223083496,2.868662118911743,1.5712260007858276,2174856
1985-12-13,2.868662118911743,2.912031888961792,2.868662118911743,2.8996410369873047,1.5881946086883545,1735043
1985-12-16,2.887248992919922,2.949207067489624,2.8624660968780518,2.9430110454559326,1.6119489669799805,2655019
1985-12-17,2.9554030895233154,2.961599111557007,2.912031888961792,2.9430110454559326,1.6119489669799805,1771357
1985-12-18,2.930619955062866,2.9430110454559326,2.912031888961792,2.930619955062866,1.6051616668701172,2989922
1985-12-19,2.924423933029175,2.949207067489624,2.8996410369873047,2.930619955062866,1.6051616668701172,2469409
1985-12-20,2.887248992919922,2.9058361053466797,2.8624660968780518,2.9058361053466797,1.5915874242782593,3248161
1985-12-23,2.9058361053466797,2.912031888961792,2.8810529708862305,2.8934450149536133,1.5848007202148438,859451
1985-12-24,2.887248992919922,2.887248992919922,2.850074052810669,2.8624660968780518,1.5678331851959229,506390
1985-12-26,2.868662118911743,2.8996410369873047,2.8624660968780518,2.8996410369873047,1.5881946086883545,1513119
1985-12-27,2.887248992919922,2.912031888961792,2.887248992919922,2.8934450149536133,1.5848007202148438,752524
1985-12-30,2.8934450149536133,2.924423933029175,2.8810529708862305,2.924423933029175,1.6017683744430542,1616011
1985-12-31,2.9430110454559326,2.961599111557007,2.912031888961792,2.924423933029175,1.6017683744430542,1359789
1986-01-02,2.912031888961792,2.912031888961792,2.8810529708862305,2.8934450149536133,1.5848007202148438,1053131
1986-01-03,2.9058361053466797,2.936815023422241,2.8996410369873047,2.924423933029175,1.6017683744430542,1063218
1986-01-06,2.912031888961792,2.9182279109954834,2.887248992919922,2.8996410369873047,1.5881946086883545,728314
1986-01-07,2.8996410369873047,2.9182279109954834,2.874856948852539,2.912031888961792,1.5949817895889282,1049096
1986-01-08,2.9182279109954834,2.961599111557007,2.8996410369873047,2.9182279109954834,1.5983755588531494,1521189
1986-01-09,2.912031888961792,2.912031888961792,2.837682008743286,2.8624660968780518,1.5678331851959229,5076008
1986-01-10,2.8624660968780518,2.8624660968780518,2.831486940383911,2.837682008743286,1.5542587041854858,1093480
1986-01-13,2.8252909183502197,2.8252909183502197,2.775723934173584,2.7819199562072754,1.5237168073654175,1963019
1986-01-14,2.7819199562072754,2.794312000274658,2.775723934173584,2.794312000274658,1.5305038690567017,2205118
1986-01-15,2.8067030906677246,2.924423933029175,2.8005080223083496,2.912031888961792,1.5949817895889282,5096183
1986-01-16,2.949207067489624,2.9925780296325684,2.912031888961792,2.986382007598877,1.6357043981552124,4204452
1986-01-17,2.9987740516662598,3.0173609256744385,2.949207067489624,3.011164903640747,1.6492782831192017,4846014
1986-01-20,3.0173609256744385,3.0173609256744385,2.9801859855651855,2.986382007598877,1.6357043981552124,1515136
1986-01-21,2.986382007598877,3.0049688816070557,2.973989963531494,2.9925780296325684,1.6390976905822754,2352395
1986-01-22,2.9925780296325684,3.011164903640747,2.9801859855651855,2.9801859855651855,1.6323102712631226,2086086
1986-01-23,2.986382007598877,2.9987740516662598,2.973989963531494,2.9987740516662598,1.6424920558929443,970413
1986-01-24,2.9925780296325684,3.02355694770813,2.986382007598877,3.02355694770813,1.6560664176940918,4666458
1986-01-27,3.0173609256744385,3.02355694770813,2.9987740516662598,3.0173609256744385,1.6526718139648438,2080034
1986-01-28,3.02355694770813,3.073122978210449,3.0173609256744385,3.066927909851074,1.6798213720321655,1563556
1986-01-29,3.085515022277832,3.1041018962860107,3.048340082168579,3.048340082168579,1.6696399450302124,1131813
1986-01-30,3.0359480381011963,3.060731887817383,2.9987740516662598,3.02355694770813,1.6560664176940918,762612
1986-01-31,3.0359480381011963,3.097907066345215,3.0297529697418213,3.085515022277832,1.690001130104065,1022868
1986-02-03,3.085515022277832,3.097907066345215,3.073122978210449,3.073122978210449,1.683213472366333,2646949
1986-02-04,3.066927909851074,3.0793190002441406,3.060731887817383,3.066927909851074,1.6798213720321655,1658378
1986-02-05,3.073122978210449,3.073122978210449,3.0359480381011963,3.066927909851074,1.6798213720321655,2055824
1986-02-06,3.066927909851074,3.1350810527801514,3.066927909851074,3.1350810527801514,1.7171493768692017,1674518
1986-02-07,3.147473096847534,3.2342140674591064,3.1350810527801514,3.19704008102417,1.7510871887207031,2741771
1986-02-10,3.1722559928894043,3.2094309329986572,3.147473096847534,3.184648036956787,1.7442989349365234,1878285
1986-02-11,3.1722559928894043,3.1908440589904785,3.1722559928894043,3.184648036956787,1.7442989349365234,502355
1986-02-12,3.1722559928894043,3.19704008102417,3.1660609245300293,3.184648036956787,1.7442989349365234,865504
1986-02-13,3.184648036956787,3.203234910964966,3.159864902496338,3.1908440589904785,1.747692346572876,504373
1986-02-14,3.22182297706604,3.2466061115264893,3.203234910964966,3.2466061115264893,1.7782338857650757,1317422
1986-02-18,3.2466061115264893,3.333348035812378,3.2466061115264893,3.320955991744995,1.8189573287963867,1295229
1986-02-19,3.320955991744995,3.3457388877868652,3.277585029602051,3.277585029602051,1.795202612876892,1557503
1986-02-20,3.2713890075683594,3.2899770736694336,3.22182297706604,3.283781051635742,1.7985966205596924,1694693
1986-02-21,3.2899770736694336,3.320955991744995,3.2651939392089844,3.296173095703125,1.8053834438323975,2243450
1986-02-24,3.3085639476776123,3.3085639476776123,3.2342140674591064,3.2342140674591064,1.771446943283081,774717
1986-02-25,3.2466061115264893,3.2528018951416016,3.2094309329986572,3.22182297706604,1.7646600008010864,1967054
1986-02-26,3.2342140674591064,3.240410089492798,3.22182297706604,3.2280189990997314,1.7680538892745972,917959
1986-02-27,3.240410089492798,3.2651939392089844,3.22182297706604,3.2651939392089844,1.7884150743484497,742437
1986-02-28,3.2651939392089844,3.3457388877868652,3.2342140674591064,3.339543104171753,1.8291380405426025,1055148
1986-03-03,3.339543104171753,3.3457388877868652,3.2899770736694336,3.3085639476776123,1.812170147895813,1426366
1986-03-04,3.2899770736694336,3.339543104171753,3.283781051635742,3.3085639476776123,1.812170147895813,1690658
1986-03-05,3.3085639476776123,3.3085639476776123,3.19704008102417,3.2466061115264893,1.7782338857650757,2243450
1986-03-06,3.2466061115264893,3.283781051635742,3.2466061115264893,3.2713890075683594,1.7918081283569336,1910564
1986-03-07,3.2713890075683594,3.333348035812378,3.258997917175293,3.302367925643921,1.8087759017944336,1192337
1986-03-10,3.302367925643921,3.3457388877868652,3.283781051635742,3.339543104171753,1.8291380405426025,1339614
1986-03-11,3.320955991744995,3.42008900642395,3.320955991744995,3.4076969623565674,1.8664674758911133,2463357
1986-03-12,3.4076969623565674,3.494438886642456,3.39530611038208,3.4448719024658203,1.8868292570114136,2711508
1986-03-13,3.4510679244995117,3.4696550369262695,3.42008900642395,3.4696550369262695,1.9004031419754028,2420990
1986-03-14,3.4510679244995117,3.513025999069214,3.4262850284576416,3.513025999069214,1.9241583347320557,1900477
1986-03-17,3.4510679244995117,3.4882431030273438,3.4448719024658203,3.4510679244995117,1.8947690725326538,1208477
1986-03-18,3.438676118850708,3.500633955001831,3.320955991744995,3.3891100883483887,1.860751986503601,3635520
1986-03-19,3.376718044281006,3.3891100883483887,3.258997917175293,3.2713890075683594,1.796118140220642,2582389
1986-03-20,3.2713890075683594,3.3457388877868652,3.2713890075683594,3.296173095703125,1.8097255229949951,2761946
1986-03-21,3.320955991744995,3.3457388877868652,3.258997917175293,3.258997917175293,1.7893142700195312,2354412
1986-03-24,3.2651939392089844,3.3147599697113037,3.258997917175293,3.296173095703125,1.8097255229949951,1158040
1986-03-25,3.3085639476776123,3.3519349098205566,3.283781051635742,3.3519349098205566,1.8403414487838745,994623
1986-03-26,3.3519349098205566,3.4076969623565674,3.3519349098205566,3.401500940322876,1.867555022239685,1712850
1986-03-27,3.432481050491333,3.4882431030273438,3.39530611038208,3.4510679244995117,1.8947690725326538,1892407
1986-03-31,3.4696550369262695,3.4882431030273438,3.438676118850708,3.4634599685668945,1.901573896408081,978483
1986-04-01,3.4696550369262695,3.4696550369262695,3.3829140663146973,3.413892984390259,1.8743582963943481,2445200
1986-04-02,3.401500940322876,3.401500940322876,3.358130931854248,3.3829140663146973,1.8573503494262695,2390727
1986-04-03,3.39530611038208,3.401500940322876,3.2466061115264893,3.258997917175293,1.7893142700195312,909889
1986-04-04,3.2713890075683594,3.2713890075683594,3.147473096847534,3.1722559928894043,1.7416908740997314,2150646
1986-04-07,3.147473096847534,3.184648036956787,3.1412770748138428,3.1722559928894043,1.7416908740997314,1571626
1986-04-08,3.19704008102417,3.296173095703125,3.19704008102417,3.296173095703125,1.8097255229949951,1416279
1986-04-09,3.3457388877868652,3.3829140663146973,3.283781051635742,3.296173095703125,1.8097255229949951,1825830
1986-04-10,3.2899770736694336,3.333348035812378,3.2899770736694336,3.320955991744995,1.8233320713043213,768664
1986-04-11,3.333348035812378,3.3705220222473145,3.320955991744995,3.358130931854248,1.843743920326233,1440489
1986-04-14,3.3705220222473145,3.4262850284576416,3.3519349098205566,3.4076969623565674,1.8709571361541748,919976
1986-04-15,3.401500940322876,3.4448719024658203,3.39530611038208,3.438676118850708,1.8879663944244385,1271020
1986-04-16,3.4634599685668945,3.5068299770355225,3.4448719024658203,3.4820470809936523,1.9117788076400757,1400139
1986-04-17,3.5192220211029053,3.5440049171447754,3.5068299770355225,3.5440049171447754,1.9457956552505493,1087428
1986-04-18,3.5440049171447754,3.556396961212158,3.5068299770355225,3.556396961212158,1.952599048614502,478145
1986-04-21,3.556396961212158,3.5687880516052246,3.5254180431365967,3.5440049171447754,1.9457956552505493,1327509
1986-04-22,3.5687880516052246,3.5687880516052246,3.4820470809936523,3.500633955001831,1.921982765197754,1168128
1986-04-23,3.4820470809936523,3.494438886642456,3.42008900642395,3.4448719024658203,1.8913676738739014,1773375
1986-04-24,3.432481050491333,3.4510679244995117,3.42008900642395,3.432481050491333,1.884563684463501,1182250
1986-04-25,3.432481050491333,3.432481050491333,3.413892984390259,3.432481050491333,1.884563684463501,863486
1986-04-28,3.432481050491333,3.457263946533203,3.413892984390259,3.42008900642395,1.8777611255645752,1472769
1986-04-29,3.4076969623565674,3.432481050491333,3.4076969623565674,3.432481050491333,1.884563684463501,330869
1986-04-30,3.42008900642395,3.4262850284576416,3.358130931854248,3.3705220222473145,1.8505460023880005,1061200
1986-05-01,3.3705220222473145,3.376718044281006,3.320955991744995,3.3457388877868652,1.8369390964508057,782787
1986-05-02,3.3519349098205566,3.3891100883483887,3.3519349098205566,3.3829140663146973,1.8573503494262695,1692675
1986-05-05,3.376718044281006,3.494438886642456,3.3705220222473145,3.494438886642456,1.918581247329712,1238740
1986-05-06,3.494438886642456,3.5068299770355225,3.457263946533203,3.4696550369262695,1.9049731492996216,1079358
1986-05-07,3.4820470809936523,3.494438886642456,3.432481050491333,3.494438886642456,1.918581247329712,1416279
1986-05-08,3.494438886642456,3.556396961212158,3.4696550369262695,3.5440049171447754,1.9457956552505493,1777410
1986-05-09,3.531614065170288,3.5440049171447754,3.4820470809936523,3.5440049171447754,1.9457956552505493,568933
1986-05-12,3.5440049171447754,3.5440049171447754,3.4820470809936523,3.5068299770355225,1.9253848791122437,637527
1986-05-13,3.5068299770355225,3.5192220211029053,3.457263946533203,3.4696550369262695,1.9049731492996216,1141900
1986-05-14,3.4510679244995117,3.4820470809936523,3.432481050491333,3.4820470809936523,1.9117788076400757,589107
1986-05-15,3.4820470809936523,3.4820470809936523,3.4448719024658203,3.4696550369262695,1.9049731492996216,1061200
1986-05-16,3.4696550369262695,3.5068299770355225,3.4696550369262695,3.494438886642456,1.918581247329712,4305327
1986-05-19,3.5068299770355225,3.5068299770355225,3.457263946533203,3.4820470809936523,1.9117788076400757,1672500
1986-05-20,3.4820470809936523,3.5068299770355225,3.4696550369262695,3.4882431030273438,1.9151794910430908,1918634
1986-05-21,3.475851058959961,3.4820470809936523,3.4448719024658203,3.4696550369262695,1.9049731492996216,1616011
1986-05-22,3.4882431030273438,3.6059629917144775,3.4882431030273438,3.6059629917144775,1.9798120260238647,1392069
1986-05-23,3.6183550357818604,3.6431379318237305,3.593571901321411,3.630747079849243,1.9934204816818237,1652325
1986-05-27,3.6431379318237305,3.7918379306793213,3.630747079849243,3.7918379306793213,2.0818655490875244,1664430
1986-05-28,3.7794458866119385,3.8414039611816406,3.7794458866119385,3.7980329990386963,2.085266351699829,1759253
1986-05-29,3.78564190864563,3.7918379306793213,3.6803131103515625,3.7050960063934326,2.034240484237671,1700745
1986-05-30,3.692704916000366,3.7050960063934326,3.6431379318237305,3.6555299758911133,2.0070266723632812,1224617
1986-06-02,3.6431379318237305,3.649333953857422,3.6183550357818604,3.630747079849243,1.9934204816818237,1115673
1986-06-03,3.6245510578155518,3.6245510578155518,3.599766969680786,3.6059629917144775,1.9798120260238647,1349702
1986-06-04,3.6183550357818604,3.6183550357818604,3.5811800956726074,3.6183550357818604,1.9866160154342651,806997
1986-06-05,3.612159013748169,3.630747079849243,3.593571901321411,3.593571901321411,1.9730099439620972,1684605
1986-06-06,3.6059629917144775,3.6431379318237305,3.6059629917144775,3.6431379318237305,2.000223159790039,564898
1986-06-09,3.5192220211029053,3.6679210662841797,3.5068299770355225,3.5192220211029053,1.932187557220459,524548
1986-06-10,3.4696550369262695,3.494438886642456,3.2713890075683594,3.4448719024658203,1.8913676738739014,1177206
1986-06-11,3.4696550369262695,3.5687880516052246,3.4696550369262695,3.5687880516052246,1.9594037532806396,1439480
1986-06-12,3.593571901321411,3.593571901321411,3.5192220211029053,3.5440049171447754,1.9457956552505493,1260932
1986-06-13,3.6431379318237305,3.6431379318237305,3.5811800956726074,3.6431379318237305,2.0055532455444336,572968
1986-06-16,3.692704916000366,3.692704916000366,3.5192220211029053,3.5192220211029053,1.9373373985290527,898792
1986-06-17,3.5192220211029053,3.5687880516052246,3.4696550369262695,3.4820470809936523,1.9168729782104492,844320
1986-06-18,3.4696550369262695,3.4820470809936523,3.39530611038208,3.4448719024658203,1.8964080810546875,526565
1986-06-19,3.432481050491333,3.494438886642456,3.432481050491333,3.4448719024658203,1.8964080810546875,1591801
1986-06-20,3.457263946533203,3.4696550369262695,3.3829140663146973,3.457263946533203,1.903228998184204,1167119
1986-06-23,3.457263946533203,3.5068299770355225,3.4076969623565674,3.432481050491333,1.8895869255065918,2151655
1986-06-24,3.432481050491333,3.494438886642456,3.42008900642395,3.457263946533203,1.903228998184204,2083060
1986-06-25,3.4696550369262695,3.593571901321411,3.4696550369262695,3.5192220211029053,1.9373373985290527,2261608
1986-06-26,3.556396961212158,3.5687880516052246,3.4448719024658203,3.4696550369262695,1.9100511074066162,883661
1986-06-27,3.4696550369262695,3.494438886642456,3.4076969623565674,3.4820470809936523,1.9168729782104492,535644
1986-06-30,3.4820470809936523,3.5192220211029053,3.39530611038208,3.5068299770355225,1.9305166006088257,1067253
1986-07-01,3.5068299770355225,3.5192220211029053,3.4820470809936523,3.5068299770355225,1.9305166006088257,804979
1986-07-02,3.5440049171447754,3.6555299758911133,3.5192220211029053,3.5440049171447754,1.950980544090271,1238740
1986-07-03,3.5687880516052246,3.6183550357818604,3.5192220211029053,3.5811800956726074,1.9714463949203491,875591
1986-07-07,3.556396961212158,3.556396961212158,3.432481050491333,3.4448719024658203,1.8964080810546875,1172163
1986-07-08,3.3705220222473145,3.3829140663146973,3.2713890075683594,3.3457388877868652,1.8418360948562622,2261608
1986-07-09,3.3705220222473145,3.3705220222473145,3.3457388877868652,3.3705220222473145,1.8554778099060059,2069946
1986-07-10,3.3705220222473145,3.3705220222473145,3.147473096847534,3.3085639476776123,1.82137131690979,4561548
1986-07-11,3.3457388877868652,3.3457388877868652,3.2466061115264893,3.258997917175293,1.7940834760665894,756559
1986-07-14,3.2466061115264893,3.2466061115264893,3.147473096847534,3.159864902496338,1.739511251449585,1200407
1986-07-15,3.159864902496338,3.1722559928894043,3.048340082168579,3.073122978210449,1.691759467124939,3231013
1986-07-16,3.097907066345215,3.159864902496338,3.073122978210449,3.085515022277832,1.6985818147659302,3185619
1986-07-17,3.097907066345215,3.147473096847534,3.073122978210449,3.122689962387085,1.7190474271774292,1644256
1986-07-18,3.122689962387085,3.1350810527801514,3.0359480381011963,3.073122978210449,1.691759467124939,3054482
1986-07-21,3.073122978210449,3.097907066345215,3.02355694770813,3.073122978210449,1.691759467124939,981510
1986-07-22,3.060731887817383,3.22182297706604,3.048340082168579,3.22182297706604,1.7736191749572754,1952932
1986-07-23,3.22182297706604,3.3085639476776123,3.22182297706604,3.3085639476776123,1.82137131690979,1416279
1986-07-24,3.296173095703125,3.3085639476776123,3.283781051635742,3.296173095703125,1.8145490884780884,833224
1986-07-25,3.2713890075683594,3.2713890075683594,3.1722559928894043,3.19704008102417,1.759975790977478,846338
1986-07-28,3.19704008102417,3.19704008102417,3.073122978210449,3.122689962387085,1.7190474271774292,961335
1986-07-29,3.097907066345215,3.110297918319702,3.060731887817383,3.073122978210449,1.691759467124939,905854
1986-07-30,3.073122978210449,3.1722559928894043,3.02355694770813,3.097907066345215,1.7054033279418945,2916284
1986-07-31,3.1350810527801514,3.19704008102417,3.073122978210449,3.19704008102417,1.759975790977478,1376938
1986-08-01,3.147473096847534,3.2466061115264893,3.085515022277832,3.1722559928894043,1.7463326454162598,572968
1986-08-04,3.147473096847534,3.147473096847534,3.0359480381011963,3.085515022277832,1.6985818147659302,1233696
1986-08-05,3.085515022277832,3.085515022277832,2.949207067489624,2.973989963531494,1.6371870040893555,2510768
1986-08-06,2.973989963531494,3.060731887817383,2.949207067489624,2.949207067489624,1.6235439777374268,2424016
1986-08-07,2.973989963531494,3.048340082168579,2.874856948852539,3.048340082168579,1.6781166791915894,2257573
1986-08-08,3.073122978210449,3.147473096847534,3.048340082168579,3.048340082168579,1.6781166791915894,1294221
1986-08-11,3.048340082168579,3.1350810527801514,3.048340082168579,3.110297918319702,1.7122247219085693,1363824
1986-08-12,3.122689962387085,3.2342140674591064,3.122689962387085,3.2342140674591064,1.7804412841796875,3067596
1986-08-13,3.2342140674591064,3.3705220222473145,3.1722559928894043,3.296173095703125,1.8145490884780884,1769340
1986-08-14,3.2713890075683594,3.3457388877868652,3.2713890075683594,3.320955991744995,1.8281923532485962,611300
1986-08-15,3.320955991744995,3.3457388877868652,3.2713890075683594,3.3457388877868652,1.8418360948562622,957300
1986-08-18,3.3457388877868652,3.3457388877868652,3.2713890075683594,3.2713890075683594,1.8009060621261597,693008
1986-08-19,3.296173095703125,3.296173095703125,3.1722559928894043,3.184648036956787,1.753153920173645,1214530
1986-08-20,3.1722559928894043,3.3457388877868652,3.147473096847534,3.320955991744995,1.8281923532485962,2703439
1986-08-21,3.2713890075683594,3.3457388877868652,3.22182297706604,3.3457388877868652,1.8418360948562622,2517829
1986-08-22,3.39530611038208,3.457263946533203,3.39530611038208,3.42008900642395,1.8827651739120483,3173514
1986-08-25,3.432481050491333,3.432481050491333,3.3705220222473145,3.42008900642395,1.8827651739120483,1202425
1986-08-26,3.42008900642395,3.6183550357818604,3.42008900642395,3.6059629917144775,1.9850889444351196,3000010
1986-08-27,3.6059629917144775,3.7670540809631348,3.6059629917144775,3.7298800945281982,2.0533053874969482,1596844
1986-08-28,3.692704916000366,3.7422709465026855,3.6183550357818604,3.6431379318237305,2.0055532455444336,724279
1986-08-29,3.6679210662841797,3.7174880504608154,3.6555299758911133,3.7050960063934326,2.039660930633545,811032
1986-09-02,3.6431379318237305,3.7174880504608154,3.5440049171447754,3.6059629917144775,1.9850889444351196,964361
1986-09-03,3.5811800956726074,3.6431379318237305,3.5440049171447754,3.6431379318237305,2.0055532455444336,728314
1986-09-04,3.6059629917144775,3.7298800945281982,3.5687880516052246,3.692704916000366,2.0328409671783447,905854
1986-09-05,3.6555299758911133,3.7050960063934326,3.5440049171447754,3.5687880516052246,1.9646234512329102,2348360
1986-09-08,3.531614065170288,3.593571901321411,3.4696550369262695,3.494438886642456,1.9236946105957031,1333562
1986-09-09,3.494438886642456,3.5687880516052246,3.39530611038208,3.39530611038208,1.8691229820251465,2099200
1986-09-10,3.42008900642395,3.4448719024658203,3.3705220222473145,3.3705220222473145,1.8554778099060059,1039008
1986-09-11,3.333348035812378,3.333348035812378,3.147473096847534,3.1722559928894043,1.7463326454162598,2181917
1986-09-12,3.073122978210449,3.1722559928894043,2.949207067489624,3.097907066345215,1.7054033279418945,4074324
1986-09-15,3.097907066345215,3.147473096847534,3.02355694770813,3.097907066345215,1.7106043100357056,3082727
1986-09-16,3.073122978210449,3.122689962387085,3.02355694770813,3.122689962387085,1.7242897748947144,1297247
1986-09-17,3.122689962387085,3.147473096847534,3.02355694770813,3.02355694770813,1.6695504188537598,1825830
1986-09-18,3.048340082168579,3.085515022277832,3.02355694770813,3.048340082168579,1.6832355260849,1099533
1986-09-19,2.9987740516662598,3.097907066345215,2.9987740516662598,3.02355694770813,1.6695504188537598,1612984
1986-09-22,3.048340082168579,3.258997917175293,3.048340082168579,3.2466061115264893,1.7927138805389404,1804646
1986-09-23,3.2713890075683594,3.320955991744995,3.2466061115264893,3.296173095703125,1.8200827836990356,1745130
1986-09-24,3.2713890075683594,3.3705220222473145,3.2713890075683594,3.3457388877868652,1.8474539518356323,2082051
1986-09-25,3.296173095703125,3.296173095703125,3.19704008102417,3.22182297706604,1.7790298461914062,1946879
1986-09-26,3.2342140674591064,3.296173095703125,3.19704008102417,3.2713890075683594,1.8063987493515015,1026903
1986-09-29,3.1722559928894043,3.19704008102417,3.147473096847534,3.184648036956787,1.7585006952285767,1653334
1986-09-30,3.19704008102417,3.22182297706604,3.122689962387085,3.147473096847534,1.7379738092422485,1380973
1986-10-01,3.19704008102417,3.2466061115264893,3.147473096847534,3.22182297706604,1.7790298461914062,1163084
1986-10-02,3.22182297706604,3.333348035812378,3.22182297706604,3.296173095703125,1.8200827836990356,1576670
1986-10-03,3.358130931854248,3.3705220222473145,3.22182297706604,3.2342140674591064,1.785871982574463,1877276
1986-10-06,3.22182297706604,3.2466061115264893,3.22182297706604,3.2342140674591064,1.785871982574463,1160058
1986-10-07,3.2342140674591064,3.3457388877868652,3.22182297706604,3.320955991744995,1.8337680101394653,842303
1986-10-08,3.3457388877868652,3.4696550369262695,3.333348035812378,3.4448719024658203,1.9021925926208496,1517154
1986-10-09,3.4696550369262695,3.5192220211029053,3.39530611038208,3.432481050491333,1.8953509330749512,1227644
1986-10-10,3.4076969623565674,3.4448719024658203,3.3705220222473145,3.39530611038208,1.8748242855072021,1250845
1986-10-13,3.3457388877868652,3.39530611038208,3.3457388877868652,3.39530611038208,1.8748242855072021,517487
1986-10-14,3.4076969623565674,3.432481050491333,3.39530611038208,3.432481050491333,1.8953509330749512,2269678
1986-10-15,3.4696550369262695,3.6431379318237305,3.432481050491333,3.6183550357818604,1.9979881048202515,2439147
1986-10-16,3.593571901321411,3.6555299758911133,3.5687880516052246,3.593571901321411,1.9843027591705322,1446541
1986-10-17,3.5811800956726074,3.6059629917144775,3.556396961212158,3.5687880516052246,1.9706166982650757,989580
1986-10-20,3.556396961212158,3.5687880516052246,3.494438886642456,3.531614065170288,1.9500902891159058,1164093
1986-10-21,3.556396961212158,3.593571901321411,3.4696550369262695,3.5687880516052246,1.9706166982650757,1471760
1986-10-22,3.593571901321411,3.6803131103515625,3.5687880516052246,3.6431379318237305,2.0116710662841797,2696377
1986-10-23,3.6431379318237305,3.7298800945281982,3.630747079849243,3.692704916000366,2.039041519165039,3014132
1986-10-24,3.7050960063934326,3.7050960063934326,3.6059629917144775,3.6431379318237305,2.0116710662841797,1843987
1986-10-27,3.630747079849243,3.692704916000366,3.6059629917144775,3.6679210662841797,2.025355339050293,735376
1986-10-28,3.692704916000366,3.692704916000366,3.6431379318237305,3.6555299758911133,2.01851224899292,743446
1986-10-29,3.6555299758911133,3.6803131103515625,3.630747079849243,3.6555299758911133,2.01851224899292,1252862
1986-10-30,3.692704916000366,3.7546629905700684,3.6431379318237305,3.7422709465026855,2.0664095878601074,2702430
1986-10-31,3.7174880504608154,3.7422709465026855,3.6679210662841797,3.7050960063934326,2.0458824634552,964361
1986-11-03,3.692704916000366,3.7050960063934326,3.6431379318237305,3.692704916000366,2.039041519165039,454944
1986-11-04,3.692704916000366,3.7050960063934326,3.6679210662841797,3.7050960063934326,2.0458824634552,831206
1986-11-05,3.6803131103515625,3.7050960063934326,3.6431379318237305,3.6555299758911133,2.01851224899292,1353737
1986-11-06,3.6555299758911133,3.6679210662841797,3.5811800956726074,3.6555299758911133,2.01851224899292,680903
1986-11-07,3.6183550357818604,3.692704916000366,3.593571901321411,3.692704916000366,2.039041519165039,541696
1986-11-10,3.7174880504608154,3.7298800945281982,3.692704916000366,3.692704916000366,2.039041519165039,739411
1986-11-11,3.6679210662841797,3.7174880504608154,3.6679210662841797,3.7050960063934326,2.0458824634552,463014
1986-11-12,3.6803131103515625,3.7298800945281982,3.6803131103515625,3.6803131103515625,2.032198905944824,637527
1986-11-13,3.630747079849243,3.630747079849243,3.5192220211029053,3.531614065170288,1.9500902891159058,1096507
1986-11-14,3.556396961212158,3.5687880516052246,3.494438886642456,3.531614065170288,1.9500902891159058,693008
1986-11-17,3.531614065170288,3.556396961212158,3.457263946533203,3.556396961212158,1.9637742042541504,1104577
1986-11-18,3.5440049171447754,3.5440049171447754,3.3705220222473145,3.3705220222473145,1.8611376285552979,1149970
1986-11-19,3.39530611038208,3.4076969623565674,3.320955991744995,3.39530611038208,1.8748242855072021,1273037
1986-11-20,3.39530611038208,3.556396961212158,3.39530611038208,3.556396961212158,1.9637742042541504,1419305
1986-11-21,3.556396961212158,3.6679210662841797,3.494438886642456,3.6555299758911133,2.01851224899292,1705789
1986-11-24,3.6555299758911133,3.7422709465026855,3.6431379318237305,3.6431379318237305,2.0116710662841797,1916617
1986-11-25,3.6431379318237305,3.6431379318237305,3.4696550369262695,3.593571901321411,1.9843027591705322,1783462
1986-11-26,3.6059629917144775,3.6555299758911133,3.5440049171447754,3.6431379318237305,2.0116710662841797,2233363
1986-11-28,3.6059629917144775,3.6059629917144775,3.5687880516052246,3.5687880516052246,1.9706166982650757,420647
1986-12-01,3.593571901321411,3.6059629917144775,3.5192220211029053,3.6059629917144775,1.991144061088562,1511101
1986-12-02,3.630747079849243,3.6555299758911133,3.5687880516052246,3.630747079849243,2.004828929901123,2341299
1986-12-03,3.630747079849243,3.6555299758911133,3.6059629917144775,3.6183550357818604,1.9979881048202515,1859118
1986-12-04,3.630747079849243,3.692704916000366,3.630747079849243,3.6803131103515625,2.032198905944824,2100209
1986-12-05,3.6803131103515625,3.692704916000366,3.593571901321411,3.593571901321411,1.9843027591705322,2542039
1986-12-08,3.6059629917144775,3.6555299758911133,3.5687880516052246,3.6059629917144775,1.991144061088562,1154005
1986-12-09,3.593571901321411,3.6431379318237305,3.5811800956726074,3.593571901321411,1.9843027591705322,1351719
1986-12-10,3.5811800956726074,3.6431379318237305,3.5192220211029053,3.5192220211029053,1.9432461261749268,1970080
1986-12-11,3.5687880516052246,3.5811800956726074,3.4696550369262695,3.5687880516052246,1.9759052991867065,1772366
1986-12-12,3.5687880516052246,3.5687880516052246,3.5440049171447754,3.556396961212158,1.9690440893173218,1317422
1986-12-15,3.5068299770355225,3.5440049171447754,3.4820470809936523,3.5440049171447754,1.9621843099594116,738402
1986-12-16,3.556396961212158,3.556396961212158,3.5068299770355225,3.556396961212158,1.9690440893173218,1479830
1986-12-17,3.5192220211029053,3.5440049171447754,3.4820470809936523,3.5440049171447754,1.9621843099594116,1010763
1986-12-18,3.5192220211029053,3.5440049171447754,3.432481050491333,3.432481050491333,1.9004379510879517,1253871
1986-12-19,3.457263946533203,3.5687880516052246,3.4448719024658203,3.5687880516052246,1.9759052991867065,1680570
1986-12-22,3.5440049171447754,3.5687880516052246,3.5192220211029053,3.5687880516052246,1.9759052991867065,1046069
1986-12-23,3.5687880516052246,3.5687880516052246,3.42008900642395,3.4696550369262695,1.9210190773010254,2492611
1986-12-24,3.494438886642456,3.5440049171447754,3.4820470809936523,3.4820470809936523,1.9278796911239624,1908547
1986-12-26,3.5068299770355225,3.5440049171447754,3.4696550369262695,3.5068299770355225,1.941602349281311,1350711
1986-12-29,3.5192220211029053,3.5811800956726074,3.494438886642456,3.556396961212158,1.9690440893173218,2214197
1986-12-30,3.556396961212158,3.5687880516052246,3.5192220211029053,3.531614065170288,1.9553239345550537,1189311
1986-12-31,3.5192220211029053,3.5192220211029053,3.4820470809936523,3.494438886642456,1.9347405433654785,822128
1987-01-02,3.5192220211029053,3.556396961212158,3.5192220211029053,3.531614065170288,1.9553239345550537,1043043
1987-01-05,3.5687880516052246,3.6679210662841797,3.5687880516052246,3.630747079849243,2.010209321975708,1751183
1987-01-06,3.692704916000366,3.7670540809631348,3.6679210662841797,3.7422709465026855,2.0719549655914307,3453945
1987-01-07,3.7422709465026855,3.9405369758605957,3.7422709465026855,3.8909709453582764,2.1542863845825195,5078026
1987-01-08,3.9405369758605957,4.014886856079102,3.8909709453582764,4.014886856079102,2.222893238067627,1967054
1987-01-09,4.014886856079102,4.188370227813721,3.9901039600372314,4.163586139678955,2.3052234649658203,4174190
1987-01-12,4.163586139678955,4.312285900115967,4.163586139678955,4.200760841369629,2.3258068561553955,7154025
1987-01-13,4.213152885437012,4.250328063964844,4.1264119148254395,4.138803005218506,2.29150128364563,3545741
1987-01-14,4.1264119148254395,4.213152885437012,4.114019870758057,4.200760841369629,2.3258068561553955,3091806
1987-01-15,4.188370227813721,4.287502765655518,4.151195049285889,4.287502765655518,2.373831272125244,3780779
1987-01-16,4.26271915435791,4.312285900115967,4.138803005218506,4.26271915435791,2.3601081371307373,2765981
1987-01-19,4.237936019897461,4.498159885406494,4.175978183746338,4.485768795013428,2.4836032390594482,5054825
1987-01-20,4.510551929473877,4.535335063934326,4.411418914794922,4.448594093322754,2.4630208015441895,5400825
1987-01-21,4.423810958862305,4.547727108001709,4.411418914794922,4.485768795013428,2.4836032390594482,2948564
1987-01-22,4.436202049255371,4.584901809692383,4.436202049255371,4.560119152069092,2.524768352508545,3267327
1987-01-23,4.597292900085449,4.634468078613281,4.213152885437012,4.337069034576416,2.401273488998413,4557513
1987-01-26,4.299893856048584,4.337069034576416,4.237936019897461,4.287502765655518,2.373831272125244,833224
1987-01-27,4.411418914794922,4.547727108001709,4.250328063964844,4.411418914794922,2.447816848754883,1899468
1987-01-28,4.485768795013428,4.498159885406494,4.361853122711182,4.386635780334473,2.434065580368042,2375596
1987-01-29,4.411418914794922,4.436202049255371,4.32467794418335,4.374244213104248,2.427190065383911,2205118
1987-01-30,4.361853122711182,4.411418914794922,4.312285900115967,4.411418914794922,2.447816848754883,2399806
1987-02-02,4.386635780334473,4.448594093322754,4.361853122711182,4.399026870727539,2.4409401416778564,1577678
1987-02-03,4.423810958862305,4.448594093322754,4.32467794418335,4.361853122711182,2.4203145503997803,2895100
1987-02-04,4.349461078643799,4.436202049255371,4.299893856048584,4.423810958862305,2.454692840576172,2222267
1987-02-05,4.460986137390137,4.485768795013428,4.386635780334473,4.423810958862305,2.454692840576172,1966045
1987-02-06,4.436202049255371,4.436202049255371,4.299893856048584,4.32467794418335,2.399685859680176,1839952
1987-02-09,4.312285900115967,4.312285900115967,4.237936019897461,4.287502765655518,2.3790574073791504,1654343
1987-02-10,4.287502765655518,4.287502765655518,4.188370227813721,4.250328063964844,2.3584303855895996,1616011
1987-02-11,4.275111198425293,4.287502765655518,4.200760841369629,4.26271915435791,2.3653061389923096,1608949
1987-02-12,4.287502765655518,4.299893856048584,4.114019870758057,4.114019870758057,2.2827959060668945,5008422
1987-02-13,4.114019870758057,4.349461078643799,4.114019870758057,4.287502765655518,2.3790574073791504,3363158
1987-02-17,4.337069034576416,4.436202049255371,4.32467794418335,4.436202049255371,2.4615683555603027,2430068
1987-02-18,4.535335063934326,4.547727108001709,4.460986137390137,4.498159885406494,2.4959475994110107,3831216
1987-02-19,4.560119152069092,4.560119152069092,4.436202049255371,4.485768795013428,2.489072561264038,1718903
1987-02-20,4.485768795013428,4.52294397354126,4.436202049255371,4.52294397354126,2.509700298309326,2552127
1987-02-23,4.473377227783203,4.510551929473877,4.411418914794922,4.485768795013428,2.489072561264038,1286151
1987-02-24,4.485768795013428,4.498159885406494,4.374244213104248,4.460986137390137,2.4753212928771973,1289177
1987-02-25,4.460986137390137,4.460986137390137,4.411418914794922,4.448594093322754,2.468445301055908,756559
1987-02-26,4.460986137390137,4.460986137390137,4.361853122711182,4.399026870727539,2.4409401416778564,1827847
1987-02-27,4.411418914794922,4.423810958862305,4.26271915435791,4.337069034576416,2.4065604209899902,1052122
1987-03-02,4.337069034576416,4.374244213104248,4.287502765655518,4.32467794418335,2.399685859680176,2524891
1987-03-03,4.299893856048584,4.32467794418335,4.237936019897461,4.287502765655518,2.3790574073791504,1364833
1987-03-04,4.275111198425293,4.361853122711182,4.26271915435791,4.287502765655518,2.3790574073791504,2382657
1987-03-05,4.337069034576416,4.436202049255371,4.32467794418335,4.411418914794922,2.447816848754883,2329194
1987-03-06,4.411418914794922,4.485768795013428,4.374244213104248,4.448594093322754,2.468445301055908,1265976
1987-03-09,4.485768795013428,4.485768795013428,4.337069034576416,4.460986137390137,2.4753212928771973,1990255
1987-03-10,4.448594093322754,4.609684944152832,4.448594093322754,4.584901809692383,2.5440797805786133,3200750
1987-03-11,4.584901809692383,4.584901809692383,4.498159885406494,4.52294397354126,2.509700298309326,4989256
1987-03-12,4.535335063934326,4.535335063934326,4.436202049255371,4.460986137390137,2.4753212928771973,1940827
1987-03-13,4.436202049255371,4.460986137390137,4.411418914794922,4.411418914794922,2.447816848754883,970413
1987-03-16,4.361853122711182,4.436202049255371,4.312285900115967,4.436202049255371,2.4615683555603027,2276739
1987-03-17,4.423810958862305,4.52294397354126,4.399026870727539,4.498159885406494,2.4959475994110107,1068262
1987-03-18,4.52294397354126,4.584901809692383,4.473377227783203,4.535335063934326,2.516576051712036,1234705
1987-03-19,4.52294397354126,4.745993137359619,4.52294397354126,4.72121000289917,2.6197144985198975,3792884
1987-03-20,4.758385181427002,4.807950973510742,4.708817958831787,4.758385181427002,2.6403419971466064,3235047
1987-03-23,4.783167839050293,4.882300853729248,4.77077579498291,4.857518196105957,2.6953482627868652,2224284
1987-03-24,4.807950973510742,4.907083988189697,4.795558929443359,4.882300853729248,2.709101676940918,3352062
1987-03-25,4.8946919441223145,4.907083988189697,4.832734107971191,4.857518196105957,2.6953482627868652,1338606
1987-03-26,4.857518196105957,4.91947603225708,4.832734107971191,4.8946919441223145,2.715977191925049,1913591
1987-03-27,4.882300853729248,5.055784225463867,4.869908809661865,4.907083988189697,2.722853422164917,1977142
1987-03-30,4.671642780303955,4.696425914764404,4.584901809692383,4.609684944152832,2.5578322410583496,1934774
1987-03-31,4.646860122680664,4.684034824371338,4.560119152069092,4.597292900085449,2.5509541034698486,1673509
1987-04-01,4.535335063934326,4.609684944152832,4.535335063934326,4.597292900085449,2.5509541034698486,1359789
1987-04-02,4.684034824371338,4.684034824371338,4.560119152069092,4.560119152069092,2.5303285121917725,2011439
1987-04-03,4.622076988220215,4.857518196105957,4.597292900085449,4.807950973510742,2.6678466796875,2102226
1987-04-06,4.832734107971191,4.956651210784912,4.832734107971191,4.907083988189697,2.722853422164917,1437463
1987-04-07,4.857518196105957,4.956651210784912,4.845126152038574,4.907083988189697,2.722853422164917,2362482
1987-04-08,4.882300853729248,5.031000137329102,4.869908809661865,4.956651210784912,2.750354528427124,1518162
1987-04-09,4.9938249588012695,5.006217002868652,4.783167839050293,4.807950973510742,2.6678466796875,1679562
1987-04-10,4.758385181427002,4.832734107971191,4.758385181427002,4.758385181427002,2.6403419971466064,1356763
1987-04-13,4.758385181427002,4.845126152038574,4.510551929473877,4.510551929473877,2.5028226375579834,1451585
1987-04-14,4.52294397354126,4.535335063934326,4.349461078643799,4.436202049255371,2.4615683555603027,3702097
1987-04-15,4.52294397354126,4.547727108001709,4.423810958862305,4.510551929473877,2.5028226375579834,2894091
1987-04-16,4.560119152069092,4.783167839050293,4.560119152069092,4.659252166748047,2.5853350162506104,2640896
1987-04-20,4.659252166748047,4.684034824371338,4.460986137390137,4.560119152069092,2.5303285121917725,1824821
1987-04-21,4.535335063934326,4.807950973510742,4.510551929473877,4.807950973510742,2.6678466796875,2295905
1987-04-22,4.820343017578125,4.857518196105957,4.77077579498291,4.807950973510742,2.6678466796875,1689649
1987-04-23,4.783167839050293,4.783167839050293,4.609684944152832,4.696425914764404,2.6059632301330566,1623072
1987-04-24,4.634468078613281,4.634468078613281,4.460986137390137,4.460986137390137,2.4753212928771973,1518162
1987-04-27,4.386635780334473,4.547727108001709,4.275111198425293,4.460986137390137,2.4753212928771973,4186295
1987-04-28,4.460986137390137,4.572509765625,4.436202049255371,4.560119152069092,2.5303285121917725,3386359
1987-04-29,4.597292900085449,4.659252166748047,4.535335063934326,4.560119152069092,2.5303285121917725,965370
1987-04-30,4.584901809692383,4.671642780303955,4.560119152069092,4.560119152069092,2.5303285121917725,1140891
1987-05-01,4.560119152069092,4.646860122680664,4.510551929473877,4.572509765625,2.5372021198272705,1203434
1987-05-04,4.572509765625,4.659252166748047,4.547727108001709,4.659252166748047,2.5853350162506104,920985
1987-05-05,4.659252166748047,4.745993137359619,4.659252166748047,4.745993137359619,2.63346529006958,3911916
1987-05-06,4.733601093292236,4.745993137359619,4.634468078613281,4.659252166748047,2.5853350162506104,1135848
1987-05-07,4.646860122680664,4.646860122680664,4.485768795013428,4.485768795013428,2.489072561264038,1632151
1987-05-08,4.52294397354126,4.560119152069092,4.423810958862305,4.473377227783203,2.4821956157684326,1480839
1987-05-11,4.485768795013428,4.659252166748047,4.436202049255371,4.436202049255371,2.4615683555603027,1820786
1987-05-12,4.436202049255371,4.498159885406494,4.399026870727539,4.485768795013428,2.489072561264038,1491935
1987-05-13,4.535335063934326,4.584901809692383,4.460986137390137,4.547727108001709,2.523452043533325,1950914
1987-05-14,4.622076988220215,4.659252166748047,4.572509765625,4.634468078613281,2.5715842247009277,1536320
1987-05-15,4.659252166748047,4.659252166748047,4.52294397354126,4.547727108001709,2.523452043533325,2100209
1987-05-18,4.460986137390137,4.460986137390137,4.361853122711182,4.460986137390137,2.4753212928771973,1477812
1987-05-19,4.460986137390137,4.473377227783203,4.26271915435791,4.26271915435791,2.3653061389923096,1863153
1987-05-20,4.26271915435791,4.287502765655518,4.188370227813721,4.250328063964844,2.3584303855895996,2029596
1987-05-21,4.275111198425293,4.436202049255371,4.275111198425293,4.312285900115967,2.3928098678588867,1495970
1987-05-22,4.374244213104248,4.423810958862305,4.299893856048584,4.399026870727539,2.4409401416778564,829189
1987-05-26,4.374244213104248,4.535335063934326,4.374244213104248,4.460986137390137,2.4753212928771973,2499672
1987-05-27,4.436202049255371,4.510551929473877,4.436202049255371,4.460986137390137,2.4753212928771973,1322466
1987-05-28,4.485768795013428,4.609684944152832,4.460986137390137,4.572509765625,2.5372021198272705,1795567
1987-05-29,4.646860122680664,4.646860122680664,4.597292900085449,4.597292900085449,2.5509541034698486,1219574
1987-06-01,4.597292900085449,4.659252166748047,4.597292900085449,4.609684944152832,2.5578322410583496,857434
1987-06-02,4.597292900085449,4.659252166748047,4.510551929473877,4.535335063934326,2.516576051712036,1128786
1987-06-03,4.535335063934326,4.708817958831787,4.535335063934326,4.659252166748047,2.5853350162506104,1283125
1987-06-04,4.659252166748047,4.72121000289917,4.609684944152832,4.72121000289917,2.6197144985198975,2487567
1987-06-05,4.72121000289917,4.745993137359619,4.671642780303955,4.708817958831787,2.6128387451171875,1262950
1987-06-08,4.684034824371338,4.807950973510742,4.659252166748047,4.783167839050293,2.6540937423706055,2178891
1987-06-09,4.733601093292236,4.869908809661865,4.733601093292236,4.869908809661865,2.7022247314453125,2328185
1987-06-10,4.882300853729248,4.981433868408203,4.832734107971191,4.857518196105957,2.6953482627868652,1995299
1987-06-11,4.857518196105957,4.882300853729248,4.795558929443359,4.845126152038574,2.68847393989563,1803637
1987-06-12,4.8946919441223145,4.944259166717529,4.857518196105957,4.91947603225708,2.729729175567627,1217556
1987-06-15,4.956651210784912,4.981433868408203,4.907083988189697,4.956651210784912,2.7564618587493896,1189311
1987-06-16,4.9318671226501465,4.96904182434082,4.91947603225708,4.944259166717529,2.7495720386505127,880635
1987-06-17,4.956651210784912,4.956651210784912,4.8946919441223145,4.91947603225708,2.7357912063598633,1079358
1987-06-18,4.944259166717529,4.944259166717529,4.857518196105957,4.907083988189697,2.7288997173309326,613317
1987-06-19,5.006217002868652,5.031000137329102,4.9318671226501465,4.981433868408203,2.7702455520629883,1798594
1987-06-22,4.981433868408203,5.031000137329102,4.9318671226501465,4.9938249588012695,2.777137279510498,1055148
1987-06-23,4.96904182434082,4.96904182434082,4.882300853729248,4.956651210784912,2.7564618587493896,827171
1987-06-24,4.907083988189697,4.944259166717529,4.832734107971191,4.857518196105957,2.701333999633789,1097515
1987-06-25,4.857518196105957,4.9318671226501465,4.845126152038574,4.9318671226501465,2.7426810264587402,948221
1987-06-26,4.907083988189697,4.907083988189697,4.832734107971191,4.882300853729248,2.7151169776916504,571959
1987-06-29,4.882300853729248,4.882300853729248,4.832734107971191,4.832734107971191,2.687551498413086,719236
1987-06-30,4.845126152038574,4.845126152038574,4.708817958831787,4.733601093292236,2.63242244720459,1160058
1987-07-01,4.708817958831787,4.745993137359619,4.609684944152832,4.708817958831787,2.618640899658203,1245801
1987-07-02,4.745993137359619,4.807950973510742,4.671642780303955,4.77077579498291,2.653095006942749,1486891
1987-07-06,4.857518196105957,4.882300853729248,4.708817958831787,4.758385181427002,2.6462059020996094,1151988
1987-07-07,4.733601093292236,4.745993137359619,4.659252166748047,4.708817958831787,2.618640899658203,2107270
1987-07-08,4.684034824371338,4.733601093292236,4.609684944152832,4.696425914764404,2.6117501258850098,1630133
1987-07-09,4.634468078613281,4.684034824371338,4.622076988220215,4.646860122680664,2.584183931350708,1500005
1987-07-10,4.646860122680664,4.659252166748047,4.535335063934326,4.609684944152832,2.563512086868286,822128
1987-07-13,4.560119152069092,4.584901809692383,4.460986137390137,4.572509765625,2.542836904525757,1584740
1987-07-14,4.609684944152832,4.745993137359619,4.597292900085449,4.733601093292236,2.63242244720459,1838943
1987-07-15,4.758385181427002,4.857518196105957,4.758385181427002,4.807950973510742,2.6737711429595947,2434103
1987-07-16,4.857518196105957,4.857518196105957,4.77077579498291,4.795558929443359,2.666877508163452,788839
1987-07-17,4.882300853729248,4.882300853729248,4.758385181427002,4.807950973510742,2.6737711429595947,1886354
1987-07-20,4.758385181427002,4.758385181427002,4.659252166748047,4.708817958831787,2.618640899658203,1890389
1987-07-21,4.708817958831787,4.708817958831787,4.634468078613281,4.659252166748047,2.591076135635376,2707473
1987-07-22,4.646860122680664,4.646860122680664,4.597292900085449,4.634468078613281,2.5772945880889893,582046
1987-07-23,4.659252166748047,4.671642780303955,4.52294397354126,4.560119152069092,2.535947561264038,966378
1987-07-24,4.560119152069092,4.609684944152832,4.510551929473877,4.584901809692383,2.549729347229004,1266985
1987-07-27,4.597292900085449,4.609684944152832,4.560119152069092,4.560119152069092,2.535947561264038,441831
1987-07-28,4.560119152069092,4.708817958831787,4.560119152069092,4.708817958831787,2.618640899658203,3093823
1987-07-29,4.733601093292236,4.733601093292236,4.684034824371338,4.708817958831787,2.618640899658203,1100542
1987-07-30,4.733601093292236,4.758385181427002,4.312285900115967,4.659252166748047,2.591076135635376,2017491
1987-07-31,4.659252166748047,4.659252166748047,4.609684944152832,4.622076988220215,2.570401430130005,601212
1987-08-03,4.634468078613281,4.659252166748047,4.634468078613281,4.646860122680664,2.584183931350708,1541363
1987-08-04,4.646860122680664,4.659252166748047,4.634468078613281,4.659252166748047,2.591076135635376,853399
1987-08-05,4.659252166748047,4.671642780303955,4.646860122680664,4.671642780303955,2.5979676246643066,1491935
1987-08-06,4.671642780303955,4.783167839050293,4.634468078613281,4.783167839050293,2.659987211227417,2309019
1987-08-07,4.832734107971191,4.869908809661865,4.795558929443359,4.845126152038574,2.694444179534912,2041701
1987-08-10,4.857518196105957,5.043392181396484,4.832734107971191,5.006217002868652,2.784026861190796,2042710
1987-08-11,5.043392181396484,5.1425251960754395,4.944259166717529,5.055784225463867,2.8115952014923096,2957642
1987-08-12,5.055784225463867,5.092957973480225,4.981433868408203,5.018609046936035,2.7909188270568848,2605590
1987-08-13,5.068174839019775,5.2416582107543945,4.981433868408203,5.2416582107543945,2.914961814880371,3705123
1987-08-14,5.2044830322265625,5.303616046905518,5.179699897766113,5.216875076293945,2.9011781215667725,2480506
1987-08-17,5.2044830322265625,5.2416582107543945,5.080566883087158,5.11774206161499,2.8460493087768555,1303299
1987-08-18,5.080566883087158,5.105350017547607,4.96904182434082,5.105350017547607,2.8391568660736084,1452594
1987-08-19,5.105350017547607,5.229266166687012,5.092957973480225,5.229266166687012,2.908068895339966,986553
1987-08-20,5.328399181365967,5.353182792663574,5.2416582107543945,5.328399181365967,2.96319842338562,2059859
1987-08-21,5.34079122543335,5.39035701751709,5.291224002838135,5.353182792663574,2.9769809246063232,1040017
1987-08-24,5.328399181365967,5.34079122543335,5.229266166687012,5.303616046905518,2.949415683746338,1131813
1987-08-25,5.303616046905518,5.402749061584473,5.254049777984619,5.291224002838135,2.9425249099731445,1934774
1987-08-26,5.278832912445068,5.328399181365967,5.179699897766113,5.229266166687012,2.908068895339966,2302966
1987-08-27,5.278832912445068,5.278832912445068,5.154916763305664,5.179699897766113,2.880504608154297,1292203
1987-08-28,5.154916763305664,5.229266166687012,5.130133152008057,5.154916763305664,2.8667218685150146,1613993
1987-08-31,5.105350017547607,5.154916763305664,5.055784225463867,5.055784225463867,2.8115952014923096,2211171
1987-09-01,5.080566883087158,5.080566883087158,4.857518196105957,4.944259166717529,2.7495720386505127,2670150
1987-09-02,4.96904182434082,4.96904182434082,4.845126152038574,4.8946919441223145,2.7220077514648438,2140558
1987-09-03,4.956651210784912,5.031000137329102,4.9318671226501465,4.956651210784912,2.7564618587493896,3620388
1987-09-04,5.006217002868652,5.055784225463867,4.91947603225708,4.944259166717529,2.7495720386505127,1414261
1987-09-08,4.96904182434082,5.006217002868652,4.869908809661865,4.8946919441223145,2.7220077514648438,2086086
1987-09-09,4.882300853729248,4.956651210784912,4.832734107971191,4.882300853729248,2.7151169776916504,1360798
1987-09-10,4.9318671226501465,4.956651210784912,4.882300853729248,4.956651210784912,2.7564618587493896,2514803
1987-09-11,4.956651210784912,5.043392181396484,4.944259166717529,5.006217002868652,2.784026861190796,1350711
1987-09-14,5.031000137329102,5.055784225463867,4.956651210784912,5.031000137329102,2.8039166927337646,862478
1987-09-15,5.018609046936035,5.018609046936035,4.907083988189697,4.907083988189697,2.734853982925415,1102559
1987-09-16,4.907083988189697,4.981433868408203,4.869908809661865,4.882300853729248,2.721041679382324,833224
1987-09-17,4.882300853729248,4.8946919441223145,4.733601093292236,4.857518196105957,2.7072277069091797,1626098
1987-09-18,4.8946919441223145,5.006217002868652,4.882300853729248,4.956651210784912,2.7624776363372803,1370885
1987-09-21,5.006217002868652,5.043392181396484,4.882300853729248,4.91947603225708,2.7417609691619873,1642238
1987-09-22,4.907083988189697,5.105350017547607,4.857518196105957,5.105350017547607,2.8453526496887207,1222600
1987-09-23,5.105350017547607,5.2044830322265625,5.055784225463867,5.2044830322265625,2.900602340698242,5206137
1987-09-24,5.179699897766113,5.2044830322265625,5.105350017547607,5.154916763305664,2.8729774951934814,1801620
1987-09-25,5.179699897766113,5.2044830322265625,5.055784225463867,5.055784225463867,2.8177297115325928,1006728
1987-09-28,5.055784225463867,5.1673078536987305,5.031000137329102,5.105350017547607,2.8453526496887207,2047754
1987-09-29,5.105350017547607,5.154916763305664,5.080566883087158,5.080566883087158,2.831540107727051,1821795
1987-09-30,5.080566883087158,5.105350017547607,4.956651210784912,4.96904182434082,2.7693841457366943,948221
1987-10-01,4.956651210784912,5.130133152008057,4.956651210784912,5.130133152008057,2.859165906906128,1171154
1987-10-02,5.19209098815918,5.216875076293945,5.154916763305664,5.19209098815918,2.8936944007873535,831206
1987-10-05,5.1673078536987305,5.1673078536987305,5.105350017547607,5.154916763305664,2.8729774951934814,656693
1987-10-06,5.130133152008057,5.154916763305664,5.031000137329102,5.154916763305664,2.8729774951934814,1897451
1987-10-07,5.105350017547607,5.105350017547607,4.907083988189697,4.9938249588012695,2.7831969261169434,2180908
1987-10-08,5.055784225463867,5.055784225463867,4.807950973510742,4.857518196105957,2.7072277069091797,1283125
1987-10-09,4.857518196105957,4.882300853729248,4.733601093292236,4.758385181427002,2.651979446411133,1809690
1987-10-12,4.783167839050293,4.783167839050293,4.460986137390137,4.510551929473877,2.5138542652130127,3831216
1987-10-13,4.659252166748047,4.684034824371338,4.485768795013428,4.597292900085449,2.5621979236602783,3109963
1987-10-14,4.609684944152832,4.659252166748047,4.374244213104248,4.448594093322754,2.4793248176574707,2547083
1987-10-15,4.361853122711182,4.560119152069092,4.287502765655518,4.32467794418335,2.410262107849121,2822470
1987-10-16,4.361853122711182,4.485768795013428,4.163586139678955,4.2255449295043945,2.3550124168395996,7162095
1987-10-19,3.965320110321045,4.200760841369629,3.19704008102417,3.19704008102417,1.7817987203598022,8136543
1987-10-20,4.163586139678955,4.188370227813721,3.2466061115264893,3.7670540809631348,2.0994842052459717,9052484
1987-10-21,3.6679210662841797,4.200760841369629,3.6679210662841797,3.9405369758605957,2.196169137954712,5215215
1987-10-22,3.7422709465026855,3.9901039600372314,3.6679210662841797,3.692704916000366,2.058046817779541,5592486
1987-10-23,3.6183550357818604,3.7670540809631348,3.593571901321411,3.7670540809631348,2.0994842052459717,3516488
1987-10-26,3.692704916000366,3.7050960063934326,3.5440049171447754,3.5811800956726074,1.9958912134170532,2643923
1987-10-27,3.5811800956726074,3.7670540809631348,3.5811800956726074,3.7546629905700684,2.0925774574279785,3144260
1987-10-28,3.6183550357818604,4.114019870758057,3.593571901321411,3.8785789012908936,2.1616404056549072,3656703
1987-10-29,3.9777119159698486,4.1264119148254395,3.8166210651397705,4.101627826690674,2.2859504222869873,5590469
1987-10-30,4.26271915435791,4.361853122711182,4.138803005218506,4.188370227813721,2.3342947959899902,4402166
1987-11-02,4.138803005218506,4.26271915435791,4.114019870758057,4.213152885437012,2.3481061458587646,1816751
1987-11-03,4.163586139678955,4.163586139678955,3.9901039600372314,4.138803005218506,2.306669235229492,2687299
1987-11-04,4.014886856079102,4.101627826690674,3.965320110321045,4.052062034606934,2.258326292037964,1565573
1987-11-05,4.039669990539551,4.163586139678955,4.039669990539551,4.163586139678955,2.320481538772583,1527241
1987-11-06,4.151195049285889,4.237936019897461,3.9405369758605957,4.014886856079102,2.2376060485839844,2493619
1987-11-09,3.8909709453582764,3.9529290199279785,3.8166210651397705,3.8537960052490234,2.1478278636932373,1597853
1987-11-10,3.7670540809631348,3.8537960052490234,3.7174880504608154,3.8166210651397705,2.127108335494995,1376938
1987-11-11,3.9157540798187256,3.965320110321045,3.8414039611816406,3.8909709453582764,2.168545961380005,806997
1987-11-12,4.039669990539551,4.163586139678955,4.014886856079102,4.138803005218506,2.306669235229492,1525224
1987-11-13,4.114019870758057,4.188370227813721,4.101627826690674,4.138803005218506,2.306669235229492,2848698
1987-11-16,4.213152885437012,4.337069034576416,4.163586139678955,4.287502765655518,2.389542579650879,1873241
1987-11-17,4.287502765655518,4.287502765655518,4.114019870758057,4.200760841369629,2.341200113296509,1881311
1987-11-18,4.213152885437012,4.237936019897461,4.1264119148254395,4.151195049285889,2.313575506210327,1211504
1987-11-19,4.151195049285889,4.200760841369629,4.064453125,4.064453125,2.2652318477630615,1865171
1987-11-20,4.014886856079102,4.213152885437012,4.014886856079102,4.163586139678955,2.320481538772583,1399130
1987-11-23,4.138803005218506,4.237936019897461,4.114019870758057,4.200760841369629,2.341200113296509,575994
1987-11-24,4.213152885437012,4.337069034576416,4.213152885437012,4.337069034576416,2.4171676635742188,1171154
1987-11-25,4.287502765655518,4.361853122711182,4.2255449295043945,4.2255449295043945,2.3550124168395996,1039008
1987-11-27,4.237936019897461,4.237936019897461,4.089237213134766,4.089237213134766,2.2790446281433105,472093
1987-11-30,4.014886856079102,4.014886856079102,3.7422709465026855,3.8909709453582764,2.168545961380005,2388710
1987-12-01,3.9405369758605957,3.9529290199279785,3.8909709453582764,3.9157540798187256,2.1823577880859375,1674518
1987-12-02,3.9281458854675293,3.9529290199279785,3.8785789012908936,3.9405369758605957,2.196169137954712,1789515
1987-12-03,3.9405369758605957,3.9529290199279785,3.7794458866119385,3.8290131092071533,2.1340150833129883,1735043
1987-12-04,3.7670540809631348,3.86618709564209,3.7670540809631348,3.86618709564209,2.1547317504882812,1920652
1987-12-07,3.8414039611816406,4.014886856079102,3.8414039611816406,4.014886856079102,2.2376060485839844,689982
1987-12-08,4.014886856079102,4.188370227813721,4.014886856079102,4.163586139678955,2.320481538772583,1857101
1987-12-09,4.213152885437012,4.26271915435791,4.175978183746338,4.2255449295043945,2.3550124168395996,1440489
1987-12-10,4.064453125,4.26271915435791,4.064453125,4.163586139678955,2.320481538772583,2087095
1987-12-11,4.163586139678955,4.213152885437012,4.076845169067383,4.076845169067383,2.2721385955810547,904845
1987-12-14,4.064453125,4.361853122711182,4.014886856079102,4.312285900115967,2.409799575805664,1867188
1987-12-15,4.312285900115967,4.399026870727539,4.312285900115967,4.361853122711182,2.4374988079071045,1982185
1987-12-16,4.436202049255371,4.448594093322754,4.374244213104248,4.436202049255371,2.4790453910827637,2015474
1987-12-17,4.460986137390137,4.52294397354126,4.374244213104248,4.411418914794922,2.4651973247528076,2083060
1987-12-18,4.485768795013428,4.485768795013428,4.411418914794922,4.448594093322754,2.485971212387085,3244126
1987-12-21,4.423810958862305,4.485768795013428,4.423810958862305,4.436202049255371,2.4790453910827637,730332
1987-12-22,4.436202049255371,4.498159885406494,4.423810958862305,4.498159885406494,2.5136687755584717,3219916
1987-12-23,4.485768795013428,4.609684944152832,4.485768795013428,4.510551929473877,2.52059268951416,1895433
1987-12-24,4.498159885406494,4.535335063934326,4.361853122711182,4.436202049255371,2.4790453910827637,1259923
1987-12-28,4.312285900115967,4.374244213104248,4.26271915435791,4.32467794418335,2.4167237281799316,749498
1987-12-29,4.349461078643799,4.386635780334473,4.312285900115967,4.337069034576416,2.423647403717041,468058
1987-12-30,4.337069034576416,4.448594093322754,4.32467794418335,4.448594093322754,2.485971212387085,623405
1987-12-31,4.411418914794922,4.460986137390137,4.374244213104248,4.448594093322754,2.485971212387085,759586
1988-01-04,4.460986137390137,4.498159885406494,4.436202049255371,4.473377227783203,2.499819755554199,1867188
1988-01-05,4.485768795013428,4.535335063934326,4.411418914794922,4.411418914794922,2.4651973247528076,2411911
1988-01-06,4.460986137390137,4.460986137390137,4.374244213104248,4.374244213104248,2.444422721862793,1982185
1988-01-07,4.349461078643799,4.361853122711182,4.26271915435791,4.361853122711182,2.4374988079071045,1517154
1988-01-08,4.361853122711182,4.361853122711182,3.9901039600372314,3.9901039600372314,2.2297568321228027,2630809
1988-01-11,4.089237213134766,4.138803005218506,3.9157540798187256,4.002494812011719,2.2366812229156494,3251187
1988-01-12,3.9777119159698486,3.9777119159698486,3.7794458866119385,3.86618709564209,2.1605076789855957,4903513
1988-01-13,3.8909709453582764,3.8909709453582764,3.7794458866119385,3.8537960052490234,2.1535861492156982,3082727
1988-01-14,3.8537960052490234,3.9157540798187256,3.8166210651397705,3.9033620357513428,2.1812827587127686,4145945
1988-01-15,4.114019870758057,4.163586139678955,4.064453125,4.101627826690674,2.2920782566070557,5808358
1988-01-18,4.1264119148254395,4.163586139678955,4.089237213134766,4.163586139678955,2.32670259475708,2027579
1988-01-19,4.114019870758057,4.188370227813721,4.076845169067383,4.138803005218506,2.312852621078491,1149970
1988-01-20,4.138803005218506,4.138803005218506,3.9157540798187256,3.965320110321045,2.215907096862793,2318098
1988-01-21,4.014886856079102,4.014886856079102,3.9529290199279785,3.9901039600372314,2.2297568321228027,1979159
1988-01-22,4.002494812011719,4.188370227813721,4.002494812011719,4.175978183746338,2.333627462387085,1475795
1988-01-25,4.213152885437012,4.237936019897461,4.163586139678955,4.237936019897461,2.368251323699951,1967054
1988-01-26,4.213152885437012,4.237936019897461,4.175978183746338,4.175978183746338,2.333627462387085,500338
1988-01-27,4.175978183746338,4.237936019897461,4.101627826690674,4.138803005218506,2.312852621078491,1659387
1988-01-28,4.138803005218506,4.213152885437012,4.138803005218506,4.213152885437012,2.354400396347046,1848022
1988-01-29,4.213152885437012,4.250328063964844,4.213152885437012,4.237936019897461,2.368251323699951,1704780
1988-02-01,4.275111198425293,4.299893856048584,4.2255449295043945,4.237936019897461,2.368251323699951,885679
1988-02-02,4.237936019897461,4.26271915435791,4.138803005218506,4.188370227813721,2.3405520915985107,928046
1988-02-03,4.188370227813721,4.200760841369629,4.039669990539551,4.064453125,2.27130389213562,1702763
1988-02-04,4.052062034606934,4.101627826690674,3.9901039600372314,4.064453125,2.27130389213562,1107603
1988-02-05,4.089237213134766,4.1264119148254395,4.064453125,4.089237213134766,2.285154342651367,782787
1988-02-08,4.064453125,4.076845169067383,4.014886856079102,4.039669990539551,2.257455825805664,730332
1988-02-09,4.076845169067383,4.089237213134766,4.027278900146484,4.064453125,2.27130389213562,713183
1988-02-10,4.089237213134766,4.2255449295043945,4.064453125,4.163586139678955,2.32670259475708,1138874
1988-02-11,4.163586139678955,4.287502765655518,4.138803005218506,4.26271915435791,2.3821001052856445,2632826
1988-02-12,4.26271915435791,4.312285900115967,4.237936019897461,4.299893856048584,2.402873992919922,1844996
1988-02-16,4.337069034576416,4.361853122711182,4.237936019897461,4.32467794418335,2.4167237281799316,1270011
1988-02-17,4.349461078643799,4.411418914794922,4.312285900115967,4.337069034576416,2.423647403717041,1649299
1988-02-18,4.349461078643799,4.361853122711182,4.26271915435791,4.26271915435791,2.3821001052856445,1285142
1988-02-19,4.237936019897461,4.237936019897461,4.175978183746338,4.213152885437012,2.354400396347046,1126769
1988-02-22,4.188370227813721,4.237936019897461,4.151195049285889,4.237936019897461,2.368251323699951,2109287
1988-02-23,4.237936019897461,4.312285900115967,4.213152885437012,4.299893856048584,2.402873992919922,2273713
1988-02-24,4.299893856048584,4.312285900115967,4.250328063964844,4.26271915435791,2.3821001052856445,2037666
1988-02-25,4.287502765655518,4.386635780334473,4.275111198425293,4.312285900115967,2.409799575805664,5109297
1988-02-26,4.32467794418335,4.448594093322754,4.32467794418335,4.411418914794922,2.4651973247528076,2040693
1988-02-29,4.460986137390137,4.597292900085449,4.436202049255371,4.597292900085449,2.569066286087036,3738412
1988-03-01,4.622076988220215,4.646860122680664,4.584901809692383,4.584901809692383,2.5621426105499268,2478488
1988-03-02,4.584901809692383,4.659252166748047,4.560119152069092,4.560119152069092,2.5482943058013916,1378955
1988-03-03,4.572509765625,4.646860122680664,4.547727108001709,4.646860122680664,2.5967657566070557,687965
1988-03-04,4.622076988220215,4.684034824371338,4.560119152069092,4.646860122680664,2.5967657566070557,1107603
1988-03-07,4.622076988220215,4.659252166748047,4.584901809692383,4.659252166748047,2.6036906242370605,1047078
1988-03-08,4.659252166748047,4.684034824371338,4.646860122680664,4.646860122680664,2.5967657566070557,1534302
1988-03-09,4.646860122680664,4.671642780303955,4.622076988220215,4.659252166748047,2.6036906242370605,945195
1988-03-10,4.671642780303955,4.671642780303955,4.460986137390137,4.460986137390137,2.4928956031799316,3463024
1988-03-11,4.473377227783203,4.498159885406494,4.436202049255371,4.473377227783203,2.499819755554199,1112647
1988-03-14,4.460986137390137,4.485768795013428,4.460986137390137,4.473377227783203,2.499819755554199,447883
1988-03-15,4.460986137390137,4.498159885406494,4.436202049255371,4.460986137390137,2.4989852905273438,1619037
1988-03-16,4.460986137390137,4.498159885406494,4.448594093322754,4.485768795013428,2.5128684043884277,1391060
1988-03-17,4.460986137390137,4.584901809692383,4.460986137390137,4.547727108001709,2.547577381134033,3315747
1988-03-18,4.560119152069092,4.560119152069092,4.485768795013428,4.535335063934326,2.540634870529175,2864838
1988-03-21,4.510551929473877,4.510551929473877,4.436202049255371,4.448594093322754,2.4920425415039062,1011772
1988-03-22,4.473377227783203,4.485768795013428,4.374244213104248,4.399026870727539,2.4642763137817383,1355754
1988-03-23,4.423810958862305,4.423810958862305,4.349461078643799,4.386635780334473,2.457335948944092,1278081
1988-03-24,4.312285900115967,4.32467794418335,4.26271915435791,4.26271915435791,2.387918472290039,1144926
1988-03-25,4.237936019897461,4.312285900115967,4.213152885437012,4.213152885437012,2.360152244567871,1270011
1988-03-28,4.200760841369629,4.26271915435791,4.138803005218506,4.163586139678955,2.3323862552642822,2286827
1988-03-29,4.188370227813721,4.250328063964844,4.188370227813721,4.2255449295043945,2.367093563079834,1138874
1988-03-30,4.237936019897461,4.237936019897461,4.163586139678955,4.163586139678955,2.3323862552642822,909889
1988-03-31,4.138803005218506,4.213152885437012,4.1264119148254395,4.213152885437012,2.360152244567871,1213521
1988-04-04,4.163586139678955,4.188370227813721,4.027278900146484,4.027278900146484,2.256028652191162,1724955
1988-04-05,4.064453125,4.089237213134766,4.039669990539551,4.089237213134766,2.290736436843872,2880978
1988-04-06,4.076845169067383,4.089237213134766,4.039669990539551,4.064453125,2.2768521308898926,3842312
1988-04-07,4.163586139678955,4.237936019897461,4.114019870758057,4.200760841369629,2.353210210800171,1830873
1988-04-08,4.2255449295043945,4.411418914794922,4.2255449295043945,4.374244213104248,2.4503941535949707,1814734
1988-04-11,4.374244213104248,4.399026870727539,4.337069034576416,4.386635780334473,2.457335948944092,1245801
1988-04-12,4.423810958862305,4.423810958862305,4.337069034576416,4.423810958862305,2.478159189224243,1540355
1988-04-13,4.411418914794922,4.423810958862305,4.337069034576416,4.399026870727539,2.4642763137817383,1850040
1988-04-14,4.26271915435791,4.32467794418335,4.188370227813721,4.237936019897461,2.374035358428955,2280774
1988-04-15,4.213152885437012,4.213152885437012,4.101627826690674,4.151195049285889,2.3254432678222656,1848022
1988-04-18,4.101627826690674,4.114019870758057,4.052062034606934,4.076845169067383,2.28379487991333,1787497
1988-04-19,4.089237213134766,4.114019870758057,4.039669990539551,4.052062034606934,2.2699108123779297,2919310
1988-04-20,4.027278900146484,4.076845169067383,4.027278900146484,4.052062034606934,2.2699108123779297,1141900
1988-04-21,4.052062034606934,4.089237213134766,4.027278900146484,4.064453125,2.2768521308898926,2580372
1988-04-22,4.064453125,4.064453125,3.9901039600372314,4.052062034606934,2.2699108123779297,2566249
1988-04-25,4.052062034606934,4.064453125,4.039669990539551,4.064453125,2.2768521308898926,971422
1988-04-26,4.064453125,4.1264119148254395,4.052062034606934,4.101627826690674,2.2976770401000977,2774051
1988-04-27,4.089237213134766,4.151195049285889,4.052062034606934,4.052062034606934,2.2699108123779297,1534302
1988-04-28,4.076845169067383,4.076845169067383,4.002494812011719,4.027278900146484,2.256028652191162,1208477
1988-04-29,4.002494812011719,4.002494812011719,3.9157540798187256,3.965320110321045,2.2213187217712402,2371561
1988-05-02,3.965320110321045,3.965320110321045,3.9033620357513428,3.9529290199279785,2.2143778800964355,2312045
1988-05-03,3.9529290199279785,4.039669990539551,3.9405369758605957,3.9901039600372314,2.235203742980957,2572302
1988-05-04,4.027278900146484,4.027278900146484,3.965320110321045,4.002494812011719,2.2421445846557617,1756226
1988-05-05,3.9901039600372314,3.9901039600372314,3.9405369758605957,3.9529290199279785,2.2143778800964355,2431077
1988-05-06,3.9281458854675293,3.9777119159698486,3.9281458854675293,3.9405369758605957,2.2074360847473145,1366850
1988-05-09,3.965320110321045,3.965320110321045,3.8785789012908936,3.9157540798187256,2.1935527324676514,2227311
1988-05-10,3.8909709453582764,3.9281458854675293,3.8166210651397705,3.8785789012908936,2.1727278232574463,2244459
1988-05-11,3.8414039611816406,3.86618709564209,3.7918379306793213,3.8414039611816406,2.151902914047241,2168803
1988-05-12,3.8537960052490234,3.9157540798187256,3.8290131092071533,3.86618709564209,2.165785074234009,1957975
1988-05-13,3.86618709564209,3.9405369758605957,3.86618709564209,3.9281458854675293,2.2004947662353516,1378955
1988-05-16,3.9157540798187256,3.9281458854675293,3.8414039611816406,3.86618709564209,2.165785074234009,2160733
1988-05-17,3.9157540798187256,3.9157540798187256,3.86618709564209,3.8785789012908936,2.1727278232574463,1330536
1988-05-18,3.8414039611816406,3.86618709564209,3.7298800945281982,3.7422709465026855,2.096369981765747,5717571
1988-05-19,3.7422709465026855,3.7670540809631348,3.6431379318237305,3.6803131103515625,2.061661958694458,3955292
1988-05-20,3.692704916000366,3.7298800945281982,3.6679210662841797,3.7298800945281982,2.0894291400909424,2780103
1988-05-23,3.7298800945281982,3.7298800945281982,3.6431379318237305,3.7174880504608154,2.082486867904663,1112647
1988-05-24,3.7050960063934326,3.7298800945281982,3.6803131103515625,3.7298800945281982,2.0894291400909424,1692675
1988-05-25,3.7174880504608154,3.7174880504608154,3.6183550357818604,3.6183550357818604,2.026954412460327,2535987
1988-05-26,3.6431379318237305,3.692704916000366,3.593571901321411,3.692704916000366,2.0686042308807373,2477479
1988-05-27,3.6803131103515625,3.692704916000366,3.6679210662841797,3.692704916000366,2.0686042308807373,923002
1988-05-31,3.7050960063934326,3.8537960052490234,3.7050960063934326,3.8414039611816406,2.151902914047241,1251853
1988-06-01,3.8414039611816406,3.9901039600372314,3.8166210651397705,3.965320110321045,2.2213187217712402,4265986
1988-06-02,3.9405369758605957,3.9405369758605957,3.8909709453582764,3.9157540798187256,2.1935527324676514,2762955
1988-06-03,3.8909709453582764,3.9405369758605957,3.86618709564209,3.9405369758605957,2.2074360847473145,1797585
1988-06-06,3.9405369758605957,3.9901039600372314,3.9033620357513428,3.965320110321045,2.2213187217712402,973440
1988-06-07,3.9405369758605957,4.039669990539551,3.9157540798187256,3.9901039600372314,2.235203742980957,3882662
1988-06-08,3.9777119159698486,4.114019870758057,3.9777119159698486,4.089237213134766,2.290736436843872,3386359
1988-06-09,4.076845169067383,4.114019870758057,4.064453125,4.114019870758057,2.3046181201934814,3200750
1988-06-10,4.064453125,4.1264119148254395,4.052062034606934,4.089237213134766,2.290736436843872,2498663
1988-06-13,4.076845169067383,4.101627826690674,4.052062034606934,4.064453125,2.2768521308898926,1233696
1988-06-14,4.064453125,4.151195049285889,4.064453125,4.089237213134766,2.2980237007141113,3572977
1988-06-15,4.101627826690674,4.101627826690674,3.9777119159698486,4.014886856079102,2.2562413215637207,2762955
1988-06-16,4.002494812011719,4.002494812011719,3.8785789012908936,3.9281458854675293,2.2074949741363525,2077007
1988-06-17,3.9033620357513428,3.965320110321045,3.9033620357513428,3.9281458854675293,2.2074949741363525,2754885
1988-06-20,3.9157540798187256,3.9281458854675293,3.8785789012908936,3.9033620357513428,2.1935677528381348,877609
1988-06-21,3.9281458854675293,3.9281458854675293,3.8785789012908936,3.9033620357513428,2.1935677528381348,2147620
1988-06-22,3.9281458854675293,3.9901039600372314,3.8909709453582764,3.9777119159698486,2.2353506088256836,3414604
1988-06-23,4.014886856079102,4.200760841369629,4.014886856079102,4.200760841369629,2.3606972694396973,3355088
1988-06-24,4.175978183746338,4.200760841369629,4.1264119148254395,4.163586139678955,2.339805841445923,1876267
1988-06-27,4.089237213134766,4.114019870758057,4.027278900146484,4.027278900146484,2.2632055282592773,814058
1988-06-28,4.027278900146484,4.039669990539551,3.965320110321045,3.965320110321045,2.2283856868743896,2219241
1988-06-29,3.9901039600372314,3.9901039600372314,3.9157540798187256,3.9405369758605957,2.21445894241333,2128453
1988-06-30,3.9529290199279785,4.014886856079102,3.9281458854675293,4.014886856079102,2.2562413215637207,1904512
1988-07-01,4.039669990539551,4.039669990539551,3.9157540798187256,3.965320110321045,2.2283856868743896,1395095
1988-07-05,3.8785789012908936,3.965320110321045,3.8785789012908936,3.965320110321045,2.2283856868743896,1941835
1988-07-06,3.965320110321045,3.9901039600372314,3.9405369758605957,3.965320110321045,2.2283856868743896,1867188
1988-07-07,3.9281458854675293,4.039669990539551,3.9033620357513428,4.027278900146484,2.2632055282592773,3731350
1988-07-08,4.027278900146484,4.052062034606934,3.9777119159698486,4.002494812011719,2.249277353286743,3847356
1988-07-11,4.014886856079102,4.014886856079102,3.9405369758605957,3.9901039600372314,2.2423155307769775,1664430
1988-07-12,3.9901039600372314,3.9901039600372314,3.86618709564209,3.9033620357513428,2.1935677528381348,1918634
1988-07-13,3.9033620357513428,3.9281458854675293,3.8042290210723877,3.9157540798187256,2.2005324363708496,3225969
1988-07-14,3.9033620357513428,3.9033620357513428,3.8414039611816406,3.86618709564209,2.1726765632629395,823136
1988-07-15,3.8414039611816406,3.8785789012908936,3.8414039611816406,3.8414039611816406,2.1587493419647217,3703106
1988-07-18,3.8166210651397705,3.8537960052490234,3.7918379306793213,3.8414039611816406,2.1587493419647217,944186
1988-07-19,3.8414039611816406,3.8537960052490234,3.7298800945281982,3.8042290210723877,2.1378583908081055,2372570
1988-07-20,3.7918379306793213,3.8290131092071533,3.7670540809631348,3.7918379306793213,2.1308956146240234,1349702
1988-07-21,3.7670540809631348,3.7670540809631348,3.7050960063934326,3.7546629905700684,2.1100034713745117,2783129
1988-07-22,3.7422709465026855,3.7670540809631348,3.7174880504608154,3.7298800945281982,2.0960772037506104,1241766
1988-07-25,3.7298800945281982,3.7794458866119385,3.7174880504608154,3.7794458866119385,2.123931884765625,753533
1988-07-26,3.7298800945281982,3.7918379306793213,3.7298800945281982,3.7670540809631348,2.11696720123291,1935783
1988-07-27,3.7670540809631348,3.8042290210723877,3.7546629905700684,3.7546629905700684,2.1100034713745117,2219241
1988-07-28,3.7422709465026855,3.86618709564209,3.7422709465026855,3.8414039611816406,2.1587493419647217,1998325
1988-07-29,3.86618709564209,3.9033620357513428,3.8414039611816406,3.9033620357513428,2.1935677528381348,1299264
1988-08-01,3.8909709453582764,3.9033620357513428,3.8166210651397705,3.86618709564209,2.1726765632629395,1005719
1988-08-02,3.8414039611816406,3.86618709564209,3.7794458866119385,3.8166210651397705,2.144822120666504,1103568
1988-08-03,3.8290131092071533,3.8537960052490234,3.7918379306793213,3.8166210651397705,2.144822120666504,1628116
1988-08-04,3.8166210651397705,3.8537960052490234,3.8166210651397705,3.8414039611816406,2.1587493419647217,1095498
1988-08-05,3.8537960052490234,3.8537960052490234,3.7670540809631348,3.8166210651397705,2.144822120666504,2601555
1988-08-08,3.7918379306793213,3.8414039611816406,3.7918379306793213,3.7918379306793213,2.1308956146240234,969405
1988-08-09,3.7794458866119385,3.7918379306793213,3.7298800945281982,3.7670540809631348,2.11696720123291,1751183
1988-08-10,3.7422709465026855,3.7670540809631348,3.7422709465026855,3.7670540809631348,2.11696720123291,1401148
1988-08-11,3.8042290210723877,3.8166210651397705,3.7546629905700684,3.7794458866119385,2.123931884765625,1821795
1988-08-12,3.7794458866119385,3.7918379306793213,3.7546629905700684,3.7794458866119385,2.123931884765625,675860
1988-08-15,3.7546629905700684,3.7918379306793213,3.7546629905700684,3.7670540809631348,2.11696720123291,2858785
1988-08-16,3.7422709465026855,3.86618709564209,3.7298800945281982,3.8166210651397705,2.144822120666504,1653334
1988-08-17,3.8290131092071533,3.8290131092071533,3.7298800945281982,3.7422709465026855,2.1030402183532715,1831882
1988-08-18,3.7298800945281982,3.7670540809631348,3.7174880504608154,3.7422709465026855,2.1030402183532715,3395438
1988-08-19,3.7298800945281982,3.7918379306793213,3.7174880504608154,3.7670540809631348,2.11696720123291,3710167
1988-08-22,3.7670540809631348,3.7670540809631348,3.7174880504608154,3.7298800945281982,2.0960772037506104,1904512
1988-08-23,3.692704916000366,3.7174880504608154,3.6679210662841797,3.692704916000366,2.075185537338257,1429393
1988-08-24,3.692704916000366,3.7422709465026855,3.6803131103515625,3.7298800945281982,2.0960772037506104,937125
1988-08-25,3.7174880504608154,3.7918379306793213,3.7050960063934326,3.7546629905700684,2.1100034713745117,1461673
1988-08-26,3.7298800945281982,3.7794458866119385,3.7298800945281982,3.7546629905700684,2.1100034713745117,564898
1988-08-29,3.7794458866119385,3.8166210651397705,3.7546629905700684,3.8166210651397705,2.144822120666504,1014798
1988-08-30,3.8042290210723877,3.8042290210723877,3.5440049171447754,3.556396961212158,1.998584270477295,17894140
1988-08-31,3.6059629917144775,3.6183550357818604,3.5811800956726074,3.593571901321411,2.0194754600524902,7297266
1988-09-01,3.5811800956726074,3.5811800956726074,3.4696550369262695,3.4820470809936523,1.9568026065826416,5555163
1988-09-02,3.5192220211029053,3.5440049171447754,3.4696550369262695,3.494438886642456,1.963765025138855,5597530
1988-09-06,3.5068299770355225,3.5440049171447754,3.4820470809936523,3.4820470809936523,1.9568026065826416,2336255
1988-09-07,3.494438886642456,3.494438886642456,3.432481050491333,3.457263946533203,1.9428750276565552,3696044
1988-09-08,3.4448719024658203,3.531614065170288,3.4448719024658203,3.5068299770355225,1.9707293510437012,3008080
1988-09-09,3.4820470809936523,3.6431379318237305,3.4820470809936523,3.6183550357818604,2.0334017276763916,3486225
1988-09-12,3.6183550357818604,3.7918379306793213,3.6183550357818604,3.692704916000366,2.075185537338257,2460331
1988-09-13,3.6431379318237305,3.6555299758911133,3.6059629917144775,3.630747079849243,2.047513961791992,2437130
1988-09-14,3.6431379318237305,3.6555299758911133,3.494438886642456,3.556396961212158,2.0055854320526123,7683616
1988-09-15,3.5687880516052246,3.6679210662841797,3.5192220211029053,3.5687880516052246,2.0125741958618164,4946889
1988-09-16,3.556396961212158,3.6059629917144775,3.5440049171447754,3.6059629917144775,2.0335376262664795,3692009
1988-09-19,3.630747079849243,3.630747079849243,3.5440049171447754,3.6183550357818604,2.0405256748199463,1601888
1988-09-20,3.6059629917144775,3.6555299758911133,3.6059629917144775,3.6059629917144775,2.0335376262664795,1345667
1988-09-21,3.6183550357818604,3.7050960063934326,3.6183550357818604,3.6803131103515625,2.075465440750122,2093147
1988-09-22,3.7050960063934326,3.7794458866119385,3.6555299758911133,3.6803131103515625,2.075465440750122,1972098
1988-09-23,3.6555299758911133,3.6679210662841797,3.5811800956726074,3.6431379318237305,2.054502487182617,2927380
1988-09-26,3.593571901321411,3.6555299758911133,3.593571901321411,3.6555299758911133,2.061490058898926,843311
1988-09-27,3.6679210662841797,3.6803131103515625,3.6431379318237305,3.6679210662841797,2.0684781074523926,2053806
1988-09-28,3.6679210662841797,3.6679210662841797,3.6183550357818604,3.6431379318237305,2.054502487182617,1424349
1988-09-29,3.6555299758911133,3.7546629905700684,3.630747079849243,3.7050960063934326,2.089442491531372,3671834
1988-09-30,3.6803131103515625,3.692704916000366,3.6555299758911133,3.6555299758911133,2.061490058898926,2026570
1988-10-03,3.630747079849243,3.7298800945281982,3.6183550357818604,3.7174880504608154,2.096430778503418,2794226
1988-10-04,3.7174880504608154,3.7670540809631348,3.6679210662841797,3.6679210662841797,2.0684781074523926,1415270
1988-10-05,3.692704916000366,3.7918379306793213,3.6679210662841797,3.7546629905700684,2.1173956394195557,1853066
1988-10-06,3.7918379306793213,3.8166210651397705,3.7174880504608154,3.7422709465026855,2.1104071140289307,1464699
1988-10-07,3.7422709465026855,3.8042290210723877,3.7422709465026855,3.8042290210723877,2.145347833633423,3390394
1988-10-10,3.7794458866119385,3.7918379306793213,3.7174880504608154,3.7298800945281982,2.1034183502197266,828180
1988-10-11,3.7298800945281982,3.7422709465026855,3.6803131103515625,3.7298800945281982,2.1034183502197266,977475
1988-10-12,3.692704916000366,3.7050960063934326,3.6803131103515625,3.692704916000366,2.0824544429779053,1323474
1988-10-13,3.6803131103515625,3.7422709465026855,3.6803131103515625,3.7422709465026855,2.1104071140289307,1638203
1988-10-14,3.7546629905700684,3.7670540809631348,3.7174880504608154,3.7298800945281982,2.1034183502197266,1707806
1988-10-17,3.7298800945281982,3.7670540809631348,3.7174880504608154,3.7670540809631348,2.124382734298706,1846005
1988-10-18,3.7546629905700684,3.8290131092071533,3.7546629905700684,3.8166210651397705,2.1523351669311523,1749165
1988-10-19,3.8414039611816406,3.8414039611816406,3.7670540809631348,3.7794458866119385,2.1313724517822266,2065911
1988-10-20,3.7918379306793213,3.8166210651397705,3.7670540809631348,3.7918379306793213,2.138359546661377,2870890
1988-10-21,3.7918379306793213,3.8042290210723877,3.7050960063934326,3.7422709465026855,2.1104071140289307,3417630
1988-10-24,3.7546629905700684,3.7546629905700684,3.692704916000366,3.692704916000366,2.0824544429779053,2663089
1988-10-25,3.692704916000366,3.692704916000366,3.6679210662841797,3.6679210662841797,2.0684781074523926,1794559
1988-10-26,3.6803131103515625,3.692704916000366,3.6059629917144775,3.6431379318237305,2.054502487182617,1199399
1988-10-27,3.6183550357818604,3.6555299758911133,3.6059629917144775,3.6555299758911133,2.061490058898926,4758254
1988-10-28,3.630747079849243,3.7050960063934326,3.630747079849243,3.692704916000366,2.0824544429779053,5444201
1988-10-31,3.692704916000366,3.7546629905700684,3.6679210662841797,3.7546629905700684,2.1173956394195557,1935783
1988-11-01,3.7422709465026855,3.7546629905700684,3.7050960063934326,3.7174880504608154,2.096430778503418,5099210
1988-11-02,3.7174880504608154,3.7422709465026855,3.7174880504608154,3.7298800945281982,2.1034183502197266,1774384
1988-11-03,3.7298800945281982,3.7422709465026855,3.7174880504608154,3.7174880504608154,2.096430778503418,5751868
1988-11-04,3.692704916000366,3.7794458866119385,3.6679210662841797,3.6679210662841797,2.0684781074523926,2294896
1988-11-07,3.6803131103515625,3.7546629905700684,3.6555299758911133,3.7298800945281982,2.1034183502197266,5288854
1988-11-08,3.7546629905700684,3.7670540809631348,3.692704916000366,3.692704916000366,2.0824544429779053,2188978
1988-11-09,3.692704916000366,3.7298800945281982,3.6679210662841797,3.7298800945281982,2.1034183502197266,1971089
1988-11-10,3.7298800945281982,3.7422709465026855,3.692704916000366,3.7174880504608154,2.096430778503418,2641905
1988-11-11,3.7050960063934326,3.7174880504608154,3.6803131103515625,3.6803131103515625,2.075465440750122,1889381
1988-11-14,3.692704916000366,3.692704916000366,3.6431379318237305,3.6555299758911133,2.061490058898926,1638203
1988-11-15,3.6555299758911133,3.6679210662841797,3.6431379318237305,3.6431379318237305,2.054502487182617,1448559
1988-11-16,3.6679210662841797,3.6679210662841797,3.5811800956726074,3.5811800956726074,2.019561767578125,2353404
1988-11-17,3.593571901321411,3.6431379318237305,3.593571901321411,3.6059629917144775,2.0335376262664795,4504050
1988-11-18,3.6555299758911133,3.692704916000366,3.6183550357818604,3.6555299758911133,2.061490058898926,1260932
1988-11-21,3.630747079849243,3.6555299758911133,3.6183550357818604,3.6431379318237305,2.054502487182617,4618038
1988-11-22,3.6183550357818604,3.6555299758911133,3.6183550357818604,3.6431379318237305,2.054502487182617,3273380
1988-11-23,3.6431379318237305,3.6679210662841797,3.630747079849243,3.6431379318237305,2.054502487182617,1822803
1988-11-25,3.6183550357818604,3.6679210662841797,3.6183550357818604,3.6679210662841797,2.0684781074523926,1119708
1988-11-28,3.6431379318237305,3.6555299758911133,3.6183550357818604,3.6431379318237305,2.054502487182617,2024553
1988-11-29,3.6183550357818604,3.7174880504608154,3.6183550357818604,3.7174880504608154,2.096430778503418,1280098
1988-11-30,3.7050960063934326,3.7670540809631348,3.7050960063934326,3.7298800945281982,2.1034183502197266,1615002
1988-12-01,3.7174880504608154,3.7794458866119385,3.7050960063934326,3.7422709465026855,2.1104071140289307,754542
1988-12-02,3.7298800945281982,3.8414039611816406,3.7298800945281982,3.7794458866119385,2.1313724517822266,917959
1988-12-05,3.7794458866119385,3.8414039611816406,3.7546629905700684,3.8166210651397705,2.1523351669311523,1645264
1988-12-06,3.7918379306793213,3.8414039611816406,3.7918379306793213,3.8290131092071533,2.1593241691589355,1709824
1988-12-07,3.8414039611816406,3.9033620357513428,3.8166210651397705,3.86618709564209,2.1802866458892822,1980168
1988-12-08,3.8414039611816406,3.9033620357513428,3.8290131092071533,3.8785789012908936,2.1872751712799072,938134
1988-12-09,3.8537960052490234,3.9529290199279785,3.8537960052490234,3.9157540798187256,2.208240509033203,1335579
1988-12-12,3.9281458854675293,3.9405369758605957,3.9157540798187256,3.9157540798187256,2.215533494949341,1620046
1988-12-13,3.9281458854675293,3.9405369758605957,3.9033620357513428,3.9281458854675293,2.2225451469421387,1574652
1988-12-14,3.9157540798187256,3.9281458854675293,3.9157540798187256,3.9157540798187256,2.215533494949341,969405
1988-12-15,3.9157540798187256,3.9281458854675293,3.8785789012908936,3.8909709453582764,2.2015109062194824,808005
1988-12-16,3.8414039611816406,3.9529290199279785,3.8414039611816406,3.9405369758605957,2.2295544147491455,2130471
1988-12-19,3.9157540798187256,3.9529290199279785,3.8909709453582764,3.9529290199279785,2.2365667819976807,1663422
1988-12-20,3.965320110321045,3.965320110321045,3.9157540798187256,3.9157540798187256,2.215533494949341,1355754
1988-12-21,3.9033620357513428,3.9405369758605957,3.8909709453582764,3.9405369758605957,2.2295544147491455,1594827
1988-12-22,3.9529290199279785,3.9529290199279785,3.8909709453582764,3.9529290199279785,2.2365667819976807,1694693
1988-12-23,3.9405369758605957,3.965320110321045,3.9281458854675293,3.9281458854675293,2.2225451469421387,933090
1988-12-27,3.9281458854675293,3.9281458854675293,3.8785789012908936,3.8909709453582764,2.2015109062194824,616344
1988-12-28,3.8909709453582764,3.9157540798187256,3.86618709564209,3.86618709564209,2.1874876022338867,475119
1988-12-29,3.8909709453582764,3.9405369758605957,3.86618709564209,3.9157540798187256,2.215533494949341,1253871
1988-12-30,3.86618709564209,3.9405369758605957,3.8414039611816406,3.8414039611816406,2.173466682434082,1586757
1989-01-03,3.8414039611816406,3.9033620357513428,3.8290131092071533,3.8537960052490234,2.1804792881011963,928046
1989-01-04,3.8785789012908936,3.9157540798187256,3.86618709564209,3.9033620357513428,2.2085206508636475,1266985
1989-01-05,3.8909709453582764,3.9529290199279785,3.86618709564209,3.9157540798187256,2.215533494949341,1450576
1989-01-06,3.9529290199279785,3.9901039600372314,3.9405369758605957,3.9777119159698486,2.2505905628204346,2115340
1989-01-09,3.8785789012908936,3.9033620357513428,3.8166210651397705,3.8414039611816406,2.173466682434082,4006738
1989-01-10,3.8909709453582764,3.9281458854675293,3.8414039611816406,3.86618709564209,2.1874876022338867,3838277
1989-01-11,3.8414039611816406,3.9033620357513428,3.8290131092071533,3.8909709453582764,2.2015109062194824,2272704
1989-01-12,3.8909709453582764,3.9529290199279785,3.8909709453582764,3.9157540798187256,2.215533494949341,1557503
1989-01-13,3.9281458854675293,4.014886856079102,3.9157540798187256,3.9901039600372314,2.257600784301758,2592476
1989-01-16,4.039669990539551,4.101627826690674,4.027278900146484,4.064453125,2.2996675968170166,1914599
1989-01-17,3.9405369758605957,3.9529290199279785,3.86618709564209,3.8785789012908936,2.194499969482422,6932101
1989-01-18,3.8909709453582764,3.8909709453582764,3.8414039611816406,3.86618709564209,2.1874876022338867,5237408
1989-01-19,3.86618709564209,3.9033620357513428,3.8414039611816406,3.8909709453582764,2.2015109062194824,4338615
1989-01-20,3.8785789012908936,3.9157540798187256,3.86618709564209,3.9157540798187256,2.215533494949341,2261608
1989-01-23,3.9033620357513428,3.9157540798187256,3.8042290210723877,3.8042290210723877,2.152433156967163,2092139
1989-01-24,3.7918379306793213,3.86618709564209,3.7546629905700684,3.8042290210723877,2.152433156967163,3026237
1989-01-25,3.8166210651397705,3.8414039611816406,3.7918379306793213,3.8166210651397705,2.159444808959961,3021193
1989-01-26,3.8166210651397705,3.8909709453582764,3.7794458866119385,3.8785789012908936,2.194499969482422,3239082
1989-01-27,3.8785789012908936,3.9281458854675293,3.86618709564209,3.9033620357513428,2.2085206508636475,4502032
1989-01-30,3.9157540798187256,3.9405369758605957,3.9033620357513428,3.9157540798187256,2.215533494949341,2391736
1989-01-31,3.9405369758605957,3.965320110321045,3.9157540798187256,3.9405369758605957,2.2295544147491455,2493619
1989-02-01,3.9529290199279785,4.064453125,3.9405369758605957,4.014886856079102,2.271622657775879,2590459
1989-02-02,4.027278900146484,4.064453125,3.9777119159698486,4.064453125,2.2996675968170166,1713859
1989-02-03,4.052062034606934,4.052062034606934,4.002494812011719,4.039669990539551,2.28564453125,1687632
1989-02-06,4.052062034606934,4.052062034606934,3.965320110321045,3.9777119159698486,2.2505905628204346,1632151
1989-02-07,3.965320110321045,4.039669990539551,3.965320110321045,4.027278900146484,2.278635263442993,5518848
1989-02-08,4.027278900146484,4.064453125,4.014886856079102,4.052062034606934,2.2926571369171143,2257573
1989-02-09,4.027278900146484,4.052062034606934,3.965320110321045,3.965320110321045,2.243577718734741,2971765
1989-02-10,3.9033620357513428,3.9281458854675293,3.8414039611816406,3.86618709564209,2.1874876022338867,2796243
1989-02-13,3.86618709564209,3.8909709453582764,3.8290131092071533,3.8537960052490234,2.1804792881011963,1378955
1989-02-14,3.8909709453582764,3.9157540798187256,3.86618709564209,3.8785789012908936,2.194499969482422,695026
1989-02-15,3.8909709453582764,3.9157540798187256,3.86618709564209,3.8909709453582764,2.2015109062194824,1055148
1989-02-16,3.9033620357513428,3.9157540798187256,3.8414039611816406,3.86618709564209,2.1874876022338867,1776401
1989-02-17,3.86618709564209,3.86618709564209,3.8414039611816406,3.86618709564209,2.1874876022338867,3025228
1989-02-21,3.86618709564209,3.86618709564209,3.7422709465026855,3.7670540809631348,2.1314001083374023,5504725
1989-02-22,3.7794458866119385,3.7794458866119385,3.7174880504608154,3.7422709465026855,2.117377281188965,4017834
1989-02-23,3.7422709465026855,3.7546629905700684,3.692704916000366,3.7174880504608154,2.103353977203369,2399806
1989-02-24,3.7298800945281982,3.7422709465026855,3.692704916000366,3.692704916000366,2.0893330574035645,4567601
1989-02-27,3.7050960063934326,3.7050960063934326,3.6679210662841797,3.6679210662841797,2.0753092765808105,1065235
1989-02-28,3.7050960063934326,3.7422709465026855,3.692704916000366,3.692704916000366,2.0893330574035645,2877952
1989-03-01,3.692704916000366,3.7794458866119385,3.6431379318237305,3.6431379318237305,2.0612878799438477,5893092
1989-03-02,3.6431379318237305,3.6803131103515625,3.6183550357818604,3.6803131103515625,2.08232045173645,3418639
1989-03-03,3.6555299758911133,3.6679210662841797,3.6183550357818604,3.630747079849243,2.054276466369629,2430068
1989-03-06,3.6059629917144775,3.6555299758911133,3.6059629917144775,3.6555299758911133,2.0682976245880127,3145269
1989-03-07,3.6555299758911133,3.6555299758911133,3.6183550357818604,3.630747079849243,2.054276466369629,2881986
1989-03-08,3.6183550357818604,3.6431379318237305,3.593571901321411,3.6183550357818604,2.0472655296325684,2465375
1989-03-09,3.630747079849243,3.6431379318237305,3.6059629917144775,3.630747079849243,2.054276466369629,1656360
1989-03-10,3.6431379318237305,3.6431379318237305,3.593571901321411,3.593571901321411,2.0332424640655518,2066920
1989-03-13,3.6059629917144775,3.630747079849243,3.6059629917144775,3.6059629917144775,2.040253162384033,871556
1989-03-14,3.6183550357818604,3.630747079849243,3.6059629917144775,3.6183550357818604,2.054609775543213,1727981
1989-03-15,3.630747079849243,3.6431379318237305,3.6059629917144775,3.6183550357818604,2.054609775543213,1551451
1989-03-16,3.630747079849243,3.630747079849243,3.6059629917144775,3.6059629917144775,2.0475728511810303,2399806
1989-03-17,3.5687880516052246,3.593571901321411,3.5440049171447754,3.5687880516052246,2.026463508605957,4557513
1989-03-20,3.5687880516052246,3.593571901321411,3.556396961212158,3.5687880516052246,2.026463508605957,4242784
1989-03-21,3.5811800956726074,3.6183550357818604,3.5687880516052246,3.5687880516052246,2.026463508605957,2753876
1989-03-22,3.5687880516052246,3.6059629917144775,3.556396961212158,3.5811800956726074,2.0335006713867188,2172838
1989-03-23,3.6059629917144775,3.630747079849243,3.5811800956726074,3.6183550357818604,2.054609775543213,1519171
1989-03-27,3.6183550357818604,3.6431379318237305,3.5811800956726074,3.6431379318237305,2.068682909011841,1328518
1989-03-28,3.6431379318237305,3.6679210662841797,3.6059629917144775,3.6431379318237305,2.068682909011841,1777410
1989-03-29,3.6183550357818604,3.6555299758911133,3.593571901321411,3.6059629917144775,2.0475728511810303,1554477
1989-03-30,3.6059629917144775,3.6431379318237305,3.6059629917144775,3.6183550357818604,2.054609775543213,1322466
1989-03-31,3.6431379318237305,3.6431379318237305,3.6183550357818604,3.6183550357818604,2.054609775543213,1363824
1989-04-03,3.6431379318237305,3.692704916000366,3.630747079849243,3.6679210662841797,2.082754373550415,1595836
1989-04-04,3.6431379318237305,3.692704916000366,3.630747079849243,3.6803131103515625,2.0897905826568604,1864162
1989-04-05,3.692704916000366,3.7174880504608154,3.6803131103515625,3.7050960063934326,2.1038641929626465,1365842
1989-04-06,3.692704916000366,3.7422709465026855,3.692704916000366,3.7298800945281982,2.117936611175537,1203434
1989-04-07,3.7422709465026855,3.7918379306793213,3.7174880504608154,3.7794458866119385,2.146083116531372,2560197
1989-04-10,3.7670540809631348,3.7794458866119385,3.7546629905700684,3.7794458866119385,2.146083116531372,844320
1989-04-11,3.7670540809631348,3.7918379306793213,3.7546629905700684,3.7794458866119385,2.146083116531372,1075323
1989-04-12,3.7918379306793213,3.8414039611816406,3.7794458866119385,3.8290131092071533,2.1742286682128906,1375929
1989-04-13,3.8414039611816406,3.8414039611816406,3.7918379306793213,3.8290131092071533,2.1742286682128906,2051789
1989-04-14,3.8537960052490234,3.8537960052490234,3.8042290210723877,3.8537960052490234,2.1883010864257812,1554477
1989-04-17,3.8290131092071533,3.9157540798187256,3.8042290210723877,3.8909709453582764,2.209408760070801,2708482
1989-04-18,3.9033620357513428,3.9281458854675293,3.8909709453582764,3.9033620357513428,2.2164437770843506,4921670
1989-04-19,3.9157540798187256,3.9901039600372314,3.9157540798187256,3.9529290199279785,2.2445907592773438,5551128
1989-04-20,3.9529290199279785,3.9529290199279785,3.8785789012908936,3.9281458854675293,2.2305188179016113,3399473
1989-04-21,3.9281458854675293,3.9529290199279785,3.8909709453582764,3.9405369758605957,2.237553358078003,2517829
1989-04-24,3.9157540798187256,3.9405369758605957,3.86618709564209,3.8785789012908936,2.2023727893829346,850373
1989-04-25,3.8909709453582764,3.9157540798187256,3.8414039611816406,3.86618709564209,2.1953351497650146,3244126
1989-04-26,3.8909709453582764,3.8909709453582764,3.8414039611816406,3.8785789012908936,2.2023727893829346,1337597
1989-04-27,3.8909709453582764,3.9405369758605957,3.86618709564209,3.8909709453582764,2.209408760070801,2088104
1989-04-28,3.8909709453582764,3.8909709453582764,3.86618709564209,3.86618709564209,2.1953351497650146,1839952
1989-05-01,3.86618709564209,3.86618709564209,3.8166210651397705,3.8537960052490234,2.1883010864257812,1682588
1989-05-02,3.8785789012908936,3.8909709453582764,3.8166210651397705,3.8166210651397705,2.16719126701355,1400139
1989-05-03,3.8166210651397705,3.86618709564209,3.7918379306793213,3.86618709564209,2.1953351497650146,1255888
1989-05-04,3.86618709564209,3.8785789012908936,3.8166210651397705,3.8290131092071533,2.1742286682128906,1545398
1989-05-05,3.8290131092071533,3.86618709564209,3.8042290210723877,3.8290131092071533,2.1742286682128906,1264967
1989-05-08,3.7670540809631348,3.7794458866119385,3.7422709465026855,3.7546629905700684,2.132009267807007,1240757
1989-05-09,3.7546629905700684,3.8166210651397705,3.7422709465026855,3.7918379306793213,2.1531193256378174,1439480
1989-05-10,3.8042290210723877,3.8414039611816406,3.7918379306793213,3.8290131092071533,2.1742286682128906,1396104
1989-05-11,3.8166210651397705,3.8537960052490234,3.8166210651397705,3.8414039611816406,2.181262969970703,1079358
1989-05-12,3.8909709453582764,3.9033620357513428,3.86618709564209,3.8785789012908936,2.2023727893829346,3038342
1989-05-15,3.8909709453582764,3.9033620357513428,3.86618709564209,3.8909709453582764,2.209408760070801,1867188
1989-05-16,3.8785789012908936,3.9157540798187256,3.86618709564209,3.8909709453582764,2.209408760070801,1855083
1989-05-17,3.8909709453582764,3.9777119159698486,3.86618709564209,3.9529290199279785,2.2445907592773438,2432086
1989-05-18,3.9405369758605957,3.9777119159698486,3.9157540798187256,3.9281458854675293,2.2305188179016113,851381
1989-05-19,3.9157540798187256,3.9157540798187256,3.7422709465026855,3.8166210651397705,2.16719126701355,6921004
1989-05-22,3.8042290210723877,3.86618709564209,3.7670540809631348,3.8414039611816406,2.181262969970703,5126446
1989-05-23,3.8166210651397705,3.8166210651397705,3.7546629905700684,3.7546629905700684,2.132009267807007,3619380
1989-05-24,3.7546629905700684,3.8042290210723877,3.7546629905700684,3.8042290210723877,2.1601552963256836,1977142
1989-05-25,3.7794458866119385,3.8414039611816406,3.7670540809631348,3.7918379306793213,2.1531193256378174,1053131
1989-05-26,3.8042290210723877,3.8414039611816406,3.7794458866119385,3.7918379306793213,2.1531193256378174,1364833
1989-05-30,3.7918379306793213,3.8166210651397705,3.7794458866119385,3.7794458866119385,2.146083116531372,1764296
1989-05-31,3.7794458866119385,3.8909709453582764,3.7670540809631348,3.86618709564209,2.1953351497650146,2846680
1989-06-01,3.86618709564209,3.9157540798187256,3.8414039611816406,3.8537960052490234,2.1883010864257812,1561538
1989-06-02,3.8909709453582764,3.9405369758605957,3.8537960052490234,3.9033620357513428,2.2164437770843506,1968063
1989-06-05,3.9281458854675293,3.9529290199279785,3.8537960052490234,3.86618709564209,2.1953351497650146,3322808
1989-06-06,3.8785789012908936,3.9529290199279785,3.86618709564209,3.9405369758605957,2.237553358078003,1707806
1989-06-07,3.9405369758605957,3.965320110321045,3.9157540798187256,3.965320110321045,2.251626491546631,1517154
1989-06-08,3.965320110321045,4.002494812011719,3.9405369758605957,3.9901039600372314,2.265699625015259,1631142
1989-06-09,4.002494812011719,4.002494812011719,3.965320110321045,3.9901039600372314,2.265699625015259,1253871
1989-06-12,3.965320110321045,4.101627826690674,3.9405369758605957,4.052062034606934,2.300881862640381,2106261
1989-06-13,4.039669990539551,4.064453125,3.9901039600372314,3.9901039600372314,2.27404522895813,1685614
1989-06-14,3.9901039600372314,4.014886856079102,3.965320110321045,4.002494812011719,2.2811057567596436,1113655
1989-06-15,4.014886856079102,4.014886856079102,3.9033620357513428,3.9281458854675293,2.2387335300445557,1796576
1989-06-16,3.86618709564209,4.039669990539551,3.86618709564209,3.9777119159698486,2.2669830322265625,2666115
1989-06-19,3.9529290199279785,4.039669990539551,3.9529290199279785,3.965320110321045,2.2599196434020996,1545398
1989-06-20,3.9777119159698486,4.052062034606934,3.965320110321045,4.052062034606934,2.3093557357788086,2764972
1989-06-21,4.027278900146484,4.052062034606934,3.965320110321045,3.965320110321045,2.2599196434020996,1327509
1989-06-22,3.965320110321045,4.014886856079102,3.965320110321045,3.9901039600372314,2.27404522895813,798927
1989-06-23,4.002494812011719,4.052062034606934,3.9777119159698486,4.052062034606934,2.3093557357788086,909889
1989-06-26,4.014886856079102,4.064453125,4.014886856079102,4.027278900146484,2.2952322959899902,1166110
1989-06-27,4.014886856079102,4.114019870758057,4.002494812011719,4.076845169067383,2.3234801292419434,2153672
1989-06-28,4.089237213134766,4.101627826690674,4.027278900146484,4.064453125,2.316417932510376,1736051
1989-06-29,4.014886856079102,4.039669990539551,3.9901039600372314,3.9901039600372314,2.27404522895813,2069946
1989-06-30,4.014886856079102,4.014886856079102,3.8909709453582764,3.9777119159698486,2.2669830322265625,3022202
1989-07-03,3.9405369758605957,3.965320110321045,3.9281458854675293,3.9529290199279785,2.2528574466705322,673842
1989-07-05,3.9529290199279785,3.9901039600372314,3.9529290199279785,3.9901039600372314,2.27404522895813,1123743
1989-07-06,3.965320110321045,3.9777119159698486,3.9281458854675293,3.9529290199279785,2.2528574466705322,1103568
1989-07-07,3.9529290199279785,3.9777119159698486,3.9157540798187256,3.9777119159698486,2.2669830322265625,827171
1989-07-10,3.9901039600372314,4.027278900146484,3.9777119159698486,4.014886856079102,2.2881674766540527,992606
1989-07-11,4.014886856079102,4.138803005218506,3.9901039600372314,4.114019870758057,2.3446669578552246,1025894
1989-07-12,4.064453125,4.101627826690674,4.052062034606934,4.101627826690674,2.337603807449341,1207469
1989-07-13,4.114019870758057,4.1264119148254395,4.064453125,4.076845169067383,2.3234801292419434,478145
1989-07-14,4.052062034606934,4.114019870758057,3.9901039600372314,4.114019870758057,2.3446669578552246,1159049
1989-07-17,4.076845169067383,4.114019870758057,4.039669990539551,4.064453125,2.316417932510376,864495
1989-07-18,4.064453125,4.064453125,3.9901039600372314,4.027278900146484,2.2952322959899902,470076
1989-07-19,4.039669990539551,4.076845169067383,4.014886856079102,4.052062034606934,2.3093557357788086,2394762
1989-07-20,4.052062034606934,4.076845169067383,3.9777119159698486,3.9777119159698486,2.2669830322265625,1894424
1989-07-21,4.027278900146484,4.064453125,4.014886856079102,4.027278900146484,2.2952322959899902,2044728
1989-07-24,4.027278900146484,4.039669990539551,3.965320110321045,3.965320110321045,2.2599196434020996,1157031
1989-07-25,3.9777119159698486,4.002494812011719,3.965320110321045,3.9901039600372314,2.27404522895813,3270354
1989-07-26,4.002494812011719,4.014886856079102,3.9777119159698486,4.014886856079102,2.2881674766540527,714192
1989-07-27,4.014886856079102,4.027278900146484,3.965320110321045,3.965320110321045,2.2599196434020996,879626
1989-07-28,3.965320110321045,3.9901039600372314,3.9405369758605957,3.9777119159698486,2.2669830322265625,1113655
1989-07-31,3.965320110321045,4.014886856079102,3.9529290199279785,4.014886856079102,2.2881674766540527,1393078
1989-08-01,4.002494812011719,4.052062034606934,3.9901039600372314,4.027278900146484,2.2952322959899902,2865847
1989-08-02,4.039669990539551,4.076845169067383,4.014886856079102,4.064453125,2.316417932510376,2029596
1989-08-03,4.064453125,4.064453125,4.014886856079102,4.014886856079102,2.2881674766540527,1668465
1989-08-04,4.014886856079102,4.064453125,3.9777119159698486,3.9901039600372314,2.27404522895813,3494295
1989-08-07,4.014886856079102,4.101627826690674,3.9901039600372314,4.101627826690674,2.337603807449341,2776068
1989-08-08,4.101627826690674,4.200760841369629,4.089237213134766,4.200760841369629,2.3941028118133545,2514803
1989-08-09,4.200760841369629,4.26271915435791,4.175978183746338,4.2255449295043945,2.4082274436950684,2029596
1989-08-10,4.2255449295043945,4.26271915435791,4.200760841369629,4.26271915435791,2.429413080215454,1658378
1989-08-11,4.312285900115967,4.337069034576416,4.213152885437012,4.237936019897461,2.4152896404266357,1551451
1989-08-14,4.2255449295043945,4.237936019897461,4.163586139678955,4.175978183746338,2.3799781799316406,799935
1989-08-15,4.213152885437012,4.2255449295043945,4.200760841369629,4.213152885437012,2.401165246963501,514460
1989-08-16,4.237936019897461,4.250328063964844,4.2255449295043945,4.237936019897461,2.4152896404266357,1010763
1989-08-17,4.26271915435791,4.26271915435791,4.237936019897461,4.237936019897461,2.4152896404266357,919976
1989-08-18,4.213152885437012,4.213152885437012,3.9901039600372314,4.114019870758057,2.3446669578552246,7546427
1989-08-21,4.089237213134766,4.1264119148254395,4.064453125,4.064453125,2.316417932510376,1503031
1989-08-22,4.076845169067383,4.101627826690674,4.064453125,4.076845169067383,2.3234801292419434,1129795
1989-08-23,4.089237213134766,4.175978183746338,4.076845169067383,4.175978183746338,2.3799781799316406,1228652
1989-08-24,4.175978183746338,4.287502765655518,4.163586139678955,4.275111198425293,2.436476230621338,1680570
1989-08-25,4.237936019897461,4.275111198425293,4.213152885437012,4.26271915435791,2.429413080215454,1079358
1989-08-28,4.237936019897461,4.287502765655518,4.213152885437012,4.287502765655518,2.443537712097168,565906
1989-08-29,4.312285900115967,4.411418914794922,4.299893856048584,4.361853122711182,2.485912322998047,3040360
1989-08-30,4.32467794418335,4.386635780334473,4.287502765655518,4.287502765655518,2.443537712097168,1202425
1989-08-31,4.299893856048584,4.299893856048584,4.26271915435791,4.275111198425293,2.436476230621338,945195
1989-09-01,4.250328063964844,4.349461078643799,4.2255449295043945,4.32467794418335,2.4647247791290283,2859794
1989-09-05,4.349461078643799,4.386635780334473,4.337069034576416,4.361853122711182,2.485912322998047,1392069
1989-09-06,4.361853122711182,4.361853122711182,4.312285900115967,4.32467794418335,2.4647247791290283,1201416
1989-09-07,4.361853122711182,4.423810958862305,4.349461078643799,4.411418914794922,2.5141608715057373,1634168
1989-09-08,4.411418914794922,4.411418914794922,4.361853122711182,4.399026870727539,2.50709867477417,1711841
1989-09-11,4.411418914794922,4.411418914794922,4.337069034576416,4.361853122711182,2.485912322998047,1950914
1989-09-12,4.337069034576416,4.374244213104248,4.337069034576416,4.361853122711182,2.4944159984588623,1767322
1989-09-13,4.361853122711182,4.423810958862305,4.361853122711182,4.374244213104248,2.5015017986297607,2376605
1989-09-14,4.349461078643799,4.374244213104248,4.349461078643799,4.349461078643799,2.4873287677764893,1130804
1989-09-15,4.349461078643799,4.386635780334473,4.349461078643799,4.386635780334473,2.508589744567871,1760261
1989-09-18,4.399026870727539,4.411418914794922,4.361853122711182,4.361853122711182,2.4944159984588623,400472
1989-09-19,4.374244213104248,4.399026870727539,4.361853122711182,4.399026870727539,2.5156757831573486,1325492
1989-09-20,4.374244213104248,4.473377227783203,4.374244213104248,4.423810958862305,2.5298469066619873,3141234
1989-09-21,4.448594093322754,4.510551929473877,4.423810958862305,4.448594093322754,2.544020175933838,2464366
1989-09-22,4.460986137390137,4.535335063934326,4.460986137390137,4.485768795013428,2.565279722213745,2032623
1989-09-25,4.473377227783203,4.498159885406494,4.460986137390137,4.498159885406494,2.5723659992218018,2125427
1989-09-26,4.510551929473877,4.609684944152832,4.510551929473877,4.535335063934326,2.593625783920288,3205794
1989-09-27,4.510551929473877,4.547727108001709,4.498159885406494,4.52294397354126,2.5865402221679688,612309
1989-09-28,4.560119152069092,4.634468078613281,4.52294397354126,4.634468078613281,2.650317430496216,2241433
1989-09-29,4.622076988220215,4.659252166748047,4.609684944152832,4.622076988220215,2.6432301998138428,1663422
1989-10-02,4.622076988220215,4.622076988220215,4.560119152069092,4.597292900085449,2.6290571689605713,462006
1989-10-03,4.622076988220215,4.696425914764404,4.609684944152832,4.659252166748047,2.664490222930908,3153339
1989-10-04,4.684034824371338,4.807950973510742,4.684034824371338,4.77077579498291,2.7282674312591553,2754885
1989-10-05,4.77077579498291,4.807950973510742,4.733601093292236,4.783167839050293,2.735353708267212,1578687
1989-10-06,4.783167839050293,4.807950973510742,4.77077579498291,4.783167839050293,2.735353708267212,825154
1989-10-09,4.758385181427002,4.77077579498291,4.733601093292236,4.758385181427002,2.7211806774139404,353061
1989-10-10,4.758385181427002,4.807950973510742,4.733601093292236,4.795558929443359,2.7424402236938477,2148628
1989-10-11,4.77077579498291,4.783167839050293,4.72121000289917,4.758385181427002,2.7211806774139404,1099533
1989-10-12,4.733601093292236,4.820343017578125,4.72121000289917,4.807950973510742,2.7495267391204834,1456629
1989-10-13,4.758385181427002,4.807950973510742,4.411418914794922,4.460986137390137,2.5511083602905273,3361141
1989-10-16,4.361853122711182,4.584901809692383,4.361853122711182,4.535335063934326,2.593625783920288,3611310
1989-10-17,4.535335063934326,4.684034824371338,4.535335063934326,4.609684944152832,2.636143684387207,2001351
1989-10-18,4.609684944152832,4.733601093292236,4.597292900085449,4.659252166748047,2.664490222930908,1113655
1989-10-19,4.684034824371338,4.882300853729248,4.684034824371338,4.845126152038574,2.7707858085632324,1286151
1989-10-20,4.857518196105957,4.907083988189697,4.807950973510742,4.845126152038574,2.7707858085632324,1672500
1989-10-23,4.845126152038574,4.882300853729248,4.758385181427002,4.77077579498291,2.7282674312591553,933090
1989-10-24,4.77077579498291,5.031000137329102,4.684034824371338,5.006217002868652,2.862907648086548,6286503
1989-10-25,4.96904182434082,4.96904182434082,4.807950973510742,4.832734107971191,2.7636983394622803,2621730
1989-10-26,4.783167839050293,4.882300853729248,4.733601093292236,4.832734107971191,2.7636983394622803,1609958
1989-10-27,4.807950973510742,4.807950973510742,4.560119152069092,4.609684944152832,2.636143684387207,3322808
1989-10-30,4.609684944152832,4.634468078613281,4.597292900085449,4.634468078613281,2.650317430496216,2190996
1989-10-31,4.634468078613281,4.659252166748047,4.609684944152832,4.659252166748047,2.664490222930908,1459655
1989-11-01,4.659252166748047,4.659252166748047,4.572509765625,4.609684944152832,2.636143684387207,904845
1989-11-02,4.609684944152832,4.609684944152832,4.473377227783203,4.485768795013428,2.565279722213745,771690
1989-11-03,4.485768795013428,4.485768795013428,4.436202049255371,4.448594093322754,2.544020175933838,799935
1989-11-06,4.448594093322754,4.448594093322754,4.386635780334473,4.411418914794922,2.522761344909668,634501
1989-11-07,4.411418914794922,4.485768795013428,4.399026870727539,4.473377227783203,2.558192491531372,1274046
1989-11-08,4.460986137390137,4.609684944152832,4.460986137390137,4.535335063934326,2.593625783920288,1871223
1989-11-09,4.52294397354126,4.572509765625,4.510551929473877,4.560119152069092,2.6077992916107178,873574
1989-11-10,4.547727108001709,4.597292900085449,4.547727108001709,4.572509765625,2.6148838996887207,757568
1989-11-13,4.597292900085449,4.609684944152832,4.560119152069092,4.597292900085449,2.6290571689605713,427708
1989-11-14,4.584901809692383,4.634468078613281,4.584901809692383,4.609684944152832,2.636143684387207,908880
1989-11-15,4.584901809692383,4.671642780303955,4.584901809692383,4.646860122680664,2.657402276992798,1269002
1989-11-16,4.696425914764404,4.708817958831787,4.646860122680664,4.671642780303955,2.6715753078460693,872565
1989-11-17,4.708817958831787,4.758385181427002,4.684034824371338,4.708817958831787,2.6928350925445557,535644
1989-11-20,4.684034824371338,4.684034824371338,4.634468078613281,4.684034824371338,2.6786627769470215,929055
1989-11-21,4.684034824371338,4.758385181427002,4.684034824371338,4.758385181427002,2.7211806774139404,830198
1989-11-22,4.708817958831787,4.708817958831787,4.634468078613281,4.659252166748047,2.664490222930908,1820786
1989-11-24,4.684034824371338,4.758385181427002,4.684034824371338,4.733601093292236,2.7070086002349854,1247818
1989-11-27,4.758385181427002,4.820343017578125,4.745993137359619,4.820343017578125,2.7566113471984863,1337597
1989-11-28,4.832734107971191,4.8946919441223145,4.807950973510742,4.8946919441223145,2.79913067817688,1814734
1989-11-29,4.882300853729248,4.907083988189697,4.807950973510742,4.807950973510742,2.7495267391204834,2214197
1989-11-30,4.807950973510742,4.832734107971191,4.758385181427002,4.832734107971191,2.7636983394622803,1409218
1989-12-01,4.845126152038574,4.9318671226501465,4.820343017578125,4.820343017578125,2.7566113471984863,1371894
1989-12-04,4.845126152038574,4.8946919441223145,4.820343017578125,4.857518196105957,2.777869939804077,715201
1989-12-05,4.857518196105957,4.869908809661865,4.745993137359619,4.758385181427002,2.7211806774139404,1524215
1989-12-06,4.733601093292236,4.733601093292236,4.659252166748047,4.708817958831787,2.6928350925445557,1294221
1989-12-07,4.684034824371338,4.708817958831787,4.622076988220215,4.634468078613281,2.650317430496216,1850040
1989-12-08,4.646860122680664,4.659252166748047,4.572509765625,4.609684944152832,2.636143684387207,1686623
1989-12-11,4.584901809692383,4.609684944152832,4.560119152069092,4.597292900085449,2.6290571689605713,1836926
1989-12-12,4.547727108001709,4.584901809692383,4.510551929473877,4.52294397354126,2.5949342250823975,2506733
1989-12-13,4.52294397354126,4.622076988220215,4.485768795013428,4.535335063934326,2.6020419597625732,3589117
1989-12-14,4.634468078613281,4.733601093292236,4.634468078613281,4.708817958831787,2.7015738487243652,2733701
1989-12-15,4.733601093292236,4.745993137359619,4.684034824371338,4.708817958831787,2.7015738487243652,3102902
1989-12-18,4.733601093292236,4.77077579498291,4.708817958831787,4.72121000289917,2.7086827754974365,1761270
1989-12-19,4.708817958831787,4.758385181427002,4.696425914764404,4.733601093292236,2.715791940689087,1435445
1989-12-20,4.758385181427002,4.758385181427002,4.696425914764404,4.708817958831787,2.7015738487243652,1489917
1989-12-21,4.708817958831787,4.733601093292236,4.659252166748047,4.684034824371338,2.6873536109924316,1560530
1989-12-22,4.684034824371338,4.696425914764404,4.659252166748047,4.671642780303955,2.680245876312256,695026
1989-12-26,4.671642780303955,4.745993137359619,4.659252166748047,4.72121000289917,2.7086827754974365,754542
1989-12-27,4.708817958831787,4.807950973510742,4.708817958831787,4.807950973510742,2.758448600769043,1141900
1989-12-28,4.795558929443359,4.857518196105957,4.783167839050293,4.857518196105957,2.7868850231170654,557836
1989-12-29,4.845126152038574,4.857518196105957,4.832734107971191,4.857518196105957,2.7868850231170654,948221
1990-01-02,4.820343017578125,4.944259166717529,4.758385181427002,4.944259166717529,2.836651563644409,1315404
1990-01-03,4.944259166717529,4.944259166717529,4.869908809661865,4.91947603225708,2.8224332332611084,1127778
1990-01-04,4.91947603225708,4.9318671226501465,4.882300853729248,4.8946919441223145,2.808213472366333,725288
1990-01-05,4.857518196105957,4.8946919441223145,4.845126152038574,4.857518196105957,2.7868850231170654,1312378
1990-01-08,4.832734107971191,4.8946919441223145,4.832734107971191,4.869908809661865,2.7939956188201904,1353737
1990-01-09,4.869908809661865,4.8946919441223145,4.783167839050293,4.783167839050293,2.7442288398742676,1061200
1990-01-10,4.758385181427002,4.783167839050293,4.634468078613281,4.733601093292236,2.715791940689087,1217556
1990-01-11,4.733601093292236,4.857518196105957,4.733601093292236,4.795558929443359,2.7513391971588135,1147953
1990-01-12,4.733601093292236,4.832734107971191,4.696425914764404,4.832734107971191,2.772667646408081,1964028
1990-01-15,4.795558929443359,4.795558929443359,4.733601093292236,4.745993137359619,2.722902297973633,1724955
1990-01-16,4.671642780303955,4.857518196105957,4.659252166748047,4.832734107971191,2.772667646408081,2218232
1990-01-17,4.832734107971191,4.857518196105957,4.733601093292236,4.758385181427002,2.730010747909546,2197048
1990-01-18,4.758385181427002,4.783167839050293,4.684034824371338,4.758385181427002,2.730010747909546,1131813
1990-01-19,4.758385181427002,4.857518196105957,4.733601093292236,4.845126152038574,2.779777765274048,2263625
1990-01-22,4.857518196105957,4.857518196105957,4.77077579498291,4.795558929443359,2.7513391971588135,1672500
1990-01-23,4.77077579498291,4.807950973510742,4.733601093292236,4.77077579498291,2.7371201515197754,1946879
1990-01-24,4.758385181427002,4.807950973510742,4.72121000289917,4.783167839050293,2.7442288398742676,1642238
1990-01-25,4.832734107971191,4.857518196105957,4.795558929443359,4.820343017578125,2.7655575275421143,2132488
1990-01-26,4.845126152038574,4.882300853729248,4.758385181427002,4.783167839050293,2.7442288398742676,2828523
1990-01-29,4.783167839050293,4.820343017578125,4.671642780303955,4.733601093292236,2.715791940689087,2455287
1990-01-30,4.758385181427002,4.783167839050293,4.684034824371338,4.733601093292236,2.715791940689087,1917626
1990-01-31,4.684034824371338,4.708817958831787,4.634468078613281,4.659252166748047,2.6731371879577637,2777077
1990-02-01,4.684034824371338,4.783167839050293,4.646860122680664,4.77077579498291,2.7371201515197754,1805655
1990-02-02,4.758385181427002,4.783167839050293,4.733601093292236,4.77077579498291,2.7371201515197754,1999334
1990-02-05,4.758385181427002,4.77077579498291,4.745993137359619,4.758385181427002,2.730010747909546,978483
1990-02-06,4.77077579498291,4.820343017578125,4.745993137359619,4.820343017578125,2.7655575275421143,1585748
1990-02-07,4.820343017578125,4.956651210784912,4.795558929443359,4.944259166717529,2.836651563644409,3689992
1990-02-08,4.956651210784912,4.96904182434082,4.8946919441223145,4.8946919441223145,2.808213472366333,3499339
1990-02-09,4.9318671226501465,4.96904182434082,4.907083988189697,4.956651210784912,2.843761682510376,965370
1990-02-12,4.956651210784912,4.956651210784912,4.882300853729248,4.8946919441223145,2.808213472366333,1028921
1990-02-13,4.8946919441223145,4.907083988189697,4.832734107971191,4.8946919441223145,2.808213472366333,2914266
1990-02-14,4.857518196105957,4.8946919441223145,4.832734107971191,4.845126152038574,2.779777765274048,1288168
1990-02-15,4.857518196105957,4.981433868408203,4.845126152038574,4.981433868408203,2.857980489730835,4163094
1990-02-16,4.9938249588012695,5.031000137329102,4.981433868408203,5.018609046936035,2.8793091773986816,2743788
1990-02-20,5.006217002868652,5.031000137329102,4.981433868408203,5.006217002868652,2.8721981048583984,4344668
1990-02-21,4.96904182434082,4.981433868408203,4.9318671226501465,4.9318671226501465,2.8295438289642334,4329537
1990-02-22,4.9318671226501465,4.9938249588012695,4.907083988189697,4.91947603225708,2.8224332332611084,2819444
1990-02-23,4.882300853729248,4.944259166717529,4.832734107971191,4.91947603225708,2.8224332332611084,1974115
1990-02-26,4.944259166717529,4.9938249588012695,4.91947603225708,4.96904182434082,2.8508713245391846,1152996
1990-02-27,4.96904182434082,5.092957973480225,4.956651210784912,5.006217002868652,2.8721981048583984,2005386
1990-02-28,4.981433868408203,5.055784225463867,4.96904182434082,4.981433868408203,2.857980489730835,1610967
1990-03-01,4.96904182434082,5.018609046936035,4.91947603225708,4.9318671226501465,2.8295438289642334,2252529
1990-03-02,4.91947603225708,5.055784225463867,4.907083988189697,5.031000137329102,2.8864169120788574,3347018
1990-03-05,5.105350017547607,5.1673078536987305,5.080566883087158,5.105350017547607,2.929075002670288,2583398
1990-03-06,5.080566883087158,5.229266166687012,5.080566883087158,5.229266166687012,3.000169038772583,2456296
1990-03-07,5.278832912445068,5.303616046905518,5.229266166687012,5.278832912445068,3.028606414794922,3590126
1990-03-08,5.278832912445068,5.303616046905518,5.2044830322265625,5.254049777984619,3.0143868923187256,3222943
1990-03-09,5.2044830322265625,5.229266166687012,5.130133152008057,5.154916763305664,2.9575116634368896,2952599
1990-03-12,5.154916763305664,5.1673078536987305,5.130133152008057,5.154916763305664,2.9575116634368896,1715876
1990-03-13,5.130133152008057,5.179699897766113,5.055784225463867,5.055784225463867,2.909029722213745,1945870
1990-03-14,5.055784225463867,5.11774206161499,5.031000137329102,5.105350017547607,2.9375486373901367,1448559
1990-03-15,5.105350017547607,5.1425251960754395,5.055784225463867,5.1425251960754395,2.95893931388855,1953940
1990-03-16,5.229266166687012,5.303616046905518,5.2044830322265625,5.291224002838135,3.044497489929199,3325835
1990-03-19,5.254049777984619,5.303616046905518,5.229266166687012,5.291224002838135,3.044497489929199,1533293
1990-03-20,5.278832912445068,5.34079122543335,5.216875076293945,5.278832912445068,3.0373682975769043,3351053
1990-03-21,5.303616046905518,5.3160080909729,5.2416582107543945,5.3160080909729,3.058758020401001,3664773
1990-03-22,5.303616046905518,5.328399181365967,5.154916763305664,5.179699897766113,2.980327844619751,2082051
1990-03-23,5.2044830322265625,5.2416582107543945,5.154916763305664,5.2044830322265625,2.994588613510132,1181241
1990-03-26,5.2044830322265625,5.216875076293945,5.154916763305664,5.154916763305664,2.96606707572937,1305317
1990-03-27,5.130133152008057,5.154916763305664,5.055784225463867,5.154916763305664,2.96606707572937,1958984
1990-03-28,5.1425251960754395,5.1673078536987305,5.11774206161499,5.1425251960754395,2.95893931388855,1388034
1990-03-29,5.1673078536987305,5.2416582107543945,5.1425251960754395,5.2044830322265625,2.994588613510132,1103568
1990-03-30,5.19209098815918,5.303616046905518,5.1425251960754395,5.291224002838135,3.044497489929199,2233363
1990-04-02,5.2664408683776855,5.328399181365967,5.216875076293945,5.3160080909729,3.058758020401001,1258915
1990-04-03,5.3160080909729,5.402749061584473,5.2664408683776855,5.303616046905518,3.0516276359558105,2329194
1990-04-04,5.377965927124023,5.402749061584473,5.3160080909729,5.353182792663574,3.080146074295044,2993957
1990-04-05,5.365573883056641,5.377965927124023,5.328399181365967,5.34079122543335,3.0730178356170654,1696710
1990-04-06,5.353182792663574,5.353182792663574,5.278832912445068,5.34079122543335,3.0730178356170654,1155014
1990-04-09,5.3160080909729,5.377965927124023,5.2664408683776855,5.2664408683776855,3.0302371978759766,951247
1990-04-10,5.303616046905518,5.328399181365967,5.254049777984619,5.254049777984619,3.0231075286865234,761603
1990-04-11,5.278832912445068,5.328399181365967,5.2664408683776855,5.291224002838135,3.044497489929199,1327509
1990-04-12,5.4151411056518555,5.427532196044922,5.3160080909729,5.353182792663574,3.080146074295044,2595503
1990-04-16,5.377965927124023,5.377965927124023,5.34079122543335,5.353182792663574,3.080146074295044,4557513
1990-04-17,5.34079122543335,5.353182792663574,5.291224002838135,5.291224002838135,3.044497489929199,817084
1990-04-18,5.328399181365967,5.34079122543335,5.216875076293945,5.254049777984619,3.0231075286865234,2209153
1990-04-19,5.254049777984619,5.291224002838135,5.11774206161499,5.1425251960754395,2.95893931388855,1219574
1990-04-20,5.154916763305664,5.1673078536987305,5.006217002868652,5.043392181396484,2.901899814605713,1271020
1990-04-23,5.006217002868652,5.068174839019775,4.9938249588012695,5.031000137329102,2.8947675228118896,958308
1990-04-24,5.080566883087158,5.105350017547607,4.9938249588012695,5.031000137329102,2.8947675228118896,890722
1990-04-25,5.031000137329102,5.043392181396484,5.006217002868652,5.031000137329102,2.8947675228118896,688973
1990-04-26,5.031000137329102,5.105350017547607,4.981433868408203,5.055784225463867,2.909029722213745,1100542
1990-04-27,5.031000137329102,5.055784225463867,4.9318671226501465,4.956651210784912,2.8519880771636963,1942844
1990-04-30,4.956651210784912,5.006217002868652,4.956651210784912,4.9938249588012695,2.8733789920806885,1080367
1990-05-01,5.006217002868652,5.068174839019775,4.956651210784912,5.055784225463867,2.909029722213745,1192337
1990-05-02,5.055784225463867,5.154916763305664,5.055784225463867,5.130133152008057,2.9518086910247803,1189311
1990-05-03,5.130133152008057,5.179699897766113,5.080566883087158,5.1673078536987305,2.9731976985931396,1068262
1990-05-04,5.19209098815918,5.229266166687012,5.154916763305664,5.229266166687012,3.008848190307617,663755
1990-05-07,5.229266166687012,5.353182792663574,5.216875076293945,5.353182792663574,3.080146074295044,1793550
1990-05-08,5.34079122543335,5.353182792663574,5.303616046905518,5.328399181365967,3.0658867359161377,1116682
1990-05-09,5.328399181365967,5.34079122543335,5.278832912445068,5.3160080909729,3.058758020401001,738402
1990-05-10,5.34079122543335,5.353182792663574,5.3160080909729,5.328399181365967,3.0658867359161377,788839
1990-05-11,5.353182792663574,5.452315807342529,5.328399181365967,5.402749061584473,3.108665943145752,1645264
1990-05-14,5.427532196044922,5.6505818367004395,5.4151411056518555,5.563839912414551,3.2013587951660156,2987905
1990-05-15,5.4770989418029785,5.576231956481934,5.452315807342529,5.526665210723877,3.179967164993286,1426366
1990-05-16,5.4770989418029785,5.539056777954102,5.4399237632751465,5.526665210723877,3.179967164993286,1722938
1990-05-17,5.526665210723877,5.613407135009766,5.526665210723877,5.588624000549316,3.215618133544922,1256897
1990-05-18,5.588624000549316,5.6877570152282715,5.563839912414551,5.6877570152282715,3.2726552486419678,1156023
1990-05-21,5.638189792633057,5.799281120300293,5.625798225402832,5.7497148513793945,3.3083081245422363,1724955
1990-05-22,5.774497985839844,5.799281120300293,5.625798225402832,5.6505818367004395,3.251265525817871,1382990
1990-05-23,5.6505818367004395,5.6877570152282715,5.613407135009766,5.6877570152282715,3.2726552486419678,2294896
1990-05-24,5.675364971160889,5.6877570152282715,5.6505818367004395,5.675364971160889,3.2655272483825684,1464699
1990-05-25,5.625798225402832,5.6505818367004395,5.576231956481934,5.576231956481934,3.208487033843994,475119
1990-05-29,5.526665210723877,5.774497985839844,5.5142741203308105,5.7497148513793945,3.3083081245422363,1349702
1990-05-30,5.675364971160889,5.799281120300293,5.662972927093506,5.675364971160889,3.2655272483825684,1803637
1990-05-31,5.6877570152282715,5.7497148513793945,5.675364971160889,5.712540149688721,3.2869184017181396,1162075
1990-06-01,5.737322807312012,5.786890029907227,5.700148105621338,5.712540149688721,3.2869184017181396,697043
1990-06-04,5.6877570152282715,5.824063777923584,5.6877570152282715,5.774497985839844,3.322566270828247,1089445
1990-06-05,5.774497985839844,5.811673164367676,5.724930763244629,5.737322807312012,3.3011763095855713,1506057
1990-06-06,5.712540149688721,5.724930763244629,5.662972927093506,5.662972927093506,3.258397102355957,1087428
1990-06-07,5.6877570152282715,5.6877570152282715,5.526665210723877,5.625798225402832,3.237006664276123,1190320
1990-06-08,5.601015090942383,5.613407135009766,5.501882076263428,5.551448822021484,3.194227457046509,936116
1990-06-11,5.452315807342529,5.551448822021484,5.452315807342529,5.551448822021484,3.194227457046509,911906
1990-06-12,5.576231956481934,5.675364971160889,5.551448822021484,5.662972927093506,3.258397102355957,1136856
1990-06-13,5.675364971160889,5.675364971160889,5.601015090942383,5.625798225402832,3.237006664276123,1163084
1990-06-14,5.613407135009766,5.613407135009766,5.4770989418029785,5.5142741203308105,3.1826539039611816,1009754
1990-06-15,5.402749061584473,5.4770989418029785,5.402749061584473,5.452315807342529,3.146892786026001,2143585
1990-06-18,5.452315807342529,5.501882076263428,5.4399237632751465,5.464706897735596,3.1540443897247314,1571626
1990-06-19,5.4399237632751465,5.4770989418029785,5.4399237632751465,5.4399237632751465,3.1397390365600586,1554477
1990-06-20,5.464706897735596,5.489490985870361,5.4399237632751465,5.4770989418029785,3.1611952781677246,1302291
1990-06-21,5.464706897735596,5.5142741203308105,5.452315807342529,5.5142741203308105,3.1826539039611816,1707806
1990-06-22,5.526665210723877,5.576231956481934,5.526665210723877,5.539056777954102,3.1969573497772217,1100542
1990-06-25,5.551448822021484,5.551448822021484,5.452315807342529,5.452315807342529,3.146892786026001,1261941
1990-06-26,5.501882076263428,5.539056777954102,5.402749061584473,5.4399237632751465,3.1397390365600586,1819777
1990-06-27,5.4151411056518555,5.452315807342529,5.39035701751709,5.4399237632751465,3.1397390365600586,1353737
1990-06-28,5.452315807342529,5.452315807342529,5.402749061584473,5.4399237632751465,3.1397390365600586,2123410
1990-06-29,5.464706897735596,5.5142741203308105,5.452315807342529,5.4770989418029785,3.1611952781677246,1421323
1990-07-02,5.4770989418029785,5.539056777954102,5.452315807342529,5.526665210723877,3.1898040771484375,646606
1990-07-03,5.551448822021484,5.625798225402832,5.526665210723877,5.588624000549316,3.2255635261535645,1474786
1990-07-05,5.6505818367004395,5.6505818367004395,5.501882076263428,5.576231956481934,3.2184133529663086,1022868
1990-07-06,5.526665210723877,5.576231956481934,5.501882076263428,5.526665210723877,3.1898040771484375,1149970
1990-07-09,5.526665210723877,5.551448822021484,5.4770989418029785,5.501882076263428,3.1755001544952393,702087
1990-07-10,5.501882076263428,5.501882076263428,5.377965927124023,5.427532196044922,3.132589340209961,1247818
1990-07-11,5.4770989418029785,5.588624000549316,5.452315807342529,5.588624000549316,3.2255635261535645,1810699
1990-07-12,5.588624000549316,5.700148105621338,5.576231956481934,5.6877570152282715,3.282780647277832,2702430
1990-07-13,5.6877570152282715,5.762105941772461,5.675364971160889,5.737322807312012,3.3113887310028076,1274046
1990-07-16,5.712540149688721,5.84884786605835,5.712540149688721,5.836455821990967,3.368605375289917,969405
1990-07-17,5.898414134979248,5.972764015197754,5.873631000518799,5.972764015197754,3.4472780227661133,1539346
1990-07-18,5.923196792602539,5.947980880737305,5.799281120300293,5.84884786605835,3.375757932662964,2268669
1990-07-19,5.799281120300293,5.799281120300293,5.675364971160889,5.737322807312012,3.3113887310028076,1520180
1990-07-20,5.712540149688721,5.712540149688721,5.551448822021484,5.551448822021484,3.2041091918945312,2476471
1990-07-23,5.526665210723877,5.526665210723877,5.303616046905518,5.328399181365967,3.0753722190856934,2974791
1990-07-24,5.328399181365967,5.402749061584473,5.278832912445068,5.402749061584473,3.1182844638824463,2347351
1990-07-25,5.402749061584473,5.452315807342529,5.353182792663574,5.452315807342529,3.146892786026001,823136
1990-07-26,5.402749061584473,5.427532196044922,5.328399181365967,5.353182792663574,3.0896756649017334,1627107
1990-07-27,5.353182792663574,5.353182792663574,5.2664408683776855,5.303616046905518,3.061068534851074,909889
1990-07-30,5.254049777984619,5.3160080909729,5.216875076293945,5.3160080909729,3.0682196617126465,782787
1990-07-31,5.303616046905518,5.353182792663574,5.19209098815918,5.229266166687012,3.0181548595428467,1852057
1990-08-01,5.229266166687012,5.2664408683776855,5.216875076293945,5.229266166687012,3.0181548595428467,1373912
1990-08-02,5.2044830322265625,5.254049777984619,5.1673078536987305,5.229266166687012,3.0181548595428467,1865171
1990-08-03,5.2044830322265625,5.2044830322265625,5.031000137329102,5.1425251960754395,2.968092679977417,2058850
1990-08-06,5.006217002868652,5.031000137329102,4.907083988189697,4.956651210784912,2.860811233520508,2240424
1990-08-07,4.981433868408203,5.055784225463867,4.907083988189697,4.944259166717529,2.853660821914673,2680237
1990-08-08,4.96904182434082,4.981433868408203,4.9318671226501465,4.96904182434082,2.8679635524749756,2349369
1990-08-09,4.956651210784912,5.080566883087158,4.956651210784912,5.080566883087158,2.9323325157165527,1051113
1990-08-10,5.105350017547607,5.130133152008057,5.031000137329102,5.055784225463867,2.918027639389038,1199399
1990-08-13,4.9938249588012695,5.043392181396484,4.981433868408203,5.031000137329102,2.903723955154419,1603906
1990-08-14,5.031000137329102,5.055784225463867,5.031000137329102,5.031000137329102,2.903723955154419,1399130
1990-08-15,5.055784225463867,5.179699897766113,5.055784225463867,5.1425251960754395,2.968092679977417,1108612
1990-08-16,5.11774206161499,5.11774206161499,4.981433868408203,4.9938249588012695,2.8822667598724365,4270021
1990-08-17,4.9318671226501465,4.956651210784912,4.795558929443359,4.857518196105957,2.8035964965820312,3945204
1990-08-20,4.857518196105957,4.907083988189697,4.857518196105957,4.907083988189697,2.8322019577026367,1920652
1990-08-21,4.882300853729248,4.882300853729248,4.72121000289917,4.758385181427002,2.7463788986206055,2872908
1990-08-22,4.758385181427002,4.845126152038574,4.745993137359619,4.795558929443359,2.767834186553955,1847013
1990-08-23,4.659252166748047,4.745993137359619,4.634468078613281,4.708817958831787,2.717771291732788,3385351
1990-08-24,4.758385181427002,4.783167839050293,4.696425914764404,4.783167839050293,2.7606818675994873,1894424
1990-08-27,4.857518196105957,5.031000137329102,4.832734107971191,5.006217002868652,2.889418840408325,1578687
1990-08-28,5.018609046936035,5.043392181396484,4.9938249588012695,5.018609046936035,2.896571159362793,1780436
1990-08-29,5.018609046936035,5.068174839019775,4.96904182434082,4.9938249588012695,2.8822667598724365,1923678
1990-08-30,5.006217002868652,5.006217002868652,4.8946919441223145,4.91947603225708,2.839355707168579,1415270
1990-08-31,4.907083988189697,4.9938249588012695,4.907083988189697,4.9938249588012695,2.8822667598724365,1259923
1990-09-04,4.96904182434082,5.018609046936035,4.956651210784912,5.018609046936035,2.896571159362793,820110
1990-09-05,5.018609046936035,5.055784225463867,5.006217002868652,5.018609046936035,2.896571159362793,1825830
1990-09-06,5.018609046936035,5.018609046936035,4.96904182434082,4.981433868408203,2.875114917755127,480163
1990-09-07,4.956651210784912,5.105350017547607,4.956651210784912,5.055784225463867,2.918027639389038,1033964
1990-09-10,5.080566883087158,5.105350017547607,5.006217002868652,5.006217002868652,2.889418840408325,1053131
1990-09-11,4.96904182434082,5.031000137329102,4.96904182434082,4.981433868408203,2.885113477706909,599195
1990-09-12,4.981433868408203,4.981433868408203,4.857518196105957,4.882300853729248,2.8276987075805664,1490926
1990-09-13,4.857518196105957,4.869908809661865,4.820343017578125,4.832734107971191,2.7989912033081055,1713859
1990-09-14,4.807950973510742,4.820343017578125,4.72121000289917,4.733601093292236,2.741576671600342,1005719
1990-09-17,4.72121000289917,4.72121000289917,4.684034824371338,4.708817958831787,2.7272229194641113,2021526
1990-09-18,4.684034824371338,4.733601093292236,4.671642780303955,4.733601093292236,2.741576671600342,1468734
1990-09-19,4.758385181427002,4.783167839050293,4.733601093292236,4.745993137359619,2.7487525939941406,2029596
1990-09-20,4.733601093292236,4.733601093292236,4.696425914764404,4.72121000289917,2.7343993186950684,1750174
1990-09-21,4.72121000289917,4.857518196105957,4.708817958831787,4.832734107971191,2.7989912033081055,1874250
1990-09-24,4.832734107971191,4.857518196105957,4.795558929443359,4.820343017578125,2.791813850402832,2229328
1990-09-25,4.845126152038574,4.956651210784912,4.820343017578125,4.9318671226501465,2.8564071655273438,786822
1990-09-26,4.8946919441223145,4.8946919441223145,4.807950973510742,4.820343017578125,2.791813850402832,1435445
1990-09-27,4.845126152038574,4.882300853729248,4.795558929443359,4.820343017578125,2.791813850402832,1677544
1990-09-28,4.807950973510742,4.9318671226501465,4.77077579498291,4.91947603225708,2.8492300510406494,2124418
1990-10-01,4.944259166717529,5.006217002868652,4.9318671226501465,4.981433868408203,2.885113477706909,2120383
1990-10-02,4.981433868408203,5.006217002868652,4.956651210784912,4.956651210784912,2.8707613945007324,1676535
1990-10-03,4.944259166717529,4.956651210784912,4.783167839050293,4.783167839050293,2.7702836990356445,2836593
1990-10-04,4.733601093292236,4.733601093292236,4.634468078613281,4.646860122680664,2.6913371086120605,8717580
1990-10-05,4.609684944152832,4.708817958831787,4.584901809692383,4.684034824371338,2.7128677368164062,3647624
1990-10-08,4.708817958831787,4.745993137359619,4.671642780303955,4.696425914764404,2.720045328140259,2900144
1990-10-09,4.671642780303955,4.708817958831787,4.659252166748047,4.684034824371338,2.7128677368164062,3161409
1990-10-10,4.659252166748047,4.684034824371338,4.622076988220215,4.659252166748047,2.6985151767730713,5337274
1990-10-11,4.659252166748047,4.659252166748047,4.535335063934326,4.535335063934326,2.6267471313476562,5480515
1990-10-12,4.547727108001709,4.634468078613281,4.485768795013428,4.572509765625,2.648275852203369,6293564
1990-10-15,4.622076988220215,4.783167839050293,4.609684944152832,4.708817958831787,2.7272229194641113,3578021
1990-10-16,4.72121000289917,4.857518196105957,4.72121000289917,4.745993137359619,2.7487525939941406,2594494
1990-10-17,4.745993137359619,4.857518196105957,4.745993137359619,4.845126152038574,2.8061695098876953,3658721
1990-10-18,4.845126152038574,5.018609046936035,4.845126152038574,5.018609046936035,2.9066457748413086,1679562
1990-10-19,5.130133152008057,5.1425251960754395,5.068174839019775,5.092957973480225,2.9497060775756836,1922669
1990-10-22,5.080566883087158,5.179699897766113,5.031000137329102,5.179699897766113,2.999945878982544,1538337
1990-10-23,5.179699897766113,5.19209098815918,5.11774206161499,5.11774206161499,2.9640610218048096,1310361
1990-10-24,5.092957973480225,5.130133152008057,5.055784225463867,5.068174839019775,2.9353532791137695,1348693
1990-10-25,5.055784225463867,5.068174839019775,5.006217002868652,5.018609046936035,2.9066457748413086,946203
1990-10-26,5.031000137329102,5.031000137329102,4.956651210784912,4.956651210784912,2.8707613945007324,1311369
1990-10-29,4.956651210784912,5.006217002868652,4.91947603225708,4.956651210784912,2.8707613945007324,1008746
1990-10-30,4.9318671226501465,4.9938249588012695,4.907083988189697,4.981433868408203,2.885113477706909,1030938
1990-10-31,4.981433868408203,5.006217002868652,4.956651210784912,4.9938249588012695,2.892291307449341,578011
1990-11-01,5.031000137329102,5.031000137329102,4.956651210784912,5.018609046936035,2.9066457748413086,853399
1990-11-02,5.031000137329102,5.11774206161499,5.018609046936035,5.105350017547607,2.9568843841552734,1012781
1990-11-05,5.105350017547607,5.130133152008057,5.055784225463867,5.092957973480225,2.9497060775756836,1596844
1990-11-06,5.080566883087158,5.092957973480225,5.068174839019775,5.080566883087158,2.94252872467041,2015474
1990-11-07,5.080566883087158,5.080566883087158,5.055784225463867,5.055784225463867,2.92817759513855,918967
1990-11-08,5.055784225463867,5.105350017547607,5.031000137329102,5.080566883087158,2.94252872467041,958308
1990-11-09,5.105350017547607,5.154916763305664,5.105350017547607,5.154916763305664,2.985588788986206,1533293
1990-11-12,5.1673078536987305,5.291224002838135,5.154916763305664,5.2664408683776855,3.050182819366455,1896442
1990-11-13,5.303616046905518,5.303616046905518,5.254049777984619,5.2664408683776855,3.050182819366455,2011439
1990-11-14,5.303616046905518,5.39035701751709,5.303616046905518,5.353182792663574,3.100421667098999,1972098
1990-11-15,5.328399181365967,5.353182792663574,5.303616046905518,5.303616046905518,3.0717146396636963,1367859
1990-11-16,5.34079122543335,5.377965927124023,5.328399181365967,5.34079122543335,3.0932445526123047,1689649
1990-11-19,5.34079122543335,5.365573883056641,5.34079122543335,5.365573883056641,3.1075990200042725,1213521
1990-11-20,5.365573883056641,5.365573883056641,5.303616046905518,5.353182792663574,3.100421667098999,1071288
1990-11-21,5.328399181365967,5.452315807342529,5.303616046905518,5.452315807342529,3.1578359603881836,1815742
1990-11-23,5.427532196044922,5.489490985870361,5.402749061584473,5.427532196044922,3.1434824466705322,556828
1990-11-26,5.402749061584473,5.402749061584473,5.328399181365967,5.34079122543335,3.0932445526123047,640554
1990-11-27,5.34079122543335,5.4151411056518555,5.34079122543335,5.39035701751709,3.1219522953033447,835241
1990-11-28,5.4151411056518555,5.4151411056518555,5.377965927124023,5.39035701751709,3.1219522953033447,1413253
1990-11-29,5.402749061584473,5.402749061584473,5.34079122543335,5.353182792663574,3.100421667098999,1083393
1990-11-30,5.353182792663574,5.39035701751709,5.34079122543335,5.34079122543335,3.0932445526123047,2860803
1990-12-03,5.4151411056518555,5.427532196044922,5.402749061584473,5.427532196044922,3.1434824466705322,1192337
1990-12-04,5.402749061584473,5.427532196044922,5.365573883056641,5.4151411056518555,3.136305809020996,1086419
1990-12-05,5.4151411056518555,5.4399237632751465,5.402749061584473,5.4399237632751465,3.15065860748291,1106594
1990-12-06,5.501882076263428,5.501882076263428,5.452315807342529,5.4770989418029785,3.1721889972686768,2190996
1990-12-07,5.464706897735596,5.4770989418029785,5.353182792663574,5.377965927124023,3.1147751808166504,799935
1990-12-10,5.328399181365967,5.353182792663574,5.278832912445068,5.34079122543335,3.0932445526123047,3652668
1990-12-11,5.303616046905518,5.328399181365967,5.2416582107543945,5.291224002838135,3.074526071548462,1177206
1990-12-12,5.303616046905518,5.3160080909729,5.2044830322265625,5.254049777984619,3.052921772003174,4579706
1990-12-13,5.2416582107543945,5.427532196044922,5.229266166687012,5.402749061584473,3.139326572418213,3254214
1990-12-14,5.377965927124023,5.377965927124023,5.303616046905518,5.377965927124023,3.1249265670776367,1933766
1990-12-17,5.353182792663574,5.427532196044922,5.353182792663574,5.4151411056518555,3.146528959274292,944186
1990-12-18,5.4151411056518555,5.427532196044922,5.303616046905518,5.353182792663574,3.1105270385742188,1533293
1990-12-19,5.353182792663574,5.377965927124023,5.303616046905518,5.34079122543335,3.1033263206481934,1405183
1990-12-20,5.303616046905518,5.377965927124023,5.291224002838135,5.328399181365967,3.0961267948150635,1379964
1990-12-21,5.328399181365967,5.4151411056518555,5.3160080909729,5.377965927124023,3.1249265670776367,1549433
1990-12-24,5.377965927124023,5.377965927124023,5.34079122543335,5.377965927124023,3.1249265670776367,392402
1990-12-26,5.377965927124023,5.39035701751709,5.328399181365967,5.39035701751709,3.1321263313293457,440822
1990-12-27,5.377965927124023,5.377965927124023,5.278832912445068,5.278832912445068,3.0673251152038574,395428
1990-12-28,5.278832912445068,5.3160080909729,5.2664408683776855,5.291224002838135,3.074526071548462,729323
1990-12-31,5.3160080909729,5.353182792663574,5.291224002838135,5.3160080909729,3.0889265537261963,384332
1991-01-02,5.303616046905518,5.427532196044922,5.278832912445068,5.402749061584473,3.139326572418213,1361807
1991-01-03,5.402749061584473,5.427532196044922,5.303616046905518,5.303616046905518,3.0817244052886963,1026903
1991-01-04,5.303616046905518,5.34079122543335,5.2044830322265625,5.2044830322265625,3.024122953414917,1223609
1991-01-07,5.154916763305664,5.19209098815918,5.1425251960754395,5.154916763305664,2.9953207969665527,605247
1991-01-08,5.1673078536987305,5.179699897766113,5.006217002868652,5.055784225463867,2.937718152999878,1550442
1991-01-09,5.105350017547607,5.154916763305664,5.031000137329102,5.055784225463867,2.937718152999878,1327509
1991-01-10,5.080566883087158,5.105350017547607,4.981433868408203,5.031000137329102,2.923319101333618,964361
1991-01-11,5.055784225463867,5.055784225463867,5.006217002868652,5.043392181396484,2.9305195808410645,849364
1991-01-14,5.031000137329102,5.055784225463867,5.006217002868652,5.043392181396484,2.9305195808410645,767655
1991-01-15,5.043392181396484,5.068174839019775,4.956651210784912,4.956651210784912,2.8801167011260986,921994
1991-01-16,4.96904182434082,5.1425251960754395,4.956651210784912,5.105350017547607,2.966519355773926,1798594
1991-01-17,5.278832912445068,5.402749061584473,5.254049777984619,5.402749061584473,3.139326572418213,5054825
1991-01-18,5.353182792663574,5.625798225402832,5.34079122543335,5.601015090942383,3.2545316219329834,2630809
1991-01-21,5.551448822021484,5.563839912414551,5.452315807342529,5.551448822021484,3.2257320880889893,1184267
1991-01-22,5.526665210723877,5.601015090942383,5.5142741203308105,5.576231956481934,3.240130662918091,1280098
1991-01-23,5.551448822021484,5.638189792633057,5.501882076263428,5.601015090942383,3.2545316219329834,1544390
1991-01-24,5.625798225402832,5.700148105621338,5.601015090942383,5.625798225402832,3.2689321041107178,1628116
1991-01-25,5.625798225402832,5.774497985839844,5.625798225402832,5.724930763244629,3.3265321254730225,1355754
1991-01-28,5.700148105621338,5.799281120300293,5.675364971160889,5.774497985839844,3.355334997177124,1101550
1991-01-29,5.7497148513793945,5.811673164367676,5.724930763244629,5.774497985839844,3.355334997177124,816075
1991-01-30,5.824063777923584,5.861238956451416,5.799281120300293,5.84884786605835,3.3985371589660645,960326
1991-01-31,5.811673164367676,5.923196792602539,5.786890029907227,5.923196792602539,3.441739320755005,1159049
1991-02-01,5.923196792602539,5.923196792602539,5.824063777923584,5.84884786605835,3.3985371589660645,1690658
1991-02-04,5.824063777923584,5.972764015197754,5.786890029907227,5.947980880737305,3.4561409950256348,1815742
1991-02-05,6.096680164337158,6.133854866027832,6.022329807281494,6.084289073944092,3.535342216491699,1900477
1991-02-06,6.04711389541626,6.270163059234619,6.022329807281494,6.257771015167236,3.636145830154419,1767322
1991-02-07,6.24537992477417,6.319728851318359,6.195813179016113,6.208205223083496,3.607347249984741,2599538
1991-02-08,6.171030044555664,6.24537992477417,6.146246910095215,6.24537992477417,3.6289467811584473,2068937
1991-02-11,6.270163059234619,6.406470775604248,6.24537992477417,6.344512939453125,3.6865503787994385,1094489
1991-02-12,6.344512939453125,6.468429088592529,6.24537992477417,6.24537992477417,3.6289467811584473,2166786
1991-02-13,6.232987880706787,6.282555103302002,6.195813179016113,6.24537992477417,3.6289467811584473,1353737
1991-02-14,6.24537992477417,6.356904029846191,6.022329807281494,6.04711389541626,3.5137414932250977,2290862
1991-02-15,6.071897029876709,6.294946193695068,6.059504985809326,6.24537992477417,3.6289467811584473,2332220
1991-02-19,6.232987880706787,6.344512939453125,6.195813179016113,6.344512939453125,3.6865503787994385,1016816
1991-02-20,6.319728851318359,6.319728851318359,6.121462821960449,6.195813179016113,3.600147008895874,1342641
1991-02-21,6.158638000488281,6.220595836639404,6.146246910095215,6.171030044555664,3.5857467651367188,850373
1991-02-22,6.121462821960449,6.24537992477417,6.04711389541626,6.059504985809326,3.5209431648254395,1071288
1991-02-25,6.146246910095215,6.270163059234619,6.133854866027832,6.24537992477417,3.6289467811584473,813049
1991-02-26,6.257771015167236,6.270163059234619,6.071897029876709,6.121462821960449,3.556943416595459,898792
1991-02-27,6.146246910095215,6.220595836639404,6.146246910095215,6.208205223083496,3.607347249984741,1519171
1991-02-28,6.232987880706787,6.270163059234619,6.183422088623047,6.183422088623047,3.592944383621216,1144926
1991-03-01,6.158638000488281,6.208205223083496,6.121462821960449,6.195813179016113,3.600147008895874,1045061
1991-03-04,6.220595836639404,6.294946193695068,6.195813179016113,6.24537992477417,3.6289467811584473,1003702
1991-03-05,6.270163059234619,6.517995834350586,6.24537992477417,6.517995834350586,3.7873549461364746,1566582
1991-03-06,6.542778968811035,6.64191198348999,6.4560370445251465,6.505603790283203,3.780153751373291,1221591
1991-03-07,6.4932122230529785,6.4932122230529785,6.4188618659973145,6.468429088592529,3.758551597595215,767655
1991-03-08,6.4932122230529785,6.617128849029541,6.468429088592529,6.592345237731934,3.8305561542510986,2158716
1991-03-11,6.517995834350586,6.542778968811035,6.394079208374023,6.394079208374023,3.715351104736328,1527241
1991-03-12,6.344512939453125,6.394079208374023,6.344512939453125,6.356904029846191,3.703801393508911,1013789
1991-03-13,6.344512939453125,6.344512939453125,6.282555103302002,6.307338237762451,3.674919605255127,649632
1991-03-14,6.332120895385742,6.356904029846191,6.146246910095215,6.183422088623047,3.602721691131592,1096507
1991-03-15,6.183422088623047,6.195813179016113,6.04711389541626,6.121462821960449,3.566622257232666,1636186
1991-03-18,6.096680164337158,6.121462821960449,6.071897029876709,6.096680164337158,3.5521833896636963,1007737
1991-03-19,6.071897029876709,6.121462821960449,6.022329807281494,6.04711389541626,3.5233025550842285,711166
1991-03-20,6.071897029876709,6.084289073944092,5.935588836669922,5.985156059265137,3.4872026443481445,1503031
1991-03-21,5.997547149658203,6.022329807281494,5.947980880737305,5.972764015197754,3.4799842834472656,1104577
1991-03-22,5.972764015197754,6.071897029876709,5.972764015197754,6.034721851348877,3.516082525253296,741428
1991-03-25,6.034721851348877,6.071897029876709,6.022329807281494,6.059504985809326,3.530522108078003,816075
1991-03-26,6.146246910095215,6.319728851318359,6.146246910095215,6.294946193695068,3.6677019596099854,1300273
1991-03-27,6.307338237762451,6.431253910064697,6.307338237762451,6.381688117980957,3.718240976333618,1337597
1991-03-28,6.381688117980957,6.4188618659973145,6.369296073913574,6.381688117980957,3.718240976333618,722262
1991-04-01,6.356904029846191,6.369296073913574,6.307338237762451,6.332120895385742,3.6893606185913086,595160
1991-04-02,6.319728851318359,6.394079208374023,6.294946193695068,6.394079208374023,3.7254600524902344,1272028
1991-04-03,6.44364595413208,6.567562103271484,6.4188618659973145,6.480821132659912,3.775998115539551,1097515
1991-04-04,6.505603790283203,6.555170059204102,6.44364595413208,6.44364595413208,3.7543392181396484,711166
1991-04-05,6.44364595413208,6.592345237731934,6.4188618659973145,6.44364595413208,3.7543392181396484,753533
1991-04-08,6.4188618659973145,6.64191198348999,6.4188618659973145,6.629519939422607,3.8626387119293213,742437
1991-04-09,6.617128849029541,6.6666951179504395,6.468429088592529,6.480821132659912,3.775998115539551,783795
1991-04-10,6.4560370445251465,6.542778968811035,6.4560370445251465,6.542778968811035,3.8120975494384766,772699
1991-04-11,6.617128849029541,6.889743804931641,6.617128849029541,6.803002834320068,3.9637157917022705,1609958
1991-04-12,6.815394878387451,6.815394878387451,6.716261863708496,6.7658281326293945,3.9420557022094727,1397113
1991-04-15,6.803002834320068,6.803002834320068,6.753436088562012,6.7906107902526855,3.956496238708496,722262
1991-04-16,6.7906107902526855,6.889743804931641,6.679087162017822,6.877353191375732,4.007033348083496,780769
1991-04-17,6.914527893066406,7.0384440422058105,6.889743804931641,6.988876819610596,4.072012901306152,1307334
1991-04-18,6.964094161987305,7.06322717666626,6.902135848999023,7.013660907745361,4.086452960968018,842303
1991-04-19,6.988876819610596,6.988876819610596,6.9393110275268555,6.9393110275268555,4.04313325881958,451918
1991-04-22,6.914527893066406,7.013660907745361,6.889743804931641,6.951702117919922,4.050355434417725,1867188
1991-04-23,6.9764862060546875,7.06322717666626,6.9764862060546875,7.026051998138428,4.093673229217529,747481
1991-04-24,7.026051998138428,7.026051998138428,6.9393110275268555,6.951702117919922,4.050355434417725,784804
1991-04-25,6.9393110275268555,6.9393110275268555,6.815394878387451,6.86496114730835,3.9998135566711426,813049
1991-04-26,6.86496114730835,6.86496114730835,6.741044998168945,6.803002834320068,3.9637157917022705,1040017
1991-04-29,6.7906107902526855,6.852569103240967,6.703869819641113,6.716261863708496,3.9131760597229004,852390
1991-04-30,6.7286529541015625,6.7906107902526855,6.7286529541015625,6.741044998168945,3.9276163578033447,1187294
1991-05-01,6.741044998168945,6.8401780128479,6.741044998168945,6.7658281326293945,3.9420557022094727,490755
1991-05-02,6.7906107902526855,6.8401780128479,6.7658281326293945,6.7906107902526855,3.956496238708496,666781
1991-05-03,6.741044998168945,6.914527893066406,6.741044998168945,6.889743804931641,4.014255046844482,595664
1991-05-06,6.8401780128479,6.889743804931641,6.7658281326293945,6.8401780128479,3.9853744506835938,291528
1991-05-07,6.9393110275268555,7.137577056884766,6.889743804931641,7.06322717666626,4.115333557128906,899801
1991-05-08,7.088009834289551,7.311059951782227,7.0384440422058105,7.286275863647461,4.245292663574219,1104072
1991-05-09,7.286275863647461,7.311059951782227,7.236710071563721,7.311059951782227,4.259732246398926,966378
1991-05-10,7.335843086242676,7.335843086242676,7.2119269371032715,7.236710071563721,4.216414451599121,731341
1991-05-13,7.26149320602417,7.26149320602417,7.112793922424316,7.112793922424316,4.144213676452637,562376
1991-05-14,7.137577056884766,7.2119269371032715,7.088009834289551,7.112793922424316,4.144213676452637,1024886
1991-05-15,6.6914777755737305,6.741044998168945,6.220595836639404,6.44364595413208,3.7543392181396484,2872403
1991-05-16,6.44364595413208,6.4932122230529785,5.972764015197754,6.220595836639404,3.6243813037872314,3469581
1991-05-17,6.171030044555664,6.369296073913574,6.04711389541626,6.220595836639404,3.6243813037872314,1609454
1991-05-20,6.270163059234619,6.294946193695068,5.84884786605835,5.947980880737305,3.4655447006225586,2715543
1991-05-21,5.997547149658203,6.270163059234619,5.997547149658203,6.270163059234619,3.6532604694366455,3023715
1991-05-22,6.319728851318359,6.369296073913574,6.294946193695068,6.344512939453125,3.6965808868408203,2090625
1991-05-23,6.344512939453125,6.44364595413208,6.24537992477417,6.344512939453125,3.6965808868408203,2114331
1991-05-24,6.394079208374023,6.44364595413208,6.369296073913574,6.44364595413208,3.7543392181396484,865504
1991-05-28,6.4188618659973145,6.542778968811035,6.344512939453125,6.4932122230529785,3.783217430114746,1573643
1991-05-29,6.517995834350586,6.6666951179504395,6.4932122230529785,6.6666951179504395,3.8842968940734863,987562
1991-05-30,6.64191198348999,6.741044998168945,6.517995834350586,6.6914777755737305,3.8987345695495605,2058346
1991-05-31,6.6666951179504395,6.741044998168945,6.592345237731934,6.741044998168945,3.9276163578033447,846842
1991-06-03,6.741044998168945,6.889743804931641,6.716261863708496,6.7906107902526855,3.956496238708496,945699
1991-06-04,6.7906107902526855,6.889743804931641,6.716261863708496,6.7906107902526855,3.956496238708496,1112142
1991-06-05,6.7658281326293945,6.8401780128479,6.64191198348999,6.6666951179504395,3.8842968940734863,552793
1991-06-06,6.6666951179504395,6.6666951179504395,6.542778968811035,6.542778968811035,3.8120975494384766,890722
1991-06-07,6.44364595413208,6.468429088592529,6.24537992477417,6.344512939453125,3.6965808868408203,2566249
1991-06-10,6.344512939453125,6.344512939453125,6.270163059234619,6.270163059234619,3.6532604694366455,859956
1991-06-11,6.294946193695068,6.344512939453125,6.146246910095215,6.270163059234619,3.664849281311035,1901990
1991-06-12,6.24537992477417,6.270163059234619,6.121462821960449,6.146246910095215,3.592423439025879,2754380
1991-06-13,6.171030044555664,6.344512939453125,6.171030044555664,6.344512939453125,3.7083075046539307,1198894
1991-06-14,6.4932122230529785,6.542778968811035,6.344512939453125,6.44364595413208,3.7662508487701416,1629629
1991-06-17,6.394079208374023,6.394079208374023,6.220595836639404,6.294946193695068,3.6793365478515625,781274
1991-06-18,6.220595836639404,6.319728851318359,6.195813179016113,6.220595836639404,3.6358792781829834,1222095
1991-06-19,6.195813179016113,6.294946193695068,6.096680164337158,6.24537992477417,3.6503641605377197,1827343
1991-06-20,6.220595836639404,6.294946193695068,6.195813179016113,6.270163059234619,3.664849281311035,1727477
1991-06-21,6.294946193695068,6.394079208374023,6.294946193695068,6.344512939453125,3.7083075046539307,1928722
1991-06-24,6.294946193695068,6.369296073913574,6.195813179016113,6.195813179016113,3.621393918991089,1142909
1991-06-25,6.220595836639404,6.270163059234619,6.071897029876709,6.096680164337158,3.5634536743164062,897279
1991-06-26,6.096680164337158,6.294946193695068,6.04711389541626,6.146246910095215,3.592423439025879,1534302
1991-06-27,6.121462821960449,6.468429088592529,6.096680164337158,6.468429088592529,3.780735492706299,946708
1991-06-28,6.394079208374023,6.468429088592529,6.344512939453125,6.44364595413208,3.7662508487701416,735376
1991-07-01,6.4188618659973145,6.592345237731934,6.4188618659973145,6.567562103271484,3.838679552078247,764629
1991-07-02,6.542778968811035,6.7906107902526855,6.542778968811035,6.6914777755737305,3.9111061096191406,1810699
1991-07-03,6.64191198348999,6.6666951179504395,6.567562103271484,6.617128849029541,3.8676505088806152,516982
1991-07-05,6.617128849029541,6.6666951179504395,6.567562103271484,6.617128849029541,3.8676505088806152,192670
1991-07-08,6.567562103271484,6.64191198348999,6.542778968811035,6.64191198348999,3.882136106491089,461501
1991-07-09,6.617128849029541,6.741044998168945,6.567562103271484,6.592345237731934,3.853163480758667,637527
1991-07-10,6.64191198348999,6.6666951179504395,6.394079208374023,6.468429088592529,3.780735492706299,1295229
1991-07-11,6.468429088592529,6.517995834350586,6.369296073913574,6.4932122230529785,3.795219659805298,745967
1991-07-12,6.4932122230529785,6.4932122230529785,6.344512939453125,6.394079208374023,3.7372806072235107,1042034
1991-07-15,6.394079208374023,6.542778968811035,6.394079208374023,6.517995834350586,3.8097074031829834,1233696
1991-07-16,6.542778968811035,6.542778968811035,6.468429088592529,6.4932122230529785,3.795219659805298,1072801
1991-07-17,6.468429088592529,6.542778968811035,6.468429088592529,6.468429088592529,3.780735492706299,664763
1991-07-18,6.4932122230529785,6.4932122230529785,6.394079208374023,6.4188618659973145,3.751763105392456,660224
1991-07-19,6.44364595413208,6.517995834350586,6.369296073913574,6.44364595413208,3.7662508487701416,979996
1991-07-22,6.44364595413208,6.44364595413208,6.4188618659973145,6.4188618659973145,3.751763105392456,415099
1991-07-23,6.369296073913574,6.4188618659973145,6.294946193695068,6.319728851318359,3.6938204765319824,899297
1991-07-24,6.319728851318359,6.4188618659973145,6.270163059234619,6.369296073913574,3.7227933406829834,1045061
1991-07-25,6.369296073913574,6.394079208374023,6.319728851318359,6.369296073913574,3.7227933406829834,593647
1991-07-26,6.344512939453125,6.4188618659973145,6.344512939453125,6.344512939453125,3.7083075046539307,664259
1991-07-29,6.344512939453125,6.517995834350586,6.319728851318359,6.517995834350586,3.8097074031829834,1137865
1991-07-30,6.4932122230529785,6.517995834350586,6.4188618659973145,6.44364595413208,3.7662508487701416,603734
1991-07-31,6.394079208374023,6.716261863708496,6.394079208374023,6.716261863708496,3.9255926609039307,945699
1991-08-01,6.716261863708496,6.716261863708496,6.592345237731934,6.64191198348999,3.882136106491089,681408
1991-08-02,6.6914777755737305,6.6914777755737305,6.542778968811035,6.64191198348999,3.882136106491089,880131
1991-08-05,6.617128849029541,6.617128849029541,6.517995834350586,6.542778968811035,3.8241913318634033,486720
1991-08-06,6.517995834350586,6.889743804931641,6.4932122230529785,6.889743804931641,4.026989459991455,800944
1991-08-07,6.815394878387451,6.889743804931641,6.7658281326293945,6.815394878387451,3.9835336208343506,812040
1991-08-08,6.7906107902526855,6.8401780128479,6.741044998168945,6.815394878387451,3.9835336208343506,903332
1991-08-09,6.815394878387451,6.815394878387451,6.542778968811035,6.592345237731934,3.853163480758667,768664
1991-08-12,6.567562103271484,6.567562103271484,6.468429088592529,6.4932122230529785,3.795219659805298,481172
1991-08-13,6.567562103271484,6.741044998168945,6.542778968811035,6.716261863708496,3.9255926609039307,753533
1991-08-14,6.914527893066406,6.914527893066406,6.542778968811035,6.592345237731934,3.853163480758667,1236722
1991-08-15,6.592345237731934,6.64191198348999,6.4932122230529785,6.4932122230529785,3.795219659805298,721253
1991-08-16,6.4932122230529785,6.517995834350586,6.146246910095215,6.270163059234619,3.664849281311035,3871062
1991-08-19,5.997547149658203,6.294946193695068,5.997547149658203,6.220595836639404,3.6358792781829834,2057841
1991-08-20,6.294946193695068,6.319728851318359,6.24537992477417,6.294946193695068,3.6793365478515625,1799098
1991-08-21,6.344512939453125,6.44364595413208,6.319728851318359,6.44364595413208,3.7662508487701416,2876943
1991-08-22,6.517995834350586,6.592345237731934,6.468429088592529,6.542778968811035,3.8241913318634033,1357267
1991-08-23,6.567562103271484,6.741044998168945,6.567562103271484,6.6914777755737305,3.9111061096191406,1275559
1991-08-26,6.64191198348999,6.7906107902526855,6.567562103271484,6.7658281326293945,3.954563617706299,773204
1991-08-27,6.7658281326293945,6.914527893066406,6.716261863708496,6.86496114730835,4.012503147125244,851381
1991-08-28,6.86496114730835,6.889743804931641,6.815394878387451,6.8401780128479,3.9980201721191406,928046
1991-08-29,6.86496114730835,6.914527893066406,6.7906107902526855,6.889743804931641,4.026989459991455,1074819
1991-08-30,6.889743804931641,6.9393110275268555,6.86496114730835,6.9393110275268555,4.055961608886719,817588
1991-09-03,6.9393110275268555,7.0384440422058105,6.889743804931641,6.889743804931641,4.026989459991455,1732521
1991-09-04,6.889743804931641,6.914527893066406,6.64191198348999,6.6666951179504395,3.896620750427246,1242775
1991-09-05,6.6914777755737305,6.716261863708496,6.617128849029541,6.6666951179504395,3.896620750427246,824145
1991-09-06,6.64191198348999,6.6666951179504395,6.468429088592529,6.517995834350586,3.8097074031829834,892236
1991-09-09,6.542778968811035,6.6666951179504395,6.542778968811035,6.592345237731934,3.853163480758667,762107
1991-09-10,6.617128849029541,6.617128849029541,6.4188618659973145,6.468429088592529,3.7921438217163086,729323
1991-09-11,6.4932122230529785,6.542778968811035,6.44364595413208,6.468429088592529,3.7921438217163086,746472
1991-09-12,6.4188618659973145,6.592345237731934,6.4188618659973145,6.517995834350586,3.821199893951416,515469
1991-09-13,6.517995834350586,6.567562103271484,6.468429088592529,6.542778968811035,3.8357295989990234,1171658
1991-09-16,6.542778968811035,6.567562103271484,6.4188618659973145,6.4932122230529785,3.806670665740967,792370
1991-09-17,6.617128849029541,6.64191198348999,6.517995834350586,6.517995834350586,3.821199893951416,1993786
1991-09-18,6.4932122230529785,6.542778968811035,6.468429088592529,6.517995834350586,3.821199893951416,595664
1991-09-19,6.4932122230529785,6.567562103271484,6.4932122230529785,6.517995834350586,3.821199893951416,1141900
1991-09-20,6.567562103271484,6.567562103271484,6.4932122230529785,6.517995834350586,3.821199893951416,1635177
1991-09-23,6.517995834350586,6.542778968811035,6.44364595413208,6.517995834350586,3.821199893951416,701078
1991-09-24,6.4932122230529785,6.741044998168945,6.4932122230529785,6.6666951179504395,3.9083762168884277,700070
1991-09-25,6.6666951179504395,6.815394878387451,6.617128849029541,6.815394878387451,3.995551824569702,1558512
1991-09-26,6.7906107902526855,6.8401780128479,6.6914777755737305,6.6914777755737305,3.9229044914245605,858947
1991-09-27,6.716261863708496,6.741044998168945,6.592345237731934,6.716261863708496,3.937433958053589,625927
1991-09-30,6.741044998168945,6.914527893066406,6.716261863708496,6.889743804931641,4.039139270782471,1065740
1991-10-01,6.889743804931641,6.988876819610596,6.8401780128479,6.988876819610596,4.097255706787109,1289177
1991-10-02,6.964094161987305,7.26149320602417,6.964094161987305,7.088009834289551,4.155373573303223,1228652
1991-10-03,7.088009834289551,7.137577056884766,7.013660907745361,7.06322717666626,4.140846252441406,590621
1991-10-04,7.06322717666626,7.06322717666626,6.9393110275268555,6.9393110275268555,4.068199157714844,730332
1991-10-07,6.914527893066406,6.9393110275268555,6.86496114730835,6.914527893066406,4.053668022155762,892236
1991-10-08,6.964094161987305,6.988876819610596,6.815394878387451,6.8401780128479,4.010083198547363,730332
1991-10-09,7.088009834289551,7.137577056884766,6.9393110275268555,7.088009834289551,4.155373573303223,1655352
1991-10-10,7.112793922424316,7.187142848968506,7.0384440422058105,7.187142848968506,4.213491439819336,1180232
1991-10-11,7.187142848968506,7.2119269371032715,7.137577056884766,7.137577056884766,4.184433937072754,797918
1991-10-14,7.2119269371032715,7.360626220703125,7.187142848968506,7.311059951782227,4.286139011383057,917454
1991-10-15,7.335843086242676,7.682807922363281,7.335843086242676,7.682807922363281,4.504077911376953,1615002
1991-10-16,7.732375144958496,7.881073951721191,7.633242130279541,7.856290817260742,4.6057820320129395,838772
1991-10-17,7.881073951721191,7.881073951721191,7.658024787902832,7.732375144958496,4.533137321472168,1305317
1991-10-18,7.707592010498047,7.806725025177002,7.707592010498047,7.732375144958496,4.533137321472168,1110629
1991-10-21,7.781940937042236,7.781940937042236,7.658024787902832,7.707592010498047,4.518609523773193,1141396
1991-10-22,7.658024787902832,7.682807922363281,7.583674907684326,7.583674907684326,4.445962429046631,926533
1991-10-23,7.633242130279541,7.707592010498047,7.583674907684326,7.583674907684326,4.445962429046631,1324483
1991-10-24,7.633242130279541,7.633242130279541,7.360626220703125,7.434976100921631,4.3587846755981445,1501518
1991-10-25,7.434976100921631,7.45975923538208,7.311059951782227,7.360626220703125,4.315196990966797,743446
1991-10-28,7.360626220703125,7.410192966461182,7.311059951782227,7.335843086242676,4.300669193267822,800440
1991-10-29,7.335843086242676,7.45975923538208,7.26149320602417,7.410192966461182,4.344254493713379,1257906
1991-10-30,7.434976100921631,7.434976100921631,7.311059951782227,7.360626220703125,4.315196990966797,1351215
1991-10-31,7.360626220703125,7.360626220703125,7.162360191345215,7.162360191345215,4.198963165283203,1223609
1991-11-01,7.187142848968506,7.434976100921631,7.088009834289551,7.385408878326416,4.329725742340088,1449063
1991-11-04,7.286275863647461,7.311059951782227,7.236710071563721,7.286275863647461,4.271608352661133,684434
1991-11-05,7.335843086242676,7.385408878326416,7.335843086242676,7.385408878326416,4.329725742340088,612813
1991-11-06,7.360626220703125,7.45975923538208,7.360626220703125,7.410192966461182,4.344254493713379,818597
1991-11-07,7.484541893005371,7.534109115600586,7.410192966461182,7.534109115600586,4.416901588439941,1847013
1991-11-08,7.583674907684326,7.707592010498047,7.534109115600586,7.608458995819092,4.460486888885498,848860
1991-11-11,7.558891773223877,7.707592010498047,7.558891773223877,7.658024787902832,4.489548206329346,390889
1991-11-12,7.658024787902832,7.707592010498047,7.633242130279541,7.682807922363281,4.504077911376953,836250
1991-11-13,7.682807922363281,7.682807922363281,7.633242130279541,7.633242130279541,4.47501802444458,469571
1991-11-14,7.658024787902832,7.707592010498047,7.633242130279541,7.707592010498047,4.518609523773193,334904
1991-11-15,7.682807922363281,7.707592010498047,7.360626220703125,7.360626220703125,4.315196990966797,914428
1991-11-18,7.410192966461182,7.484541893005371,7.360626220703125,7.434976100921631,4.3587846755981445,1145431
1991-11-19,7.360626220703125,7.45975923538208,7.162360191345215,7.335843086242676,4.300669193267822,1106090
1991-11-20,7.45975923538208,7.45975923538208,7.385408878326416,7.410192966461182,4.344254493713379,985545
1991-11-21,7.410192966461182,7.484541893005371,7.360626220703125,7.484541893005371,4.387843132019043,920480
1991-11-22,7.434976100921631,7.434976100921631,7.286275863647461,7.311059951782227,4.286139011383057,833728
1991-11-25,7.360626220703125,7.45975923538208,7.335843086242676,7.410192966461182,4.344254493713379,743446
1991-11-26,7.385408878326416,7.484541893005371,7.335843086242676,7.45975923538208,4.373314380645752,1292203
1991-11-27,7.45975923538208,7.509325981140137,7.385408878326416,7.484541893005371,4.387843132019043,874583
1991-11-29,7.360626220703125,7.385408878326416,7.286275863647461,7.335843086242676,4.300669193267822,435778
1991-12-02,7.236710071563721,7.434976100921631,7.236710071563721,7.434976100921631,4.3587846755981445,946203
1991-12-03,7.484541893005371,7.534109115600586,7.385408878326416,7.434976100921631,4.3587846755981445,1599871
1991-12-04,7.45975923538208,7.45975923538208,7.26149320602417,7.434976100921631,4.3587846755981445,928046
1991-12-05,7.385408878326416,7.434976100921631,7.335843086242676,7.385408878326416,4.329725742340088,1018833
1991-12-06,7.385408878326416,7.45975923538208,7.360626220703125,7.360626220703125,4.315196990966797,846338
1991-12-09,7.434976100921631,7.509325981140137,7.385408878326416,7.410192966461182,4.344254493713379,865504
1991-12-10,7.335843086242676,7.608458995819092,7.335843086242676,7.583674907684326,4.457891941070557,1641734
1991-12-11,7.583674907684326,7.633242130279541,7.484541893005371,7.534109115600586,4.42875337600708,958308
1991-12-12,7.534109115600586,7.608458995819092,7.45975923538208,7.583674907684326,4.457891941070557,1108107
1991-12-13,7.682807922363281,7.806725025177002,7.633242130279541,7.707592010498047,4.530731201171875,791865
1991-12-16,7.732375144958496,7.806725025177002,7.633242130279541,7.707592010498047,4.530731201171875,743446
1991-12-17,7.757157802581787,7.757157802581787,7.682807922363281,7.682807922363281,4.5161614418029785,698556
1991-12-18,7.707592010498047,7.781940937042236,7.682807922363281,7.732375144958496,4.5452985763549805,978483
1991-12-19,7.682807922363281,7.757157802581787,7.633242130279541,7.707592010498047,4.530731201171875,1524719
1991-12-20,7.881073951721191,7.930641174316406,7.781940937042236,7.905858039855957,4.647278785705566,3116520
1991-12-23,7.930641174316406,8.153690338134766,7.881073951721191,8.128907203674316,4.778393745422363,1824317
1991-12-24,8.228039741516113,8.475872039794922,8.203256607055664,8.327173233032227,4.894937038421631,1303299
1991-12-26,8.277606010437012,8.674138069152832,8.277606010437012,8.624571800231934,5.069756031036377,753029
1991-12-27,8.649354934692383,8.723705291748047,8.550222396850586,8.698922157287598,5.113463878631592,680399
1991-12-30,8.649354934692383,9.120237350463867,8.624571800231934,9.120237350463867,5.361125469207764,1369877
1991-12-31,9.070671081542969,9.194586753845215,8.822837829589844,9.021103858947754,5.302847862243652,1706293
1992-01-02,8.921971321105957,8.946754455566406,8.649354934692383,8.822837829589844,5.186301231384277,1968063
1992-01-03,8.872405052185059,8.971537590026855,8.773271560668945,8.822837829589844,5.186301231384277,1263454
1992-01-06,8.674138069152832,8.748488426208496,8.376738548278809,8.748488426208496,5.142601013183594,2069946
1992-01-07,8.575004577636719,8.723705291748047,8.550222396850586,8.575004577636719,5.0406174659729,1995803
1992-01-08,8.500656127929688,8.822837829589844,8.475872039794922,8.698922157287598,5.113463878631592,2279261
1992-01-09,8.674138069152832,8.921971321105957,8.649354934692383,8.872405052185059,5.215439319610596,1203434
1992-01-10,8.897188186645508,8.946754455566406,8.822837829589844,8.946754455566406,5.259143829345703,1175693
1992-01-13,8.897188186645508,8.921971321105957,8.723705291748047,8.748488426208496,5.142601013183594,1139378
1992-01-14,8.773271560668945,9.070671081542969,8.748488426208496,9.070671081542969,5.331984996795654,1836926
1992-01-15,9.169803619384766,9.715035438537598,9.14501953125,9.715035438537598,5.710761547088623,2369544
1992-01-16,9.615901947021484,9.640685081481934,9.318503379821777,9.368069648742676,5.5068039894104,2155185
1992-01-17,9.219369888305664,9.293720245361328,9.070671081542969,9.14501953125,5.3756890296936035,1561034
1992-01-20,9.021103858947754,9.070671081542969,8.921971321105957,9.021103858947754,5.302847862243652,697548
1992-01-21,8.996320724487305,8.996320724487305,8.277606010437012,8.649354934692383,5.084327220916748,1527745
1992-01-22,8.698922157287598,8.822837829589844,8.649354934692383,8.773271560668945,5.157168865203857,1329527
1992-01-23,8.822837829589844,9.070671081542969,8.822837829589844,8.921971321105957,5.2445783615112305,1424853
1992-01-24,8.921971321105957,8.921971321105957,8.624571800231934,8.674138069152832,5.0988945960998535,721758
1992-01-27,8.698922157287598,8.723705291748047,8.575004577636719,8.624571800231934,5.069756031036377,330364
1992-01-28,8.599788665771484,8.698922157287598,8.500656127929688,8.525439262390137,5.011484146118164,1196877
1992-01-29,8.525439262390137,8.624571800231934,8.475872039794922,8.599788665771484,5.055189609527588,1662413
1992-01-30,8.649354934692383,8.723705291748047,8.575004577636719,8.698922157287598,5.113463878631592,601212
1992-01-31,8.649354934692383,8.674138069152832,8.475872039794922,8.475872039794922,4.982346057891846,723271
1992-02-03,8.525439262390137,8.748488426208496,8.426305770874023,8.723705291748047,5.128028392791748,869034
1992-02-04,8.698922157287598,8.996320724487305,8.649354934692383,8.897188186645508,5.230010986328125,1515136
1992-02-05,8.872405052185059,9.120237350463867,8.847620964050293,9.070671081542969,5.331984996795654,1121725
1992-02-06,9.070671081542969,9.219369888305664,8.946754455566406,9.169803619384766,5.390259265899658,710661
1992-02-07,9.120237350463867,9.169803619384766,8.946754455566406,9.095454216003418,5.346555233001709,1366346
1992-02-10,9.169803619384766,9.318503379821777,9.120237350463867,9.293720245361328,5.463099002838135,1741095
1992-02-11,9.318503379821777,9.368069648742676,9.219369888305664,9.293720245361328,5.463099002838135,1132317
1992-02-12,9.268937110900879,9.293720245361328,9.120237350463867,9.244153022766113,5.433963775634766,866008
1992-02-13,9.268937110900879,9.293720245361328,9.021103858947754,9.070671081542969,5.331984996795654,1553973
1992-02-14,8.971537590026855,9.021103858947754,8.872405052185059,8.946754455566406,5.259143829345703,610796
1992-02-18,9.045886993408203,9.120237350463867,8.897188186645508,8.921971321105957,5.2445783615112305,883157
1992-02-19,8.971537590026855,9.070671081542969,8.946754455566406,9.045886993408203,5.317418098449707,1060696
1992-02-20,9.070671081542969,9.219369888305664,9.021103858947754,9.219369888305664,5.419397354125977,780265
1992-02-21,9.219369888305664,9.219369888305664,9.045886993408203,9.045886993408203,5.317418098449707,1053635
1992-02-24,9.095454216003418,9.293720245361328,8.996320724487305,9.169803619384766,5.390259265899658,1796576
1992-02-25,9.14501953125,9.169803619384766,8.773271560668945,8.897188186645508,5.230010986328125,1293716
1992-02-26,8.921971321105957,9.120237350463867,8.921971321105957,8.971537590026855,5.273714065551758,1432923
1992-02-27,9.021103858947754,9.021103858947754,8.847620964050293,8.872405052185059,5.215439319610596,863991
1992-02-28,8.773271560668945,8.872405052185059,8.748488426208496,8.773271560668945,5.157168865203857,744959
1992-03-02,8.847620964050293,8.872405052185059,8.698922157287598,8.723705291748047,5.128028392791748,2389719
1992-03-03,8.748488426208496,8.847620964050293,8.649354934692383,8.748488426208496,5.142601013183594,1298256
1992-03-04,8.748488426208496,8.872405052185059,8.698922157287598,8.698922157287598,5.113463878631592,1073810
1992-03-05,8.674138069152832,8.674138069152832,8.401522636413574,8.500656127929688,4.9969162940979,1151483
1992-03-06,8.525439262390137,8.624571800231934,8.525439262390137,8.575004577636719,5.0406174659729,1029425
1992-03-09,8.599788665771484,8.599788665771484,8.426305770874023,8.451088905334473,4.967782497406006,698052
1992-03-10,8.500656127929688,8.500656127929688,8.376738548278809,8.426305770874023,4.9648613929748535,981005
1992-03-11,8.550222396850586,8.599788665771484,8.475872039794922,8.575004577636719,5.052473068237305,1896442
1992-03-12,8.773271560668945,8.798054695129395,8.674138069152832,8.698922157287598,5.125489234924316,1868197
1992-03-13,8.822837829589844,8.946754455566406,8.748488426208496,8.897188186645508,5.242308616638184,1829360
1992-03-16,8.872405052185059,8.921971321105957,8.822837829589844,8.921971321105957,5.256913185119629,1364833
1992-03-17,8.946754455566406,9.169803619384766,8.946754455566406,9.14501953125,5.388333797454834,1634168
1992-03-18,9.368069648742676,9.392852783203125,9.194586753845215,9.244153022766113,5.446740627288818,2750345
1992-03-19,9.219369888305664,9.219369888305664,9.070671081542969,9.14501953125,5.388333797454834,956795
1992-03-20,9.095454216003418,9.14501953125,9.070671081542969,9.120237350463867,5.373733043670654,2366013
1992-03-23,9.070671081542969,9.095454216003418,9.045886993408203,9.095454216003418,5.359130859375,1088941
1992-03-24,9.095454216003418,9.120237350463867,9.070671081542969,9.120237350463867,5.373733043670654,619370
1992-03-25,9.120237350463867,9.194586753845215,9.120237350463867,9.169803619384766,5.402937412261963,1102055
1992-03-26,9.194586753845215,9.318503379821777,9.14501953125,9.244153022766113,5.446740627288818,1250340
1992-03-27,9.219369888305664,9.219369888305664,9.045886993408203,9.095454216003418,5.359130859375,663250
1992-03-30,9.095454216003418,9.095454216003418,9.021103858947754,9.021103858947754,5.315319538116455,575994
1992-03-31,9.021103858947754,9.045886993408203,8.921971321105957,9.021103858947754,5.315319538116455,1828352
1992-04-01,9.021103858947754,9.021103858947754,8.872405052185059,8.872405052185059,5.227705001831055,1135343
1992-04-02,8.897188186645508,8.897188186645508,8.674138069152832,8.698922157287598,5.125489234924316,924011
1992-04-03,8.723705291748047,8.723705291748047,8.599788665771484,8.649354934692383,5.096284866333008,957804
1992-04-06,8.649354934692383,8.773271560668945,8.649354934692383,8.748488426208496,5.154697895050049,851886
1992-04-07,8.748488426208496,8.773271560668945,8.674138069152832,8.674138069152832,5.1108856201171875,667790
1992-04-08,8.674138069152832,8.674138069152832,8.475872039794922,8.550222396850586,5.037871360778809,1130804
1992-04-09,8.599788665771484,8.624571800231934,8.451088905334473,8.525439262390137,5.023271083831787,1333057
1992-04-10,8.723705291748047,8.723705291748047,8.649354934692383,8.698922157287598,5.125489234924316,1604914
1992-04-13,8.698922157287598,8.698922157287598,8.624571800231934,8.624571800231934,5.081680774688721,841294
1992-04-14,8.649354934692383,8.946754455566406,8.649354934692383,8.946754455566406,5.271514415740967,1951419
1992-04-15,9.070671081542969,9.318503379821777,9.045886993408203,9.169803619384766,5.402937412261963,2068433
1992-04-16,9.169803619384766,9.219369888305664,8.996320724487305,9.219369888305664,5.432143211364746,1308848
1992-04-20,9.14501953125,9.14501953125,8.946754455566406,9.095454216003418,5.359130859375,1154509
1992-04-21,9.095454216003418,9.219369888305664,9.070671081542969,9.219369888305664,5.432143211364746,793883
1992-04-22,9.219369888305664,9.268937110900879,9.120237350463867,9.244153022766113,5.446740627288818,869539
1992-04-23,9.268937110900879,9.293720245361328,9.045886993408203,9.219369888305664,5.432143211364746,1456629
1992-04-24,9.244153022766113,9.268937110900879,8.996320724487305,9.045886993408203,5.329925060272217,1088437
1992-04-27,9.070671081542969,9.070671081542969,8.897188186645508,8.996320724487305,5.300717830657959,918463
1992-04-28,9.045886993408203,9.045886993408203,8.872405052185059,8.971537590026855,5.2861151695251465,1031947
1992-04-29,8.971537590026855,8.971537590026855,8.773271560668945,8.897188186645508,5.242308616638184,895766
1992-04-30,8.971537590026855,9.021103858947754,8.897188186645508,8.996320724487305,5.300717830657959,1524215
1992-05-01,9.095454216003418,9.169803619384766,9.045886993408203,9.095454216003418,5.359130859375,1587261
1992-05-04,9.14501953125,9.194586753845215,9.070671081542969,9.194586753845215,5.417539596557617,656693
1992-05-05,9.14501953125,9.293720245361328,9.095454216003418,9.244153022766113,5.446740627288818,981510
1992-05-06,9.293720245361328,9.442419052124023,9.268937110900879,9.417635917663574,5.54896354675293,1448054
1992-05-07,9.392852783203125,9.417635917663574,9.34328556060791,9.34328556060791,5.505152702331543,825154
1992-05-08,9.368069648742676,9.516769409179688,9.318503379821777,9.491986274719238,5.592770099639893,1137865
1992-05-11,9.516769409179688,9.566335678100586,9.442419052124023,9.516769409179688,5.607372760772705,987058
1992-05-12,9.516769409179688,9.615901947021484,9.467203140258789,9.491986274719238,5.592770099639893,2082556
1992-05-13,9.566335678100586,9.591118812561035,9.491986274719238,9.54155158996582,5.62197208404541,1076836
1992-05-14,9.417635917663574,9.442419052124023,9.268937110900879,9.34328556060791,5.505152702331543,781778
1992-05-15,9.219369888305664,9.219369888305664,9.070671081542969,9.095454216003418,5.359130859375,1112142
1992-05-18,9.194586753845215,9.219369888305664,9.045886993408203,9.169803619384766,5.402937412261963,635005
1992-05-19,9.14501953125,9.169803619384766,9.021103858947754,9.169803619384766,5.402937412261963,681408
1992-05-20,9.169803619384766,9.268937110900879,9.120237350463867,9.120237350463867,5.373733043670654,540688
1992-05-21,9.120237350463867,9.120237350463867,8.971537590026855,9.045886993408203,5.329925060272217,1114664
1992-05-22,9.070671081542969,9.070671081542969,8.971537590026855,9.021103858947754,5.315319538116455,563889
1992-05-26,8.971537590026855,8.996320724487305,8.847620964050293,8.921971321105957,5.256913185119629,721758
1992-05-27,8.872405052185059,8.921971321105957,8.822837829589844,8.872405052185059,5.227705001831055,653667
1992-05-28,8.897188186645508,8.971537590026855,8.847620964050293,8.971537590026855,5.2861151695251465,575489
1992-05-29,8.996320724487305,9.070671081542969,8.946754455566406,9.021103858947754,5.315319538116455,1769844
1992-06-01,9.095454216003418,9.095454216003418,8.996320724487305,9.045886993408203,5.329925060272217,729828
1992-06-02,9.045886993408203,9.095454216003418,8.897188186645508,8.921971321105957,5.27019739151001,1223609
1992-06-03,8.921971321105957,9.045886993408203,8.872405052185059,8.897188186645508,5.255556583404541,1048087
1992-06-04,8.946754455566406,8.971537590026855,8.897188186645508,8.971537590026855,5.299475193023682,664763
1992-06-05,8.946754455566406,8.946754455566406,8.847620964050293,8.946754455566406,5.284834384918213,979996
1992-06-08,8.996320724487305,9.095454216003418,8.946754455566406,8.971537590026855,5.299475193023682,754037
1992-06-09,8.971537590026855,9.045886993408203,8.946754455566406,8.946754455566406,5.284834384918213,1276568
1992-06-10,8.946754455566406,8.996320724487305,8.921971321105957,8.921971321105957,5.27019739151001,467554
1992-06-11,8.921971321105957,8.971537590026855,8.847620964050293,8.971537590026855,5.299475193023682,470076
1992-06-12,9.070671081542969,9.070671081542969,8.872405052185059,8.872405052185059,5.240914344787598,764125
1992-06-15,8.822837829589844,8.971537590026855,8.822837829589844,8.921971321105957,5.27019739151001,825154
1992-06-16,8.946754455566406,8.971537590026855,8.525439262390137,8.550222396850586,5.05060338973999,1358276
1992-06-17,8.426305770874023,8.426305770874023,8.203256607055664,8.277606010437012,4.889570236206055,3990598
1992-06-18,8.277606010437012,8.475872039794922,8.252822875976562,8.426305770874023,4.977406024932861,953769
1992-06-19,8.401522636413574,8.475872039794922,8.351956367492676,8.376738548278809,4.948124885559082,866513
1992-06-22,8.426305770874023,8.426305770874023,8.178473472595215,8.228039741516113,4.860291481018066,1078854
1992-06-23,8.228039741516113,8.401522636413574,8.228039741516113,8.376738548278809,4.948124885559082,890722
1992-06-24,8.401522636413574,8.451088905334473,8.277606010437012,8.327173233032227,4.918848514556885,811536
1992-06-25,8.327173233032227,8.376738548278809,8.178473472595215,8.277606010437012,4.889570236206055,516478
1992-06-26,8.302390098571777,8.376738548278809,8.277606010437012,8.376738548278809,4.948124885559082,369201
1992-06-29,8.327173233032227,8.550222396850586,8.327173233032227,8.525439262390137,5.0359649658203125,763621
1992-06-30,8.575004577636719,8.575004577636719,8.426305770874023,8.475872039794922,5.006688117980957,344487
1992-07-01,8.500656127929688,8.525439262390137,8.426305770874023,8.525439262390137,5.0359649658203125,790857
1992-07-02,8.599788665771484,8.674138069152832,8.451088905334473,8.475872039794922,5.006688117980957,1143413
1992-07-06,8.475872039794922,8.475872039794922,8.277606010437012,8.351956367492676,4.933487415313721,653667
1992-07-07,8.228039741516113,8.277606010437012,7.682807922363281,7.831508159637451,4.626060485839844,5176883
1992-07-08,7.781940937042236,8.029773712158203,7.781940937042236,8.029773712158203,4.743175506591797,3620388
1992-07-09,8.054556846618652,8.327173233032227,8.054556846618652,8.327173233032227,4.918848514556885,2839619
1992-07-10,8.327173233032227,8.327173233032227,8.178473472595215,8.178473472595215,4.831009864807129,1566078
1992-07-13,8.178473472595215,8.203256607055664,8.029773712158203,8.203256607055664,4.845651149749756,2011439
1992-07-14,8.079339981079102,8.376738548278809,8.054556846618652,8.228039741516113,4.860291481018066,3029263
1992-07-15,8.228039741516113,8.277606010437012,8.128907203674316,8.252822875976562,4.874929904937744,1188807
1992-07-16,8.228039741516113,8.277606010437012,8.203256607055664,8.228039741516113,4.860291481018066,745463
1992-07-17,8.203256607055664,8.327173233032227,8.153690338134766,8.327173233032227,4.918848514556885,1483865
1992-07-20,8.228039741516113,8.327173233032227,8.203256607055664,8.277606010437012,4.889570236206055,1742608
1992-07-21,8.327173233032227,8.451088905334473,8.302390098571777,8.401522636413574,4.962767124176025,1586757
1992-07-22,8.351956367492676,8.401522636413574,8.302390098571777,8.401522636413574,4.962767124176025,608274
1992-07-23,8.451088905334473,8.550222396850586,8.401522636413574,8.550222396850586,5.05060338973999,1064731
1992-07-24,8.525439262390137,8.550222396850586,8.451088905334473,8.451088905334473,4.992048263549805,459484
1992-07-27,8.426305770874023,8.426305770874023,8.351956367492676,8.376738548278809,4.948124885559082,563889
1992-07-28,8.327173233032227,8.674138069152832,8.327173233032227,8.624571800231934,5.094523906707764,1530772
1992-07-29,8.674138069152832,8.822837829589844,8.674138069152832,8.748488426208496,5.167718887329102,1188302
1992-07-30,8.723705291748047,8.822837829589844,8.649354934692383,8.798054695129395,5.196998119354248,633997
1992-07-31,8.847620964050293,8.897188186645508,8.822837829589844,8.897188186645508,5.255556583404541,755046
1992-08-03,8.897188186645508,8.897188186645508,8.798054695129395,8.872405052185059,5.240914344787598,468058
1992-08-04,8.872405052185059,8.921971321105957,8.847620964050293,8.921971321105957,5.27019739151001,435778
1992-08-05,8.872405052185059,8.996320724487305,8.872405052185059,8.897188186645508,5.255556583404541,652154
1992-08-06,8.897188186645508,8.971537590026855,8.872405052185059,8.897188186645508,5.255556583404541,475119
1992-08-07,8.872405052185059,8.897188186645508,8.723705291748047,8.773271560668945,5.18235969543457,555819
1992-08-10,8.723705291748047,8.748488426208496,8.674138069152832,8.748488426208496,5.167718887329102,476632
1992-08-11,8.798054695129395,8.822837829589844,8.649354934692383,8.674138069152832,5.12380313873291,782787
1992-08-12,8.698922157287598,8.822837829589844,8.674138069152832,8.773271560668945,5.18235969543457,466545
1992-08-13,8.822837829589844,8.897188186645508,8.723705291748047,8.773271560668945,5.18235969543457,492268
1992-08-14,8.798054695129395,8.822837829589844,8.748488426208496,8.798054695129395,5.196998119354248,664763
1992-08-17,8.798054695129395,8.872405052185059,8.773271560668945,8.822837829589844,5.2116379737854,1471760
1992-08-18,8.847620964050293,8.872405052185059,8.723705291748047,8.773271560668945,5.18235969543457,844320
1992-08-19,8.773271560668945,8.798054695129395,8.674138069152832,8.748488426208496,5.167718887329102,885679
1992-08-20,8.748488426208496,8.847620964050293,8.748488426208496,8.773271560668945,5.18235969543457,372227
1992-08-21,8.847620964050293,8.897188186645508,8.698922157287598,8.698922157287598,5.1384406089782715,1122734
1992-08-24,8.649354934692383,8.674138069152832,8.575004577636719,8.575004577636719,5.06524133682251,478650
1992-08-25,8.550222396850586,8.599788665771484,8.525439262390137,8.550222396850586,5.05060338973999,569437
1992-08-26,8.575004577636719,8.599788665771484,8.525439262390137,8.550222396850586,5.05060338973999,500842
1992-08-27,8.575004577636719,8.575004577636719,8.525439262390137,8.525439262390137,5.0359649658203125,287493
1992-08-28,8.550222396850586,8.575004577636719,8.525439262390137,8.550222396850586,5.05060338973999,484198
1992-08-31,8.575004577636719,8.575004577636719,8.525439262390137,8.550222396850586,5.05060338973999,380297
1992-09-01,8.575004577636719,8.674138069152832,8.525439262390137,8.599788665771484,5.079883575439453,685443
1992-09-02,8.575004577636719,8.798054695129395,8.525439262390137,8.798054695129395,5.196998119354248,995632
1992-09-03,8.798054695129395,8.946754455566406,8.773271560668945,8.897188186645508,5.255556583404541,1119708
1992-09-04,8.946754455566406,8.996320724487305,8.872405052185059,8.946754455566406,5.284834384918213,716209
1992-09-08,8.946754455566406,9.120237350463867,8.921971321105957,9.070671081542969,5.371718406677246,1173171
1992-09-09,9.095454216003418,9.14501953125,9.070671081542969,9.120237350463867,5.401072978973389,838772
1992-09-10,9.095454216003418,9.268937110900879,9.095454216003418,9.268937110900879,5.489133358001709,976466
1992-09-11,9.268937110900879,9.318503379821777,9.244153022766113,9.293720245361328,5.503809452056885,884670
1992-09-14,9.318503379821777,9.392852783203125,9.169803619384766,9.368069648742676,5.547841548919678,1745634
1992-09-15,9.293720245361328,9.368069648742676,9.219369888305664,9.219369888305664,5.459784507751465,875087
1992-09-16,9.169803619384766,9.244153022766113,9.120237350463867,9.244153022766113,5.474459171295166,843816
1992-09-17,9.268937110900879,9.293720245361328,9.194586753845215,9.293720245361328,5.503809452056885,1187798
1992-09-18,9.417635917663574,9.417635917663574,9.318503379821777,9.34328556060791,5.533164024353027,1907034
1992-09-21,9.318503379821777,9.392852783203125,9.293720245361328,9.34328556060791,5.533164024353027,441831
1992-09-22,9.318503379821777,9.34328556060791,9.194586753845215,9.244153022766113,5.474459171295166,896271
1992-09-23,9.293720245361328,9.417635917663574,9.293720245361328,9.392852783203125,5.562520980834961,587090
1992-09-24,9.392852783203125,9.417635917663574,9.219369888305664,9.268937110900879,5.489133358001709,719740
1992-09-25,9.268937110900879,9.368069648742676,9.194586753845215,9.244153022766113,5.474459171295166,542705
1992-09-28,9.194586753845215,9.293720245361328,9.169803619384766,9.293720245361328,5.503809452056885,638536
1992-09-29,9.268937110900879,9.34328556060791,9.244153022766113,9.318503379821777,5.518487930297852,414090
1992-09-30,9.318503379821777,9.467203140258789,9.293720245361328,9.392852783203125,5.562520980834961,918967
1992-10-01,9.392852783203125,9.417635917663574,9.268937110900879,9.417635917663574,5.577195167541504,655685
1992-10-02,9.417635917663574,9.417635917663574,9.169803619384766,9.194586753845215,5.445108890533447,847346
1992-10-05,9.169803619384766,9.244153022766113,8.847620964050293,9.244153022766113,5.474459171295166,1017320
1992-10-06,9.268937110900879,9.293720245361328,9.14501953125,9.194586753845215,5.445108890533447,519000
1992-10-07,9.244153022766113,9.244153022766113,9.021103858947754,9.095454216003418,5.386397838592529,820615
1992-10-08,9.14501953125,9.293720245361328,9.14501953125,9.293720245361328,5.503809452056885,815571
1992-10-09,9.268937110900879,9.293720245361328,9.070671081542969,9.070671081542969,5.371718406677246,530096
1992-10-12,9.095454216003418,9.169803619384766,9.070671081542969,9.14501953125,5.41575288772583,374749
1992-10-13,9.14501953125,9.14501953125,9.070671081542969,9.095454216003418,5.386397838592529,755551
1992-10-14,9.095454216003418,9.095454216003418,9.045886993408203,9.095454216003418,5.386397838592529,493781
1992-10-15,8.971537590026855,9.14501953125,8.946754455566406,9.120237350463867,5.401072978973389,903836
1992-10-16,9.120237350463867,9.14501953125,9.095454216003418,9.14501953125,5.41575288772583,506895
1992-10-19,9.120237350463867,9.194586753845215,9.120237350463867,9.194586753845215,5.445108890533447,718227
1992-10-20,9.219369888305664,9.293720245361328,9.219369888305664,9.293720245361328,5.503809452056885,1017824
1992-10-21,9.268937110900879,9.392852783203125,9.268937110900879,9.368069648742676,5.547841548919678,555819
1992-10-22,9.368069648742676,9.467203140258789,9.318503379821777,9.442419052124023,5.591873645782471,489242
1992-10-23,9.467203140258789,9.516769409179688,9.368069648742676,9.417635917663574,5.577195167541504,671825
1992-10-26,9.34328556060791,9.392852783203125,9.244153022766113,9.368069648742676,5.547841548919678,534131
1992-10-27,9.34328556060791,9.368069648742676,9.268937110900879,9.293720245361328,5.503809452056885,555315
1992-10-28,9.318503379821777,9.566335678100586,9.293720245361328,9.566335678100586,5.665258884429932,555819
1992-10-29,9.516769409179688,9.566335678100586,9.491986274719238,9.566335678100586,5.665258884429932,1000171
1992-10-30,9.615901947021484,9.6654691696167,9.54155158996582,9.591118812561035,5.679935932159424,814058
1992-11-02,9.591118812561035,9.690252304077148,9.516769409179688,9.690252304077148,5.738642692565918,790352
1992-11-03,9.690252304077148,9.838951110839844,9.690252304077148,9.73981761932373,5.767993450164795,1044556
1992-11-04,9.73981761932373,9.913301467895508,9.690252304077148,9.888518333435059,5.856059551239014,1203938
1992-11-05,9.913301467895508,10.111566543579102,9.913301467895508,10.111566543579102,5.988146781921387,1488909
1992-11-06,10.06200122833252,10.161133766174316,9.987650871276855,10.06200122833252,5.958794593811035,1668465
1992-11-09,10.012434005737305,10.111566543579102,9.962867736816406,9.987650871276855,5.914764881134033,1143413
1992-11-10,10.037217140197754,10.086784362792969,9.987650871276855,10.06200122833252,5.958794593811035,805988
1992-11-11,10.06200122833252,10.086784362792969,9.987650871276855,10.012434005737305,5.929440498352051,1426366
1992-11-12,9.962867736816406,9.987650871276855,9.913301467895508,9.962867736816406,5.900087833404541,662746
1992-11-13,9.93808364868164,9.987650871276855,9.93808364868164,9.93808364868164,5.885411262512207,922498
1992-11-16,9.93808364868164,9.987650871276855,9.913301467895508,9.93808364868164,5.885411262512207,1016816
1992-11-17,9.962867736816406,10.06200122833252,9.93808364868164,9.962867736816406,5.900087833404541,752020
1992-11-18,10.012434005737305,10.086784362792969,9.987650871276855,10.012434005737305,5.929440498352051,961839
1992-11-19,10.012434005737305,10.06200122833252,9.962867736816406,10.037217140197754,5.944118976593018,1202425
1992-11-20,10.086784362792969,10.086784362792969,9.962867736816406,10.06200122833252,5.958794593811035,1373407
1992-11-23,10.06200122833252,10.06200122833252,10.037217140197754,10.037217140197754,5.944118976593018,805483
1992-11-24,10.06200122833252,10.185916900634766,10.06200122833252,10.185916900634766,6.0321784019470215,1507570
1992-11-25,10.13634967803955,10.26026725769043,10.13634967803955,10.210700035095215,6.0468549728393555,666277
1992-11-27,10.26026725769043,10.334615707397461,10.210700035095215,10.285050392150879,6.090883255004883,322294
1992-11-30,10.309832572937012,10.359399795532227,10.26026725769043,10.359399795532227,6.134915828704834,612813
1992-12-01,10.384182929992676,10.483316421508789,10.359399795532227,10.45853328704834,6.193624973297119,1497483
1992-12-02,10.384182929992676,10.384182929992676,10.13634967803955,10.13634967803955,6.0028252601623535,1576670
1992-12-03,10.185916900634766,10.408966064453125,10.161133766174316,10.359399795532227,6.134915828704834,1492439
1992-12-04,10.359399795532227,10.408966064453125,10.285050392150879,10.384182929992676,6.149593353271484,914932
1992-12-07,10.384182929992676,10.433749198913574,10.309832572937012,10.433749198913574,6.192544460296631,1366850
1992-12-08,10.433749198913574,10.45853328704834,10.334615707397461,10.408966064453125,6.177831649780273,1208982
1992-12-09,10.309832572937012,10.45853328704834,10.309832572937012,10.45853328704834,6.207254409790039,1043043
1992-12-10,10.408966064453125,10.483316421508789,10.384182929992676,10.408966064453125,6.177831649780273,1154509
1992-12-11,10.359399795532227,10.582448959350586,10.334615707397461,10.384182929992676,6.163122653961182,515973
1992-12-14,10.384182929992676,10.45853328704834,10.334615707397461,10.359399795532227,6.148419380187988,1030938
1992-12-15,10.359399795532227,10.384182929992676,10.309832572937012,10.359399795532227,6.148419380187988,1139378
1992-12-16,10.408966064453125,10.483316421508789,10.384182929992676,10.408966064453125,6.177831649780273,1201416
1992-12-17,10.433749198913574,10.632015228271484,10.384182929992676,10.632015228271484,6.310215473175049,865504
1992-12-18,10.706364631652832,10.805498123168945,10.6815824508667,10.780714988708496,6.398472785949707,1684101
1992-12-21,10.755931854248047,11.028548240661621,10.731147766113281,10.879847526550293,6.457306385040283,667790
1992-12-22,10.929414749145508,10.954197883605957,10.805498123168945,10.904630661010742,6.472012519836426,806997
1992-12-23,10.879847526550293,10.929414749145508,10.780714988708496,10.780714988708496,6.398472785949707,692504
1992-12-24,10.805498123168945,10.830281257629395,10.6815824508667,10.755931854248047,6.383761882781982,467554
1992-12-28,10.830281257629395,10.904630661010742,10.780714988708496,10.904630661010742,6.472012519836426,413586
1992-12-29,10.879847526550293,10.904630661010742,10.706364631652832,10.780714988708496,6.398472785949707,615335
1992-12-30,10.6815824508667,10.755931854248047,10.632015228271484,10.65679931640625,6.324921131134033,719740
1992-12-31,10.607232093811035,10.607232093811035,10.508098602294922,10.532881736755371,6.25137996673584,1011772
1993-01-04,10.557665824890137,10.607232093811035,10.235483169555664,10.235483169555664,6.074868679046631,1870215
1993-01-05,10.285050392150879,10.45853328704834,10.210700035095215,10.45853328704834,6.207254409790039,1173171
1993-01-06,10.45853328704834,10.532881736755371,10.45853328704834,10.508098602294922,6.2366719245910645,647110
1993-01-07,10.508098602294922,10.532881736755371,10.359399795532227,10.433749198913574,6.192544460296631,1312883
1993-01-08,10.408966064453125,10.408966064453125,10.210700035095215,10.26026725769043,6.089578628540039,1474282
1993-01-11,10.210700035095215,10.235483169555664,10.111566543579102,10.161133766174316,6.03074312210083,913924
1993-01-12,10.161133766174316,10.161133766174316,9.962867736816406,10.06200122833252,5.9719061851501465,1245801
1993-01-13,10.06200122833252,10.086784362792969,9.93808364868164,10.086784362792969,5.986615180969238,1118195
1993-01-14,10.210700035095215,10.632015228271484,10.185916900634766,10.632015228271484,6.310215473175049,2289853
1993-01-15,10.582448959350586,10.6815824508667,10.45853328704834,10.557665824890137,6.266091823577881,1726468
1993-01-18,10.483316421508789,10.532881736755371,10.384182929992676,10.508098602294922,6.2366719245910645,1285142
1993-01-19,10.508098602294922,10.532881736755371,10.359399795532227,10.408966064453125,6.177831649780273,1065740
1993-01-20,10.408966064453125,10.408966064453125,10.26026725769043,10.285050392150879,6.104286193847656,928046
1993-01-21,10.334615707397461,10.408966064453125,10.285050392150879,10.384182929992676,6.163122653961182,994119
1993-01-22,10.384182929992676,10.384182929992676,10.285050392150879,10.285050392150879,6.104286193847656,715705
1993-01-25,10.309832572937012,10.433749198913574,10.285050392150879,10.384182929992676,6.163122653961182,2326672
1993-01-26,10.384182929992676,10.483316421508789,10.359399795532227,10.45853328704834,6.207254409790039,1998325
1993-01-27,10.45853328704834,10.45853328704834,10.210700035095215,10.235483169555664,6.074868679046631,1456124
1993-01-28,10.235483169555664,10.235483169555664,10.06200122833252,10.086784362792969,5.986615180969238,949230
1993-01-29,10.111566543579102,10.26026725769043,10.012434005737305,10.185916900634766,6.0454511642456055,1359789
1993-02-01,10.359399795532227,10.433749198913574,10.309832572937012,10.408966064453125,6.177831649780273,1478821
1993-02-02,10.433749198913574,10.483316421508789,10.408966064453125,10.483316421508789,6.2219648361206055,1069775
1993-02-03,10.508098602294922,10.85506534576416,10.483316421508789,10.780714988708496,6.398472785949707,3627450
1993-02-04,10.85506534576416,10.929414749145508,10.805498123168945,10.904630661010742,6.472012519836426,1771862
1993-02-05,10.929414749145508,11.003764152526855,10.904630661010742,11.003764152526855,6.530853748321533,1273541
1993-02-08,10.954197883605957,11.078113555908203,10.904630661010742,11.028548240661621,6.545561790466309,714696
1993-02-09,10.978981018066406,10.978981018066406,10.904630661010742,10.929414749145508,6.486724376678467,870548
1993-02-10,10.904630661010742,11.003764152526855,10.904630661010742,10.954197883605957,6.501434326171875,815571
1993-02-11,10.978981018066406,11.028548240661621,10.904630661010742,10.954197883605957,6.501434326171875,1216043
1993-02-12,10.954197883605957,10.954197883605957,10.85506534576416,10.904630661010742,6.472012519836426,627440
1993-02-16,10.85506534576416,10.904630661010742,10.632015228271484,10.65679931640625,6.324921131134033,1087932
1993-02-17,10.632015228271484,10.706364631652832,10.483316421508789,10.508098602294922,6.2366719245910645,1037495
1993-02-18,10.65679931640625,10.780714988708496,10.65679931640625,10.706364631652832,6.354341983795166,1199903
1993-02-19,10.731147766113281,10.954197883605957,10.731147766113281,10.879847526550293,6.457306385040283,1027408
1993-02-22,10.904630661010742,10.954197883605957,10.879847526550293,10.954197883605957,6.501434326171875,820615
1993-02-23,10.978981018066406,10.978981018066406,10.85506534576416,10.879847526550293,6.457306385040283,991597
1993-02-24,10.85506534576416,10.85506534576416,10.508098602294922,10.805498123168945,6.413181304931641,1684605
1993-02-25,10.85506534576416,10.904630661010742,10.755931854248047,10.805498123168945,6.413181304931641,1145935
1993-02-26,10.830281257629395,10.830281257629395,10.607232093811035,10.6815824508667,6.339637756347656,761603
1993-03-01,10.65679931640625,10.706364631652832,10.632015228271484,10.65679931640625,6.324921131134033,653667
1993-03-02,10.607232093811035,10.805498123168945,10.607232093811035,10.805498123168945,6.413181304931641,1110629
1993-03-03,10.755931854248047,10.755931854248047,10.632015228271484,10.6815824508667,6.339637756347656,1517154
1993-03-04,10.6815824508667,10.6815824508667,10.532881736755371,10.607232093811035,6.295507907867432,948221
1993-03-05,10.557665824890137,10.65679931640625,10.557665824890137,10.607232093811035,6.295507907867432,1196877
1993-03-08,10.6815824508667,10.954197883605957,10.632015228271484,10.954197883605957,6.515436172485352,1002189
1993-03-09,10.978981018066406,11.127680778503418,10.85506534576416,10.929414749145508,6.500698566436768,1023373
1993-03-10,10.879847526550293,10.954197883605957,10.830281257629395,10.954197883605957,6.515436172485352,744959
1993-03-11,10.954197883605957,11.078113555908203,10.85506534576416,10.85506534576416,6.45647668838501,1122734
1993-03-12,10.85506534576416,10.85506534576416,10.6815824508667,10.755931854248047,6.397512912750244,781274
1993-03-15,10.755931854248047,10.755931854248047,10.6815824508667,10.731147766113281,6.3827738761901855,587594
1993-03-16,10.755931854248047,10.780714988708496,10.557665824890137,10.582448959350586,6.294323921203613,1528250
1993-03-17,10.582448959350586,10.607232093811035,10.532881736755371,10.607232093811035,6.309069633483887,2033631
1993-03-18,10.632015228271484,10.6815824508667,10.508098602294922,10.557665824890137,6.279587268829346,1177711
1993-03-19,10.582448959350586,10.582448959350586,10.285050392150879,10.309832572937012,6.132176876068115,2141567
1993-03-22,10.309832572937012,10.359399795532227,10.26026725769043,10.26026725769043,6.102697849273682,1794054
1993-03-23,10.285050392150879,10.309832572937012,10.086784362792969,10.086784362792969,5.999509334564209,1529258
1993-03-24,10.185916900634766,10.210700035095215,10.012434005737305,10.161133766174316,6.043734550476074,1565573
1993-03-25,10.161133766174316,10.433749198913574,10.13634967803955,10.384182929992676,6.1764020919799805,816075
1993-03-26,10.433749198913574,10.433749198913574,10.309832572937012,10.309832572937012,6.132176876068115,913924
1993-03-29,10.384182929992676,10.532881736755371,10.384182929992676,10.408966064453125,6.191141128540039,901819
1993-03-30,10.359399795532227,10.433749198913574,10.309832572937012,10.408966064453125,6.191141128540039,565906
1993-03-31,10.408966064453125,10.45853328704834,10.359399795532227,10.359399795532227,6.161660671234131,785309
1993-04-01,10.408966064453125,10.433749198913574,10.285050392150879,10.433749198913574,6.2058796882629395,1052122
1993-04-02,10.334615707397461,10.408966064453125,10.309832572937012,10.384182929992676,6.1764020919799805,841294
1993-04-05,10.408966064453125,10.483316421508789,10.210700035095215,10.309832572937012,6.132176876068115,1515136
1993-04-06,10.26026725769043,10.285050392150879,9.888518333435059,9.962867736816406,5.925808429718018,1841465
1993-04-07,10.012434005737305,10.06200122833252,9.962867736816406,10.06200122833252,5.984772682189941,1735043
1993-04-08,10.012434005737305,10.06200122833252,9.73981761932373,9.888518333435059,5.881586074829102,1458646
1993-04-12,9.913301467895508,10.161133766174316,9.913301467895508,10.06200122833252,5.984772682189941,1599871
1993-04-13,10.210700035095215,10.359399795532227,10.210700035095215,10.309832572937012,6.132176876068115,2101217
1993-04-14,10.26026725769043,10.309832572937012,10.210700035095215,10.309832572937012,6.132176876068115,1965541
1993-04-15,10.285050392150879,10.309832572937012,10.037217140197754,10.111566543579102,6.01425313949585,1010763
1993-04-16,10.111566543579102,10.111566543579102,9.467203140258789,9.615901947021484,5.719435214996338,5159734
1993-04-19,9.640685081481934,9.73981761932373,9.516769409179688,9.516769409179688,5.660472393035889,2491602
1993-04-20,9.516769409179688,9.615901947021484,9.34328556060791,9.566335678100586,5.6899542808532715,3292042
1993-04-21,9.566335678100586,9.888518333435059,9.442419052124023,9.86373519897461,5.86684513092041,2441669
1993-04-22,9.814167976379395,9.838951110839844,9.6654691696167,9.715035438537598,5.77839994430542,1097515
1993-04-23,9.6654691696167,9.690252304077148,9.417635917663574,9.516769409179688,5.660472393035889,1426871
1993-04-26,9.516769409179688,9.591118812561035,9.467203140258789,9.591118812561035,5.704697132110596,2525899
1993-04-27,9.591118812561035,9.715035438537598,9.516769409179688,9.715035438537598,5.77839994430542,2335751
1993-04-28,9.690252304077148,9.764601707458496,9.591118812561035,9.764601707458496,5.807880401611328,1402157
1993-04-29,9.764601707458496,9.764601707458496,9.640685081481934,9.690252304077148,5.763659477233887,1252862
1993-04-30,9.715035438537598,9.838951110839844,9.715035438537598,9.764601707458496,5.807880401611328,811032
1993-05-03,9.814167976379395,9.814167976379395,9.690252304077148,9.764601707458496,5.807880401611328,1195868
1993-05-04,9.814167976379395,9.913301467895508,9.789384841918945,9.86373519897461,5.86684513092041,2131984
1993-05-05,9.888518333435059,9.888518333435059,9.838951110839844,9.86373519897461,5.86684513092041,1539346
1993-05-06,9.838951110839844,9.86373519897461,9.814167976379395,9.86373519897461,5.86684513092041,750507
1993-05-07,9.86373519897461,9.86373519897461,9.789384841918945,9.789384841918945,5.822622299194336,692504
1993-05-10,9.764601707458496,9.888518333435059,9.764601707458496,9.789384841918945,5.822622299194336,1489413
1993-05-11,9.764601707458496,9.814167976379395,9.73981761932373,9.814167976379395,5.837361812591553,755551
1993-05-12,9.764601707458496,9.789384841918945,9.715035438537598,9.73981761932373,5.793138027191162,604239
1993-05-13,9.6654691696167,9.690252304077148,9.615901947021484,9.6654691696167,5.7489190101623535,1190320
1993-05-14,9.6654691696167,9.73981761932373,9.640685081481934,9.640685081481934,5.734175682067871,858443
1993-05-17,9.615901947021484,9.690252304077148,9.591118812561035,9.6654691696167,5.7489190101623535,790352
1993-05-18,9.591118812561035,9.640685081481934,9.566335678100586,9.615901947021484,5.719435214996338,1456629
1993-05-19,9.591118812561035,9.86373519897461,9.54155158996582,9.86373519897461,5.86684513092041,1207469
1993-05-20,9.86373519897461,9.888518333435059,9.838951110839844,9.888518333435059,5.881586074829102,832720
1993-05-21,9.888518333435059,9.888518333435059,9.814167976379395,9.86373519897461,5.86684513092041,1445533
1993-05-24,9.838951110839844,9.93808364868164,9.838951110839844,9.93808364868164,5.911067962646484,1206460
1993-05-25,9.987650871276855,10.037217140197754,9.93808364868164,9.987650871276855,5.940550327301025,963857
1993-05-26,9.987650871276855,10.012434005737305,9.838951110839844,9.987650871276855,5.940550327301025,598691
1993-05-27,10.012434005737305,10.012434005737305,9.764601707458496,9.814167976379395,5.837361812591553,1212512
1993-05-28,9.838951110839844,9.838951110839844,9.54155158996582,9.615901947021484,5.719435214996338,1003702
1993-06-01,9.690252304077148,9.838951110839844,9.6654691696167,9.814167976379395,5.837361812591553,1085410
1993-06-02,9.764601707458496,9.86373519897461,9.73981761932373,9.789384841918945,5.822622299194336,2130975
1993-06-03,9.73981761932373,9.838951110839844,9.73981761932373,9.838951110839844,5.852101802825928,839276
1993-06-04,9.789384841918945,9.86373519897461,9.764601707458496,9.838951110839844,5.852101802825928,1241262
1993-06-07,9.888518333435059,9.962867736816406,9.814167976379395,9.838951110839844,5.852101802825928,1519675
1993-06-08,9.789384841918945,9.838951110839844,9.764601707458496,9.789384841918945,5.837913513183594,1039008
1993-06-09,9.789384841918945,9.789384841918945,9.73981761932373,9.764601707458496,5.8231329917907715,943682
1993-06-10,9.764601707458496,9.789384841918945,9.715035438537598,9.73981761932373,5.808351516723633,793883
1993-06-11,9.814167976379395,9.86373519897461,9.73981761932373,9.764601707458496,5.8231329917907715,1849031
1993-06-14,9.764601707458496,9.789384841918945,9.715035438537598,9.764601707458496,5.8231329917907715,980501
1993-06-15,9.814167976379395,9.86373519897461,9.73981761932373,9.764601707458496,5.8231329917907715,562880
1993-06-16,9.764601707458496,9.789384841918945,9.615901947021484,9.715035438537598,5.79357385635376,1111638
1993-06-17,9.764601707458496,9.764601707458496,9.392852783203125,9.417635917663574,5.616217136383057,1987229
1993-06-18,9.442419052124023,9.467203140258789,9.318503379821777,9.318503379821777,5.557101249694824,1973611
1993-06-21,9.318503379821777,9.417635917663574,9.318503379821777,9.392852783203125,5.601444244384766,1022364
1993-06-22,9.442419052124023,9.467203140258789,9.293720245361328,9.318503379821777,5.557101249694824,2470923
1993-06-23,9.318503379821777,9.442419052124023,9.318503379821777,9.417635917663574,5.616217136383057,4197895
1993-06-24,9.417635917663574,9.690252304077148,9.417635917663574,9.6654691696167,5.764017105102539,2033631
1993-06-25,9.640685081481934,9.640685081481934,9.54155158996582,9.54155158996582,5.690116882324219,1351215
1993-06-28,9.54155158996582,9.566335678100586,9.516769409179688,9.54155158996582,5.690116882324219,1058679
1993-06-29,9.54155158996582,9.566335678100586,9.516769409179688,9.516769409179688,5.675337314605713,735376
1993-06-30,9.516769409179688,9.566335678100586,9.467203140258789,9.516769409179688,5.675337314605713,645093
1993-07-01,9.491986274719238,9.6654691696167,9.491986274719238,9.615901947021484,5.734455585479736,1131308
1993-07-02,9.640685081481934,9.73981761932373,9.640685081481934,9.690252304077148,5.778794288635254,1615002
1993-07-06,9.690252304077148,9.690252304077148,9.34328556060791,9.392852783203125,5.601444244384766,1112142
1993-07-07,9.417635917663574,9.442419052124023,9.318503379821777,9.368069648742676,5.5866594314575195,1204947
1993-07-08,9.34328556060791,9.442419052124023,9.318503379821777,9.417635917663574,5.616217136383057,1562547
1993-07-09,9.417635917663574,9.442419052124023,9.368069648742676,9.417635917663574,5.616217136383057,987562
1993-07-12,9.417635917663574,9.566335678100586,9.368069648742676,9.566335678100586,5.704897403717041,1369372
1993-07-13,9.566335678100586,9.640685081481934,9.516769409179688,9.54155158996582,5.690116882324219,997650
1993-07-14,9.566335678100586,9.764601707458496,9.516769409179688,9.715035438537598,5.79357385635376,821119
1993-07-15,9.690252304077148,9.715035438537598,9.6654691696167,9.690252304077148,5.778794288635254,412073
1993-07-16,9.715035438537598,9.715035438537598,9.640685081481934,9.690252304077148,5.778794288635254,690486
1993-07-19,9.690252304077148,9.690252304077148,9.615901947021484,9.6654691696167,5.764017105102539,542705
1993-07-20,9.640685081481934,9.690252304077148,9.591118812561035,9.690252304077148,5.778794288635254,567924
1993-07-21,9.715035438537598,9.73981761932373,9.640685081481934,9.6654691696167,5.764017105102539,858443
1993-07-22,9.690252304077148,9.690252304077148,9.640685081481934,9.690252304077148,5.778794288635254,800440
1993-07-23,9.6654691696167,9.764601707458496,9.6654691696167,9.764601707458496,5.8231329917907715,600204
1993-07-26,9.73981761932373,9.86373519897461,9.73981761932373,9.838951110839844,5.867469787597656,676868
1993-07-27,9.86373519897461,9.888518333435059,9.814167976379395,9.888518333435059,5.897031307220459,456962
1993-07-28,9.888518333435059,9.913301467895508,9.789384841918945,9.789384841918945,5.837913513183594,757064
1993-07-29,9.814167976379395,9.888518333435059,9.789384841918945,9.86373519897461,5.8822503089904785,557836
1993-07-30,9.888518333435059,9.987650871276855,9.814167976379395,9.86373519897461,5.8822503089904785,663755
1993-08-02,9.86373519897461,9.93808364868164,9.789384841918945,9.86373519897461,5.8822503089904785,956795
1993-08-03,9.764601707458496,9.789384841918945,9.73981761932373,9.789384841918945,5.837913513183594,918967
1993-08-04,9.73981761932373,9.789384841918945,9.715035438537598,9.764601707458496,5.8231329917907715,785813
1993-08-05,9.764601707458496,9.913301467895508,9.715035438537598,9.913301467895508,5.911811828613281,824650
1993-08-06,9.93808364868164,9.962867736816406,9.913301467895508,9.962867736816406,5.941370487213135,807501
1993-08-09,9.987650871276855,10.210700035095215,9.962867736816406,10.210700035095215,6.089165687561035,1073305
1993-08-10,10.161133766174316,10.185916900634766,10.111566543579102,10.13634967803955,6.044824123382568,677877
1993-08-11,10.06200122833252,10.111566543579102,10.037217140197754,10.086784362792969,6.01526403427124,796909
1993-08-12,10.037217140197754,10.086784362792969,9.987650871276855,10.037217140197754,5.985705375671387,756055
1993-08-13,10.111566543579102,10.111566543579102,10.037217140197754,10.086784362792969,6.01526403427124,667790
1993-08-16,10.086784362792969,10.210700035095215,10.06200122833252,10.185916900634766,6.074385166168213,781778
1993-08-17,10.235483169555664,10.235483169555664,9.888518333435059,9.888518333435059,5.897031307220459,1682083
1993-08-18,9.888518333435059,9.913301467895508,9.789384841918945,9.789384841918945,5.837913513183594,1921156
1993-08-19,9.789384841918945,9.789384841918945,9.591118812561035,9.591118812561035,5.719676971435547,1801115
1993-08-20,9.6654691696167,9.6654691696167,9.54155158996582,9.615901947021484,5.734455585479736,1399130
1993-08-23,9.640685081481934,9.6654691696167,9.591118812561035,9.615901947021484,5.734455585479736,1371390
1993-08-24,9.6654691696167,9.73981761932373,9.640685081481934,9.715035438537598,5.79357385635376,1043547
1993-08-25,9.690252304077148,9.715035438537598,9.516769409179688,9.516769409179688,5.675337314605713,828180
1993-08-26,9.615901947021484,9.6654691696167,9.54155158996582,9.615901947021484,5.734455585479736,1480334
1993-08-27,9.566335678100586,9.640685081481934,9.442419052124023,9.467203140258789,5.645778656005859,1664430
1993-08-30,9.491986274719238,9.615901947021484,9.491986274719238,9.615901947021484,5.734455585479736,899801
1993-08-31,9.6654691696167,9.690252304077148,9.591118812561035,9.6654691696167,5.764017105102539,2189483
1993-09-01,9.6654691696167,9.715035438537598,9.591118812561035,9.615901947021484,5.734455585479736,2514299
1993-09-02,9.566335678100586,9.615901947021484,9.467203140258789,9.591118812561035,5.719676971435547,1229661
1993-09-03,9.591118812561035,9.764601707458496,9.591118812561035,9.715035438537598,5.79357385635376,3554820
1993-09-07,9.6654691696167,9.73981761932373,9.640685081481934,9.640685081481934,5.764524459838867,1539850
1993-09-08,9.615901947021484,9.6654691696167,9.54155158996582,9.615901947021484,5.749706745147705,1739078
1993-09-09,9.615901947021484,9.6654691696167,9.566335678100586,9.591118812561035,5.734889984130859,1199399
1993-09-10,9.615901947021484,9.73981761932373,9.591118812561035,9.715035438537598,5.808980464935303,1425358
1993-09-13,9.715035438537598,9.86373519897461,9.715035438537598,9.764601707458496,5.838621139526367,1239748
1993-09-14,9.690252304077148,9.715035438537598,9.591118812561035,9.6654691696167,5.779345989227295,1410227
1993-09-15,9.640685081481934,9.838951110839844,9.566335678100586,9.814167976379395,5.868257999420166,1316413
1993-09-16,9.86373519897461,9.913301467895508,9.789384841918945,9.838951110839844,5.883073806762695,1542372
1993-09-17,9.690252304077148,9.764601707458496,9.690252304077148,9.764601707458496,5.838621139526367,2030605
1993-09-20,9.715035438537598,9.888518333435059,9.715035438537598,9.838951110839844,5.883073806762695,1127778
1993-09-21,9.838951110839844,9.838951110839844,9.73981761932373,9.764601707458496,5.838621139526367,1150474
1993-09-22,9.73981761932373,10.012434005737305,9.73981761932373,9.987650871276855,5.971991539001465,1778419
1993-09-23,10.037217140197754,10.210700035095215,10.012434005737305,10.210700035095215,6.105361461639404,1418801
1993-09-24,10.185916900634766,10.235483169555664,10.111566543579102,10.161133766174316,6.075722694396973,1065740
1993-09-27,10.161133766174316,10.334615707397461,10.111566543579102,10.334615707397461,6.179454803466797,1422836
1993-09-28,10.309832572937012,10.433749198913574,10.309832572937012,10.334615707397461,6.179454803466797,1185276
1993-09-29,10.334615707397461,10.359399795532227,10.210700035095215,10.235483169555664,6.120176315307617,840285
1993-09-30,10.235483169555664,10.26026725769043,9.962867736816406,9.962867736816406,5.957173824310303,1163084
1993-10-01,9.962867736816406,10.037217140197754,9.838951110839844,9.93808364868164,5.942354679107666,1741095
1993-10-04,9.962867736816406,9.987650871276855,9.888518333435059,9.962867736816406,5.957173824310303,966883
1993-10-05,9.987650871276855,10.13634967803955,9.888518333435059,9.962867736816406,5.957173824310303,935612
1993-10-06,10.012434005737305,10.161133766174316,9.987650871276855,10.037217140197754,6.001626968383789,1857101
1993-10-07,10.086784362792969,10.086784362792969,10.012434005737305,10.037217140197754,6.001626968383789,849868
1993-10-08,10.06200122833252,10.111566543579102,9.93808364868164,10.037217140197754,6.001626968383789,913924
1993-10-11,10.111566543579102,10.111566543579102,10.012434005737305,10.037217140197754,6.001626968383789,388871
1993-10-12,10.086784362792969,10.086784362792969,9.962867736816406,9.962867736816406,5.957173824310303,956795
1993-10-13,9.962867736816406,10.111566543579102,9.913301467895508,10.086784362792969,6.03126335144043,1099028
1993-10-14,10.161133766174316,10.309832572937012,10.13634967803955,10.285050392150879,6.149813175201416,1067757
1993-10-15,10.359399795532227,10.532881736755371,10.334615707397461,10.483316421508789,6.268366813659668,1477812
1993-10-18,10.433749198913574,10.557665824890137,10.408966064453125,10.508098602294922,6.283185958862305,1111638
1993-10-19,10.483316421508789,10.508098602294922,10.408966064453125,10.483316421508789,6.268366813659668,866008
1993-10-20,10.433749198913574,10.433749198913574,10.285050392150879,10.359399795532227,6.194272518157959,1528250
1993-10-21,10.408966064453125,10.45853328704834,10.359399795532227,10.408966064453125,6.223906993865967,592134
1993-10-22,10.433749198913574,10.532881736755371,10.408966064453125,10.483316421508789,6.268366813659668,1190320
1993-10-25,10.508098602294922,10.508098602294922,10.408966064453125,10.483316421508789,6.268366813659668,614326
1993-10-26,10.45853328704834,10.483316421508789,10.433749198913574,10.45853328704834,6.253549575805664,644084
1993-10-27,10.483316421508789,10.532881736755371,10.433749198913574,10.532881736755371,6.298003673553467,619874
1993-10-28,10.532881736755371,10.706364631652832,10.532881736755371,10.582448959350586,6.327638626098633,791865
1993-10-29,10.582448959350586,10.632015228271484,10.557665824890137,10.582448959350586,6.327638626098633,920985
1993-11-01,10.532881736755371,10.582448959350586,10.483316421508789,10.557665824890137,6.312821388244629,507903
1993-11-02,10.582448959350586,10.582448959350586,10.408966064453125,10.45853328704834,6.253549575805664,1033964
1993-11-03,10.45853328704834,10.483316421508789,10.384182929992676,10.45853328704834,6.253549575805664,915437
1993-11-04,10.408966064453125,10.483316421508789,10.13634967803955,10.161133766174316,6.075722694396973,1157536
1993-11-05,10.111566543579102,10.210700035095215,10.086784362792969,10.13634967803955,6.0609002113342285,839276
1993-11-08,10.13634967803955,10.408966064453125,10.111566543579102,10.359399795532227,6.194272518157959,1255888
1993-11-09,10.45853328704834,10.508098602294922,10.384182929992676,10.508098602294922,6.283185958862305,1093985
1993-11-10,10.508098602294922,10.706364631652832,10.433749198913574,10.6815824508667,6.386918067932129,1205955
1993-11-11,10.65679931640625,10.780714988708496,10.632015228271484,10.632015228271484,6.357279300689697,875591
1993-11-12,10.65679931640625,10.805498123168945,10.65679931640625,10.805498123168945,6.461015701293945,1797585
1993-11-15,10.755931854248047,10.954197883605957,10.755931854248047,10.85506534576416,6.490647792816162,1458142
1993-11-16,10.879847526550293,11.202030181884766,10.85506534576416,11.127680778503418,6.653656959533691,3031785
1993-11-17,11.102896690368652,11.152463912963867,10.904630661010742,11.003764152526855,6.579561710357666,2043214
1993-11-18,10.954197883605957,10.954197883605957,10.830281257629395,10.830281257629395,6.475829124450684,1814229
1993-11-19,10.830281257629395,10.830281257629395,10.731147766113281,10.830281257629395,6.475829124450684,1304308
1993-11-22,10.780714988708496,10.954197883605957,10.755931854248047,10.879847526550293,6.505467414855957,1884841
1993-11-23,10.879847526550293,10.879847526550293,10.607232093811035,10.706364631652832,6.401734352111816,1332553
1993-11-24,10.755931854248047,10.85506534576416,10.706364631652832,10.780714988708496,6.446194171905518,972431
1993-11-26,10.830281257629395,11.003764152526855,10.830281257629395,10.978981018066406,6.564743995666504,442839
1993-11-29,10.954197883605957,10.978981018066406,10.830281257629395,10.954197883605957,6.54992151260376,1556495
1993-11-30,10.929414749145508,11.028548240661621,10.904630661010742,10.929414749145508,6.535106658935547,673842
1993-12-01,10.954197883605957,11.078113555908203,10.929414749145508,10.954197883605957,6.54992151260376,1234705
1993-12-02,10.978981018066406,11.05333137512207,10.954197883605957,11.05333137512207,6.609201431274414,642067
1993-12-03,11.05333137512207,11.05333137512207,10.904630661010742,10.954197883605957,6.54992151260376,1176702
1993-12-06,10.954197883605957,10.954197883605957,10.85506534576416,10.904630661010742,6.535660743713379,1959993
1993-12-07,10.929414749145508,10.978981018066406,10.904630661010742,10.954197883605957,6.565367221832275,648119
1993-12-08,10.978981018066406,11.003764152526855,10.830281257629395,11.003764152526855,6.595076560974121,1148961
1993-12-09,11.028548240661621,11.202030181884766,10.978981018066406,10.978981018066406,6.5802202224731445,1263454
1993-12-10,10.954197883605957,11.003764152526855,10.929414749145508,10.929414749145508,6.550515174865723,606761
1993-12-13,10.830281257629395,11.028548240661621,10.830281257629395,11.028548240661621,6.609931468963623,801448
1993-12-14,11.028548240661621,11.05333137512207,10.954197883605957,11.003764152526855,6.595076560974121,841294
1993-12-15,11.028548240661621,11.078113555908203,10.904630661010742,10.904630661010742,6.535660743713379,658711
1993-12-16,10.904630661010742,10.978981018066406,10.830281257629395,10.929414749145508,6.550515174865723,885174
1993-12-17,10.978981018066406,11.05333137512207,10.929414749145508,11.05333137512207,6.624785423278809,1200407
1993-12-20,11.05333137512207,11.177247047424316,11.003764152526855,11.102896690368652,6.654489517211914,754542
1993-12-21,11.05333137512207,11.202030181884766,11.003764152526855,11.078113555908203,6.639637470245361,993615
1993-12-22,11.177247047424316,11.202030181884766,11.127680778503418,11.177247047424316,6.6990532875061035,1011268
1993-12-23,11.152463912963867,11.152463912963867,11.05333137512207,11.102896690368652,6.654489517211914,1033460
1993-12-27,11.152463912963867,11.276379585266113,11.102896690368652,11.226814270019531,6.728760719299316,996641
1993-12-28,11.177247047424316,11.226814270019531,11.127680778503418,11.202030181884766,6.713906764984131,660224
1993-12-29,11.202030181884766,11.202030181884766,11.102896690368652,11.177247047424316,6.6990532875061035,632988
1993-12-30,11.177247047424316,11.177247047424316,11.102896690368652,11.102896690368652,6.654489517211914,819606
1993-12-31,11.127680778503418,11.152463912963867,10.954197883605957,10.954197883605957,6.565367221832275,773204
1994-01-03,10.978981018066406,10.978981018066406,10.805498123168945,10.830281257629395,6.491100311279297,1264967
1994-01-04,10.830281257629395,10.954197883605957,10.830281257629395,10.904630661010742,6.535660743713379,1064227
1994-01-05,10.85506534576416,10.879847526550293,10.6815824508667,10.755931854248047,6.446536540985107,1169136
1994-01-06,10.755931854248047,10.755931854248047,10.607232093811035,10.65679931640625,6.387120246887207,1149466
1994-01-07,10.65679931640625,10.805498123168945,10.532881736755371,10.731147766113281,6.431684970855713,1657874
1994-01-10,10.780714988708496,10.954197883605957,10.731147766113281,10.904630661010742,6.535660743713379,1639716
1994-01-11,10.879847526550293,10.954197883605957,10.85506534576416,10.879847526550293,6.520806789398193,1363320
1994-01-12,10.830281257629395,10.85506534576416,10.632015228271484,10.6815824508667,6.401981830596924,1820282
1994-01-13,10.706364631652832,10.755931854248047,10.384182929992676,10.45853328704834,6.2682952880859375,2994966
1994-01-14,10.508098602294922,10.706364631652832,10.508098602294922,10.6815824508667,6.401981830596924,1131308
1994-01-17,10.706364631652832,10.780714988708496,10.607232093811035,10.6815824508667,6.401981830596924,745967
1994-01-18,10.632015228271484,10.731147766113281,10.632015228271484,10.632015228271484,6.3722686767578125,901819
1994-01-19,10.532881736755371,10.582448959350586,10.45853328704834,10.508098602294922,6.298000335693359,1165606
1994-01-20,10.508098602294922,10.508098602294922,10.359399795532227,10.433749198913574,6.2534403800964355,1109116
1994-01-21,10.334615707397461,10.557665824890137,10.334615707397461,10.483316421508789,6.283148288726807,1104072
1994-01-24,10.483316421508789,10.607232093811035,10.433749198913574,10.45853328704834,6.2682952880859375,784804
1994-01-25,10.408966064453125,10.508098602294922,10.408966064453125,10.433749198913574,6.2534403800964355,853399
1994-01-26,10.433749198913574,10.508098602294922,10.359399795532227,10.508098602294922,6.298000335693359,1215539
1994-01-27,10.433749198913574,10.6815824508667,10.384182929992676,10.607232093811035,6.357419013977051,723271
1994-01-28,10.65679931640625,10.879847526550293,10.508098602294922,10.508098602294922,6.298000335693359,1504544
1994-01-31,10.532881736755371,10.632015228271484,10.359399795532227,10.384182929992676,6.223733425140381,900306
1994-02-01,10.408966064453125,10.45853328704834,10.384182929992676,10.408966064453125,6.23858642578125,1257906
1994-02-02,10.408966064453125,10.532881736755371,10.408966064453125,10.483316421508789,6.283148288726807,1059183
1994-02-03,10.433749198913574,10.508098602294922,10.408966064453125,10.483316421508789,6.283148288726807,666781
1994-02-04,10.508098602294922,10.557665824890137,10.359399795532227,10.359399795532227,6.208878040313721,1346171
1994-02-07,10.334615707397461,10.508098602294922,10.309832572937012,10.45853328704834,6.2682952880859375,1318431
1994-02-08,10.45853328704834,10.45853328704834,10.359399795532227,10.359399795532227,6.208878040313721,1482352
1994-02-09,10.359399795532227,10.433749198913574,10.334615707397461,10.384182929992676,6.223733425140381,1833395
1994-02-10,10.408966064453125,10.483316421508789,10.384182929992676,10.433749198913574,6.2534403800964355,1144422
1994-02-11,10.45853328704834,10.45853328704834,10.359399795532227,10.359399795532227,6.208878040313721,428717
1994-02-14,10.384182929992676,10.433749198913574,10.359399795532227,10.408966064453125,6.23858642578125,667285
1994-02-15,10.433749198913574,10.433749198913574,10.334615707397461,10.334615707397461,6.194027423858643,1481847
1994-02-16,10.334615707397461,10.384182929992676,10.309832572937012,10.334615707397461,6.194027423858643,954273
1994-02-17,10.384182929992676,10.384182929992676,10.06200122833252,10.210700035095215,6.119755268096924,1327509
1994-02-18,10.161133766174316,10.185916900634766,9.962867736816406,10.06200122833252,6.030633926391602,1590792
1994-02-22,10.111566543579102,10.359399795532227,10.086784362792969,10.309832572937012,6.179168224334717,1108107
1994-02-23,10.285050392150879,10.334615707397461,10.185916900634766,10.235483169555664,6.1346116065979,1050104
1994-02-24,10.185916900634766,10.210700035095215,10.012434005737305,10.111566543579102,6.060338497161865,1861136
1994-02-25,10.06200122833252,10.185916900634766,10.037217140197754,10.111566543579102,6.060338497161865,953265
1994-02-28,10.161133766174316,10.185916900634766,10.13634967803955,10.161133766174316,6.090047359466553,830702
1994-03-01,10.185916900634766,10.235483169555664,10.06200122833252,10.111566543579102,6.060338497161865,1054139
1994-03-02,10.111566543579102,10.557665824890137,10.06200122833252,10.45853328704834,6.2682952880859375,2711004
1994-03-03,10.557665824890137,10.731147766113281,10.508098602294922,10.632015228271484,6.3722686767578125,2696377
1994-03-04,10.632015228271484,10.85506534576416,10.557665824890137,10.805498123168945,6.476248264312744,2414433
1994-03-07,10.805498123168945,10.954197883605957,10.805498123168945,10.879847526550293,6.520806789398193,1632655
1994-03-08,10.85506534576416,11.003764152526855,10.780714988708496,10.879847526550293,6.536286354064941,2173343
1994-03-09,10.830281257629395,10.879847526550293,10.755931854248047,10.805498123168945,6.491623401641846,1771862
1994-03-10,10.85506534576416,10.879847526550293,10.731147766113281,10.731147766113281,6.446954250335693,1659387
1994-03-11,10.755931854248047,10.780714988708496,10.607232093811035,10.65679931640625,6.402285575866699,1163084
1994-03-14,10.582448959350586,10.731147766113281,10.508098602294922,10.731147766113281,6.446954250335693,1139378
1994-03-15,10.731147766113281,10.731147766113281,10.483316421508789,10.607232093811035,6.37251091003418,1254375
1994-03-16,10.582448959350586,10.706364631652832,10.582448959350586,10.706364631652832,6.432065010070801,500842
1994-03-17,10.706364631652832,10.755931854248047,10.607232093811035,10.755931854248047,6.4618425369262695,1528754
1994-03-18,10.85506534576416,10.879847526550293,10.780714988708496,10.85506534576416,6.521400451660156,2388710
1994-03-21,10.805498123168945,10.879847526550293,10.755931854248047,10.85506534576416,6.521400451660156,1046069
1994-03-22,10.85506534576416,10.929414749145508,10.85506534576416,10.904630661010742,6.551178455352783,1405687
1994-03-23,10.954197883605957,11.003764152526855,10.904630661010742,10.904630661010742,6.551178455352783,1545398
1994-03-24,10.929414749145508,10.954197883605957,10.65679931640625,10.65679931640625,6.402285575866699,1594323
1994-03-25,10.706364631652832,10.755931854248047,10.557665824890137,10.582448959350586,6.357622146606445,704609
1994-03-28,10.632015228271484,10.65679931640625,10.532881736755371,10.532881736755371,6.3278422355651855,1025390
1994-03-29,10.632015228271484,10.632015228271484,10.433749198913574,10.433749198913574,6.268285751342773,732349
1994-03-30,10.408966064453125,10.45853328704834,10.161133766174316,10.185916900634766,6.11939811706543,1883833
1994-03-31,10.161133766174316,10.285050392150879,10.012434005737305,10.161133766174316,6.1045074462890625,2393249
1994-04-04,9.962867736816406,10.161133766174316,9.913301467895508,10.012434005737305,6.015171527862549,2333229
1994-04-05,10.111566543579102,10.210700035095215,10.086784362792969,10.185916900634766,6.11939811706543,2736727
1994-04-06,10.235483169555664,10.235483169555664,10.111566543579102,10.235483169555664,6.149175643920898,2076503
1994-04-07,10.285050392150879,10.309832572937012,10.185916900634766,10.26026725769043,6.1640625,1019338
1994-04-08,10.235483169555664,10.359399795532227,10.210700035095215,10.235483169555664,6.149175643920898,1602897
1994-04-11,10.285050392150879,10.359399795532227,10.210700035095215,10.359399795532227,6.223620891571045,944690
1994-04-12,10.408966064453125,10.433749198913574,10.285050392150879,10.309832572937012,6.193840026855469,1151483
1994-04-13,10.26026725769043,10.309832572937012,9.913301467895508,10.111566543579102,6.074728965759277,1824821
1994-04-14,10.06200122833252,10.210700035095215,10.012434005737305,10.06200122833252,6.044951438903809,905349
1994-04-15,10.06200122833252,10.185916900634766,9.93808364868164,9.93808364868164,5.9705071449279785,1168128
1994-04-18,9.962867736816406,9.962867736816406,9.789384841918945,9.86373519897461,5.925840854644775,1619541
1994-04-19,9.814167976379395,9.93808364868164,9.789384841918945,9.86373519897461,5.925840854644775,2095165
1994-04-20,9.888518333435059,9.888518333435059,9.442419052124023,9.715035438537598,5.836504936218262,1847518
1994-04-21,9.764601707458496,9.987650871276855,9.764601707458496,9.888518333435059,5.940730094909668,1808177
1994-04-22,9.962867736816406,9.962867736816406,9.838951110839844,9.93808364868164,5.9705071449279785,1469238
1994-04-25,9.987650871276855,10.185916900634766,9.93808364868164,10.13634967803955,6.08961820602417,1439480
1994-04-26,10.086784362792969,10.210700035095215,10.086784362792969,10.185916900634766,6.11939811706543,1405183
1994-04-28,10.161133766174316,10.185916900634766,10.111566543579102,10.111566543579102,6.074728965759277,1834404
1994-04-29,10.111566543579102,10.26026725769043,10.06200122833252,10.210700035095215,6.134284496307373,1438471
1994-05-02,10.26026725769043,10.26026725769043,10.161133766174316,10.235483169555664,6.149175643920898,1009250
1994-05-03,10.235483169555664,10.235483169555664,10.06200122833252,10.210700035095215,6.134284496307373,823641
1994-05-04,10.185916900634766,10.26026725769043,10.111566543579102,10.235483169555664,6.149175643920898,828685
1994-05-05,10.210700035095215,10.285050392150879,10.185916900634766,10.185916900634766,6.11939811706543,628953
1994-05-06,10.185916900634766,10.185916900634766,9.93808364868164,10.037217140197754,6.030064105987549,593647
1994-05-09,10.06200122833252,10.06200122833252,9.93808364868164,9.987650871276855,6.000286102294922,1199903
1994-05-10,10.037217140197754,10.111566543579102,9.987650871276855,9.987650871276855,6.000286102294922,750002
1994-05-11,9.987650871276855,10.037217140197754,9.73981761932373,9.838951110839844,5.910948276519775,1325996
1994-05-12,9.888518333435059,9.93808364868164,9.86373519897461,9.888518333435059,5.940730094909668,938134
1994-05-13,9.93808364868164,9.962867736816406,9.814167976379395,9.962867736816406,5.985396385192871,755551
1994-05-16,9.962867736816406,9.987650871276855,9.86373519897461,9.913301467895508,5.955615043640137,621387
1994-05-17,9.913301467895508,10.086784362792969,9.86373519897461,10.06200122833252,6.044951438903809,1329022
1994-05-18,10.13634967803955,10.235483169555664,10.111566543579102,10.185916900634766,6.11939811706543,994623
1994-05-19,10.210700035095215,10.210700035095215,10.111566543579102,10.185916900634766,6.11939811706543,1049096
1994-05-20,10.185916900634766,10.235483169555664,10.161133766174316,10.161133766174316,6.1045074462890625,2219241
1994-05-23,10.06200122833252,10.06200122833252,9.93808364868164,10.037217140197754,6.030064105987549,1041530
1994-05-24,10.086784362792969,10.334615707397461,10.037217140197754,10.161133766174316,6.1045074462890625,1560025
1994-05-25,10.012434005737305,10.185916900634766,9.987650871276855,10.185916900634766,6.11939811706543,1495466
1994-05-26,10.185916900634766,10.384182929992676,10.13634967803955,10.359399795532227,6.223620891571045,1000171
1994-05-27,10.309832572937012,10.582448959350586,10.309832572937012,10.433749198913574,6.268285751342773,1040521
1994-05-31,10.433749198913574,10.607232093811035,10.384182929992676,10.582448959350586,6.357622146606445,1286151
1994-06-01,10.532881736755371,10.532881736755371,10.384182929992676,10.483316421508789,6.298068046569824,1102055
1994-06-02,10.508098602294922,10.582448959350586,10.45853328704834,10.532881736755371,6.3278422355651855,759586
1994-06-03,10.532881736755371,10.582448959350586,10.508098602294922,10.557665824890137,6.342731952667236,1318431
1994-06-06,10.582448959350586,10.65679931640625,10.557665824890137,10.582448959350586,6.357622146606445,1035477
1994-06-07,10.582448959350586,10.632015228271484,10.532881736755371,10.582448959350586,6.375539302825928,719740
1994-06-08,10.607232093811035,10.607232093811035,10.508098602294922,10.532881736755371,6.345675468444824,767151
1994-06-09,10.508098602294922,10.582448959350586,10.433749198913574,10.557665824890137,6.3606085777282715,1144422
1994-06-10,10.582448959350586,10.780714988708496,10.582448959350586,10.706364631652832,6.450191497802734,821623
1994-06-13,10.755931854248047,10.805498123168945,10.731147766113281,10.755931854248047,6.48005485534668,801448
1994-06-14,10.780714988708496,10.85506534576416,10.755931854248047,10.85506534576416,6.539779186248779,1062209
1994-06-15,10.85506534576416,10.904630661010742,10.780714988708496,10.780714988708496,6.494987964630127,855921
1994-06-16,10.830281257629395,10.954197883605957,10.805498123168945,10.904630661010742,6.569641590118408,847346
1994-06-17,10.929414749145508,10.954197883605957,10.805498123168945,10.85506534576416,6.539779186248779,1880302
1994-06-20,10.805498123168945,10.85506534576416,10.6815824508667,10.755931854248047,6.48005485534668,936620
1994-06-21,10.755931854248047,10.755931854248047,10.483316421508789,10.607232093811035,6.390470504760742,889209
1994-06-22,10.65679931640625,10.6815824508667,10.582448959350586,10.6815824508667,6.435266494750977,959317
1994-06-23,10.6815824508667,10.731147766113281,10.607232093811035,10.607232093811035,6.390470504760742,635510
1994-06-24,10.607232093811035,10.632015228271484,10.408966064453125,10.45853328704834,6.3008832931518555,571454
1994-06-27,10.433749198913574,10.607232093811035,10.334615707397461,10.557665824890137,6.3606085777282715,778247
1994-06-28,10.582448959350586,10.6815824508667,10.45853328704834,10.65679931640625,6.420327186584473,723775
1994-06-29,10.607232093811035,10.706364631652832,10.607232093811035,10.65679931640625,6.420327186584473,1181241
1994-06-30,10.65679931640625,10.65679931640625,10.483316421508789,10.532881736755371,6.345675468444824,932585
1994-07-01,10.582448959350586,10.65679931640625,10.532881736755371,10.65679931640625,6.420327186584473,837763
1994-07-05,10.607232093811035,10.65679931640625,10.557665824890137,10.582448959350586,6.375539302825928,559349
1994-07-06,10.557665824890137,10.582448959350586,10.45853328704834,10.532881736755371,6.345675468444824,857938
1994-07-07,10.532881736755371,10.557665824890137,10.483316421508789,10.557665824890137,6.3606085777282715,544723
1994-07-08,10.508098602294922,10.532881736755371,10.384182929992676,10.433749198913574,6.285952091217041,873069
1994-07-11,10.433749198913574,10.45853328704834,10.359399795532227,10.45853328704834,6.3008832931518555,929055
1994-07-12,10.433749198913574,10.582448959350586,10.384182929992676,10.557665824890137,6.3606085777282715,1124247
1994-07-13,10.532881736755371,10.632015228271484,10.532881736755371,10.532881736755371,6.345675468444824,906358
1994-07-14,10.557665824890137,10.6815824508667,10.557665824890137,10.6815824508667,6.435266494750977,960326
1994-07-15,10.65679931640625,10.6815824508667,10.582448959350586,10.607232093811035,6.390470504760742,1072297
1994-07-18,10.65679931640625,10.65679931640625,10.582448959350586,10.607232093811035,6.390470504760742,418629
1994-07-19,10.607232093811035,10.607232093811035,10.45853328704834,10.45853328704834,6.3008832931518555,544218
1994-07-20,10.45853328704834,10.45853328704834,10.285050392150879,10.359399795532227,6.241159439086914,628449
1994-07-21,10.359399795532227,10.359399795532227,10.26026725769043,10.309832572937012,6.211297512054443,800944
1994-07-22,10.359399795532227,10.359399795532227,10.210700035095215,10.334615707397461,6.226230621337891,889209
1994-07-25,10.309832572937012,10.334615707397461,10.210700035095215,10.235483169555664,6.166505813598633,1493952
1994-07-26,10.111566543579102,10.235483169555664,10.06200122833252,10.210700035095215,6.151573181152344,1651821
1994-07-27,10.161133766174316,10.161133766174316,10.111566543579102,10.13634967803955,6.1067795753479,1168632
1994-07-28,10.111566543579102,10.13634967803955,10.06200122833252,10.086784362792969,6.076919078826904,2180908
1994-07-29,10.111566543579102,10.235483169555664,10.086784362792969,10.210700035095215,6.151573181152344,1213017
1994-08-01,10.26026725769043,10.384182929992676,10.26026725769043,10.384182929992676,6.256092071533203,1932757
1994-08-02,10.433749198913574,10.45853328704834,10.384182929992676,10.408966064453125,6.271021366119385,736889
1994-08-03,10.359399795532227,10.433749198913574,10.359399795532227,10.408966064453125,6.271021366119385,822128
1994-08-04,10.433749198913574,10.483316421508789,10.384182929992676,10.408966064453125,6.271021366119385,919472
1994-08-05,10.384182929992676,10.433749198913574,10.384182929992676,10.408966064453125,6.271021366119385,478650
1994-08-08,10.408966064453125,10.532881736755371,10.408966064453125,10.483316421508789,6.3158159255981445,881644
1994-08-09,10.45853328704834,10.532881736755371,10.408966064453125,10.508098602294922,6.33074426651001,590621
1994-08-10,10.532881736755371,10.582448959350586,10.483316421508789,10.582448959350586,6.375539302825928,702591
1994-08-11,10.632015228271484,10.632015228271484,10.408966064453125,10.483316421508789,6.3158159255981445,766142
1994-08-12,10.532881736755371,10.582448959350586,10.508098602294922,10.508098602294922,6.33074426651001,593647
1994-08-15,10.557665824890137,10.6815824508667,10.483316421508789,10.632015228271484,6.405399322509766,1271524
1994-08-16,10.607232093811035,10.755931854248047,10.607232093811035,10.706364631652832,6.450191497802734,1401148
1994-08-17,10.780714988708496,10.780714988708496,10.65679931640625,10.706364631652832,6.450191497802734,1282620
1994-08-18,10.706364631652832,10.706364631652832,10.607232093811035,10.6815824508667,6.435266494750977,1162075
1994-08-19,10.706364631652832,10.706364631652832,10.582448959350586,10.582448959350586,6.375539302825928,918463
1994-08-22,10.532881736755371,10.532881736755371,10.45853328704834,10.45853328704834,6.3008832931518555,1074819
1994-08-23,10.483316421508789,10.557665824890137,10.45853328704834,10.483316421508789,6.3158159255981445,1694188
1994-08-24,10.508098602294922,10.532881736755371,10.45853328704834,10.483316421508789,6.3158159255981445,984031
1994-08-25,10.483316421508789,10.532881736755371,10.45853328704834,10.532881736755371,6.345675468444824,1811203
1994-08-26,10.557665824890137,10.805498123168945,10.557665824890137,10.780714988708496,6.494987964630127,1124247
1994-08-29,10.780714988708496,10.805498123168945,10.6815824508667,10.6815824508667,6.435266494750977,994119
1994-08-30,10.706364631652832,10.755931854248047,10.582448959350586,10.755931854248047,6.48005485534668,1892911
1994-08-31,10.706364631652832,10.805498123168945,10.6815824508667,10.731147766113281,6.465123176574707,1256897
1994-09-01,10.6815824508667,10.706364631652832,10.632015228271484,10.6815824508667,6.435266494750977,612813
1994-09-02,10.731147766113281,10.731147766113281,10.632015228271484,10.65679931640625,6.420327186584473,506895
1994-09-06,10.65679931640625,10.6815824508667,10.632015228271484,10.65679931640625,6.420327186584473,365670
1994-09-07,10.65679931640625,10.755931854248047,10.582448959350586,10.755931854248047,6.48005485534668,777743
1994-09-08,10.755931854248047,10.805498123168945,10.706364631652832,10.755931854248047,6.48005485534668,1143918
1994-09-09,10.706364631652832,10.706364631652832,10.632015228271484,10.6815824508667,6.435266494750977,712679
1994-09-12,10.65679931640625,10.706364631652832,10.607232093811035,10.632015228271484,6.423283576965332,1319944
1994-09-13,10.632015228271484,10.755931854248047,10.607232093811035,10.755931854248047,6.498147487640381,1155014
1994-09-14,10.731147766113281,10.954197883605957,10.731147766113281,10.954197883605957,6.617925643920898,2984374
1994-09-15,11.202030181884766,11.276379585266113,11.152463912963867,11.276379585266113,6.812572479248047,2566249
1994-09-16,11.127680778503418,11.202030181884766,11.078113555908203,11.177247047424316,6.752684593200684,4395609
1994-09-19,11.177247047424316,11.202030181884766,11.127680778503418,11.127680778503418,6.722738265991211,1057670
1994-09-20,11.078113555908203,11.102896690368652,10.904630661010742,10.904630661010742,6.587984085083008,3028759
1994-09-21,10.929414749145508,10.954197883605957,10.830281257629395,10.85506534576416,6.55803918838501,2230337
1994-09-22,10.904630661010742,10.978981018066406,10.904630661010742,10.929414749145508,6.6029558181762695,1019338
1994-09-23,10.879847526550293,10.904630661010742,10.830281257629395,10.85506534576416,6.55803918838501,703096
1994-09-26,10.805498123168945,11.127680778503418,10.805498123168945,11.127680778503418,6.722738265991211,1107098
1994-09-27,11.102896690368652,11.177247047424316,11.078113555908203,11.078113555908203,6.692794322967529,893749
1994-09-28,11.078113555908203,11.177247047424316,11.028548240661621,11.05333137512207,6.67781925201416,572968
1994-09-29,11.102896690368652,11.127680778503418,11.05333137512207,11.102896690368652,6.707762718200684,721758
1994-09-30,11.127680778503418,11.177247047424316,11.078113555908203,11.152463912963867,6.737710952758789,754037
1994-10-03,11.127680778503418,11.152463912963867,11.078113555908203,11.127680778503418,6.722738265991211,974953
1994-10-04,11.127680778503418,11.177247047424316,10.978981018066406,11.003764152526855,6.64787483215332,1170649
1994-10-05,10.929414749145508,10.954197883605957,10.830281257629395,10.929414749145508,6.6029558181762695,783795
1994-10-06,10.954197883605957,10.978981018066406,10.805498123168945,10.805498123168945,6.528094291687012,846842
1994-10-07,10.830281257629395,10.879847526550293,10.780714988708496,10.830281257629395,6.543066501617432,427204
1994-10-10,10.954197883605957,11.177247047424316,10.904630661010742,11.152463912963867,6.737710952758789,574481
1994-10-11,11.152463912963867,11.375513076782227,11.127680778503418,11.276379585266113,6.812572479248047,1044556
1994-10-12,11.25159740447998,11.325946807861328,11.127680778503418,11.226814270019531,6.782628059387207,643075
1994-10-13,11.350729942321777,11.400296211242676,11.276379585266113,11.301162719726562,6.827544212341309,874583
1994-10-14,11.350729942321777,11.375513076782227,11.25159740447998,11.325946807861328,6.842514514923096,1360798
1994-10-17,11.350729942321777,11.350729942321777,11.202030181884766,11.276379585266113,6.812572479248047,575489
1994-10-18,11.301162719726562,11.301162719726562,11.226814270019531,11.301162719726562,6.827544212341309,472093
1994-10-19,11.276379585266113,11.474645614624023,11.226814270019531,11.474645614624023,6.932357311248779,1359789
1994-10-20,11.474645614624023,11.524212837219238,11.325946807861328,11.425080299377441,6.90241003036499,1141900
1994-10-21,11.400296211242676,11.425080299377441,11.301162719726562,11.375513076782227,6.872466564178467,715705
1994-10-24,11.400296211242676,11.44986343383789,11.301162719726562,11.350729942321777,6.857493877410889,1091967
1994-10-25,11.202030181884766,11.301162719726562,11.152463912963867,11.226814270019531,6.782628059387207,1409722
1994-10-26,11.276379585266113,11.276379585266113,11.102896690368652,11.102896690368652,6.707762718200684,1106090
1994-10-27,11.127680778503418,11.177247047424316,11.078113555908203,11.177247047424316,6.752684593200684,915437
1994-10-28,11.177247047424316,11.524212837219238,11.177247047424316,11.474645614624023,6.932357311248779,1247314
1994-10-31,11.524212837219238,11.672911643981934,11.524212837219238,11.573779106140137,6.992248058319092,1416783
1994-11-01,11.548995971679688,11.573779106140137,11.350729942321777,11.400296211242676,6.887436389923096,1244792
1994-11-02,11.350729942321777,11.474645614624023,11.301162719726562,11.301162719726562,6.827544212341309,959317
1994-11-03,11.350729942321777,11.375513076782227,11.25159740447998,11.25159740447998,6.797603130340576,479154
1994-11-04,11.301162719726562,11.425080299377441,11.276379585266113,11.325946807861328,6.842514514923096,922498
1994-11-07,11.375513076782227,11.375513076782227,11.25159740447998,11.325946807861328,6.842514514923096,866008
1994-11-08,11.350729942321777,11.474645614624023,11.301162719726562,11.44986343383789,6.917384624481201,782787
1994-11-09,11.548995971679688,11.573779106140137,11.474645614624023,11.499428749084473,6.947330951690674,1302291
1994-11-10,11.524212837219238,11.6481294631958,11.44986343383789,11.44986343383789,6.917384624481201,1241262
1994-11-11,11.375513076782227,11.400296211242676,11.276379585266113,11.350729942321777,6.857493877410889,616344
1994-11-14,11.375513076782227,11.425080299377441,11.276379585266113,11.301162719726562,6.827544212341309,1201921
1994-11-15,11.375513076782227,11.44986343383789,11.301162719726562,11.325946807861328,6.842514514923096,751516
1994-11-16,11.325946807861328,11.400296211242676,11.301162719726562,11.325946807861328,6.842514514923096,713688
1994-11-17,11.325946807861328,11.400296211242676,11.325946807861328,11.350729942321777,6.857493877410889,600204
1994-11-18,11.350729942321777,11.400296211242676,11.276379585266113,11.350729942321777,6.857493877410889,744959
1994-11-21,11.400296211242676,11.400296211242676,11.25159740447998,11.350729942321777,6.857493877410889,960830
1994-11-22,11.325946807861328,11.499428749084473,11.301162719726562,11.325946807861328,6.842514514923096,1176702
1994-11-23,11.102896690368652,11.102896690368652,10.879847526550293,11.028548240661621,6.662848472595215,2168803
1994-11-25,11.028548240661621,11.102896690368652,11.028548240661621,11.102896690368652,6.707762718200684,395428
1994-11-28,11.078113555908203,11.177247047424316,11.028548240661621,11.152463912963867,6.737710952758789,881139
1994-11-29,11.127680778503418,11.177247047424316,11.078113555908203,11.177247047424316,6.752684593200684,934603
1994-11-30,11.152463912963867,11.177247047424316,11.05333137512207,11.078113555908203,6.692794322967529,1225122
1994-12-01,11.05333137512207,11.078113555908203,10.830281257629395,10.830281257629395,6.543066501617432,999667
1994-12-02,10.85506534576416,10.978981018066406,10.85506534576416,10.904630661010742,6.587984085083008,1320953
1994-12-05,10.929414749145508,10.929414749145508,10.830281257629395,10.830281257629395,6.543066501617432,636014
1994-12-06,10.904630661010742,11.127680778503418,10.879847526550293,11.003764152526855,6.64787483215332,764629
1994-12-07,10.954197883605957,11.05333137512207,10.954197883605957,11.05333137512207,6.67781925201416,519504
1994-12-08,11.003764152526855,11.028548240661621,10.780714988708496,10.805498123168945,6.528094291687012,622900
1994-12-09,10.805498123168945,10.805498123168945,10.582448959350586,10.607232093811035,6.408312797546387,986049
1994-12-12,10.557665824890137,10.582448959350586,10.408966064453125,10.45853328704834,6.336241245269775,2492611
1994-12-13,10.607232093811035,11.003764152526855,10.607232093811035,10.954197883605957,6.636532783508301,1917626
1994-12-14,10.904630661010742,11.152463912963867,10.904630661010742,11.152463912963867,6.756653785705566,1525224
1994-12-15,11.078113555908203,11.202030181884766,11.078113555908203,11.177247047424316,6.771668910980225,1397113
1994-12-16,11.226814270019531,11.276379585266113,11.152463912963867,11.202030181884766,6.786682605743408,2436625
1994-12-19,11.102896690368652,11.226814270019531,11.078113555908203,11.177247047424316,6.771668910980225,1270515
1994-12-20,11.177247047424316,11.276379585266113,11.152463912963867,11.276379585266113,6.83172607421875,1963524
1994-12-21,11.226814270019531,11.573779106140137,11.226814270019531,11.524212837219238,6.981880187988281,1689649
1994-12-22,11.524212837219238,11.672911643981934,11.474645614624023,11.524212837219238,6.981880187988281,1355754
1994-12-23,11.524212837219238,11.598562240600586,11.499428749084473,11.548995971679688,6.996894359588623,574985
1994-12-27,11.623346328735352,11.772045135498047,11.623346328735352,11.772045135498047,7.13202428817749,659215
1994-12-28,11.747262001037598,11.846394538879395,11.672911643981934,11.722478866577148,7.101994514465332,1091967
1994-12-29,11.697694778442383,11.697694778442383,11.598562240600586,11.6481294631958,7.056954860687256,483189
1994-12-30,11.672911643981934,11.697694778442383,11.573779106140137,11.598562240600586,7.026919364929199,475119
1995-01-03,11.548995971679688,11.598562240600586,11.400296211242676,11.598562240600586,7.026919364929199,1184267
1995-01-04,11.573779106140137,11.6481294631958,11.524212837219238,11.548995971679688,6.996894359588623,1073810
1995-01-05,11.623346328735352,11.6481294631958,11.548995971679688,11.623346328735352,7.041938781738281,1010763
1995-01-06,11.623346328735352,11.672911643981934,11.548995971679688,11.623346328735352,7.041938781738281,1788506
1995-01-09,11.598562240600586,11.6481294631958,11.573779106140137,11.623346328735352,7.041938781738281,542705
1995-01-10,11.672911643981934,11.846394538879395,11.623346328735352,11.796828269958496,7.147040843963623,1352728
1995-01-11,11.895960807800293,11.970311164855957,11.846394538879395,11.945528030395508,7.237127780914307,1730503
1995-01-12,11.846394538879395,12.119010925292969,11.846394538879395,12.069443702697754,7.312201023101807,2113322
1995-01-13,12.094226837158203,12.094226837158203,11.945528030395508,12.019878387451172,7.282176494598389,2497654
1995-01-16,12.019878387451172,12.218144416809082,12.019878387451172,12.069443702697754,7.312201023101807,1801115
1995-01-17,11.970311164855957,11.970311164855957,11.821612358093262,11.895960807800293,7.207099437713623,1795567
1995-01-18,11.846394538879395,11.895960807800293,11.796828269958496,11.846394538879395,7.17706823348999,841798
1995-01-19,11.796828269958496,11.895960807800293,11.722478866577148,11.871177673339844,7.1920857429504395,898792
1995-01-20,11.895960807800293,11.895960807800293,11.598562240600586,11.6481294631958,7.056954860687256,1442002
1995-01-23,11.598562240600586,11.722478866577148,11.573779106140137,11.672911643981934,7.071966648101807,1424349
1995-01-24,11.722478866577148,11.772045135498047,11.697694778442383,11.697694778442383,7.086980819702148,634501
1995-01-25,11.6481294631958,11.697694778442383,11.598562240600586,11.598562240600586,7.026919364929199,988066
1995-01-26,11.598562240600586,11.747262001037598,11.598562240600586,11.697694778442383,7.086980819702148,641058
1995-01-27,11.747262001037598,11.846394538879395,11.598562240600586,11.672911643981934,7.071966648101807,939647
1995-01-30,11.672911643981934,11.672911643981934,11.598562240600586,11.623346328735352,7.041938781738281,690991
1995-01-31,11.6481294631958,11.796828269958496,11.623346328735352,11.747262001037598,7.117011070251465,1649299
1995-02-01,11.747262001037598,11.772045135498047,11.598562240600586,11.697694778442383,7.086980819702148,1124751
1995-02-02,11.672911643981934,11.846394538879395,11.6481294631958,11.846394538879395,7.17706823348999,802962
1995-02-03,11.871177673339844,11.995094299316406,11.846394538879395,11.995094299316406,7.267157554626465,2058346
1995-02-06,12.019878387451172,12.218144416809082,12.019878387451172,12.094226837158203,7.327216148376465,1265976
1995-02-07,12.044660568237305,12.094226837158203,11.970311164855957,12.094226837158203,7.327216148376465,1315404
1995-02-08,12.094226837158203,12.193360328674316,12.094226837158203,12.143794059753418,7.357249736785889,1259923
1995-02-09,12.143794059753418,12.218144416809082,12.069443702697754,12.168577194213867,7.372262954711914,640049
1995-02-10,12.143794059753418,12.168577194213867,12.019878387451172,12.119010925292969,7.342231750488281,546740
1995-02-13,12.119010925292969,12.342060089111328,12.094226837158203,12.342060089111328,7.4773640632629395,796405
1995-02-14,12.342060089111328,12.342060089111328,12.193360328674316,12.242926597595215,7.4173078536987305,722766
1995-02-15,12.218144416809082,12.267709732055664,12.143794059753418,12.193360328674316,7.3872785568237305,1176197
1995-02-16,12.193360328674316,12.218144416809082,12.119010925292969,12.193360328674316,7.3872785568237305,1053131
1995-02-17,12.193360328674316,12.218144416809082,12.168577194213867,12.168577194213867,7.372262954711914,855921
1995-02-21,12.143794059753418,12.218144416809082,11.995094299316406,12.069443702697754,7.312201023101807,1090454
1995-02-22,12.044660568237305,12.242926597595215,12.044660568237305,12.193360328674316,7.3872785568237305,1138370
1995-02-23,12.193360328674316,12.416410446166992,12.168577194213867,12.342060089111328,7.4773640632629395,1934774
1995-02-24,12.366843223571777,12.465975761413574,12.242926597595215,12.267709732055664,7.4323248863220215,1238235
1995-02-27,12.267709732055664,12.267709732055664,12.168577194213867,12.218144416809082,7.402293682098389,642067
1995-02-28,12.218144416809082,12.242926597595215,12.094226837158203,12.218144416809082,7.402293682098389,983023
1995-03-01,12.193360328674316,12.193360328674316,12.094226837158203,12.168577194213867,7.372262954711914,1437463
1995-03-02,12.168577194213867,12.218144416809082,12.143794059753418,12.193360328674316,7.3872785568237305,1286151
1995-03-03,12.143794059753418,12.366843223571777,12.094226837158203,12.317276954650879,7.462350368499756,1276063
1995-03-06,12.366843223571777,12.366843223571777,12.218144416809082,12.267709732055664,7.4323248863220215,838772
1995-03-07,12.267709732055664,12.267709732055664,12.069443702697754,12.119010925292969,7.342231750488281,1267993
1995-03-08,12.143794059753418,12.143794059753418,12.019878387451172,12.094226837158203,7.327216148376465,1247818
1995-03-09,12.119010925292969,12.168577194213867,12.094226837158203,12.119010925292969,7.342231750488281,954273
1995-03-10,12.168577194213867,12.589892387390137,12.143794059753418,12.589892387390137,7.627510070800781,2039684
1995-03-13,12.540326118469238,12.788158416748047,12.540326118469238,12.589892387390137,7.645569324493408,2487063
1995-03-14,12.639458656311035,12.639458656311035,12.391626358032227,12.416410446166992,7.540221214294434,1363824
1995-03-15,12.416410446166992,12.416410446166992,12.342060089111328,12.366843223571777,7.510119915008545,995632
1995-03-16,12.391626358032227,12.540326118469238,12.391626358032227,12.441192626953125,7.555272102355957,1168128
1995-03-17,12.490758895874023,12.664241790771484,12.465975761413574,12.589892387390137,7.645569324493408,1954949
1995-03-20,12.664241790771484,12.763375282287598,12.639458656311035,12.664241790771484,7.6907267570495605,1224113
1995-03-21,12.689024925231934,12.862507820129395,12.664241790771484,12.738592147827148,7.735875129699707,1152996
1995-03-22,12.689024925231934,12.7138090133667,12.540326118469238,12.689024925231934,7.705775737762451,1228652
1995-03-23,12.689024925231934,12.689024925231934,12.515542984008789,12.565109252929688,7.630517482757568,885174
1995-03-24,12.565109252929688,12.812941551208496,12.465975761413574,12.664241790771484,7.6907267570495605,1391565
1995-03-27,12.689024925231934,12.887290954589844,12.664241790771484,12.837724685668945,7.796075820922852,1580200
1995-03-28,12.812941551208496,12.862507820129395,12.763375282287598,12.837724685668945,7.796075820922852,568428
1995-03-29,12.837724685668945,12.986424446105957,12.812941551208496,12.862507820129395,7.811125755310059,2852228
1995-03-30,12.887290954589844,12.887290954589844,12.465975761413574,12.565109252929688,7.630517482757568,1431410
1995-03-31,12.540326118469238,12.540326118469238,12.292492866516113,12.490758895874023,7.585371494293213,1917121
1995-04-03,12.515542984008789,12.515542984008789,12.416410446166992,12.490758895874023,7.585371494293213,606256
1995-04-04,12.515542984008789,12.565109252929688,12.441192626953125,12.565109252929688,7.630517482757568,649632
1995-04-05,12.565109252929688,12.565109252929688,12.366843223571777,12.391626358032227,7.525170803070068,702591
1995-04-06,12.292492866516113,12.391626358032227,12.242926597595215,12.342060089111328,7.495068550109863,1283629
1995-04-07,12.391626358032227,12.490758895874023,12.317276954650879,12.465975761413574,7.5703206062316895,819102
1995-04-10,12.416410446166992,12.589892387390137,12.416410446166992,12.515542984008789,7.60042142868042,706626
1995-04-11,12.565109252929688,12.639458656311035,12.465975761413574,12.565109252929688,7.630517482757568,1123743
1995-04-12,12.540326118469238,12.837724685668945,12.540326118469238,12.763375282287598,7.7509260177612305,1194355
1995-04-13,12.763375282287598,12.961641311645508,12.738592147827148,12.961641311645508,7.871327877044678,1408713
1995-04-17,12.961641311645508,12.961641311645508,12.565109252929688,12.689024925231934,7.705775737762451,1045061
1995-04-18,12.7138090133667,12.738592147827148,12.540326118469238,12.540326118469238,7.615470886230469,839276
1995-04-19,12.565109252929688,12.565109252929688,12.465975761413574,12.490758895874023,7.585371494293213,844825
1995-04-20,12.515542984008789,12.515542984008789,12.391626358032227,12.441192626953125,7.555272102355957,926533
1995-04-21,12.490758895874023,12.540326118469238,12.416410446166992,12.465975761413574,7.5703206062316895,935107
1995-04-24,12.515542984008789,12.689024925231934,12.465975761413574,12.689024925231934,7.705775737762451,1221591
1995-04-25,12.639458656311035,12.689024925231934,12.465975761413574,12.689024925231934,7.705775737762451,1242270
1995-04-26,12.639458656311035,12.689024925231934,12.589892387390137,12.664241790771484,7.6907267570495605,559349
1995-04-27,12.589892387390137,12.614676475524902,12.490758895874023,12.614676475524902,7.660625457763672,1222600
1995-04-28,12.565109252929688,12.763375282287598,12.515542984008789,12.738592147827148,7.735875129699707,685947
1995-05-01,12.738592147827148,12.738592147827148,12.565109252929688,12.639458656311035,7.675674915313721,834737
1995-05-02,12.689024925231934,12.689024925231934,12.540326118469238,12.639458656311035,7.675674915313721,908880
1995-05-03,12.639458656311035,12.837724685668945,12.614676475524902,12.837724685668945,7.796075820922852,792370
1995-05-04,12.887290954589844,13.08555793762207,12.862507820129395,12.887290954589844,7.826180934906006,1825830
1995-05-05,12.887290954589844,12.887290954589844,12.738592147827148,12.738592147827148,7.735875129699707,1047078
1995-05-08,12.812941551208496,12.837724685668945,12.738592147827148,12.788158416748047,7.765976905822754,916950
1995-05-09,12.788158416748047,12.936858177185059,12.788158416748047,12.862507820129395,7.811125755310059,1629124
1995-05-10,12.887290954589844,12.961641311645508,12.812941551208496,12.887290954589844,7.826180934906006,1022868
1995-05-11,12.887290954589844,12.887290954589844,12.763375282287598,12.837724685668945,7.796075820922852,1318431
1995-05-12,12.812941551208496,12.887290954589844,12.7138090133667,12.7138090133667,7.720824241638184,1284638
1995-05-15,12.738592147827148,12.763375282287598,12.614676475524902,12.639458656311035,7.675674915313721,2073981
1995-05-16,12.664241790771484,12.689024925231934,12.589892387390137,12.614676475524902,7.660625457763672,1496474
1995-05-17,12.589892387390137,12.589892387390137,12.465975761413574,12.490758895874023,7.585371494293213,1642238
1995-05-18,12.441192626953125,12.490758895874023,12.193360328674316,12.193360328674316,7.404770851135254,2271695
1995-05-19,12.193360328674316,12.366843223571777,12.168577194213867,12.292492866516113,7.464968204498291,1605923
1995-05-22,12.292492866516113,12.441192626953125,12.242926597595215,12.242926597595215,7.434870719909668,2990427
1995-05-23,12.292492866516113,12.292492866516113,12.069443702697754,12.168577194213867,7.389718532562256,4255394
1995-05-24,12.168577194213867,12.242926597595215,11.995094299316406,12.019878387451172,7.299419403076172,3494800
1995-05-25,12.044660568237305,12.168577194213867,11.995094299316406,12.143794059753418,7.374669551849365,2437130
1995-05-26,12.143794059753418,12.168577194213867,12.044660568237305,12.094226837158203,7.344565391540527,1191833
1995-05-30,12.193360328674316,12.242926597595215,12.094226837158203,12.143794059753418,7.374669551849365,1466212
1995-05-31,12.193360328674316,12.391626358032227,12.094226837158203,12.342060089111328,7.495068550109863,1942340
1995-06-01,12.366843223571777,12.416410446166992,12.242926597595215,12.342060089111328,7.495068550109863,1323474
1995-06-02,12.292492866516113,12.515542984008789,12.242926597595215,12.366843223571777,7.510119915008545,2814905
1995-06-05,12.366843223571777,12.565109252929688,12.366843223571777,12.515542984008789,7.60042142868042,1938809
1995-06-06,12.490758895874023,12.540326118469238,12.416410446166992,12.540326118469238,7.615470886230469,1746643
1995-06-07,12.540326118469238,12.540326118469238,12.441192626953125,12.490758895874023,7.585371494293213,1372399
1995-06-08,12.540326118469238,12.565109252929688,12.416410446166992,12.441192626953125,7.555272102355957,1055148
1995-06-09,12.391626358032227,12.465975761413574,12.317276954650879,12.465975761413574,7.5703206062316895,1176702
1995-06-12,12.490758895874023,12.589892387390137,12.490758895874023,12.540326118469238,7.615470886230469,918967
1995-06-13,12.589892387390137,12.689024925231934,12.565109252929688,12.664241790771484,7.6907267570495605,1004711
1995-06-14,12.614676475524902,12.639458656311035,12.342060089111328,12.441192626953125,7.57603120803833,1783462
1995-06-15,12.441192626953125,12.490758895874023,12.342060089111328,12.391626358032227,7.545846939086914,690991
1995-06-16,12.416410446166992,12.416410446166992,12.218144416809082,12.342060089111328,7.515657901763916,3580039
1995-06-19,12.342060089111328,12.540326118469238,12.317276954650879,12.540326118469238,7.636393070220947,1078349
1995-06-20,12.614676475524902,12.664241790771484,12.589892387390137,12.639458656311035,7.696765422821045,2113827
1995-06-21,12.664241790771484,12.689024925231934,12.589892387390137,12.639458656311035,7.696765422821045,2425529
1995-06-22,12.664241790771484,12.738592147827148,12.639458656311035,12.664241790771484,7.711856842041016,2356934
1995-06-23,12.7138090133667,12.7138090133667,12.614676475524902,12.614676475524902,7.681669235229492,1224113
1995-06-26,12.614676475524902,12.7138090133667,12.614676475524902,12.614676475524902,7.681669235229492,1137361
1995-06-27,12.589892387390137,12.589892387390137,12.391626358032227,12.391626358032227,7.545846939086914,1431410
1995-06-28,12.193360328674316,12.465975761413574,12.168577194213867,12.465975761413574,7.591120719909668,2834575
1995-06-29,12.465975761413574,12.490758895874023,12.391626358032227,12.465975761413574,7.591120719909668,1032956
1995-06-30,12.416410446166992,12.515542984008789,12.416410446166992,12.465975761413574,7.591120719909668,896775
1995-07-03,12.465975761413574,12.490758895874023,12.416410446166992,12.490758895874023,7.606211185455322,454440
1995-07-05,12.465975761413574,12.540326118469238,12.391626358032227,12.441192626953125,7.57603120803833,1452089
1995-07-06,12.465975761413574,12.614676475524902,12.416410446166992,12.540326118469238,7.636393070220947,1910564
1995-07-07,12.540326118469238,12.788158416748047,12.515542984008789,12.788158416748047,7.787312030792236,2287835
1995-07-10,12.763375282287598,12.763375282287598,12.565109252929688,12.614676475524902,7.681669235229492,1450576
1995-07-11,12.639458656311035,12.7138090133667,12.589892387390137,12.664241790771484,7.711856842041016,1161571
1995-07-12,12.664241790771484,12.763375282287598,12.540326118469238,12.7138090133667,7.742040157318115,2776068
1995-07-13,12.7138090133667,12.812941551208496,12.689024925231934,12.788158416748047,7.787312030792236,1577174
1995-07-14,12.738592147827148,12.763375282287598,12.664241790771484,12.738592147827148,7.757133483886719,2680237
1995-07-17,12.738592147827148,12.763375282287598,12.689024925231934,12.738592147827148,7.757133483886719,1197886
1995-07-18,12.738592147827148,12.74478816986084,12.664241790771484,12.689024925231934,7.7269511222839355,1291195
1995-07-19,12.689024925231934,12.689024925231934,12.267709732055664,12.317276954650879,7.500570774078369,2383162
1995-07-20,12.342060089111328,12.465975761413574,12.317276954650879,12.416410446166992,7.560940265655518,1548929
1995-07-21,12.391626358032227,12.589892387390137,12.342060089111328,12.565109252929688,7.651490211486816,2246981
1995-07-24,12.565109252929688,12.664241790771484,12.540326118469238,12.589892387390137,7.66657829284668,1303804
1995-07-25,12.540326118469238,12.763375282287598,12.540326118469238,12.763375282287598,7.772221565246582,1913086
1995-07-26,12.788158416748047,12.862507820129395,12.788158416748047,12.788158416748047,7.787312030792236,1535815
1995-07-27,12.837724685668945,12.936858177185059,12.788158416748047,12.837724685668945,7.817497253417969,2632826
1995-07-28,12.812941551208496,12.837724685668945,12.763375282287598,12.837724685668945,7.817497253417969,1865675
1995-07-31,12.812941551208496,12.961641311645508,12.664241790771484,12.689024925231934,7.7269511222839355,2126940
1995-08-01,12.7138090133667,12.738592147827148,12.614676475524902,12.738592147827148,7.757133483886719,1832891
1995-08-02,12.812941551208496,12.862507820129395,12.664241790771484,12.7138090133667,7.742040157318115,1924687
1995-08-03,12.689024925231934,12.738592147827148,12.565109252929688,12.738592147827148,7.757133483886719,1596844
1995-08-04,12.788158416748047,12.887290954589844,12.763375282287598,12.837724685668945,7.817497253417969,941664
1995-08-07,12.887290954589844,12.887290954589844,12.738592147827148,12.763375282287598,7.772221565246582,556828
1995-08-08,12.763375282287598,12.763375282287598,12.639458656311035,12.664241790771484,7.711856842041016,577507
1995-08-09,12.7138090133667,12.862507820129395,12.689024925231934,12.862507820129395,7.832592010498047,753029
1995-08-10,12.961641311645508,13.060773849487305,12.961641311645508,12.986424446105957,7.908050537109375,1569608
1995-08-11,13.035990715026855,13.035990715026855,12.837724685668945,12.887290954589844,7.84768009185791,2063389
1995-08-14,12.887290954589844,13.011207580566406,12.837724685668945,13.011207580566406,7.9231367111206055,1982690
1995-08-15,13.08555793762207,13.184691429138184,12.899682998657227,13.08555793762207,7.968413352966309,3118537
1995-08-16,13.159907341003418,13.259039878845215,13.011207580566406,13.246648788452148,8.066509246826172,1457638
1995-08-17,13.259039878845215,13.259039878845215,13.035990715026855,13.11034107208252,7.9835052490234375,3632493
1995-08-18,13.11034107208252,13.234256744384766,13.08555793762207,13.209473609924316,8.04387092590332,2089617
1995-08-21,13.209473609924316,13.259039878845215,13.184691429138184,13.209473609924316,8.04387092590332,2212179
1995-08-22,13.209473609924316,13.234256744384766,13.035990715026855,13.08555793762207,7.968413352966309,1931244
1995-08-23,13.159907341003418,13.184691429138184,13.035990715026855,13.060773849487305,7.953321933746338,1743113
1995-08-24,13.08555793762207,13.08555793762207,12.91207504272461,13.060773849487305,7.953321933746338,996641
1995-08-25,13.08555793762207,13.08555793762207,12.986424446105957,13.035990715026855,7.938228607177734,609282
1995-08-28,12.986424446105957,13.035990715026855,12.837724685668945,12.837724685668945,7.817497253417969,1066244
1995-08-29,12.837724685668945,12.837724685668945,12.639458656311035,12.763375282287598,7.772221565246582,1191833
1995-08-30,12.7138090133667,12.837724685668945,12.664241790771484,12.788158416748047,7.787312030792236,1333562
1995-08-31,12.788158416748047,12.986424446105957,12.738592147827148,12.887290954589844,7.84768009185791,1761774
1995-09-01,12.936858177185059,13.159907341003418,12.936858177185059,13.08555793762207,7.968413352966309,1350711
1995-09-05,13.11034107208252,13.30860710144043,13.08555793762207,13.30860710144043,8.104238510131836,1406192
1995-09-06,13.30860710144043,13.581222534179688,13.28382396697998,13.556439399719238,8.255155563354492,2117357
1995-09-07,13.6803560256958,13.754705429077148,13.581222534179688,13.6803560256958,8.330615997314453,987562
1995-09-08,13.7299222946167,13.754705429077148,13.531656265258789,13.7299222946167,8.360796928405762,1126769
1995-09-11,13.6803560256958,13.7299222946167,13.382957458496094,13.531656265258789,8.240066528320312,2040188
1995-09-12,13.630788803100586,13.779488563537598,13.50687313079834,13.581222534179688,8.270245552062988,1737564
1995-09-13,13.556439399719238,13.556439399719238,13.159907341003418,13.28382396697998,8.109867095947266,2095669
1995-09-14,13.30860710144043,13.6803560256958,13.28382396697998,13.655571937561035,8.336820602416992,2749841
1995-09-15,13.655571937561035,13.6803560256958,13.531656265258789,13.581222534179688,8.291433334350586,2883500
1995-09-18,13.531656265258789,13.581222534179688,13.48208999633789,13.531656265258789,8.2611722946167,1160058
1995-09-19,13.6803560256958,14.052103996276855,13.655571937561035,13.92818832397461,8.503259658813477,2863829
1995-09-20,13.878622055053711,13.90340518951416,13.655571937561035,13.7299222946167,8.38221263885498,1195868
1995-09-21,13.754705429077148,13.829054832458496,13.6803560256958,13.804271697998047,8.427604675292969,869034
1995-09-22,13.804271697998047,13.977754592895508,13.754705429077148,13.977754592895508,8.533514976501465,1402157
1995-09-25,13.977754592895508,13.977754592895508,13.754705429077148,13.878622055053711,8.472996711730957,1656865
1995-09-26,13.92818832397461,13.977754592895508,13.6803560256958,13.70513916015625,8.367085456848145,2947051
1995-09-27,13.70513916015625,13.829054832458496,13.50687313079834,13.630788803100586,8.321690559387207,2074990
1995-09-28,13.581222534179688,13.754705429077148,13.581222534179688,13.70513916015625,8.367085456848145,1138370
1995-09-29,13.6803560256958,13.779488563537598,13.50687313079834,13.50687313079834,8.246045112609863,1867693
1995-10-02,13.556439399719238,13.779488563537598,13.531656265258789,13.6803560256958,8.351953506469727,2010430
1995-10-03,13.70513916015625,13.7299222946167,13.48208999633789,13.630788803100586,8.321690559387207,1392069
1995-10-04,13.606005668640137,13.606005668640137,13.48208999633789,13.556439399719238,8.2763032913208,1520180
1995-10-05,13.556439399719238,13.655571937561035,13.48208999633789,13.655571937561035,8.336820602416992,1540355
1995-10-06,13.70513916015625,13.804271697998047,13.6803560256958,13.754705429077148,8.397345542907715,798927
1995-10-09,13.779488563537598,13.878622055053711,13.606005668640137,13.804271697998047,8.427604675292969,1561034
1995-10-10,13.754705429077148,13.754705429077148,13.606005668640137,13.754705429077148,8.397345542907715,1857605
1995-10-11,13.804271697998047,13.977754592895508,13.779488563537598,13.878622055053711,8.472996711730957,1330536
1995-10-12,13.952971458435059,14.250370025634766,13.952971458435059,14.200803756713867,8.669687271118164,1592305
1995-10-13,14.250370025634766,14.349502563476562,14.12645435333252,14.176020622253418,8.654560089111328,1389547
1995-10-16,14.200803756713867,14.200803756713867,14.052103996276855,14.12645435333252,8.624300956726074,785309
1995-10-17,14.151236534118652,14.151236534118652,13.952971458435059,14.076888084411621,8.594038963317871,1132317
1995-10-18,14.10167121887207,14.399069786071777,14.076888084411621,14.225586891174316,8.684819221496582,1081880
1995-10-19,14.225586891174316,14.399069786071777,14.176020622253418,14.349502563476562,8.760472297668457,1031947
1995-10-20,14.349502563476562,14.448636054992676,14.32472038269043,14.448636054992676,8.820993423461914,1001180
1995-10-23,14.399069786071777,14.448636054992676,14.200803756713867,14.399069786071777,8.790730476379395,1155518
1995-10-24,14.448636054992676,14.622118949890137,14.423852920532227,14.622118949890137,8.92690658569336,1279594
1995-10-25,14.622118949890137,14.646902084350586,14.448636054992676,14.448636054992676,8.820993423461914,1123743
1995-10-26,14.399069786071777,14.448636054992676,14.200803756713867,14.200803756713867,8.669687271118164,880635
1995-10-27,14.250370025634766,14.275154113769531,14.076888084411621,14.151236534118652,8.639426231384277,1136856
1995-10-30,14.176020622253418,14.32472038269043,14.151236534118652,14.250370025634766,8.699945449829102,1065235
1995-10-31,14.250370025634766,14.275154113769531,14.176020622253418,14.176020622253418,8.654560089111328,1012276
1995-11-01,14.200803756713867,14.200803756713867,14.002537727355957,14.052103996276855,8.578906059265137,1131813
1995-11-02,14.076888084411621,14.176020622253418,14.052103996276855,14.076888084411621,8.594038963317871,1631646
1995-11-03,14.076888084411621,14.176020622253418,14.002537727355957,14.027320861816406,8.5637788772583,1526737
1995-11-06,14.027320861816406,14.225586891174316,13.977754592895508,14.176020622253418,8.654560089111328,1155518
1995-11-07,14.176020622253418,14.250370025634766,14.12645435333252,14.12645435333252,8.624300956726074,1746139
1995-11-08,14.12645435333252,14.151236534118652,13.853837966918945,14.12645435333252,8.624300956726074,1702763
1995-11-09,14.10167121887207,14.275154113769531,14.027320861816406,14.250370025634766,8.699945449829102,1050104
1995-11-10,14.200803756713867,14.374286651611328,14.12645435333252,14.250370025634766,8.699945449829102,1142405
1995-11-13,14.275154113769531,14.374286651611328,14.225586891174316,14.275154113769531,8.715082168579102,629457
1995-11-14,14.29993724822998,14.473420143127441,14.250370025634766,14.29993724822998,8.730209350585938,1063218
1995-11-15,14.275154113769531,14.622118949890137,14.250370025634766,14.622118949890137,8.92690658569336,1405687
1995-11-16,14.597335815429688,14.91951847076416,14.547768592834473,14.91951847076416,9.10847282409668,2487063
1995-11-17,14.969084739685059,15.563882827758789,14.969084739685059,15.563882827758789,9.501858711242676,2381649
1995-11-20,15.489533424377441,15.489533424377441,15.043434143066406,15.093001365661621,9.214380264282227,1668970
1995-11-21,15.043434143066406,15.241701126098633,14.969084739685059,15.216917037963867,9.290033340454102,1861640
1995-11-22,15.167350769042969,15.266484260559082,15.093001365661621,15.142566680908203,9.244645118713379,1739582
1995-11-24,15.167350769042969,15.192133903503418,15.093001365661621,15.117783546447754,9.229515075683594,295562
1995-11-27,15.167350769042969,15.390399932861328,15.068218231201172,15.365616798400879,9.380815505981445,1659891
1995-11-28,15.34083366394043,15.439967155456543,15.291267395019531,15.390399932861328,9.395947456359863,1194355
1995-11-29,15.390399932861328,15.439967155456543,15.241701126098633,15.390399932861328,9.395947456359863,1172667
1995-11-30,15.464750289916992,15.786931991577148,15.464750289916992,15.7621488571167,9.622902870178223,2212684
1995-12-01,15.96041488647461,15.96041488647461,15.811715126037598,15.836499214172363,9.668290138244629,1961506
1995-12-04,15.73736572265625,15.861282348632812,15.638233184814453,15.836499214172363,9.668290138244629,1509084
1995-12-05,15.836499214172363,16.2082462310791,15.811715126037598,16.18346405029297,9.880119323730469,1814229
1995-12-06,16.18346405029297,16.30738067626953,16.009981155395508,16.233030319213867,9.910381317138672,1827847
1995-12-07,16.18346405029297,16.332164764404297,16.109113693237305,16.226835250854492,9.906595230102539,1014294
1995-12-08,16.158681869506836,16.257814407348633,16.084331512451172,16.109113693237305,9.834726333618164,735880
1995-12-11,16.109113693237305,16.158681869506836,15.836499214172363,15.836499214172363,9.668290138244629,898792
1995-12-12,15.687799453735352,15.73736572265625,15.291267395019531,15.390399932861328,9.395947456359863,1740086
1995-12-13,15.464750289916992,15.464750289916992,14.820384979248047,15.117783546447754,9.253355026245117,4713364
1995-12-14,14.869952201843262,14.869952201843262,14.597335815429688,14.622118949890137,8.949965476989746,3230004
1995-12-15,14.671686172485352,14.671686172485352,14.52298641204834,14.572552680969238,8.919624328613281,2837097
1995-12-18,14.572552680969238,14.572552680969238,14.250370025634766,14.32472038269043,8.76793098449707,1368364
1995-12-19,14.32472038269043,14.349502563476562,13.878622055053711,13.92818832397461,8.525226593017578,2787669
1995-12-20,13.977754592895508,14.151236534118652,13.804271697998047,13.804271697998047,8.44937515258789,2476975
1995-12-21,13.829054832458496,14.547768592834473,13.829054832458496,14.473420143127441,8.858951568603516,2916788
1995-12-22,14.423852920532227,14.448636054992676,14.176020622253418,14.29993724822998,8.752760887145996,2217223
1995-12-26,14.29993724822998,14.49820327758789,14.275154113769531,14.49820327758789,8.874117851257324,1860631
1995-12-27,14.473420143127441,14.49820327758789,14.374286651611328,14.399069786071777,8.813441276550293,660224
1995-12-28,14.399069786071777,14.6964693069458,14.374286651611328,14.622118949890137,8.949965476989746,1706293
1995-12-29,14.671686172485352,14.746034622192383,14.622118949890137,14.72125244140625,9.010645866394043,1081375
1996-01-02,14.671686172485352,14.72125244140625,14.473420143127441,14.52298641204834,8.889286994934082,1313135
1996-01-03,14.622118949890137,14.72125244140625,14.473420143127441,14.671686172485352,8.980305671691895,2311541
1996-01-04,14.622118949890137,14.91951847076416,14.473420143127441,14.671686172485352,8.980305671691895,2644175
1996-01-05,14.572552680969238,14.869952201843262,14.32472038269043,14.869952201843262,9.10166072845459,2591468
1996-01-08,14.869952201843262,14.91951847076416,14.72125244140625,14.869952201843262,9.10166072845459,346000
1996-01-09,14.869952201843262,15.415183067321777,14.770818710327148,15.142566680908203,9.268525123596191,2235128
1996-01-10,15.117783546447754,15.563882827758789,15.018651008605957,15.068218231201172,9.223018646240234,2676959
1996-01-11,15.266484260559082,15.663016319274902,15.216917037963867,15.563882827758789,9.526402473449707,2536995
1996-01-12,15.613449096679688,15.861282348632812,14.91951847076416,15.415183067321777,9.435386657714844,2246477
1996-01-15,15.365616798400879,15.464750289916992,14.374286651611328,14.473420143127441,8.858951568603516,1501014
1996-01-16,14.671686172485352,14.72125244140625,14.12645435333252,14.671686172485352,8.980305671691895,3179062
1996-01-17,14.770818710327148,15.068218231201172,14.72125244140625,14.91951847076416,9.132000923156738,3384846
1996-01-18,14.969084739685059,15.563882827758789,14.91951847076416,15.365616798400879,9.405045509338379,3267832
1996-01-19,15.365616798400879,15.712581634521484,15.316049575805664,15.712581634521484,9.617419242858887,1762783
1996-01-22,15.613449096679688,15.663016319274902,15.415183067321777,15.563882827758789,9.526402473449707,1288168
1996-01-23,15.514315605163574,15.613449096679688,15.266484260559082,15.316049575805664,9.374709129333496,903332
1996-01-24,15.365616798400879,15.514315605163574,15.068218231201172,15.316049575805664,9.374709129333496,833224
1996-01-25,15.316049575805664,15.464750289916992,15.167350769042969,15.365616798400879,9.405045509338379,1232183
1996-01-26,15.365616798400879,15.365616798400879,15.117783546447754,15.316049575805664,9.374709129333496,1381225
1996-01-29,15.365616798400879,15.613449096679688,15.216917037963867,15.464750289916992,9.46572494506836,1264715
1996-01-30,15.514315605163574,15.514315605163574,15.365616798400879,15.464750289916992,9.46572494506836,1003954
1996-01-31,15.613449096679688,15.910847663879395,15.563882827758789,15.811715126037598,9.678094863891602,1760261
1996-02-01,15.861282348632812,15.96041488647461,15.712581634521484,15.811715126037598,9.678094863891602,963352
1996-02-02,15.96041488647461,16.35694694519043,15.910847663879395,15.96041488647461,9.76911449432373,1143918
1996-02-05,15.811715126037598,15.910847663879395,15.712581634521484,15.7621488571167,9.647758483886719,1207469
1996-02-06,15.663016319274902,15.96041488647461,15.563882827758789,15.861282348632812,9.708436012268066,1138370
1996-02-07,15.910847663879395,16.009981155395508,15.712581634521484,15.96041488647461,9.76911449432373,1494709
1996-02-08,16.009981155395508,16.604778289794922,15.96041488647461,16.604778289794922,10.163514137268066,1735799
1996-02-09,16.604778289794922,16.902177810668945,16.555213928222656,16.80304527282715,10.284876823425293,1213773
1996-02-12,16.604778289794922,16.852611541748047,16.406513214111328,16.70391273498535,10.224199295043945,1434689
1996-02-13,16.555213928222656,17.19957733154297,16.505645751953125,16.80304527282715,10.284876823425293,1480839
1996-02-14,16.654346466064453,16.654346466064453,16.257814407348633,16.456079483032227,10.072501182556152,1382990
1996-02-15,16.30738067626953,16.35694694519043,16.009981155395508,16.059547424316406,9.829790115356445,1326248
1996-02-16,16.109113693237305,16.406513214111328,15.96041488647461,16.158681869506836,9.890473365783691,1287412
1996-02-20,15.96041488647461,16.158681869506836,15.861282348632812,16.059547424316406,9.829790115356445,1431662
1996-02-21,16.059547424316406,16.555213928222656,16.009981155395508,16.555213928222656,10.133179664611816,858947
1996-02-22,16.505645751953125,16.654346466064453,16.456079483032227,16.555213928222656,10.133179664611816,1258662
1996-02-23,16.604778289794922,16.604778289794922,15.96041488647461,16.158681869506836,9.890473365783691,1769592
1996-02-26,16.158681869506836,16.257814407348633,16.009981155395508,16.109113693237305,9.86013126373291,1382738
1996-02-27,16.257814407348633,16.257814407348633,15.663016319274902,15.861282348632812,9.708436012268066,1324987
1996-02-28,16.059547424316406,16.158681869506836,15.861282348632812,15.910847663879395,9.738775253295898,1070531
1996-02-29,15.811715126037598,15.96041488647461,15.316049575805664,15.365616798400879,9.405045509338379,1350206
1996-03-01,15.464750289916992,15.712581634521484,15.216917037963867,15.563882827758789,9.526402473449707,1219069
1996-03-04,15.663016319274902,15.663016319274902,15.266484260559082,15.365616798400879,9.405045509338379,1175693
1996-03-05,15.464750289916992,15.613449096679688,15.316049575805664,15.415183067321777,9.435386657714844,1744374
1996-03-06,15.464750289916992,15.563882827758789,15.266484260559082,15.365616798400879,9.405045509338379,1739330
1996-03-07,15.415183067321777,15.514315605163574,15.117783546447754,15.514315605163574,9.496066093444824,1330788
1996-03-08,15.216917037963867,15.266484260559082,14.969084739685059,15.068218231201172,9.223018646240234,1709572
1996-03-11,14.770818710327148,15.415183067321777,14.770818710327148,15.365616798400879,9.405045509338379,1371642
1996-03-12,15.266484260559082,15.365616798400879,14.969084739685059,15.266484260559082,9.344369888305664,953517
1996-03-13,15.167350769042969,15.563882827758789,15.117783546447754,15.464750289916992,9.490373611450195,964109
1996-03-14,15.415183067321777,15.96041488647461,15.415183067321777,15.861282348632812,9.733720779418945,1673761
1996-03-15,15.910847663879395,16.109113693237305,15.7621488571167,15.96041488647461,9.79455280303955,2228067
1996-03-18,15.96041488647461,16.257814407348633,15.96041488647461,16.257814407348633,9.977063179016113,989580
1996-03-19,16.456079483032227,16.456079483032227,15.7621488571167,16.009981155395508,9.824971199035645,1209234
1996-03-20,16.2082462310791,16.2082462310791,15.514315605163574,15.96041488647461,9.79455280303955,1057670
1996-03-21,16.009981155395508,16.109113693237305,15.563882827758789,15.910847663879395,9.76413631439209,982014
1996-03-22,15.96041488647461,15.96041488647461,15.613449096679688,15.663016319274902,9.612049102783203,709905
1996-03-25,15.7621488571167,15.861282348632812,15.316049575805664,15.365616798400879,9.429536819458008,692252
1996-03-26,15.514315605163574,15.861282348632812,15.365616798400879,15.7621488571167,9.672881126403809,1266985
1996-03-27,15.563882827758789,15.663016319274902,15.415183067321777,15.514315605163574,9.520793914794922,752272
1996-03-28,15.316049575805664,15.712581634521484,15.266484260559082,15.613449096679688,9.581624984741211,1038504
1996-03-29,15.7621488571167,15.861282348632812,15.613449096679688,15.613449096679688,9.581624984741211,1109620
1996-04-01,15.811715126037598,15.811715126037598,15.216917037963867,15.514315605163574,9.520793914794922,1110125
1996-04-02,15.613449096679688,15.861282348632812,15.464750289916992,15.861282348632812,9.733720779418945,1117438
1996-04-03,15.861282348632812,15.910847663879395,15.613449096679688,15.861282348632812,9.733720779418945,1103316
1996-04-04,15.7621488571167,15.861282348632812,15.712581634521484,15.861282348632812,9.733720779418945,703096
1996-04-08,15.563882827758789,15.613449096679688,15.266484260559082,15.464750289916992,9.490373611450195,1299517
1996-04-09,15.365616798400879,15.464750289916992,15.266484260559082,15.415183067321777,9.459957122802734,965117
1996-04-10,15.365616798400879,15.861282348632812,15.316049575805664,15.316049575805664,9.399120330810547,1398626
1996-04-11,15.365616798400879,15.365616798400879,14.473420143127441,14.91951847076416,9.155776977539062,2678220
1996-04-12,14.969084739685059,15.018651008605957,14.52298641204834,14.91951847076416,9.155776977539062,2713022
1996-04-15,14.969084739685059,15.266484260559082,14.91951847076416,15.068218231201172,9.247034072875977,1728234
1996-04-16,15.068218231201172,15.563882827758789,15.068218231201172,15.464750289916992,9.490373611450195,1542372
1996-04-17,15.316049575805664,15.464750289916992,15.018651008605957,15.216917037963867,9.338285446166992,1162579
1996-04-18,15.167350769042969,15.415183067321777,15.167350769042969,15.216917037963867,9.338285446166992,967135
1996-04-19,15.316049575805664,15.316049575805664,14.969084739685059,15.018651008605957,9.216612815856934,1795063
1996-04-22,15.068218231201172,15.316049575805664,15.068218231201172,15.266484260559082,9.368704795837402,998406
1996-04-23,15.167350769042969,15.167350769042969,15.018651008605957,15.068218231201172,9.247034072875977,1419810
1996-04-24,15.068218231201172,15.117783546447754,14.869952201843262,15.018651008605957,9.216612815856934,1701502
1996-04-25,15.068218231201172,15.117783546447754,14.91951847076416,15.068218231201172,9.247034072875977,1390052
1996-04-26,15.068218231201172,15.266484260559082,14.969084739685059,15.068218231201172,9.247034072875977,1240001
1996-04-29,15.018651008605957,15.266484260559082,14.969084739685059,15.117783546447754,9.277451515197754,836755
1996-04-30,15.167350769042969,15.415183067321777,15.068218231201172,15.415183067321777,9.459957122802734,1088941
1996-05-01,15.365616798400879,15.415183067321777,15.117783546447754,15.167350769042969,9.307868003845215,1035225
1996-05-02,15.117783546447754,15.117783546447754,14.820384979248047,14.869952201843262,9.125362396240234,1098776
1996-05-03,14.869952201843262,15.018651008605957,14.770818710327148,14.820384979248047,9.094939231872559,1475038
1996-05-06,14.91951847076416,15.117783546447754,14.770818710327148,14.869952201843262,9.125362396240234,1505049
1996-05-07,14.91951847076416,15.068218231201172,14.770818710327148,14.969084739685059,9.186193466186523,1423592
1996-05-08,14.869952201843262,14.91951847076416,14.52298641204834,14.72125244140625,9.03410530090332,1591549
1996-05-09,14.820384979248047,14.969084739685059,14.423852920532227,14.622118949890137,8.97326946258545,1697467
1996-05-10,14.770818710327148,14.770818710327148,14.572552680969238,14.671686172485352,9.00368881225586,2319863
1996-05-13,14.770818710327148,15.415183067321777,14.72125244140625,15.365616798400879,9.429536819458008,1534554
1996-05-14,15.266484260559082,15.663016319274902,15.216917037963867,15.365616798400879,9.429536819458008,2176873
1996-05-15,15.464750289916992,15.7621488571167,15.464750289916992,15.663016319274902,9.612049102783203,1945366
1996-05-16,15.563882827758789,15.563882827758789,15.316049575805664,15.464750289916992,9.490373611450195,891983
1996-05-17,15.464750289916992,15.514315605163574,15.068218231201172,15.216917037963867,9.338285446166992,2042710
1996-05-20,15.316049575805664,15.316049575805664,15.018651008605957,15.068218231201172,9.247034072875977,1901486
1996-05-21,15.167350769042969,15.266484260559082,15.068218231201172,15.068218231201172,9.247034072875977,1484621
1996-05-22,15.068218231201172,15.415183067321777,15.068218231201172,15.415183067321777,9.459957122802734,1946627
1996-05-23,15.415183067321777,15.415183067321777,15.117783546447754,15.216917037963867,9.338285446166992,1237731
1996-05-24,15.216917037963867,15.365616798400879,15.068218231201172,15.068218231201172,9.247034072875977,1128282
1996-05-28,15.266484260559082,15.365616798400879,14.969084739685059,15.018651008605957,9.216612815856934,1522449
1996-05-29,15.117783546447754,15.167350769042969,14.91951847076416,14.969084739685059,9.186193466186523,998658
1996-05-30,14.869952201843262,14.91951847076416,14.622118949890137,14.770818710327148,9.064523696899414,1831378
1996-05-31,14.770818710327148,15.216917037963867,14.671686172485352,15.216917037963867,9.338285446166992,3053473
1996-06-03,15.167350769042969,15.266484260559082,14.820384979248047,14.820384979248047,9.094939231872559,1502022
1996-06-04,14.869952201843262,15.068218231201172,14.820384979248047,14.91951847076416,9.155776977539062,1750930
1996-06-05,14.969084739685059,15.415183067321777,14.91951847076416,15.266484260559082,9.368704795837402,1765053
1996-06-06,15.365616798400879,15.415183067321777,15.167350769042969,15.266484260559082,9.368704795837402,1307587
1996-06-07,15.167350769042969,15.266484260559082,14.770818710327148,15.266484260559082,9.368704795837402,1673509
1996-06-10,15.167350769042969,15.266484260559082,14.969084739685059,15.018651008605957,9.216612815856934,989580
1996-06-11,15.018651008605957,15.266484260559082,15.018651008605957,15.117783546447754,9.277451515197754,1037747
1996-06-12,14.969084739685059,15.167350769042969,14.91951847076416,14.969084739685059,9.210346221923828,775725
1996-06-13,14.969084739685059,15.068218231201172,14.869952201843262,14.869952201843262,9.149357795715332,853399
1996-06-14,14.869952201843262,14.91951847076416,14.622118949890137,14.72125244140625,9.057863235473633,1510345
1996-06-17,14.770818710327148,15.018651008605957,14.72125244140625,14.770818710327148,9.088361740112305,1586757
1996-06-18,14.820384979248047,14.91951847076416,14.572552680969238,14.572552680969238,8.966367721557617,1056661
1996-06-19,14.572552680969238,14.770818710327148,14.52298641204834,14.52298641204834,8.935872077941895,1507318
1996-06-20,14.622118949890137,14.820384979248047,14.52298641204834,14.770818710327148,9.088361740112305,2093652
1996-06-21,14.820384979248047,14.969084739685059,14.671686172485352,14.91951847076416,9.179855346679688,2343064
1996-06-24,15.068218231201172,15.316049575805664,15.018651008605957,15.018651008605957,9.240848541259766,1565069
1996-06-25,14.969084739685059,14.969084739685059,14.820384979248047,14.869952201843262,9.149357795715332,1310361
1996-06-26,14.869952201843262,15.018651008605957,14.770818710327148,14.770818710327148,9.088361740112305,1680823
1996-06-27,15.117783546447754,15.365616798400879,15.117783546447754,15.316049575805664,9.423837661743164,1649047
1996-06-28,15.316049575805664,15.514315605163574,15.167350769042969,15.316049575805664,9.423837661743164,1281611
1996-07-01,15.415183067321777,15.464750289916992,15.316049575805664,15.415183067321777,9.484831809997559,1044052
1996-07-02,15.415183067321777,15.415183067321777,15.167350769042969,15.266484260559082,9.393336296081543,1080114
1996-07-03,15.365616798400879,15.365616798400879,15.117783546447754,15.117783546447754,9.30184555053711,1198138
1996-07-05,15.068218231201172,15.117783546447754,14.91951847076416,14.91951847076416,9.179855346679688,401481
1996-07-08,14.869952201843262,14.969084739685059,14.671686172485352,14.869952201843262,9.149357795715332,1821543
1996-07-09,14.969084739685059,15.117783546447754,14.72125244140625,14.72125244140625,9.057863235473633,2127949
1996-07-10,14.72125244140625,14.72125244140625,14.52298641204834,14.622118949890137,8.996868133544922,2390980
1996-07-11,14.572552680969238,14.671686172485352,14.12645435333252,14.572552680969238,8.966367721557617,3274641
1996-07-12,14.423852920532227,14.622118949890137,14.374286651611328,14.473420143127441,8.905373573303223,1720164
1996-07-15,14.473420143127441,14.473420143127441,14.32472038269043,14.423852920532227,8.874876976013184,1802629
1996-07-16,14.473420143127441,14.820384979248047,14.374286651611328,14.671686172485352,9.027365684509277,2920319
1996-07-17,14.91951847076416,15.216917037963867,14.91951847076416,15.117783546447754,9.30184555053711,1911825
1996-07-18,15.216917037963867,15.663016319274902,15.167350769042969,15.563882827758789,9.576324462890625,1462681
1996-07-19,15.514315605163574,15.514315605163574,15.117783546447754,15.216917037963867,9.362836837768555,1227644
1996-07-22,15.167350769042969,15.216917037963867,15.018651008605957,15.167350769042969,9.332345008850098,1024633
1996-07-23,15.216917037963867,15.316049575805664,14.969084739685059,15.018651008605957,9.240848541259766,965370
1996-07-24,14.869952201843262,15.117783546447754,14.770818710327148,15.018651008605957,9.240848541259766,1032703
1996-07-25,15.018651008605957,15.365616798400879,14.969084739685059,15.167350769042969,9.332345008850098,1225122
1996-07-26,15.117783546447754,15.415183067321777,15.117783546447754,15.365616798400879,9.454329490661621,622144
1996-07-29,15.266484260559082,15.316049575805664,15.068218231201172,15.117783546447754,9.30184555053711,621892
1996-07-30,15.117783546447754,15.514315605163574,15.068218231201172,15.415183067321777,9.484831809997559,976718
1996-07-31,15.365616798400879,15.811715126037598,15.316049575805664,15.712581634521484,9.667821884155273,1395852
1996-08-01,15.7621488571167,16.158681869506836,15.712581634521484,16.109113693237305,9.911799430847168,1585244
1996-08-02,16.2082462310791,16.35694694519043,16.059547424316406,16.257814407348633,10.003294944763184,740924
1996-08-05,16.30738067626953,16.456079483032227,15.96041488647461,15.96041488647461,9.820308685302734,1082889
1996-08-06,16.009981155395508,16.456079483032227,15.861282348632812,16.406513214111328,10.094783782958984,1171658
1996-08-07,16.456079483032227,16.456079483032227,16.257814407348633,16.406513214111328,10.094783782958984,1180989
1996-08-08,16.30738067626953,16.35694694519043,16.109113693237305,16.158681869506836,9.942302703857422,1345415
1996-08-09,16.2082462310791,16.604778289794922,16.059547424316406,16.604778289794922,10.216776847839355,1056913
1996-08-12,16.456079483032227,16.604778289794922,16.30738067626953,16.555213928222656,10.186286926269531,982771
1996-08-13,16.505645751953125,16.555213928222656,16.257814407348633,16.505645751953125,10.15578556060791,694774
1996-08-14,16.604778289794922,16.604778289794922,16.406513214111328,16.406513214111328,10.094783782958984,1052878
1996-08-15,16.406513214111328,16.555213928222656,16.158681869506836,16.30738067626953,10.033796310424805,1359537
1996-08-16,16.30738067626953,16.456079483032227,15.910847663879395,16.406513214111328,10.094783782958984,720749
1996-08-19,16.406513214111328,16.505645751953125,16.35694694519043,16.456079483032227,10.125285148620605,958056
1996-08-20,16.456079483032227,16.75347900390625,16.30738067626953,16.604778289794922,10.216776847839355,1194355
1996-08-21,16.604778289794922,16.80304527282715,16.456079483032227,16.70391273498535,10.277776718139648,1309352
1996-08-22,16.902177810668945,17.15001106262207,16.852611541748047,17.100444793701172,10.521759986877441,1282620
1996-08-23,17.001310348510742,17.100444793701172,16.852611541748047,17.001310348510742,10.460763931274414,1015050
1996-08-26,16.852611541748047,17.100444793701172,16.70391273498535,17.001310348510742,10.460763931274414,1044052
1996-08-27,17.100444793701172,17.15001106262207,16.80304527282715,16.902177810668945,10.399763107299805,962343
1996-08-28,16.951744079589844,17.15001106262207,16.902177810668945,17.100444793701172,10.521759986877441,1589783
1996-08-29,17.050878524780273,17.050878524780273,16.75347900390625,16.852611541748047,10.369269371032715,1167119
1996-08-30,16.852611541748047,16.852611541748047,16.456079483032227,16.456079483032227,10.125285148620605,833981
1996-09-03,16.406513214111328,16.505645751953125,16.158681869506836,16.406513214111328,10.094783782958984,906106
1996-09-04,16.456079483032227,16.70391273498535,16.30738067626953,16.654346466064453,10.247278213500977,988319
1996-09-05,16.654346466064453,17.001310348510742,16.2082462310791,16.2082462310791,9.972797393798828,1407705
1996-09-06,16.30738067626953,16.902177810668945,16.158681869506836,16.852611541748047,10.369269371032715,1522954
1996-09-09,16.902177810668945,17.050878524780273,16.852611541748047,17.001310348510742,10.460763931274414,573724
1996-09-10,16.951744079589844,16.951744079589844,16.75347900390625,16.80304527282715,10.338775634765625,971170
1996-09-11,16.70391273498535,16.902177810668945,16.654346466064453,16.75347900390625,10.332655906677246,777743
1996-09-12,16.852611541748047,16.852611541748047,16.70391273498535,16.852611541748047,10.393795013427734,1071288
1996-09-13,16.951744079589844,17.19957733154297,16.902177810668945,17.15001106262207,10.577213287353516,1329275
1996-09-16,17.100444793701172,17.69524383544922,17.001310348510742,17.54654312133789,10.821772575378418,1792037
1996-09-17,17.744808197021484,17.94307518005371,17.496976852416992,17.645675659179688,10.882916450500488,1729999
1996-09-18,17.54654312133789,17.893508911132812,17.397844314575195,17.645675659179688,10.882916450500488,1339866
1996-09-19,17.69524383544922,17.744808197021484,17.496976852416992,17.54654312133789,10.821772575378418,620631
1996-09-20,17.54654312133789,18.141340255737305,17.496976852416992,18.09177589416504,11.158047676086426,2957895
1996-09-23,17.99264144897461,17.99264144897461,17.744808197021484,17.94307518005371,11.066337585449219,1024129
1996-09-24,17.94307518005371,18.042207717895508,17.794376373291016,17.94307518005371,11.066337585449219,1122986
1996-09-25,17.645675659179688,17.99264144897461,17.496976852416992,17.645675659179688,10.882916450500488,1455872
1996-09-26,17.645675659179688,17.645675659179688,17.249143600463867,17.298709869384766,10.668931007385254,1467977
1996-09-27,17.397844314575195,17.397844314575195,17.15001106262207,17.249143600463867,10.63835334777832,769421
1996-09-30,17.348276138305664,17.54654312133789,17.249143600463867,17.298709869384766,10.668931007385254,809014
1996-10-01,17.397844314575195,17.397844314575195,17.249143600463867,17.348276138305664,10.699496269226074,940908
1996-10-02,17.397844314575195,17.59610939025879,17.348276138305664,17.447410583496094,10.760637283325195,1672248
1996-10-03,17.54654312133789,17.54654312133789,16.902177810668945,17.298709869384766,10.668931007385254,1537328
1996-10-04,17.348276138305664,17.69524383544922,17.298709869384766,17.59610939025879,10.85234546661377,1611976
1996-10-07,17.744808197021484,17.744808197021484,17.348276138305664,17.447410583496094,10.760637283325195,1182502
1996-10-08,17.447410583496094,17.645675659179688,17.15001106262207,17.15001106262207,10.577213287353516,810527
1996-10-09,17.19957733154297,17.249143600463867,16.852611541748047,17.15001106262207,10.577213287353516,1240001
1996-10-10,17.100444793701172,17.298709869384766,17.001310348510742,17.19957733154297,10.60779094696045,677625
1996-10-11,16.902177810668945,17.15001106262207,16.555213928222656,17.100444793701172,10.546645164489746,2585920
1996-10-14,17.19957733154297,17.249143600463867,17.050878524780273,17.100444793701172,10.546645164489746,1172415
1996-10-15,17.100444793701172,17.249143600463867,16.951744079589844,17.050878524780273,10.516077995300293,552793
1996-10-16,17.001310348510742,17.050878524780273,16.80304527282715,16.951744079589844,10.454936027526855,687208
1996-10-17,17.001310348510742,17.001310348510742,16.604778289794922,16.70391273498535,10.30208969116211,1263202
1996-10-18,16.75347900390625,16.902177810668945,16.654346466064453,16.852611541748047,10.393795013427734,1037747
1996-10-21,16.80304527282715,17.001310348510742,16.35694694519043,16.406513214111328,10.118659973144531,1548677
1996-10-22,16.30738067626953,16.30738067626953,16.109113693237305,16.109113693237305,9.935247421264648,1455116
1996-10-23,15.910847663879395,16.35694694519043,15.861282348632812,16.158681869506836,9.965822219848633,1806916
1996-10-24,16.35694694519043,16.604778289794922,16.30738067626953,16.406513214111328,10.118659973144531,1496474
1996-10-25,16.406513214111328,16.505645751953125,16.257814407348633,16.257814407348633,10.026958465576172,1308343
1996-10-28,16.406513214111328,16.505645751953125,16.109113693237305,16.158681869506836,9.965822219848633,1652325
1996-10-29,16.257814407348633,16.35694694519043,16.059547424316406,16.257814407348633,10.026958465576172,2147872
1996-10-30,16.35694694519043,16.35694694519043,16.158681869506836,16.30738067626953,10.057527542114258,886687
1996-10-31,16.406513214111328,16.654346466064453,16.30738067626953,16.505645751953125,10.179805755615234,897027
1996-11-01,16.604778289794922,16.70391273498535,16.456079483032227,16.505645751953125,10.179805755615234,856173
1996-11-04,16.505645751953125,16.505645751953125,16.35694694519043,16.505645751953125,10.179805755615234,796909
1996-11-05,16.505645751953125,16.70391273498535,16.406513214111328,16.555213928222656,10.210376739501953,1077845
1996-11-06,16.654346466064453,16.852611541748047,16.604778289794922,16.654346466064453,10.271514892578125,1337345
1996-11-07,16.654346466064453,16.70391273498535,16.555213928222656,16.654346466064453,10.271514892578125,1150727
1996-11-08,16.80304527282715,16.852611541748047,16.654346466064453,16.75347900390625,10.332655906677246,1846257
1996-11-11,16.902177810668945,17.001310348510742,16.852611541748047,16.902177810668945,10.424362182617188,673590
1996-11-12,16.852611541748047,16.951744079589844,16.604778289794922,16.80304527282715,10.36323070526123,1211251
1996-11-13,16.70391273498535,16.70391273498535,16.456079483032227,16.456079483032227,10.1492338180542,801701
1996-11-14,16.35694694519043,16.75347900390625,16.30738067626953,16.70391273498535,10.30208969116211,1083645
1996-11-15,16.852611541748047,17.001310348510742,16.604778289794922,16.852611541748047,10.393795013427734,1606175
1996-11-18,16.902177810668945,16.902177810668945,16.70391273498535,16.75347900390625,10.332655906677246,943682
1996-11-19,16.75347900390625,16.902177810668945,16.604778289794922,16.70391273498535,10.30208969116211,808005
1996-11-20,16.75347900390625,16.951744079589844,16.654346466064453,16.852611541748047,10.393795013427734,1001684
1996-11-21,16.852611541748047,16.951744079589844,16.75347900390625,16.951744079589844,10.454936027526855,2012448
1996-11-22,16.951744079589844,17.001310348510742,16.70391273498535,16.70391273498535,10.30208969116211,1139378
1996-11-25,16.75347900390625,16.75347900390625,16.505645751953125,16.75347900390625,10.332655906677246,1775645
1996-11-26,16.951744079589844,17.19957733154297,16.902177810668945,17.050878524780273,10.516077995300293,1846761
1996-11-27,17.15001106262207,17.15001106262207,16.951744079589844,17.001310348510742,10.48550796508789,800440
1996-11-29,17.100444793701172,17.15001106262207,16.951744079589844,17.001310348510742,10.48550796508789,376514
1996-12-02,17.001310348510742,17.001310348510742,16.604778289794922,16.951744079589844,10.454936027526855,1462933
1996-12-03,16.951744079589844,17.001310348510742,16.70391273498535,16.70391273498535,10.30208969116211,1208225
1996-12-04,16.75347900390625,16.75347900390625,16.30738067626953,16.604778289794922,10.240944862365723,1055905
1996-12-05,16.604778289794922,16.654346466064453,16.456079483032227,16.555213928222656,10.210376739501953,600960
1996-12-06,16.257814407348633,16.505645751953125,16.158681869506836,16.35694694519043,10.088094711303711,847599
1996-12-09,16.456079483032227,16.70391273498535,16.35694694519043,16.654346466064453,10.271514892578125,751768
1996-12-10,16.80304527282715,16.80304527282715,16.456079483032227,16.456079483032227,10.1492338180542,1044304
1996-12-11,16.2082462310791,16.35694694519043,16.009981155395508,16.30738067626953,10.08547592163086,1276568
1996-12-12,16.406513214111328,16.456079483032227,15.910847663879395,16.009981155395508,9.901543617248535,1352728
1996-12-13,16.059547424316406,16.852611541748047,15.910847663879395,16.75347900390625,10.361369132995605,3571212
1996-12-16,16.75347900390625,16.75347900390625,16.555213928222656,16.604778289794922,10.269399642944336,1374164
1996-12-17,16.456079483032227,16.70391273498535,16.406513214111328,16.654346466064453,10.300055503845215,1803637
1996-12-18,16.70391273498535,16.951744079589844,16.654346466064453,16.80304527282715,10.3920259475708,922750
1996-12-19,16.852611541748047,16.902177810668945,16.70391273498535,16.902177810668945,10.453326225280762,981762
1996-12-20,17.645675659179688,17.645675659179688,16.951744079589844,17.001310348510742,10.514643669128418,2340794
1996-12-23,16.902177810668945,17.249143600463867,16.902177810668945,17.19957733154297,10.637262344360352,1721929
1996-12-24,17.249143600463867,17.298709869384766,17.19957733154297,17.298709869384766,10.698575019836426,626683
1996-12-26,17.298709869384766,17.397844314575195,17.249143600463867,17.397844314575195,10.759881019592285,887696
1996-12-27,17.447410583496094,17.54654312133789,17.298709869384766,17.397844314575195,10.759881019592285,523539
1996-12-30,17.397844314575195,17.54654312133789,17.397844314575195,17.496976852416992,10.821191787719727,439813
1996-12-31,17.447410583496094,17.447410583496094,17.001310348510742,17.001310348510742,10.514643669128418,1174684
1997-01-02,16.951744079589844,17.050878524780273,16.75347900390625,16.902177810668945,10.453326225280762,1049348
1997-01-03,16.902177810668945,17.298709869384766,16.852611541748047,17.249143600463867,10.667915344238281,927037
1997-01-06,17.298709869384766,17.397844314575195,16.951744079589844,17.100444793701172,10.57595443725586,792118
1997-01-07,16.902177810668945,17.298709869384766,16.654346466064453,17.249143600463867,10.667915344238281,1559773
1997-01-08,17.19957733154297,17.348276138305664,17.100444793701172,17.249143600463867,10.667915344238281,904845
1997-01-09,17.397844314575195,17.397844314575195,17.100444793701172,17.15001106262207,10.606606483459473,1057670
1997-01-10,16.902177810668945,17.249143600463867,16.852611541748047,17.19957733154297,10.637262344360352,1158292
1997-01-13,17.19957733154297,17.397844314575195,17.050878524780273,17.249143600463867,10.667915344238281,984284
1997-01-14,17.249143600463867,17.298709869384766,17.050878524780273,17.19957733154297,10.637262344360352,957300
1997-01-15,17.100444793701172,17.19957733154297,16.75347900390625,17.050878524780273,10.54529857635498,1264967
1997-01-16,17.348276138305664,17.54654312133789,17.298709869384766,17.447410583496094,10.790538787841797,1703519
1997-01-17,17.447410583496094,17.69524383544922,17.397844314575195,17.447410583496094,10.790538787841797,1941331
1997-01-20,17.397844314575195,17.397844314575195,17.050878524780273,17.15001106262207,10.606606483459473,1011015
1997-01-21,16.951744079589844,17.447410583496094,16.852611541748047,17.249143600463867,10.667915344238281,1270263
1997-01-22,17.19957733154297,17.397844314575195,17.050878524780273,17.050878524780273,10.54529857635498,965622
1997-01-23,17.249143600463867,17.397844314575195,16.80304527282715,16.80304527282715,10.3920259475708,2054311
1997-01-24,16.852611541748047,16.902177810668945,16.555213928222656,16.604778289794922,10.269399642944336,1605167
1997-01-27,16.604778289794922,17.050878524780273,16.456079483032227,16.654346466064453,10.300055503845215,1678048
1997-01-28,16.654346466064453,16.80304527282715,16.158681869506836,16.2082462310791,10.024165153503418,2502698
1997-01-29,16.109113693237305,16.158681869506836,15.663016319274902,15.811715126037598,9.778923988342285,5036163
1997-01-30,15.861282348632812,16.406513214111328,15.7621488571167,16.30738067626953,10.08547592163086,4310370
1997-01-31,16.555213928222656,16.70391273498535,16.406513214111328,16.406513214111328,10.146780967712402,2304984
1997-02-03,16.406513214111328,16.70391273498535,16.406513214111328,16.555213928222656,10.238748550415039,1500005
1997-02-04,16.654346466064453,16.852611541748047,16.604778289794922,16.70391273498535,10.330717086791992,1360041
1997-02-05,16.70391273498535,17.001310348510742,16.456079483032227,16.604778289794922,10.269399642944336,1825578
1997-02-06,16.654346466064453,16.80304527282715,16.456079483032227,16.555213928222656,10.238748550415039,1316161
1997-02-07,16.654346466064453,16.852611541748047,16.35694694519043,16.70391273498535,10.330717086791992,2199822
1997-02-10,16.80304527282715,16.80304527282715,16.059547424316406,16.059547424316406,9.932195663452148,2913762
1997-02-11,16.257814407348633,16.75347900390625,16.2082462310791,16.70391273498535,10.330717086791992,1926956
1997-02-12,16.555213928222656,16.70391273498535,16.505645751953125,16.70391273498535,10.330717086791992,2542796
1997-02-13,16.70391273498535,17.249143600463867,16.70391273498535,17.050878524780273,10.54529857635498,2941755
1997-02-14,17.100444793701172,17.249143600463867,16.951744079589844,17.050878524780273,10.54529857635498,1522197
1997-02-18,17.050878524780273,17.249143600463867,16.852611541748047,17.15001106262207,10.606606483459473,1451837
1997-02-19,17.15001106262207,17.19957733154297,17.001310348510742,17.100444793701172,10.57595443725586,1091967
1997-02-20,17.100444793701172,17.15001106262207,16.75347900390625,16.852611541748047,10.42267894744873,1423340
1997-02-21,16.852611541748047,16.951744079589844,16.654346466064453,16.75347900390625,10.361369132995605,1848779
1997-02-24,16.555213928222656,17.050878524780273,16.555213928222656,17.001310348510742,10.514643669128418,1432923
1997-02-25,17.050878524780273,17.15001106262207,16.902177810668945,16.951744079589844,10.483985900878906,2120888
1997-02-26,17.050878524780273,17.100444793701172,16.80304527282715,16.852611541748047,10.42267894744873,1367607
1997-02-27,16.75347900390625,17.249143600463867,16.70391273498535,16.902177810668945,10.453326225280762,1683344
1997-02-28,16.902177810668945,17.19957733154297,16.902177810668945,16.902177810668945,10.453326225280762,1094993
1997-03-03,16.852611541748047,17.249143600463867,16.75347900390625,17.15001106262207,10.606606483459473,1465203
1997-03-04,17.19957733154297,17.59610939025879,17.19957733154297,17.298709869384766,10.698575019836426,2008665
1997-03-05,17.348276138305664,17.54654312133789,17.15001106262207,17.348276138305664,10.729228019714355,1582218
1997-03-06,17.397844314575195,17.59610939025879,17.348276138305664,17.496976852416992,10.821191787719727,1768079
1997-03-07,17.54654312133789,17.843942642211914,17.54654312133789,17.69524383544922,10.943809509277344,1784976
1997-03-10,17.69524383544922,17.744808197021484,17.496976852416992,17.69524383544922,10.943809509277344,1291195
1997-03-11,17.744808197021484,17.893508911132812,17.69524383544922,17.744808197021484,10.974467277526855,1555738
1997-03-12,17.59610939025879,17.794376373291016,17.59610939025879,17.744808197021484,11.002738952636719,1597853
1997-03-13,17.59610939025879,17.69524383544922,17.397844314575195,17.447410583496094,10.818340301513672,1228652
1997-03-14,17.397844314575195,17.496976852416992,17.100444793701172,17.100444793701172,10.603200912475586,1551451
1997-03-17,16.951744079589844,17.050878524780273,16.70391273498535,16.902177810668945,10.480262756347656,2115088
1997-03-18,17.001310348510742,17.100444793701172,16.852611541748047,17.050878524780273,10.572466850280762,1252862
1997-03-19,16.951744079589844,17.19957733154297,16.654346466064453,16.80304527282715,10.418801307678223,1375677
1997-03-20,16.80304527282715,17.19957733154297,16.70391273498535,17.100444793701172,10.603200912475586,1271524
1997-03-21,17.15001106262207,17.447410583496094,17.050878524780273,17.050878524780273,10.572466850280762,2157203
1997-03-24,17.050878524780273,17.050878524780273,16.70391273498535,16.852611541748047,10.449529647827148,1702258
1997-03-25,16.852611541748047,17.001310348510742,16.75347900390625,16.852611541748047,10.449529647827148,1733530
1997-03-26,16.951744079589844,17.249143600463867,16.852611541748047,17.15001106262207,10.633935928344727,1842222
1997-03-27,17.050878524780273,17.298709869384766,16.852611541748047,16.902177810668945,10.480262756347656,1609202
1997-03-31,16.852611541748047,16.951744079589844,16.604778289794922,16.604778289794922,10.295859336853027,1640473
1997-04-01,16.406513214111328,16.852611541748047,16.35694694519043,16.505645751953125,10.234393119812012,1888624
1997-04-02,16.505645751953125,16.80304527282715,16.456079483032227,16.555213928222656,10.265130043029785,1238740
1997-04-03,16.456079483032227,16.70391273498535,16.35694694519043,16.70391273498535,10.357332229614258,1050609
1997-04-04,16.555213928222656,17.15001106262207,16.505645751953125,17.100444793701172,10.603200912475586,1438471
1997-04-07,17.15001106262207,17.249143600463867,17.050878524780273,17.249143600463867,10.695402145385742,686199
1997-04-08,17.298709869384766,17.298709869384766,16.951744079589844,17.249143600463867,10.695402145385742,621640
1997-04-09,17.249143600463867,17.249143600463867,16.80304527282715,16.852611541748047,10.449529647827148,1237983
1997-04-10,17.001310348510742,17.001310348510742,16.604778289794922,16.654346466064453,10.326594352722168,1334571
1997-04-11,16.555213928222656,16.70391273498535,16.35694694519043,16.456079483032227,10.203657150268555,1175189
1997-04-14,16.30738067626953,16.604778289794922,16.109113693237305,16.604778289794922,10.295859336853027,1275811
1997-04-15,16.70391273498535,17.249143600463867,16.70391273498535,17.050878524780273,10.572466850280762,1649804
1997-04-16,17.050878524780273,17.397844314575195,16.951744079589844,17.348276138305664,10.756868362426758,1049852
1997-04-17,17.348276138305664,17.496976852416992,16.951744079589844,17.001310348510742,10.541735649108887,1084402
1997-04-18,17.001310348510742,17.843942642211914,16.902177810668945,17.744808197021484,11.002738952636719,2128453
1997-04-21,17.744808197021484,17.744808197021484,17.15001106262207,17.249143600463867,10.695402145385742,904593
1997-04-22,17.19957733154297,17.59610939025879,17.100444793701172,17.496976852416992,10.84907341003418,923759
1997-04-23,17.348276138305664,17.645675659179688,17.348276138305664,17.54654312133789,10.879803657531738,1296743
1997-04-24,17.645675659179688,17.69524383544922,17.447410583496094,17.447410583496094,10.818340301513672,872817
1997-04-25,17.447410583496094,17.496976852416992,16.902177810668945,16.902177810668945,10.480262756347656,1268246
1997-04-28,16.951744079589844,17.19957733154297,16.902177810668945,17.100444793701172,10.603200912475586,1139883
1997-04-29,17.59610939025879,17.794376373291016,17.59610939025879,17.794376373291016,11.03347396850586,1669474
1997-04-30,17.645675659179688,18.141340255737305,17.59610939025879,17.94307518005371,11.125680923461914,2366770
1997-05-01,17.843942642211914,18.042207717895508,17.843942642211914,17.94307518005371,11.125680923461914,975709
1997-05-02,17.94307518005371,18.637006759643555,17.94307518005371,18.537872314453125,11.494485855102539,1986725
1997-05-05,18.537872314453125,19.330936431884766,18.438739776611328,19.281370162963867,11.955490112304688,1750678
1997-05-06,19.132671356201172,19.330936431884766,19.033538818359375,19.18223762512207,11.894025802612305,2459574
1997-05-07,19.132671356201172,19.132671356201172,18.73613929748535,18.78570556640625,11.648151397705078,1727729
1997-05-08,18.637006759643555,19.23180389404297,18.587440490722656,18.983972549438477,11.771090507507324,1077845
1997-05-09,18.983972549438477,18.983972549438477,18.537872314453125,18.686573028564453,11.586685180664062,1662413
1997-05-12,18.78570556640625,19.132671356201172,18.73613929748535,19.083105087280273,11.832555770874023,983779
1997-05-13,19.132671356201172,19.430070877075195,18.983972549438477,19.281370162963867,11.955490112304688,1748409
1997-05-14,19.18223762512207,19.479637145996094,19.18223762512207,19.430070877075195,12.04769229888916,1581965
1997-05-15,19.430070877075195,19.479637145996094,19.281370162963867,19.430070877075195,12.04769229888916,793379
1997-05-16,19.430070877075195,19.430070877075195,19.18223762512207,19.330936431884766,11.986220359802246,1270767
1997-05-19,19.330936431884766,19.430070877075195,19.281370162963867,19.380504608154297,12.016961097717285,619118
1997-05-20,19.132671356201172,19.330936431884766,18.884838104248047,19.23180389404297,11.924760818481445,1594323
1997-05-21,19.23180389404297,19.380504608154297,18.934404373168945,19.083105087280273,11.832555770874023,1185276
1997-05-22,19.033538818359375,19.132671356201172,18.78570556640625,18.884838104248047,11.709624290466309,852894
1997-05-23,18.934404373168945,19.281370162963867,18.934404373168945,19.23180389404297,11.924760818481445,766647
1997-05-27,19.132671356201172,19.62833595275879,19.033538818359375,19.430070877075195,12.04769229888916,1037243
1997-05-28,19.380504608154297,19.529203414916992,19.281370162963867,19.479637145996094,12.078432083129883,1168380
1997-05-29,19.529203414916992,19.529203414916992,19.132671356201172,19.330936431884766,11.986220359802246,919724
1997-05-30,19.23180389404297,19.479637145996094,18.983972549438477,19.479637145996094,12.078432083129883,1419557
1997-06-02,19.479637145996094,19.479637145996094,19.380504608154297,19.430070877075195,12.04769229888916,571707
1997-06-03,19.23180389404297,19.430070877075195,19.132671356201172,19.18223762512207,11.894025802612305,779508
1997-06-04,18.983972549438477,19.132671356201172,18.884838104248047,18.934404373168945,11.740360260009766,775221
1997-06-05,19.033538818359375,19.281370162963867,18.983972549438477,19.132671356201172,11.863289833068848,1248071
1997-06-06,19.083105087280273,19.479637145996094,19.083105087280273,19.430070877075195,12.04769229888916,851634
1997-06-09,19.281370162963867,19.430070877075195,19.23180389404297,19.380504608154297,12.016961097717285,1238488
1997-06-10,19.479637145996094,19.57876968383789,19.132671356201172,19.18223762512207,11.894025802612305,1216295
1997-06-11,19.132671356201172,19.281370162963867,19.083105087280273,19.132671356201172,11.891556739807129,839781
1997-06-12,19.23180389404297,19.330936431884766,18.884838104248047,18.983972549438477,11.799139976501465,1249079
1997-06-13,19.083105087280273,19.479637145996094,19.033538818359375,19.430070877075195,12.076399803161621,1429393
1997-06-16,19.479637145996094,19.777036666870117,19.380504608154297,19.677902221679688,12.230433464050293,1078601
1997-06-17,19.57876968383789,19.876169204711914,19.479637145996094,19.57876968383789,12.168827056884766,1993534
1997-06-18,19.479637145996094,19.529203414916992,19.083105087280273,19.132671356201172,11.891556739807129,1285394
1997-06-19,19.18223762512207,19.380504608154297,19.083105087280273,19.132671356201172,11.891556739807129,1457385
1997-06-20,19.132671356201172,19.281370162963867,19.033538818359375,19.083105087280273,11.860753059387207,1910312
1997-06-23,19.083105087280273,19.430070877075195,18.73613929748535,18.78570556640625,11.675907135009766,1758244
1997-06-24,18.934404373168945,19.330936431884766,18.686573028564453,19.330936431884766,12.014782905578613,1488909
1997-06-25,19.23180389404297,19.603553771972656,18.78570556640625,19.033538818359375,11.829946517944336,1605167
1997-06-26,19.132671356201172,19.132671356201172,18.637006759643555,18.73613929748535,11.64510440826416,1472769
1997-06-27,18.760921478271484,18.78570556640625,18.33960723876953,18.38917350769043,11.429455757141113,1531780
1997-06-30,18.240474700927734,18.637006759643555,17.94307518005371,18.637006759643555,11.583487510681152,1978150
1997-07-01,18.686573028564453,18.983972549438477,18.48830795288086,18.760921478271484,11.660503387451172,1225878
1997-07-02,18.78570556640625,18.884838104248047,18.587440490722656,18.884838104248047,11.737524032592773,1627107
1997-07-03,19.033538818359375,19.132671356201172,18.95918846130371,19.033538818359375,11.829946517944336,1145935
1997-07-07,19.23180389404297,19.603553771972656,19.132671356201172,19.504419326782227,12.122613906860352,1923426
1997-07-08,19.40528678894043,19.479637145996094,19.132671356201172,19.479637145996094,12.107211112976074,1723190
1997-07-09,19.430070877075195,19.454853057861328,18.760921478271484,18.760921478271484,11.660503387451172,2001856
1997-07-10,18.78570556640625,19.132671356201172,18.637006759643555,19.033538818359375,11.829946517944336,3431753
1997-07-11,19.083105087280273,19.281370162963867,19.033538818359375,19.2565860748291,11.96857738494873,1206460
1997-07-14,19.430070877075195,19.479637145996094,19.157453536987305,19.380504608154297,12.0455961227417,1329527
1997-07-15,19.529203414916992,19.529203414916992,19.35572052001953,19.380504608154297,12.0455961227417,1208225
1997-07-16,19.380504608154297,19.900951385498047,19.330936431884766,19.900951385498047,12.369065284729004,2212179
1997-07-17,19.85138511657715,19.925735473632812,19.62833595275879,19.727468490600586,12.261247634887695,2496393
1997-07-18,19.925735473632812,20.000085830688477,19.430070877075195,19.479637145996094,12.107211112976074,2340038
1997-07-21,19.380504608154297,19.430070877075195,19.107887268066406,19.132671356201172,11.891556739807129,1021103
1997-07-22,19.083105087280273,19.454853057861328,19.033538818359375,19.380504608154297,12.0455961227417,1709320
1997-07-23,19.40528678894043,19.479637145996094,19.132671356201172,19.479637145996094,12.107211112976074,2014970
1997-07-24,19.430070877075195,19.62833595275879,19.18223762512207,19.603553771972656,12.184223175048828,1152492
1997-07-25,19.603553771972656,19.876169204711914,19.18223762512207,19.23180389404297,11.95317268371582,1647030
1997-07-28,19.281370162963867,19.40528678894043,19.107887268066406,19.23180389404297,11.95317268371582,1354745
1997-07-29,19.207021713256836,19.207021713256836,18.860055923461914,19.058320999145508,11.845346450805664,1852561
1997-07-30,18.83527183532715,19.430070877075195,18.83527183532715,19.330936431884766,12.014782905578613,1370129
1997-07-31,19.529203414916992,19.62833595275879,19.23180389404297,19.62833595275879,12.199630737304688,1611219
1997-08-01,19.62833595275879,19.677902221679688,19.2565860748291,19.35572052001953,12.030195236206055,1093733
1997-08-04,19.281370162963867,19.57876968383789,19.107887268066406,19.35572052001953,12.030195236206055,1390052
1997-08-05,19.380504608154297,19.702686309814453,19.330936431884766,19.62833595275879,12.199630737304688,1209990
1997-08-06,19.677902221679688,19.677902221679688,19.40528678894043,19.454853057861328,12.091803550720215,1189563
1997-08-07,19.553987503051758,19.57876968383789,19.033538818359375,19.132671356201172,11.891556739807129,1438219
1997-08-08,19.033538818359375,19.058320999145508,18.33960723876953,18.686573028564453,11.61429500579834,1696206
1997-08-11,18.686573028564453,19.132671356201172,18.38917350769043,18.711355209350586,11.629704475402832,2226050
1997-08-12,18.884838104248047,18.884838104248047,18.290040969848633,18.463523864746094,11.475663185119629,1783210
1997-08-13,18.463523864746094,18.686573028564453,18.240474700927734,18.33960723876953,11.398645401000977,2474958
1997-08-14,18.38917350769043,18.860055923461914,18.265256881713867,18.513090133666992,11.506470680236816,2736223
1997-08-15,18.513090133666992,18.537872314453125,18.066991806030273,18.09177589416504,11.244609832763672,1731260
1997-08-18,17.99264144897461,18.116558074951172,17.645675659179688,18.116558074951172,11.260016441345215,1988742
1997-08-19,18.116558074951172,18.265256881713867,17.794376373291016,17.893508911132812,11.121382713317871,3427466
1997-08-20,17.843942642211914,18.413957595825195,17.794376373291016,18.240474700927734,11.337030410766602,3960336
1997-08-21,18.314823150634766,18.413957595825195,18.09177589416504,18.21569061279297,11.321627616882324,1390556
1997-08-22,18.116558074951172,18.265256881713867,17.76959228515625,18.265256881713867,11.352434158325195,1625089
1997-08-25,18.042207717895508,18.33960723876953,18.017425537109375,18.116558074951172,11.260016441345215,1121725
1997-08-26,18.042207717895508,18.141340255737305,17.893508911132812,18.042207717895508,11.213801383972168,1042287
1997-08-27,17.893508911132812,18.290040969848633,17.59610939025879,18.290040969848633,11.367844581604004,2505977
1997-08-28,18.190908432006836,18.413957595825195,18.017425537109375,18.141340255737305,11.27541446685791,1645264
1997-08-29,17.94307518005371,18.190908432006836,17.670459747314453,18.066991806030273,11.229203224182129,2246477
1997-09-02,18.042207717895508,18.61222267150879,18.042207717895508,18.56265640258789,11.537275314331055,1738825
1997-09-03,18.587440490722656,18.61222267150879,18.190908432006836,18.21569061279297,11.321627616882324,1919391
1997-09-04,18.290040969848633,18.48830795288086,18.240474700927734,18.48830795288086,11.491063117980957,1046574
1997-09-05,18.637006759643555,18.711355209350586,18.265256881713867,18.48830795288086,11.491063117980957,1138370
1997-09-08,18.537872314453125,18.711355209350586,18.33960723876953,18.61222267150879,11.56807804107666,1481091
1997-09-09,18.56265640258789,19.00875473022461,18.364389419555664,18.909622192382812,11.752930641174316,1869458
1997-09-10,18.686573028564453,18.686573028564453,17.99264144897461,18.017425537109375,11.225467681884766,2244459
1997-09-11,17.967857360839844,18.09177589416504,17.69524383544922,17.94307518005371,11.17914867401123,2495637
1997-09-12,18.042207717895508,18.48830795288086,17.76959228515625,18.438739776611328,11.487963676452637,1329779
1997-09-15,18.463523864746094,18.983972549438477,18.463523864746094,18.463523864746094,11.503403663635254,1926956
1997-09-16,18.48830795288086,18.934404373168945,18.48830795288086,18.884838104248047,11.76589584350586,1430401
1997-09-17,18.884838104248047,18.934404373168945,18.61222267150879,18.78570556640625,11.704130172729492,943177
1997-09-18,18.78570556640625,18.884838104248047,18.587440490722656,18.711355209350586,11.657815933227539,1565573
1997-09-19,18.686573028564453,19.62833595275879,18.661788940429688,19.504419326782227,12.151917457580566,3519514
1997-09-22,19.62833595275879,19.677902221679688,19.330936431884766,19.40528678894043,12.0901517868042,1774384
1997-09-23,19.40528678894043,19.430070877075195,19.132671356201172,19.23180389404297,11.982068061828613,1436958
1997-09-24,19.306154251098633,19.85138511657715,18.95918846130371,18.983972549438477,11.82766056060791,2354665
1997-09-25,19.083105087280273,19.529203414916992,18.983972549438477,19.107887268066406,11.904857635498047,1776906
1997-09-26,19.107887268066406,19.62833595275879,19.107887268066406,19.603553771972656,12.213680267333984,1600627
1997-09-29,19.430070877075195,19.702686309814453,19.306154251098633,19.653120040893555,12.244562149047852,1503788
1997-09-30,19.702686309814453,19.950519561767578,19.479637145996094,19.826602935791016,12.352648735046387,1273794
1997-10-01,19.75225257873535,19.876169204711914,19.281370162963867,19.380504608154297,12.074712753295898,2254547
1997-10-02,19.380504608154297,20.049652099609375,19.35572052001953,20.049652099609375,12.491615295410156,1204695
1997-10-03,20.124000549316406,20.3470516204834,19.80181884765625,19.950519561767578,12.429849624633789,2147115
1997-10-06,20.02486801147461,20.099218368530273,19.876169204711914,20.049652099609375,12.491615295410156,1308595
1997-10-07,20.074434280395508,20.42140007019043,20.074434280395508,20.322267532348633,12.66146469116211,1727729
1997-10-08,20.3470516204834,20.3470516204834,19.97530174255371,20.19835090637207,12.584261894226074,1388791
1997-10-09,20.02486801147461,20.099218368530273,19.727468490600586,19.97530174255371,12.445290565490723,1718146
1997-10-10,19.826602935791016,20.124000549316406,19.75225257873535,20.02486801147461,12.476177215576172,1098020
1997-10-13,20.02486801147461,20.223133087158203,19.85138511657715,20.173568725585938,12.56882095336914,654172
1997-10-14,19.97530174255371,19.97530174255371,19.132671356201172,19.430070877075195,12.105592727661133,6055500
1997-10-15,19.380504608154297,20.619665145874023,19.380504608154297,20.297483444213867,12.646018981933594,2626522
1997-10-16,20.470966339111328,20.545316696166992,20.297483444213867,20.42140007019043,12.723226547241211,2722100
1997-10-17,20.42140007019043,20.446184158325195,19.925735473632812,19.97530174255371,12.445290565490723,1832134
1997-10-20,19.925735473632812,20.545316696166992,19.900951385498047,20.3470516204834,12.67690372467041,1775140
1997-10-21,20.396617889404297,20.669233322143555,20.297483444213867,20.669233322143555,12.877636909484863,1233948
1997-10-22,20.470966339111328,21.065765380859375,20.322267532348633,20.99141502380371,13.078361511230469,1419053
1997-10-23,20.718799591064453,20.718799591064453,20.3470516204834,20.42140007019043,12.723226547241211,1873241
1997-10-24,20.520532608032227,20.570100784301758,20.000085830688477,20.173568725585938,12.56882095336914,1392069
1997-10-27,19.925735473632812,20.223133087158203,19.380504608154297,19.454853057861328,12.121034622192383,2196039
1997-10-28,18.83527183532715,20.24791717529297,18.78570556640625,20.24791717529297,12.615143775939941,2468905
1997-10-29,20.19835090637207,20.619665145874023,20.124000549316406,20.272701263427734,12.630585670471191,2152663
1997-10-30,19.826602935791016,20.297483444213867,19.826602935791016,20.02486801147461,12.476177215576172,2065911
1997-10-31,20.37183380126953,20.42140007019043,20.223133087158203,20.272701263427734,12.630585670471191,1255888
1997-11-03,20.37183380126953,20.619665145874023,20.24791717529297,20.570100784301758,12.815876007080078,1314648
1997-11-04,20.545316696166992,21.313596725463867,20.470966339111328,21.21446418762207,13.217331886291504,1156779
1997-11-05,21.21446418762207,21.21446418762207,20.793149948120117,20.966632843017578,13.062925338745117,1249836
1997-11-06,21.016197204589844,21.710128784179688,21.016197204589844,21.61099624633789,13.464385032653809,1901233
1997-11-07,21.21446418762207,21.3631649017334,21.016197204589844,21.21446418762207,13.217331886291504,2175108
1997-11-10,21.065765380859375,21.43751335144043,21.065765380859375,21.412729263305664,13.340859413146973,1887111
1997-11-11,21.3631649017334,22.00752830505371,21.313596725463867,21.957962036132812,13.680553436279297,1305065
1997-11-12,21.858829498291016,22.577543258666992,21.78447914123535,21.809263229370117,13.587916374206543,2485045
1997-11-13,21.88361167907715,22.577543258666992,21.858829498291016,22.552759170532227,14.051133155822754,2768755
1997-11-14,22.577543258666992,22.751026153564453,22.50319480895996,22.50319480895996,14.02025318145752,2850211
1997-11-17,22.62710952758789,22.949291229248047,22.62710952758789,22.775808334350586,14.19010066986084,2117862
1997-11-18,22.701459884643555,22.701459884643555,21.93317985534668,21.982744216918945,13.695988655090332,2243198
1997-11-19,21.957962036132812,22.825376510620117,21.93317985534668,22.602327346801758,14.082019805908203,2953607
1997-11-20,22.602327346801758,22.701459884643555,22.40406036376953,22.602327346801758,14.082019805908203,2461844
1997-11-21,22.651893615722656,23.097991943359375,22.478410720825195,23.07320785522461,14.375387191772461,2279261
1997-11-24,22.998859405517578,23.048425674438477,22.577543258666992,22.701459884643555,14.143783569335938,1426619
1997-11-25,22.80059242248535,22.89972686767578,22.40406036376953,22.577543258666992,14.06657600402832,1302795
1997-11-26,22.478410720825195,22.577543258666992,22.205795288085938,22.304927825927734,13.896730422973633,1253114
1997-11-28,22.379276275634766,22.40406036376953,22.205795288085938,22.304927825927734,13.896730422973633,539427
1997-12-01,22.156227111816406,22.50319480895996,22.081878662109375,22.379276275634766,13.943045616149902,1794559
1997-12-02,22.379276275634766,22.40406036376953,22.255361557006836,22.354494094848633,13.927605628967285,1446037
1997-12-03,22.354494094848633,22.354494094848633,22.00752830505371,22.23057746887207,13.850404739379883,998658
1997-12-04,22.181011199951172,22.205795288085938,21.66056251525879,21.710128784179688,13.526150703430176,1147953
1997-12-05,21.61099624633789,22.602327346801758,21.61099624633789,22.527976989746094,14.03569507598877,1548172
1997-12-08,22.50319480895996,22.701459884643555,22.255361557006836,22.527976989746094,14.03569507598877,1564817
1997-12-09,22.527976989746094,22.602327346801758,22.304927825927734,22.50319480895996,14.02025318145752,1250088
1997-12-10,22.3297119140625,22.3297119140625,21.586212158203125,22.23057746887207,13.882695198059082,1511858
1997-12-11,22.205795288085938,22.205795288085938,21.511863708496094,22.131444931030273,13.820791244506836,1577678
1997-12-12,22.131444931030273,22.205795288085938,21.66056251525879,22.131444931030273,13.820791244506836,1555486
1997-12-15,22.181011199951172,22.205795288085938,21.635780334472656,22.00752830505371,13.743395805358887,1661152
1997-12-16,21.858829498291016,22.181011199951172,21.43751335144043,21.809263229370117,13.619593620300293,1875006
1997-12-17,21.809263229370117,22.05709457397461,21.78447914123535,21.908395767211914,13.681504249572754,1435697
1997-12-18,21.908395767211914,21.908395767211914,21.53664779663086,21.78447914123535,13.604121208190918,1655100
1997-12-19,21.710128784179688,21.982744216918945,21.462297439575195,21.88361167907715,13.666025161743164,2037919
1997-12-22,21.908395767211914,22.527976989746094,21.908395767211914,22.379276275634766,13.975552558898926,1218817
1997-12-23,22.23057746887207,23.122774124145508,22.205795288085938,22.974075317382812,14.347009658813477,1832387
1997-12-24,23.07320785522461,23.345823287963867,23.07320785522461,23.07320785522461,14.408902168273926,1189816
1997-12-26,23.097991943359375,23.147558212280273,22.949291229248047,23.048425674438477,14.393428802490234,367183
1997-12-29,23.24669075012207,23.79192352294922,23.24669075012207,23.64322280883789,14.764880180358887,1070531
1997-12-30,23.841489791870117,24.857603073120117,23.81670570373535,24.83281898498535,15.507759094238281,1555486
1997-12-31,24.783252716064453,24.783252716064453,24.064538955688477,24.337154388427734,15.19823169708252,1262445
1998-01-02,24.31237030029297,24.337154388427734,23.494524002075195,23.79192352294922,14.857735633850098,1374920
1998-01-05,23.940622329711914,24.138887405395508,23.668006896972656,24.114105224609375,15.058928489685059,2134254
1998-01-06,23.96540641784668,24.18845558166504,23.742355346679688,24.163671493530273,15.089889526367188,1181998
1998-01-07,24.08932113647461,24.08932113647461,23.64322280883789,23.841489791870117,14.888688087463379,1560277
1998-01-08,23.79192352294922,23.86627197265625,23.519306182861328,23.742355346679688,14.826777458190918,1001937
1998-01-09,23.717573165893555,23.717573165893555,23.221908569335938,23.271474838256836,14.532722473144531,1828099
1998-01-12,22.825376510620117,23.767139434814453,22.825376510620117,23.767139434814453,14.84226131439209,1749669
1998-01-13,23.79192352294922,23.86627197265625,23.519306182861328,23.841489791870117,14.888688087463379,2032118
1998-01-14,23.81670570373535,23.81670570373535,23.2962589263916,23.79192352294922,14.857735633850098,990588
1998-01-15,23.81670570373535,23.91583824157715,23.345823287963867,23.46973991394043,14.656536102294922,1327005
1998-01-16,23.42017364501953,23.767139434814453,23.345823287963867,23.593656539916992,14.733922958374023,1966045
1998-01-20,23.891056060791016,24.287588119506836,23.86627197265625,24.287588119506836,15.167272567749023,2081799
1998-01-21,24.287588119506836,24.287588119506836,23.990188598632812,24.213237762451172,15.120841026306152,1213269
1998-01-22,24.18845558166504,24.65933609008789,24.163671493530273,24.18845558166504,15.105358123779297,1626350
1998-01-23,24.18845558166504,24.386720657348633,23.91583824157715,24.014972686767578,14.997028350830078,1139883
1998-01-26,24.08932113647461,24.138887405395508,23.81670570373535,24.014972686767578,14.997028350830078,853651
1998-01-27,24.114105224609375,24.287588119506836,23.79192352294922,24.03975486755371,15.012506484985352,1127021
1998-01-28,24.03975486755371,24.064538955688477,23.69278907775879,23.91583824157715,14.935114860534668,1383747
1998-01-29,23.91583824157715,24.213237762451172,23.742355346679688,23.767139434814453,14.84226131439209,1527493
1998-01-30,23.81670570373535,23.96540641784668,23.69278907775879,23.717573165893555,14.811307907104492,1742104
1998-02-02,23.742355346679688,24.386720657348633,23.742355346679688,24.386720657348633,15.22917366027832,1737312
1998-02-03,24.43628692626953,24.733686447143555,24.287588119506836,24.65933609008789,15.39942455291748,1125760
1998-02-04,24.684120178222656,24.783252716064453,24.43628692626953,24.510637283325195,15.306560516357422,973944
1998-02-05,24.510637283325195,24.535419464111328,24.08932113647461,24.31237030029297,15.182748794555664,2363239
1998-02-06,24.31237030029297,24.337154388427734,23.96540641784668,24.18845558166504,15.105358123779297,1045061
1998-02-09,24.18845558166504,24.18845558166504,23.91583824157715,24.08932113647461,15.04345703125,1025390
1998-02-10,24.114105224609375,24.18845558166504,23.86627197265625,23.96540641784668,14.96606731414795,1165353
1998-02-11,24.08932113647461,24.163671493530273,23.81670570373535,24.08932113647461,15.04345703125,1673761
1998-02-12,23.990188598632812,24.08932113647461,23.742355346679688,24.064538955688477,15.027985572814941,970161
1998-02-13,23.96540641784668,24.064538955688477,23.593656539916992,23.940622329711914,14.950591087341309,1104072
1998-02-17,24.03975486755371,24.18845558166504,23.69278907775879,24.014972686767578,14.997028350830078,1322466
1998-02-18,24.014972686767578,24.386720657348633,23.990188598632812,24.287588119506836,15.167272567749023,1060696
1998-02-19,24.18845558166504,24.4115047454834,23.841489791870117,23.841489791870117,14.888688087463379,1285394
1998-02-20,24.03975486755371,24.18845558166504,23.742355346679688,24.064538955688477,15.027985572814941,1793550
1998-02-23,24.08932113647461,24.4115047454834,24.064538955688477,24.18845558166504,15.105358123779297,864495
1998-02-24,24.163671493530273,24.163671493530273,23.668006896972656,23.767139434814453,14.84226131439209,1327509
1998-02-25,23.86627197265625,24.386720657348633,23.81670570373535,24.138887405395508,15.074405670166016,1360041
1998-02-26,24.163671493530273,24.510637283325195,23.91583824157715,24.510637283325195,15.306560516357422,1172163
1998-02-27,24.510637283325195,24.510637283325195,24.18845558166504,24.213237762451172,15.120841026306152,1131813
1998-03-02,24.03975486755371,24.535419464111328,24.014972686767578,24.535419464111328,15.322040557861328,1439480
1998-03-03,24.510637283325195,24.684120178222656,24.43628692626953,24.634553909301758,15.38394832611084,1164093
1998-03-04,24.535419464111328,24.80803680419922,24.18845558166504,24.733686447143555,15.4458589553833,1558260
1998-03-05,24.510637283325195,24.733686447143555,24.238021850585938,24.287588119506836,15.167272567749023,1250592
1998-03-06,24.48585319519043,25.229351043701172,24.48585319519043,25.006301879882812,15.616089820861816,1223609
1998-03-09,25.006301879882812,25.303701400756836,24.88238525390625,25.006301879882812,15.616089820861816,1323474
1998-03-10,24.956735610961914,25.477184295654297,24.80803680419922,25.3780517578125,15.848251342773438,1349450
1998-03-11,25.303701400756836,25.60110092163086,25.229351043701172,25.477184295654297,15.943044662475586,1015807
1998-03-12,25.3780517578125,25.72501564025879,25.05586814880371,25.10543441772461,15.710400581359863,1654343
1998-03-13,25.3780517578125,26.56764793395996,25.353267669677734,26.518081665039062,16.594411849975586,2543048
1998-03-16,26.56764793395996,26.69156265258789,26.22068214416504,26.666780471801758,16.687461853027344,1316161
1998-03-17,26.46851348876953,26.542863845825195,26.047199249267578,26.17111587524414,16.377286911010742,1417288
1998-03-18,26.17111587524414,26.815479278564453,26.17111587524414,26.69156265258789,16.70297622680664,1469490
1998-03-19,26.988962173461914,27.558977127075195,26.86504554748535,27.558977127075195,17.245784759521484,1889381
1998-03-20,27.80681037902832,27.85637664794922,27.385494232177734,27.48462677001953,17.19924545288086,1876267
1998-03-23,27.4102783203125,28.02985954284668,27.385494232177734,27.88115882873535,17.4473934173584,857686
1998-03-24,27.88115882873535,27.88115882873535,27.4598445892334,27.782026290893555,17.385345458984375,1482100
1998-03-25,27.75724220275879,27.85637664794922,27.187227249145508,27.48462677001953,17.19924545288086,1640221
1998-03-26,27.385494232177734,27.707677841186523,27.261577606201172,27.682893753051758,17.32332992553711,1250592
1998-03-27,27.583759307861328,27.608543395996094,26.815479278564453,26.96417808532715,16.87356948852539,1850292
1998-03-30,27.01374626159668,27.112878799438477,26.4437313079834,26.56764793395996,16.625423431396484,1200660
1998-03-31,26.418947219848633,27.137662887573242,26.418947219848633,26.988962173461914,16.88906478881836,1343397
1998-04-01,26.889829635620117,26.96417808532715,26.369380950927734,26.69156265258789,16.70297622680664,1291951
1998-04-02,26.69156265258789,26.765913009643555,26.369380950927734,26.741130828857422,16.73398780822754,1482604
1998-04-03,26.666780471801758,26.914613723754883,26.56764793395996,26.666780471801758,16.687461853027344,1444776
1998-04-06,26.592430114746094,26.61721420288086,25.72501564025879,25.94806671142578,16.237707138061523,1757235
1998-04-07,25.84893226623535,25.972848892211914,25.303701400756836,25.576316833496094,16.00507164001465,2540526
1998-04-08,25.3780517578125,25.997631072998047,25.3780517578125,25.700233459472656,16.08262062072754,1469238
1998-04-09,25.873716354370117,26.121549606323242,25.84893226623535,26.121549606323242,16.34626579284668,1456881
1998-04-13,26.07198143005371,26.3445987701416,25.89849853515625,26.270248413085938,16.43931770324707,1728234
1998-04-14,26.245464324951172,26.418947219848633,25.824148178100586,25.94806671142578,16.237707138061523,1052374
1998-04-15,25.923282623291016,26.418947219848633,25.84893226623535,26.369380950927734,16.50135612487793,1644003
1998-04-16,26.270248413085938,26.319814682006836,26.146331787109375,26.245464324951172,16.423810958862305,1629881
1998-04-17,26.245464324951172,26.815479278564453,26.146331787109375,26.741130828857422,16.73398780822754,1694945
1998-04-20,26.765913009643555,27.187227249145508,26.741130828857422,27.063312530517578,16.93561553955078,1354998
1998-04-21,26.96417808532715,27.063312530517578,26.542863845825195,26.988962173461914,16.88906478881836,1040017
1998-04-22,26.86504554748535,26.914613723754883,26.542863845825195,26.889829635620117,16.82703971862793,772447
1998-04-23,26.716346740722656,26.790695190429688,25.972848892211914,26.195898056030273,16.392791748046875,1314648
1998-04-24,26.195898056030273,26.542863845825195,25.997631072998047,26.245464324951172,16.423810958862305,1340119
1998-04-27,26.270248413085938,26.29503059387207,25.72501564025879,25.84893226623535,16.175678253173828,1139883
1998-04-28,25.873716354370117,26.121549606323242,25.15500259399414,25.3780517578125,15.881004333496094,1595836
1998-04-29,25.3780517578125,25.84893226623535,25.3780517578125,25.84893226623535,16.175678253173828,1485126
1998-04-30,25.94806671142578,26.542863845825195,25.923282623291016,26.542863845825195,16.60991668701172,1197886
1998-05-01,26.56764793395996,26.592430114746094,25.94806671142578,26.270248413085938,16.43931770324707,965370
1998-05-04,26.319814682006836,26.493297576904297,25.94806671142578,26.195898056030273,16.392791748046875,641058
1998-05-05,26.121549606323242,26.121549606323242,25.799365997314453,25.997631072998047,16.268714904785156,928046
1998-05-06,25.972848892211914,25.972848892211914,25.526750564575195,25.576316833496094,16.00507164001465,843311
1998-05-07,25.72501564025879,25.749799728393555,25.27891731262207,25.303701400756836,15.834477424621582,1302543
1998-05-08,25.32848358154297,26.121549606323242,25.32848358154297,25.72501564025879,16.09813117980957,1269506
1998-05-11,25.824148178100586,25.94806671142578,25.427616119384766,25.427616119384766,15.912022590637207,958561
1998-05-12,25.526750564575195,25.72501564025879,25.229351043701172,25.67544937133789,16.067108154296875,1418549
1998-05-13,25.576316833496094,26.765913009643555,25.50196647644043,26.518081665039062,16.594411849975586,1742104
1998-05-14,26.493297576904297,26.493297576904297,26.121549606323242,26.29503059387207,16.45482063293457,2006143
1998-05-15,26.46851348876953,26.46851348876953,25.749799728393555,25.77458381652832,16.1291446685791,1158292
1998-05-18,25.873716354370117,25.89849853515625,24.907169342041016,25.27891731262207,15.818970680236816,1536320
1998-05-19,25.32848358154297,25.427616119384766,25.130218505859375,25.353267669677734,15.865496635437012,1074819
1998-05-20,25.45240020751953,25.60110092163086,24.88238525390625,25.55153465270996,15.989567756652832,983527
1998-05-21,25.650667190551758,26.022415161132812,25.3780517578125,25.923282623291016,16.22220230102539,971926
1998-05-22,25.873716354370117,25.873716354370117,25.55153465270996,25.576316833496094,16.00507164001465,536401
1998-05-26,25.576316833496094,25.650667190551758,25.05586814880371,25.080652236938477,15.69489860534668,884418
1998-05-27,24.98151969909668,25.179784774780273,24.43628692626953,24.83281898498535,15.539812088012695,1165101
1998-05-28,24.83281898498535,25.10543441772461,24.65933609008789,24.88238525390625,15.570828437805176,1054644
1998-05-29,25.130218505859375,25.45240020751953,25.006301879882812,25.229351043701172,15.787952423095703,1180232
1998-06-01,25.229351043701172,25.625883102416992,25.031084060668945,25.45240020751953,15.927538871765137,1158040
1998-06-02,25.45240020751953,25.72501564025879,25.32848358154297,25.55153465270996,15.989567756652832,1309352
1998-06-03,25.700233459472656,26.096765518188477,25.625883102416992,25.650667190551758,16.051599502563477,1123238
1998-06-04,25.45240020751953,25.650667190551758,25.192176818847656,25.650667190551758,16.051599502563477,832972
1998-06-05,25.749799728393555,25.923282623291016,25.650667190551758,25.799365997314453,16.144651412963867,794639
1998-06-08,26.121549606323242,26.84026336669922,26.07198143005371,26.716346740722656,16.718481063842773,1961506
1998-06-09,26.69156265258789,27.162445068359375,26.418947219848633,26.86504554748535,16.81153106689453,1285394
1998-06-10,26.741130828857422,26.988962173461914,26.270248413085938,26.319814682006836,16.50248908996582,1373407
1998-06-11,26.319814682006836,26.3445987701416,25.824148178100586,25.94806671142578,16.2694091796875,770430
1998-06-12,25.72501564025879,26.146331787109375,25.650667190551758,26.047199249267578,16.33155632019043,946960
1998-06-15,25.77458381652832,26.542863845825195,25.77458381652832,25.873716354370117,16.2227840423584,1392573
1998-06-16,25.824148178100586,26.96417808532715,25.799365997314453,26.815479278564453,16.813270568847656,1549181
1998-06-17,26.96417808532715,27.707677841186523,26.86504554748535,27.707677841186523,17.372682571411133,2190996
1998-06-18,27.682893753051758,27.707677841186523,27.36071014404297,27.48462677001953,17.232824325561523,1133830
1998-06-19,27.534194946289062,27.707677841186523,27.038528442382812,27.311145782470703,17.124055862426758,1503283
1998-06-22,27.286361694335938,27.48462677001953,27.01374626159668,27.08809471130371,16.98419761657715,927794
1998-06-23,27.23679542541504,27.955509185791016,27.187227249145508,27.955509185791016,17.528066635131836,966126
1998-06-24,27.93072509765625,28.525524139404297,27.608543395996094,28.451173782348633,17.838844299316406,1444019
1998-06-25,28.352041244506836,28.624656677246094,27.88115882873535,28.079425811767578,17.60576820373535,1430401
1998-06-26,28.079425811767578,28.15377426147461,27.85637664794922,27.905942916870117,17.496990203857422,814562
1998-06-29,28.054641723632812,28.352041244506836,27.98029136657715,28.32725715637207,17.761150360107422,1505553
1998-06-30,28.401607513427734,28.89727210998535,27.93072509765625,28.89727210998535,18.118558883666992,1811707
1998-07-01,28.89727210998535,29.293804168701172,28.624656677246094,29.293804168701172,18.367177963256836,1274802
1998-07-02,29.293804168701172,29.417720794677734,28.847705841064453,29.293804168701172,18.367177963256836,1089698
1998-07-06,29.293804168701172,29.715120315551758,29.293804168701172,29.715120315551758,18.63134002685547,873574
1998-07-07,29.715120315551758,29.715120315551758,29.021188735961914,29.145105361938477,18.273935317993164,1564565
1998-07-08,29.145105361938477,29.938169479370117,29.145105361938477,29.690336227416992,18.615798950195312,1192590
1998-07-09,29.566421508789062,29.566421508789062,29.194671630859375,29.293804168701172,18.367177963256836,1070279
1998-07-10,29.095539093017578,29.244237899780273,28.15377426147461,28.674224853515625,17.978700637817383,1844996
1998-07-13,28.748573303222656,29.070756912231445,28.55030632019043,28.798139572143555,18.056398391723633,690486
1998-07-14,28.847705841064453,29.244237899780273,28.847705841064453,29.244237899780273,18.336095809936523,1089193
1998-07-15,29.34337043762207,29.4425048828125,28.94683837890625,29.34337043762207,18.398258209228516,780769
1998-07-16,29.194671630859375,29.417720794677734,29.021188735961914,29.417720794677734,18.444868087768555,668798
1998-07-17,29.51685333251953,29.51685333251953,29.070756912231445,29.194671630859375,18.30502700805664,645093
1998-07-20,29.169889450073242,29.21945571899414,28.72378921508789,28.89727210998535,18.118558883666992,897279
1998-07-21,28.94683837890625,28.99640655517578,28.55030632019043,28.575090408325195,17.91654396057129,1475795
1998-07-22,28.59987449645996,28.82292366027832,28.352041244506836,28.64944076538086,17.963159561157227,1381477
1998-07-23,28.451173782348633,28.64944076538086,27.98029136657715,27.98029136657715,17.543596267700195,834233
1998-07-24,28.02985954284668,28.25290870666504,27.75724220275879,27.782026290893555,17.41929054260254,701835
1998-07-27,27.75724220275879,27.85637664794922,27.36071014404297,27.732460021972656,17.38821792602539,1003450
1998-07-28,27.63332748413086,27.682893753051758,26.86504554748535,27.162445068359375,17.03081512451172,1842978
1998-07-29,27.36071014404297,27.558977127075195,27.112878799438477,27.112878799438477,16.999740600585938,891731
1998-07-30,27.08809471130371,27.558977127075195,26.96417808532715,27.4102783203125,17.18620491027832,1001180
1998-07-31,27.261577606201172,27.261577606201172,26.641996383666992,26.84026336669922,16.828811645507812,1036991
1998-08-03,26.741130828857422,27.509410858154297,26.394163131713867,27.162445068359375,17.03081512451172,1350963
1998-08-04,27.162445068359375,27.385494232177734,26.61721420288086,26.61721420288086,16.688953399658203,1449063
1998-08-05,26.61721420288086,26.69156265258789,25.427616119384766,26.518081665039062,16.626802444458008,1946879
1998-08-06,26.319814682006836,26.418947219848633,26.096765518188477,26.146331787109375,16.393712997436523,1292708
1998-08-07,26.146331787109375,26.3445987701416,25.77458381652832,26.022415161132812,16.31602668762207,1416279
1998-08-10,25.923282623291016,26.146331787109375,25.45240020751953,26.121549606323242,16.378185272216797,1806664
1998-08-11,25.972848892211914,26.518081665039062,25.526750564575195,26.4437313079834,16.580190658569336,1287916
1998-08-12,26.56764793395996,27.435060501098633,26.121549606323242,27.4102783203125,17.18620491027832,1960497
1998-08-13,27.4102783203125,27.435060501098633,26.418947219848633,26.493297576904297,16.611263275146484,1764044
1998-08-14,26.56764793395996,27.063312530517578,26.56764793395996,27.063312530517578,16.96866226196289,1721677
1998-08-17,27.038528442382812,27.93072509765625,26.889829635620117,27.608543395996094,17.310527801513672,1824064
1998-08-18,27.658109664916992,28.20334243774414,27.583759307861328,28.104209899902344,17.621305465698242,1540103
1998-08-19,28.128992080688477,28.20334243774414,27.658109664916992,27.707677841186523,17.372682571411133,927794
1998-08-20,27.707677841186523,28.178558349609375,27.36071014404297,28.02985954284668,17.574684143066406,1322970
1998-08-21,28.02985954284668,28.054641723632812,26.84026336669922,27.80681037902832,17.434829711914062,1799098
1998-08-24,27.85637664794922,28.128992080688477,27.212011337280273,27.75724220275879,17.403759002685547,818849
1998-08-25,27.831592559814453,28.228124618530273,27.658109664916992,27.80681037902832,17.434829711914062,1100289
1998-08-26,27.63332748413086,28.02985954284668,27.4102783203125,27.608543395996094,17.310527801513672,1084402
1998-08-27,27.583759307861328,27.608543395996094,26.666780471801758,26.666780471801758,16.720027923583984,2173090
1998-08-28,26.666780471801758,26.96417808532715,26.17111587524414,26.716346740722656,16.751113891601562,1913591
1998-08-31,26.741130828857422,26.790695190429688,25.179784774780273,25.27891731262207,15.84984302520752,2026318
1998-09-01,25.77458381652832,26.61721420288086,25.60110092163086,26.542863845825195,16.642345428466797,4075333
1998-09-02,26.56764793395996,28.02985954284668,26.542863845825195,27.732460021972656,17.38821792602539,3546498
1998-09-03,27.36071014404297,27.558977127075195,27.08809471130371,27.385494232177734,17.17067527770996,2170569
1998-09-04,27.707677841186523,27.75724220275879,26.84026336669922,27.36071014404297,17.15512466430664,1757992
1998-09-08,27.955509185791016,28.847705841064453,27.608543395996094,28.847705841064453,18.087474822998047,2159977
1998-09-09,28.773357391357422,29.194671630859375,28.674224853515625,28.94683837890625,18.18262481689453,2295401
1998-09-10,28.50074005126953,28.59987449645996,27.707677841186523,27.75724220275879,17.435392379760742,2668132
1998-09-11,27.534194946289062,28.575090408325195,27.509410858154297,28.55030632019043,17.93353843688965,2229832
1998-09-14,28.798139572143555,28.94683837890625,28.674224853515625,28.89727210998535,18.151479721069336,1298508
1998-09-15,28.699007034301758,28.922056198120117,28.451173782348633,28.922056198120117,18.167057037353516,1369624
1998-09-16,28.773357391357422,29.3929386138916,28.59987449645996,29.3929386138916,18.46283531188965,1594827
1998-09-17,28.99640655517578,29.12032127380371,28.674224853515625,28.82292366027832,18.10478973388672,1559773
1998-09-18,28.922056198120117,29.169889450073242,28.699007034301758,29.12032127380371,18.291589736938477,1726973
1998-09-21,28.89727210998535,29.318588256835938,28.798139572143555,29.318588256835938,18.416126251220703,1347432
1998-09-22,29.541637420654297,30.235567092895508,29.26902198791504,30.13643455505371,18.929853439331055,2108783
1998-09-23,29.987735748291016,30.879932403564453,29.789470672607422,30.85515022277832,19.381303787231445,1996560
1998-09-24,30.756017684936523,30.879932403564453,30.557750701904297,30.780799865722656,19.334606170654297,2056833
1998-09-25,30.68166732788086,31.5242977142334,30.532968521118164,31.499513626098633,19.786052703857422,2011943
1998-09-28,31.672996520996094,31.896045684814453,31.127765655517578,31.4251651763916,19.739349365234375,1556495
1998-09-29,31.276464462280273,31.30124855041504,30.111652374267578,30.334701538085938,19.054391860961914,3807006
1998-09-30,30.13643455505371,30.309917449951172,29.3929386138916,29.640769958496094,18.618505477905273,2526404
1998-10-01,29.34337043762207,29.34337043762207,26.939395904541016,26.939395904541016,16.921672821044922,3837269
1998-10-02,26.939395904541016,27.558977127075195,26.22068214416504,27.137662887573242,17.046207427978516,3656955
1998-10-05,26.914613723754883,26.939395904541016,25.94806671142578,26.29503059387207,16.516918182373047,2934946
1998-10-06,26.56764793395996,26.914613723754883,26.4437313079834,26.542863845825195,16.67258071899414,2292627
1998-10-07,26.56764793395996,27.01374626159668,26.3445987701416,26.96417808532715,16.937231063842773,3069613
1998-10-08,26.61721420288086,27.36071014404297,26.29503059387207,27.23679542541504,17.10848045349121,3434023
1998-10-09,27.4598445892334,28.525524139404297,27.385494232177734,28.4759578704834,17.8868465423584,2063894
1998-10-12,28.575090408325195,29.3929386138916,28.575090408325195,28.847705841064453,18.12035369873047,1150474
1998-10-13,28.847705841064453,28.847705841064453,27.583759307861328,28.451173782348633,17.871274948120117,2678976
1998-10-14,28.451173782348633,29.318588256835938,28.02985954284668,29.318588256835938,18.416126251220703,2865594
1998-10-15,29.21945571899414,30.780799865722656,28.971622467041016,30.656883239746094,19.256776809692383,2846428
1998-10-16,30.929500579833984,30.929500579833984,29.88860321044922,30.5081844329834,19.163360595703125,2927632
1998-10-19,30.433834075927734,30.979066848754883,30.384267807006836,30.731233596801758,19.3034725189209,1359789
1998-10-20,31.722564697265625,31.796913146972656,31.02863311767578,31.102981567382812,19.53697967529297,1915608
1998-10-21,30.731233596801758,31.326032638549805,30.731233596801758,31.003849029541016,19.47470474243164,1209990
1998-10-22,31.02863311767578,31.69778060913086,30.80558204650879,31.573863983154297,19.83275604248047,1345919
1998-10-23,31.549081802368164,31.59864616394043,30.954282760620117,31.02863311767578,19.490266799926758,1199146
1998-10-26,31.053415298461914,31.326032638549805,30.557750701904297,30.582534790039062,19.210054397583008,1735547
1998-10-27,30.879932403564453,31.102981567382812,29.318588256835938,29.764686584472656,18.696340560913086,3259257
1998-10-28,29.61598777770996,29.863819122314453,29.541637420654297,29.640769958496094,18.618505477905273,1581461
1998-10-29,29.73990249633789,30.706449508666992,29.73990249633789,30.656883239746094,19.256776809692383,1949149
1998-10-30,30.929500579833984,31.350814819335938,30.80558204650879,30.85515022277832,19.381303787231445,1423845
1998-11-02,30.879932403564453,31.87126350402832,30.85515022277832,31.87126350402832,20.019567489624023,1843735
1998-11-03,31.69778060913086,31.87126350402832,31.4251651763916,31.623430252075195,19.863893508911133,1389799
1998-11-04,31.722564697265625,32.21822738647461,31.722564697265625,32.06953048706055,20.14409828186035,2666619
1998-11-05,32.04474639892578,33.43260955810547,31.846479415893555,32.763458251953125,20.579984664916992,4218575
1998-11-06,32.56519317626953,32.93694305419922,32.466060638427734,32.689109802246094,20.53328514099121,2048006
1998-11-09,32.763458251953125,32.813026428222656,32.11909484863281,32.63954544067383,20.502155303955078,1470247
1998-11-10,32.813026428222656,32.88737869262695,32.31736373901367,32.4908447265625,20.40875244140625,2566501
1998-11-11,32.466060638427734,32.4908447265625,31.549081802368164,31.87126350402832,20.019567489624023,2148628
1998-11-12,31.87126350402832,31.87126350402832,31.07819938659668,31.400381088256836,19.72378921508789,1810446
1998-11-13,31.499513626098633,31.69778060913086,31.30124855041504,31.400381088256836,19.72378921508789,949734
1998-11-16,31.722564697265625,31.970396041870117,31.499513626098633,31.64821434020996,19.87945556640625,1866432
1998-11-17,31.722564697265625,31.896045684814453,31.549081802368164,31.623430252075195,19.863893508911133,2796495
1998-11-18,31.623430252075195,31.747346878051758,31.326032638549805,31.69778060913086,19.91059684753418,1954949
1998-11-19,31.77212905883789,31.87126350402832,31.573863983154297,31.69778060913086,19.91059684753418,1582722
1998-11-20,31.846479415893555,31.87126350402832,31.375598907470703,31.499513626098633,19.786052703857422,2060615
1998-11-23,31.499513626098633,31.64821434020996,31.226898193359375,31.4747314453125,19.770490646362305,1909556
1998-11-24,31.20211410522461,31.226898193359375,30.309917449951172,31.053415298461914,19.50584602355957,2856768
1998-11-25,31.02863311767578,31.152549743652344,30.731233596801758,31.053415298461914,19.50584602355957,1192842
1998-11-27,30.954282760620117,31.003849029541016,30.63210105895996,30.731233596801758,19.3034725189209,678634
1998-11-30,30.731233596801758,30.929500579833984,30.161218643188477,30.532968521118164,19.178924560546875,2415189
1998-12-01,30.433834075927734,30.756017684936523,30.13643455505371,30.582534790039062,19.210054397583008,1867945
1998-12-02,30.28513526916504,31.573863983154297,30.186002731323242,31.4747314453125,19.770490646362305,2891822
1998-12-03,31.276464462280273,31.623430252075195,29.987735748291016,29.987735748291016,18.836441040039062,2019761
1998-12-04,30.13643455505371,30.731233596801758,30.13643455505371,30.706449508666992,19.28789520263672,2066163
1998-12-07,30.731233596801758,31.003849029541016,30.63210105895996,30.954282760620117,19.443572998046875,1540355
1998-12-08,30.85515022277832,31.326032638549805,30.706449508666992,30.929500579833984,19.428010940551758,1530015
1998-12-09,30.85515022277832,31.25168228149414,30.532968521118164,30.532968521118164,19.21636962890625,1182754
1998-12-10,30.557750701904297,30.607316970825195,30.086868286132812,30.13643455505371,18.966808319091797,2172334
1998-12-11,30.309917449951172,30.433834075927734,30.01251983642578,30.13643455505371,18.966808319091797,1834404
1998-12-14,30.037302017211914,30.037302017211914,29.34337043762207,29.61598777770996,18.639253616333008,1828352
1998-12-15,29.715120315551758,29.938169479370117,29.145105361938477,29.938169479370117,18.842025756835938,2554144
1998-12-16,30.186002731323242,30.384267807006836,28.94683837890625,29.814252853393555,18.764039993286133,2154176
1998-12-17,29.91338539123535,30.780799865722656,29.88860321044922,30.731233596801758,19.341157913208008,2073477
1998-12-18,30.756017684936523,31.102981567382812,30.607316970825195,30.85515022277832,19.41914176940918,2225545
1998-12-21,30.780799865722656,31.5242977142334,30.532968521118164,30.68166732788086,19.309961318969727,1879041
1998-12-22,30.68166732788086,31.25168228149414,30.334701538085938,31.053415298461914,19.543926239013672,1410227
1998-12-23,31.25168228149414,31.672996520996094,31.102981567382812,31.326032638549805,19.715492248535156,1659891
1998-12-24,31.623430252075195,31.722564697265625,31.5242977142334,31.722564697265625,19.965068817138672,487981
1998-12-28,31.722564697265625,31.896045684814453,31.350814819335938,31.499513626098633,19.82468605041504,974448
1998-12-29,31.821697235107422,31.821697235107422,31.226898193359375,31.69778060913086,19.94947052001953,1106846
1998-12-30,31.69778060913086,31.796913146972656,31.375598907470703,31.64821434020996,19.918270111083984,1115421
1998-12-31,31.722564697265625,31.846479415893555,31.449947357177734,31.796913146972656,20.01185417175293,1494961
1999-01-04,32.515628814697266,32.61476135253906,31.77212905883789,32.168663024902344,20.245824813842773,1678301
1999-01-05,32.41649627685547,32.466060638427734,31.276464462280273,31.87126350402832,20.058652877807617,1872863
1999-01-06,32.11909484863281,32.66432571411133,31.672996520996094,32.61476135253906,20.526580810546875,2191374
1999-01-07,32.813026428222656,33.259124755859375,32.26779556274414,33.15999221801758,20.869728088378906,2068811
1999-01-08,33.11042785644531,33.15999221801758,32.36692810058594,32.813026428222656,20.6513671875,1907412
1999-01-11,32.763458251953125,32.961727142333984,32.019962310791016,32.466060638427734,20.433000564575195,1609832
1999-01-12,32.11909484863281,32.36692810058594,30.879932403564453,31.127765655517578,19.59071922302246,1877024
1999-01-13,30.13643455505371,31.722564697265625,30.13643455505371,31.326032638549805,19.715492248535156,1765053
1999-01-14,30.532968521118164,30.582534790039062,28.748573303222656,29.34337043762207,18.46768569946289,5953995
1999-01-15,30.532968521118164,30.780799865722656,30.037302017211914,30.28513526916504,19.060392379760742,4757749
1999-01-19,30.235567092895508,31.375598907470703,29.987735748291016,31.326032638549805,19.715492248535156,3072135
1999-01-20,31.177331924438477,31.77212905883789,30.582534790039062,30.979066848754883,19.497140884399414,1792793
1999-01-21,30.929500579833984,30.929500579833984,30.13643455505371,30.186002731323242,18.998004913330078,1553847
1999-01-22,29.987735748291016,30.731233596801758,29.541637420654297,29.987735748291016,18.873218536376953,1940575
1999-01-25,30.384267807006836,30.68166732788086,29.73990249633789,30.13643455505371,18.966808319091797,1646399
1999-01-26,30.334701538085938,30.929500579833984,30.13643455505371,30.13643455505371,18.966808319091797,1488530
1999-01-27,30.532968521118164,30.879932403564453,30.13643455505371,30.334701538085938,19.09159278869629,1432923
1999-01-28,30.929500579833984,31.970396041870117,30.63210105895996,31.92082977294922,20.089841842651367,2648588
1999-01-29,31.92082977294922,33.80435562133789,31.623430252075195,33.754791259765625,21.244083404541016,3077557
1999-02-01,33.308692932128906,33.556522369384766,32.813026428222656,33.4078254699707,21.025707244873047,2364878
1999-02-02,33.308692932128906,33.35825729370117,32.71389389038086,33.308692932128906,20.963321685791016,1549560
1999-02-03,32.91215896606445,33.308692932128906,32.813026428222656,33.308692932128906,20.963321685791016,1142657
1999-02-04,33.259124755859375,33.65565872192383,32.86259460449219,33.65565872192383,21.18169403076172,1844113
1999-02-05,33.65565872192383,33.65565872192383,32.61476135253906,33.11042785644531,20.838531494140625,1736430
1999-02-08,32.91215896606445,32.961727142333984,31.77212905883789,32.515628814697266,20.464195251464844,1983698
1999-02-09,32.515628814697266,32.56519317626953,31.821697235107422,31.970396041870117,20.12104606628418,1036108
1999-02-10,32.168663024902344,32.91215896606445,32.11909484863281,32.515628814697266,20.464195251464844,1593944
1999-02-11,32.466060638427734,33.259124755859375,32.21822738647461,33.20956039428711,20.900924682617188,1348945
1999-02-12,33.20956039428711,33.20956039428711,32.21822738647461,32.61476135253906,20.526580810546875,1089824
1999-02-16,32.71389389038086,33.11042785644531,32.515628814697266,32.813026428222656,20.6513671875,964613
1999-02-17,32.515628814697266,32.86259460449219,32.36692810058594,32.66432571411133,20.557777404785156,1043547
1999-02-18,32.21822738647461,32.466060638427734,31.5242977142334,32.466060638427734,20.433000564575195,2113827
1999-02-19,32.36692810058594,32.466060638427734,31.92082977294922,32.019962310791016,20.152236938476562,1217808
1999-02-22,32.21822738647461,33.308692932128906,32.11909484863281,33.259124755859375,20.932119369506836,1577174
1999-02-23,32.763458251953125,33.5069580078125,32.61476135253906,33.11042785644531,20.838531494140625,1182754
1999-02-24,33.11042785644531,33.15999221801758,32.515628814697266,32.56519317626953,20.49538230895996,1365968
1999-02-25,32.466060638427734,32.515628814697266,31.623430252075195,31.970396041870117,20.12104606628418,1673887
1999-02-26,32.41649627685547,32.41649627685547,31.326032638549805,31.5242977142334,19.840286254882812,1737312
1999-03-01,31.5242977142334,31.5242977142334,30.63210105895996,31.326032638549805,19.715492248535156,2180404
1999-03-02,31.5242977142334,31.92082977294922,31.02863311767578,31.375598907470703,19.746692657470703,1273163
1999-03-03,31.326032638549805,31.375598907470703,30.433834075927734,31.127765655517578,19.59071922302246,1520684
1999-03-04,31.127765655517578,31.375598907470703,30.780799865722656,31.127765655517578,19.59071922302246,2066037
1999-03-05,31.722564697265625,31.722564697265625,30.830366134643555,31.4747314453125,19.809091567993164,1400643
1999-03-08,31.4747314453125,31.92082977294922,31.127765655517578,31.5242977142334,19.840286254882812,1742230
1999-03-09,31.5242977142334,31.821697235107422,31.02863311767578,31.127765655517578,19.59071922302246,1916365
1999-03-10,31.177331924438477,31.326032638549805,30.28513526916504,30.731233596801758,19.378185272216797,1397491
1999-03-11,30.929500579833984,31.226898193359375,30.582534790039062,30.780799865722656,19.409440994262695,1567717
1999-03-12,31.07819938659668,31.07819938659668,30.582534790039062,30.780799865722656,19.409440994262695,1264715
1999-03-15,30.334701538085938,30.830366134643555,30.13643455505371,30.334701538085938,19.12813949584961,2515181
1999-03-16,30.830366134643555,31.07819938659668,30.433834075927734,30.879932403564453,19.471954345703125,2394132
1999-03-17,31.326032638549805,31.77212905883789,31.177331924438477,31.5242977142334,19.878273010253906,1994164
1999-03-18,31.326032638549805,32.56519317626953,31.326032638549805,32.515628814697266,20.50337791442871,2419350
1999-03-19,33.6060905456543,33.6060905456543,31.623430252075195,31.623430252075195,19.940773010253906,3440706
1999-03-22,31.672996520996094,32.466060638427734,31.672996520996094,32.11909484863281,20.253326416015625,1703519
1999-03-23,32.21822738647461,32.21822738647461,31.226898193359375,31.326032638549805,19.753236770629883,1798341
1999-03-24,31.5242977142334,31.722564697265625,31.07819938659668,31.5242977142334,19.878273010253906,1354619
1999-03-25,31.722564697265625,31.87126350402832,31.127765655517578,31.226898193359375,19.690732955932617,1622315
1999-03-26,31.07819938659668,31.226898193359375,30.68166732788086,30.731233596801758,19.378185272216797,1662287
1999-03-29,31.722564697265625,32.168663024902344,31.326032638549805,32.019962310791016,20.190814971923828,1800611
1999-03-30,32.019962310791016,32.763458251953125,31.87126350402832,32.36692810058594,20.40961456298828,1458898
1999-03-31,32.11909484863281,33.06085968017578,32.11909484863281,32.813026428222656,20.690902709960938,2110926
1999-04-01,32.813026428222656,33.06085968017578,32.31736373901367,32.813026428222656,20.690902709960938,1326501
1999-04-05,33.01129150390625,33.15999221801758,32.66432571411133,33.11042785644531,20.878427505493164,1307839
1999-04-06,33.06085968017578,33.15999221801758,31.92082977294922,32.11909484863281,20.253326416015625,1343019
1999-04-07,32.466060638427734,32.466060638427734,31.127765655517578,31.821697235107422,20.0657958984375,2035397
1999-04-08,31.821697235107422,32.56519317626953,31.672996520996094,32.41649627685547,20.440858840942383,1589153
1999-04-09,32.36692810058594,33.06085968017578,32.06953048706055,32.813026428222656,20.690902709960938,1511984
1999-04-12,32.31736373901367,33.308692932128906,32.31736373901367,33.11042785644531,20.878427505493164,2037288
1999-04-13,33.15999221801758,33.45738983154297,32.91215896606445,33.308692932128906,21.00345230102539,2144089
1999-04-14,32.91215896606445,33.01129150390625,32.515628814697266,32.66432571411133,20.597137451171875,1242270
1999-04-15,32.515628814697266,32.91215896606445,32.019962310791016,32.31736373901367,20.378347396850586,1415270
1999-04-16,32.31736373901367,32.66432571411133,31.87126350402832,32.21822738647461,20.31583595275879,1297121
1999-04-19,32.31736373901367,32.71389389038086,31.92082977294922,31.92082977294922,20.12830352783203,1727855
1999-04-20,32.71389389038086,32.71389389038086,31.127765655517578,31.326032638549805,19.753236770629883,3091806
1999-04-21,32.91215896606445,32.91215896606445,32.26779556274414,32.763458251953125,20.659645080566406,2496772
1999-04-22,32.91215896606445,34.052188873291016,32.71389389038086,34.052188873291016,21.47226905822754,2662332
1999-04-23,34.00262451171875,35.88615036010742,33.90348815917969,35.737449645996094,22.534950256347656,3029642
1999-04-26,35.48961639404297,37.07574462890625,35.043521881103516,36.62964630126953,23.097545623779297,2694990
1999-04-27,37.17487716674805,37.17487716674805,35.88615036010742,36.33224868774414,22.910017013549805,1834152
1999-04-28,36.33224868774414,36.33224868774414,35.4400520324707,35.787017822265625,22.566207885742188,1625215
1999-04-29,36.084415435791016,36.233116149902344,34.89482116699219,36.18354797363281,22.816247940063477,2353782
1999-04-30,35.83658218383789,35.93571853637695,35.09308624267578,35.291351318359375,22.2536563873291,1717894
1999-05-03,35.291351318359375,35.68788528442383,34.993953704833984,35.291351318359375,22.2536563873291,1134713
1999-05-04,35.39048385620117,35.98528289794922,35.24178695678711,35.291351318359375,22.2536563873291,1082384
1999-05-05,35.14265441894531,35.6383171081543,34.74612045288086,35.6383171081543,22.472440719604492,1367607
1999-05-06,35.340919494628906,35.6383171081543,34.993953704833984,35.5391845703125,22.40993881225586,1465203
1999-05-07,35.340919494628906,35.787017822265625,34.845252990722656,35.48961639404297,22.378673553466797,1633916
1999-05-10,34.79568862915039,35.09308624267578,34.498287200927734,34.845252990722656,21.97235679626465,1075323
1999-05-11,34.89482116699219,35.291351318359375,34.69655227661133,35.09308624267578,22.128643035888672,1100542
1999-05-12,35.19221878051758,35.787017822265625,34.59741973876953,35.5391845703125,22.40993881225586,1626224
1999-05-13,35.6383171081543,36.084415435791016,35.39048385620117,35.68788528442383,22.503698348999023,1118825
1999-05-14,35.48961639404297,35.68788528442383,35.043521881103516,35.24178695678711,22.222412109375,1073936
1999-05-17,34.993953704833984,35.48961639404297,34.94438552856445,35.291351318359375,22.2536563873291,859830
1999-05-18,35.291351318359375,35.5391845703125,34.498287200927734,34.79568862915039,21.94110870361328,1675905
1999-05-19,34.79568862915039,34.89482116699219,34.547855377197266,34.89482116699219,22.00361442565918,1257654
1999-05-20,34.89482116699219,35.58875274658203,34.845252990722656,35.4400520324707,22.347421646118164,1857101
1999-05-21,35.48961639404297,35.787017822265625,35.340919494628906,35.737449645996094,22.534950256347656,965874
1999-05-24,35.39048385620117,35.737449645996094,34.993953704833984,35.19221878051758,22.191150665283203,1238488
1999-05-25,35.19221878051758,35.68788528442383,34.25045394897461,34.30002212524414,21.628559112548828,1864162
1999-05-26,34.44872283935547,34.59741973876953,33.5069580078125,33.80435562133789,21.316001892089844,2633835
1999-05-27,33.308692932128906,34.15132141113281,32.21822738647461,32.56519317626953,20.53462028503418,2213440
1999-05-28,32.36692810058594,33.308692932128906,32.31736373901367,32.66432571411133,20.597137451171875,1189942
1999-06-01,32.31736373901367,32.515628814697266,31.623430252075195,32.21822738647461,20.31583595275879,2615552
1999-06-02,32.31736373901367,33.556522369384766,31.87126350402832,33.20956039428711,20.940937042236328,1858992
1999-06-03,33.01129150390625,33.85392379760742,32.86259460449219,33.80435562133789,21.316001892089844,1464699
1999-06-04,33.6060905456543,34.30002212524414,33.45738983154297,33.85392379760742,21.347261428833008,1061327
1999-06-07,33.556522369384766,33.754791259765625,32.515628814697266,32.515628814697266,20.50337791442871,1177711
1999-06-08,32.61476135253906,33.308692932128906,32.41649627685547,32.56519317626953,20.53462028503418,1248449
1999-06-09,32.66432571411133,32.86259460449219,32.31736373901367,32.56519317626953,20.572193145751953,786822
1999-06-10,32.36692810058594,32.36692810058594,31.623430252075195,32.31736373901367,20.41563606262207,862856
1999-06-11,32.41649627685547,32.56519317626953,30.979066848754883,31.5242977142334,19.914644241333008,1846131
1999-06-14,31.821697235107422,32.515628814697266,31.5242977142334,31.87126350402832,20.133831024169922,914680
1999-06-15,32.168663024902344,32.961727142333984,31.92082977294922,32.466060638427734,20.50957489013672,1256141
1999-06-16,32.56519317626953,33.20956039428711,32.466060638427734,33.01129150390625,20.8539981842041,982644
1999-06-17,32.31736373901367,32.961727142333984,32.11909484863281,32.71389389038086,20.666133880615234,1231048
1999-06-18,32.763458251953125,33.5069580078125,32.56519317626953,33.5069580078125,21.167131423950195,1750552
1999-06-21,33.6060905456543,33.6060905456543,32.66432571411133,32.91215896606445,20.791379928588867,894757
1999-06-22,32.763458251953125,32.961727142333984,32.515628814697266,32.71389389038086,20.666133880615234,1140639
1999-06-23,32.71389389038086,32.71389389038086,32.019962310791016,32.71389389038086,20.666133880615234,903458
1999-06-24,32.36692810058594,32.466060638427734,31.77212905883789,31.92082977294922,20.165136337280273,962848
1999-06-25,32.31736373901367,33.11042785644531,32.11909484863281,32.61476135253906,20.603511810302734,1015176
1999-06-28,33.11042785644531,33.95305633544922,32.961727142333984,33.259124755859375,21.010568618774414,1142783
1999-06-29,33.06085968017578,34.94438552856445,33.01129150390625,34.845252990722656,22.012563705444336,1401022
1999-06-30,34.74612045288086,34.89482116699219,33.85392379760742,34.89482116699219,22.04387664794922,1437715
1999-07-01,34.69655227661133,35.291351318359375,34.59741973876953,35.09308624267578,22.16913414001465,1002819
1999-07-02,35.14265441894531,35.39048385620117,34.94438552856445,35.39048385620117,22.356996536254883,980501
1999-07-06,34.993953704833984,35.09308624267578,34.59741973876953,34.74612045288086,21.9499454498291,1000424
1999-07-07,34.69655227661133,35.24178695678711,34.30002212524414,35.24178695678711,22.26307487487793,826919
1999-07-08,34.89482116699219,35.24178695678711,33.705223083496094,34.44872283935547,21.76206398010254,1274676
1999-07-09,34.44872283935547,34.59741973876953,33.90348815917969,34.547855377197266,21.82469367980957,925524
1999-07-12,34.547855377197266,34.59741973876953,34.052188873291016,34.30002212524414,21.668132781982422,600078
1999-07-13,34.25045394897461,34.498287200927734,33.705223083496094,34.10175704956055,21.542879104614258,729071
1999-07-14,34.15132141113281,34.44872283935547,33.4078254699707,34.39915466308594,21.730758666992188,954778
1999-07-15,34.30002212524414,34.69655227661133,33.705223083496094,34.10175704956055,21.542879104614258,1292077
1999-07-16,34.30002212524414,35.58875274658203,34.10175704956055,35.4400520324707,22.38831329345703,1334066
1999-07-19,35.48961639404297,35.5391845703125,34.59741973876953,35.24178695678711,22.26307487487793,1110629
1999-07-20,35.291351318359375,35.291351318359375,34.00262451171875,34.69655227661133,21.918630599975586,965370
1999-07-21,34.74612045288086,35.24178695678711,34.498287200927734,35.24178695678711,22.26307487487793,1227644
1999-07-22,34.993953704833984,34.993953704833984,33.06085968017578,33.06085968017578,20.885318756103516,1541237
1999-07-23,33.11042785644531,33.308692932128906,32.71389389038086,33.01129150390625,20.8539981842041,1663043
1999-07-26,33.20956039428711,33.705223083496094,32.466060638427734,32.71389389038086,20.666133880615234,1182754
1999-07-27,32.56519317626953,32.813026428222656,32.168663024902344,32.515628814697266,20.5408935546875,2184187
1999-07-28,32.56519317626953,32.66432571411133,32.21822738647461,32.61476135253906,20.603511810302734,1285016
1999-07-29,32.21822738647461,32.41649627685547,31.326032638549805,32.019962310791016,20.22776222229004,1031821
1999-07-30,32.019962310791016,32.168663024902344,30.929500579833984,31.77212905883789,20.071205139160156,1171028
1999-08-02,31.326032638549805,31.970396041870117,30.979066848754883,31.276464462280273,19.758073806762695,1280603
1999-08-03,31.672996520996094,31.77212905883789,30.830366134643555,31.4747314453125,19.883329391479492,1473399
1999-08-04,31.77212905883789,32.06953048706055,30.929500579833984,31.127765655517578,19.664140701293945,1109494
1999-08-05,31.127765655517578,32.31736373901367,30.979066848754883,31.5242977142334,19.914644241333008,1476804
1999-08-06,31.573863983154297,31.821697235107422,31.02863311767578,31.5242977142334,19.914644241333008,1218565
1999-08-09,31.5242977142334,31.821697235107422,31.07819938659668,31.226898193359375,19.726762771606445,643201
1999-08-10,31.5242977142334,31.5242977142334,29.640769958496094,30.13643455505371,19.037891387939453,1428384
1999-08-11,30.086868286132812,30.979066848754883,29.938169479370117,30.929500579833984,19.538896560668945,1269506
1999-08-12,31.226898193359375,32.019962310791016,31.177331924438477,31.722564697265625,20.03989601135254,1424475
1999-08-13,31.722564697265625,32.466060638427734,31.623430252075195,32.11909484863281,20.290386199951172,2438138
1999-08-16,31.970396041870117,32.41649627685547,31.970396041870117,32.11909484863281,20.290386199951172,1173676
1999-08-17,31.821697235107422,32.26779556274414,31.5242977142334,32.21822738647461,20.353012084960938,1440993
1999-08-18,31.722564697265625,32.26779556274414,31.623430252075195,32.11909484863281,20.290386199951172,1208603
1999-08-19,31.722564697265625,31.970396041870117,31.127765655517578,31.4251651763916,19.852008819580078,1133956
1999-08-20,31.4251651763916,31.77212905883789,31.375598907470703,31.672996520996094,20.008581161499023,871808
1999-08-23,31.722564697265625,32.06953048706055,31.573863983154297,31.672996520996094,20.008581161499023,1600753
1999-08-24,31.375598907470703,31.672996520996094,30.929500579833984,31.326032638549805,19.78938102722168,2238659
1999-08-25,31.326032638549805,31.375598907470703,30.68166732788086,31.375598907470703,19.820701599121094,1555738
1999-08-26,30.929500579833984,31.4747314453125,30.879932403564453,31.4747314453125,19.883329391479492,1494331
1999-08-27,31.326032638549805,31.722564697265625,31.326032638549805,31.4747314453125,19.883329391479492,1270641
1999-08-30,31.177331924438477,31.5242977142334,30.68166732788086,30.879932403564453,19.507585525512695,881139
1999-08-31,30.979066848754883,31.326032638549805,30.582534790039062,31.177331924438477,19.695453643798828,1583605
1999-09-01,31.177331924438477,31.92082977294922,30.979066848754883,31.87126350402832,20.133831024169922,2176999
1999-09-02,31.722564697265625,31.722564697265625,31.02863311767578,31.4251651763916,19.852008819580078,1051239
1999-09-03,31.722564697265625,32.06953048706055,31.672996520996094,31.970396041870117,20.196456909179688,966883
1999-09-07,32.019962310791016,33.80435562133789,31.77212905883789,32.961727142333984,20.822694778442383,1577678
1999-09-08,32.86259460449219,33.90348815917969,32.515628814697266,33.705223083496094,21.331382751464844,2198687
1999-09-09,33.5069580078125,34.200889587402344,33.308692932128906,34.15132141113281,21.61370849609375,2291240
1999-09-10,34.15132141113281,34.15132141113281,33.20956039428711,33.20956039428711,21.017684936523438,1503535
1999-09-13,33.4078254699707,33.556522369384766,33.20956039428711,33.4078254699707,21.143169403076172,1294095
1999-09-14,33.01129150390625,33.85392379760742,33.01129150390625,33.85392379760742,21.425498962402344,827676
1999-09-15,33.85392379760742,33.85392379760742,33.06085968017578,33.15999221801758,20.986316680908203,1321835
1999-09-16,33.259124755859375,33.6060905456543,33.11042785644531,33.35825729370117,21.111797332763672,1027912
1999-09-17,33.308692932128906,33.85392379760742,33.308692932128906,33.6060905456543,21.26864242553711,1159301
1999-09-20,33.45738983154297,34.15132141113281,33.45738983154297,33.95305633544922,21.488231658935547,1224617
1999-09-21,34.052188873291016,34.052188873291016,33.01129150390625,33.308692932128906,21.08043098449707,1448307
1999-09-22,33.35825729370117,33.705223083496094,32.71389389038086,33.20956039428711,21.017684936523438,1412118
1999-09-23,33.06085968017578,33.80435562133789,32.961727142333984,33.06085968017578,20.9235782623291,1286025
1999-09-24,32.86259460449219,34.052188873291016,32.763458251953125,33.65565872192383,21.30002212524414,1497483
1999-09-27,34.10175704956055,34.349586486816406,33.80435562133789,34.15132141113281,21.61370849609375,2219367
1999-09-28,34.10175704956055,34.15132141113281,33.259124755859375,33.705223083496094,21.331382751464844,1402030
1999-09-29,33.65565872192383,34.69655227661133,33.6060905456543,34.30002212524414,21.707826614379883,1316035
1999-09-30,34.30002212524414,35.4400520324707,34.15132141113281,35.39048385620117,22.397951126098633,3416370
1999-10-01,35.19221878051758,35.24178695678711,34.44872283935547,34.79568862915039,22.02152442932129,1886102
1999-10-04,34.89482116699219,35.48961639404297,34.79568862915039,35.48961639404297,22.460691452026367,1349450
1999-10-05,35.48961639404297,35.48961639404297,34.10175704956055,34.79568862915039,22.02152442932129,1338606
1999-10-06,34.89482116699219,35.4400520324707,34.64698791503906,35.19221878051758,22.27248191833496,1120086
1999-10-07,35.68788528442383,35.68788528442383,35.043521881103516,35.043521881103516,22.178367614746094,1186789
1999-10-08,35.14265441894531,35.98528289794922,35.14265441894531,35.787017822265625,22.648916244506836,1617776
1999-10-11,35.68788528442383,36.18354797363281,35.48961639404297,36.03485107421875,22.805761337280273,1245549
1999-10-12,35.88615036010742,36.03485107421875,35.5391845703125,35.6383171081543,22.55480194091797,892362
1999-10-13,35.68788528442383,35.93571853637695,35.48961639404297,35.58875274658203,22.52342987060547,943177
1999-10-14,35.58875274658203,36.67921447753906,35.09308624267578,36.084415435791016,22.837135314941406,1549686
1999-10-15,36.084415435791016,36.084415435791016,34.845252990722656,34.94438552856445,22.115631103515625,2029218
1999-10-18,35.14265441894531,35.24178695678711,34.498287200927734,35.09308624267578,22.209745407104492,1205073
1999-10-19,35.291351318359375,35.68788528442383,34.993953704833984,35.24178695678711,22.303857803344727,1040269
1999-10-20,35.58875274658203,36.530513763427734,35.5391845703125,36.48094940185547,23.08807945251465,1482478
1999-10-21,36.03485107421875,36.43138122558594,35.93571853637695,36.38181686401367,23.025358200073242,1254880
1999-10-22,36.580081939697266,37.769676208496094,36.48094940185547,37.62097930908203,23.809585571289062,1856596
1999-10-25,37.27401351928711,38.01750946044922,37.17487716674805,37.42271041870117,23.684101104736328,1643121
1999-10-26,37.521846771240234,37.91837692260742,37.27401351928711,37.373146057128906,23.652746200561523,1051491
1999-10-27,37.373146057128906,37.4722785949707,36.97661209106445,37.323577880859375,23.62137222290039,1236470
1999-10-28,37.819244384765625,38.265342712402344,37.42271041870117,37.72011184692383,23.872337341308594,1794433
1999-10-29,37.91837692260742,38.562740325927734,37.72011184692383,38.21577453613281,24.186031341552734,1781067
1999-11-01,38.46360778808594,38.612308502197266,38.01750946044922,38.116641998291016,24.123281478881836,1184520
1999-11-02,38.06707763671875,38.36447525024414,37.4722785949707,37.72011184692383,23.872337341308594,1229031
1999-11-03,37.6705436706543,37.91837692260742,36.97661209106445,37.373146057128906,23.652746200561523,1644760
1999-11-04,37.5714111328125,37.5714111328125,36.877479553222656,37.026180267333984,23.433156967163086,2105252
1999-11-05,37.4722785949707,37.96794128417969,37.373146057128906,37.86880874633789,23.966442108154297,1532537
1999-11-08,37.96794128417969,38.612308502197266,37.62097930908203,38.562740325927734,24.405614852905273,1331797
1999-11-09,38.66187286376953,38.66187286376953,37.91837692260742,38.16621017456055,24.15465545654297,880761
1999-11-10,38.36447525024414,38.76100540161133,37.96794128417969,38.51317596435547,24.374238967895508,1433806
1999-11-11,38.71144104003906,39.20710754394531,38.51317596435547,39.10797119140625,24.750673294067383,1001937
1999-11-12,39.00883865356445,39.6036376953125,39.00883865356445,39.30624008178711,24.87616539001465,1361555
1999-11-15,39.355804443359375,39.5045051574707,39.00883865356445,39.355804443359375,24.907527923583984,1131813
1999-11-16,39.6036376953125,40.44626998901367,39.20710754394531,40.39670181274414,25.566307067871094,1780688
1999-11-17,40.39670181274414,40.644535064697266,40.04973602294922,40.19843673706055,25.44080924987793,950112
1999-11-18,40.49583435058594,40.49583435058594,39.405372619628906,39.75233840942383,25.158491134643555,1438597
1999-11-19,39.554073333740234,40.04973602294922,39.405372619628906,40.00017166137695,25.315332412719727,1164093
1999-11-22,40.04973602294922,40.44626998901367,39.405372619628906,39.7027702331543,25.12712860107422,1443515
1999-11-23,39.5045051574707,39.6036376953125,38.86014175415039,38.909706115722656,24.625198364257812,1393078
1999-11-24,38.66187286376953,39.7027702331543,38.41404342651367,39.6036376953125,25.06437110900879,1527998
1999-11-26,39.20710754394531,39.7027702331543,39.10797119140625,39.65320587158203,25.095746994018555,339065
1999-11-29,39.15753936767578,39.554073333740234,38.265342712402344,38.95927429199219,24.656574249267578,1011520
1999-11-30,38.95927429199219,39.355804443359375,38.909706115722656,39.15753936767578,24.782054901123047,1063722
1999-12-01,38.86014175415039,39.30624008178711,38.36447525024414,38.51317596435547,24.374238967895508,1165984
1999-12-02,38.86014175415039,40.00017166137695,38.81057357788086,39.801902770996094,25.189849853515625,1068136
1999-12-03,39.65320587158203,41.140201568603516,39.65320587158203,40.644535064697266,25.72313117980957,1684605
1999-12-06,40.347137451171875,40.44626998901367,39.6036376953125,39.95060348510742,25.28395652770996,1011646
1999-12-07,40.00017166137695,40.99150085449219,39.95060348510742,40.54540252685547,25.660396575927734,1531906
1999-12-08,40.941932678222656,41.04106521606445,40.24800109863281,40.39670181274414,25.610387802124023,1237605
1999-12-09,40.54540252685547,41.04106521606445,40.148868560791016,40.644535064697266,25.76748275756836,1642112
1999-12-10,40.644535064697266,40.644535064697266,39.5045051574707,39.851470947265625,25.26470375061035,1188555
1999-12-13,39.90103530883789,40.54540252685547,39.7027702331543,40.04973602294922,25.39040756225586,1044934
1999-12-14,40.24800109863281,40.644535064697266,39.95060348510742,40.00017166137695,25.358991622924805,1263454
1999-12-15,39.7027702331543,40.148868560791016,39.20710754394531,39.51689529418945,25.052602767944336,1323979
1999-12-16,39.30624008178711,40.347137451171875,39.10797119140625,40.24800109863281,25.516103744506836,1297247
1999-12-17,40.04973602294922,40.594966888427734,39.554073333740234,39.7027702331543,25.17045021057129,2287835
1999-12-20,39.851470947265625,41.48716354370117,39.851470947265625,40.39670181274414,25.610387802124023,1431158
1999-12-21,40.74366760253906,41.98283004760742,40.44626998901367,41.98283004760742,26.615928649902344,1413757
1999-12-22,41.883697509765625,41.883697509765625,40.39670181274414,40.74366760253906,25.83034896850586,1248197
1999-12-23,41.04106521606445,41.834129333496094,40.89236831665039,41.6358642578125,26.39597511291504,629710
1999-12-27,41.586299896240234,41.933265686035156,41.090633392333984,41.933265686035156,26.584518432617188,1264337
1999-12-28,41.883697509765625,42.181095123291016,41.23933410644531,41.437599182128906,26.270278930664062,1014042
1999-12-29,41.6358642578125,42.676761627197266,41.5367317199707,42.47849655151367,26.93016815185547,1010889
1999-12-30,42.28022766113281,43.37069320678711,42.28022766113281,43.37069320678711,27.495811462402344,1099785
1999-12-31,43.37069320678711,43.469825744628906,42.329795837402344,42.7263298034668,27.087295532226562,512443
2000-01-03,42.42892837524414,42.77589416503906,41.18976593017578,41.23933410644531,26.14456558227539,2698899
2000-01-04,40.941932678222656,42.03239822387695,40.84280014038086,41.23933410644531,26.14456558227539,3141234
2000-01-05,41.18976593017578,41.18976593017578,40.04973602294922,40.84280014038086,25.893184661865234,3008836
2000-01-06,41.140201568603516,41.98283004760742,40.69409942626953,41.388031005859375,26.238859176635742,2121771
2000-01-07,42.329795837402344,42.676761627197266,41.6358642578125,42.329795837402344,26.835908889770508,1892407
2000-01-10,42.03239822387695,43.420257568359375,41.933265686035156,43.37069320678711,27.495811462402344,1722181
2000-01-11,42.92459487915039,43.122859954833984,42.28022766113281,42.52806091308594,26.961593627929688,1087932
2000-01-12,42.52806091308594,42.7263298034668,41.834129333496094,42.13153076171875,26.710203170776367,1108990
2000-01-13,42.13153076171875,42.13153076171875,41.586299896240234,41.883697509765625,26.553104400634766,1314648
2000-01-14,41.140201568603516,41.933265686035156,40.44626998901367,41.437599182128906,26.270278930664062,2138541
2000-01-18,41.04106521606445,41.28889846801758,38.909706115722656,39.058406829833984,24.761930465698242,2826379
2000-01-19,39.15753936767578,43.22199249267578,39.10797119140625,42.87502670288086,27.181556701660156,4264472
2000-01-20,42.329795837402344,42.825462341308594,39.95060348510742,40.297569274902344,25.547534942626953,3220295
2000-01-21,40.89236831665039,40.89236831665039,39.65320587158203,40.09930419921875,25.421844482421875,2826253
2000-01-24,40.44626998901367,40.44626998901367,39.45494079589844,39.65320587158203,25.13901710510254,2919562
2000-01-25,40.04973602294922,40.69409942626953,39.801902770996094,40.49583435058594,25.673215866088867,2439778
2000-01-26,41.140201568603516,41.140201568603516,39.7027702331543,40.44626998901367,25.641799926757812,1759379
2000-01-27,40.644535064697266,40.99150085449219,37.72011184692383,39.801902770996094,25.2332820892334,2568393
2000-01-28,39.6036376953125,39.65320587158203,38.265342712402344,38.81057357788086,24.60481071472168,1732142
2000-01-31,38.81057357788086,38.81057357788086,37.12531280517578,37.62097930908203,23.850643157958984,2152285
2000-02-01,37.6705436706543,38.562740325927734,37.026180267333984,38.21577453613281,24.22773551940918,1747526
2000-02-02,38.265342712402344,38.265342712402344,35.09308624267578,36.13398361206055,22.907926559448242,2998371
2000-02-03,36.48094940185547,38.86014175415039,36.33224868774414,38.562740325927734,24.44769287109375,3202389
2000-02-04,38.51317596435547,39.058406829833984,37.96794128417969,38.06707763671875,24.13345718383789,1296743
2000-02-07,38.06707763671875,38.265342712402344,36.877479553222656,36.877479553222656,23.379281997680664,1554603
2000-02-08,37.27401351928711,37.27401351928711,36.48094940185547,36.92704772949219,23.41071319580078,2684903
2000-02-09,36.92704772949219,37.22444534301758,35.5391845703125,35.68788528442383,22.625120162963867,2266904
2000-02-10,35.83658218383789,37.96794128417969,35.737449645996094,37.5714111328125,23.819217681884766,2229958
2000-02-11,37.27401351928711,37.27401351928711,36.084415435791016,36.33224868774414,23.033628463745117,1208351
2000-02-14,36.43138122558594,37.86880874633789,36.18354797363281,36.728782653808594,23.285017013549805,1729999
2000-02-15,36.92704772949219,37.27401351928711,36.03485107421875,36.530513763427734,23.1593074798584,2317089
2000-02-16,36.67921447753906,36.728782653808594,36.084415435791016,36.28268051147461,23.002201080322266,2399302
2000-02-17,36.43138122558594,36.530513763427734,35.737449645996094,36.03485107421875,22.84508514404297,1387656
2000-02-18,36.03485107421875,36.13398361206055,34.59741973876953,35.291351318359375,22.373727798461914,1585874
2000-02-22,35.291351318359375,35.340919494628906,31.722564697265625,33.20956039428711,21.053926467895508,4049736
2000-02-23,33.259124755859375,35.24178695678711,33.15999221801758,34.44872283935547,21.839513778686523,2999758
2000-02-24,35.19221878051758,35.737449645996094,34.94438552856445,35.39048385620117,22.43657112121582,2610886
2000-02-25,35.39048385620117,35.737449645996094,34.052188873291016,34.052188873291016,21.588125228881836,2241685
2000-02-28,34.00262451171875,35.68788528442383,33.90348815917969,35.291351318359375,22.373727798461914,2535735
2000-02-29,35.58875274658203,35.93571853637695,34.25045394897461,34.547855377197266,21.902372360229492,2114205
2000-03-01,34.547855377197266,35.6383171081543,34.547855377197266,35.09308624267578,22.24803924560547,1471634
2000-03-02,35.043521881103516,35.14265441894531,34.30002212524414,34.30002212524414,21.745256423950195,1323474
2000-03-03,33.705223083496094,35.291351318359375,33.705223083496094,34.25045394897461,21.713823318481445,2809483
2000-03-06,34.25045394897461,35.19221878051758,34.25045394897461,34.845252990722656,22.090906143188477,2528925
2000-03-07,34.89482116699219,35.58875274658203,34.44872283935547,34.498287200927734,21.870943069458008,2734710
2000-03-08,34.39915466308594,34.993953704833984,34.30002212524414,34.30002212524414,21.78933334350586,2231598
2000-03-09,34.30002212524414,34.993953704833984,34.200889587402344,34.89482116699219,22.16716957092285,3092814
2000-03-10,34.94438552856445,35.48961639404297,34.59741973876953,34.993953704833984,22.23015594482422,2254168
2000-03-13,34.89482116699219,35.98528289794922,34.74612045288086,35.737449645996094,22.702465057373047,1792919
2000-03-14,38.06707763671875,38.06707763671875,36.67921447753906,37.4722785949707,23.804534912109375,2700412
2000-03-15,37.4722785949707,39.25667190551758,37.42271041870117,38.95927429199219,24.749156951904297,4394475
2000-03-16,39.65320587158203,43.965492248535156,39.65320587158203,43.420257568359375,27.58303451538086,6838287
2000-03-17,43.420257568359375,43.420257568359375,42.03239822387695,42.825462341308594,27.205167770385742,3553685
2000-03-20,42.42892837524414,42.57762908935547,40.644535064697266,41.437599182128906,26.323522567749023,2472310
2000-03-21,40.54540252685547,42.03239822387695,40.54540252685547,41.6358642578125,26.449481964111328,2277117
2000-03-22,41.04106521606445,41.6358642578125,39.90103530883789,40.74366760253906,25.88270378112793,2591846
2000-03-23,39.95060348510742,41.18976593017578,39.95060348510742,40.793235778808594,25.914201736450195,2529052
2000-03-24,40.44626998901367,41.98283004760742,40.44626998901367,41.23933410644531,26.197561264038086,2204488
2000-03-27,41.04106521606445,42.42892837524414,41.04106521606445,41.18976593017578,26.166101455688477,2425529
2000-03-28,41.18976593017578,41.388031005859375,38.41404342651367,38.41404342651367,24.40280532836914,2987527
2000-03-29,38.95927429199219,39.45494079589844,37.27401351928711,37.769676208496094,23.993459701538086,2327302
2000-03-30,38.265342712402344,39.20710754394531,37.323577880859375,37.62097930908203,23.89899444580078,2316206
2000-03-31,37.62097930908203,39.00883865356445,37.5714111328125,38.265342712402344,24.308326721191406,3128751
2000-04-03,39.45494079589844,41.090633392333984,39.15753936767578,39.65320587158203,25.189973831176758,2632574
2000-04-04,40.39670181274414,42.13153076171875,39.25667190551758,40.44626998901367,25.69377899169922,3094075
2000-04-05,41.18976593017578,41.18976593017578,38.41404342651367,39.801902770996094,25.284433364868164,3224330
2000-04-06,40.00017166137695,41.933265686035156,39.95060348510742,41.586299896240234,26.417987823486328,1799350
2000-04-07,41.7349967956543,41.933265686035156,41.04106521606445,41.33846664428711,26.260560989379883,1736051
2000-04-10,41.933265686035156,41.933265686035156,40.148868560791016,41.090633392333984,26.10312271118164,1938809
2000-04-11,41.090633392333984,41.437599182128906,40.347137451171875,40.44626998901367,25.69377899169922,1954571
2000-04-12,40.44626998901367,40.44626998901367,38.36447525024414,39.45494079589844,25.06401252746582,2969621
2000-04-13,39.45494079589844,39.801902770996094,37.91837692260742,37.91837692260742,24.087919235229492,1902116
2000-04-14,36.48094940185547,37.521846771240234,36.28268051147461,36.48094940185547,23.174768447875977,3484964
2000-04-17,36.580081939697266,37.521846771240234,35.4400520324707,36.97661209106445,23.48965835571289,3125094
2000-04-18,38.562740325927734,39.90103530883789,38.116641998291016,38.86014175415039,24.686185836791992,3127616
2000-04-19,38.86014175415039,39.801902770996094,38.51317596435547,38.95927429199219,24.749156951904297,1431032
2000-04-20,39.65320587158203,40.941932678222656,39.405372619628906,40.148868560791016,25.504850387573242,2597142
2000-04-24,40.148868560791016,42.92459487915039,39.405372619628906,42.77589416503906,27.173683166503906,3467689
2000-04-25,42.42892837524414,42.77589416503906,41.68543243408203,42.77589416503906,27.173683166503906,1818012
2000-04-26,42.28022766113281,42.92459487915039,41.933265686035156,42.23066329956055,26.82733154296875,1673635
2000-04-27,41.437599182128906,43.51939010620117,41.437599182128906,43.02372741699219,27.331134796142578,2810113
2000-04-28,43.51939010620117,43.7672233581543,42.42892837524414,42.676761627197266,27.110721588134766,1769088
2000-05-01,42.627193450927734,44.411590576171875,42.52806091308594,42.77589416503906,27.173683166503906,2003873
2000-05-02,42.77589416503906,42.77589416503906,41.388031005859375,42.181095123291016,26.79584312438965,1740339
2000-05-03,42.03239822387695,42.23066329956055,39.851470947265625,41.33846664428711,26.260560989379883,1819273
2000-05-04,41.33846664428711,42.08196258544922,41.090633392333984,41.388031005859375,26.29204559326172,1623955
2000-05-05,41.18976593017578,41.883697509765625,40.24800109863281,41.090633392333984,26.10312271118164,1669979
2000-05-08,41.28889846801758,41.48716354370117,40.594966888427734,41.23933410644531,26.197561264038086,684056
2000-05-09,41.23933410644531,41.834129333496094,38.86014175415039,40.04973602294922,25.441879272460938,1400643
2000-05-10,40.09930419921875,41.140201568603516,39.554073333740234,40.49583435058594,25.725255966186523,2438012
2000-05-11,41.23933410644531,42.627193450927734,40.793235778808594,41.78456497192383,26.543949127197266,1954445
2000-05-12,41.6358642578125,41.834129333496094,40.44626998901367,41.04106521606445,26.071626663208008,862099
2000-05-15,41.04106521606445,41.437599182128906,40.19843673706055,41.140201568603516,26.134607315063477,994371
2000-05-16,41.933265686035156,42.676761627197266,41.140201568603516,42.329795837402344,26.89031410217285,1363320
2000-05-17,41.98283004760742,41.98283004760742,40.49583435058594,41.6358642578125,26.449481964111328,1067127
2000-05-18,42.676761627197266,42.676761627197266,40.74366760253906,40.793235778808594,25.914201736450195,1144422
2000-05-19,41.883697509765625,41.883697509765625,40.347137451171875,40.54540252685547,25.756746292114258,1218187
2000-05-22,40.941932678222656,42.03239822387695,39.45494079589844,41.78456497192383,26.543949127197266,2136776
2000-05-23,41.834129333496094,42.676761627197266,41.437599182128906,42.627193450927734,27.07923126220703,2137532
2000-05-24,42.627193450927734,44.01505661010742,42.42892837524414,44.01505661010742,27.960866928100586,2674941
2000-05-25,44.213321685791016,44.60985565185547,43.122859954833984,44.411590576171875,28.212770462036133,2684651
2000-05-26,44.01505661010742,44.06462478637695,41.883697509765625,42.47849655151367,26.984764099121094,1703393
2000-05-30,42.47849655151367,44.362022399902344,42.23066329956055,44.213321685791016,28.086820602416992,2466762
2000-05-31,44.362022399902344,44.362022399902344,43.420257568359375,43.618526458740234,27.708965301513672,2438769
2000-06-01,43.5689582824707,43.965492248535156,43.27156066894531,43.71765899658203,27.771944046020508,3427844
2000-06-02,44.411590576171875,45.204654693603516,44.362022399902344,45.204654693603516,28.716583251953125,3064822
2000-06-05,44.411590576171875,45.948150634765625,44.411590576171875,45.30378723144531,28.77954864501953,1777536
2000-06-06,45.006385803222656,45.84901809692383,44.90725326538086,45.74988555908203,29.062923431396484,1694819
2000-06-07,45.452484130859375,45.7994499206543,44.95682144165039,45.502052307128906,28.949657440185547,1281107
2000-06-08,45.35335159301758,45.35335159301758,43.915924072265625,44.213321685791016,28.12973403930664,1264211
2000-06-09,44.16375732421875,45.006385803222656,44.01505661010742,44.56028747558594,28.350481033325195,1364076
2000-06-12,44.362022399902344,44.51072311401367,43.74243927001953,43.74243927001953,27.830137252807617,540436
2000-06-13,43.81679153442383,44.11418914794922,42.627193450927734,42.974159240722656,27.341352462768555,1892533
2000-06-14,42.87502670288086,43.37069320678711,42.23066329956055,43.27156066894531,27.53055763244629,2257573
2000-06-15,43.17242431640625,44.06462478637695,43.07329177856445,43.37069320678711,27.593637466430664,1494583
2000-06-16,43.420257568359375,43.915924072265625,43.02372741699219,43.51939010620117,27.688228607177734,3170109
2000-06-19,43.122859954833984,43.618526458740234,42.42892837524414,43.32112503051758,27.56209945678711,1224996
2000-06-20,43.27156066894531,43.27156066894531,41.23933410644531,41.437599182128906,26.363740921020508,1647156
2000-06-21,42.03239822387695,42.825462341308594,41.28889846801758,41.586299896240234,26.458349227905273,1686623
2000-06-22,41.586299896240234,42.181095123291016,41.28889846801758,41.7349967956543,26.552953720092773,1582218
2000-06-23,42.03239822387695,42.42892837524414,41.48716354370117,42.03239822387695,26.742176055908203,5689074
2000-06-26,42.03239822387695,42.13153076171875,41.33846664428711,41.933265686035156,26.67910385131836,2077134
2000-06-27,41.933265686035156,42.13153076171875,41.04106521606445,41.388031005859375,26.332218170166016,1136352
2000-06-28,41.388031005859375,42.92459487915039,41.28889846801758,42.71393585205078,27.1757869720459,1752065
2000-06-29,42.47849655151367,42.47849655151367,40.84280014038086,40.89236831665039,26.01685333251953,1838817
2000-06-30,41.090633392333984,42.57762908935547,40.54540252685547,42.47849655151367,27.025985717773438,2611895
2000-07-03,42.676761627197266,42.77589416503906,41.18976593017578,41.48716354370117,26.395288467407227,682795
2000-07-05,42.03239822387695,42.13153076171875,40.941932678222656,41.437599182128906,26.363740921020508,1189059
2000-07-06,41.48716354370117,42.03239822387695,41.437599182128906,41.834129333496094,26.616025924682617,1534176
2000-07-07,41.98283004760742,42.329795837402344,40.347137451171875,41.04106521606445,26.111459732055664,1753326
2000-07-10,41.23933410644531,41.586299896240234,41.04106521606445,41.28889846801758,26.269136428833008,1893920
2000-07-11,41.6358642578125,41.68543243408203,40.54540252685547,40.84280014038086,25.985307693481445,2703312
2000-07-12,41.23933410644531,42.181095123291016,41.090633392333984,41.78456497192383,26.58449935913086,1264084
2000-07-13,41.933265686035156,42.825462341308594,41.388031005859375,42.42892837524414,26.994461059570312,1589027
2000-07-14,42.181095123291016,42.7263298034668,41.586299896240234,42.181095123291016,26.836776733398438,1294977
2000-07-17,42.181095123291016,42.7263298034668,42.08196258544922,42.52806091308594,27.057523727416992,1093733
2000-07-18,42.825462341308594,43.420257568359375,42.37936019897461,42.47849655151367,27.025985717773438,1187168
2000-07-19,43.02372741699219,43.469825744628906,42.47849655151367,43.122859954833984,27.435956954956055,904341
2000-07-20,43.17242431640625,43.32112503051758,42.57762908935547,42.676761627197266,27.152137756347656,1073684
2000-07-21,42.37936019897461,42.825462341308594,41.7349967956543,41.98283004760742,26.71062660217285,1194355
2000-07-24,41.28889846801758,42.42892837524414,41.28889846801758,41.834129333496094,26.616025924682617,818975
2000-07-25,41.6358642578125,41.834129333496094,40.347137451171875,40.39670181274414,25.701507568359375,1624837
2000-07-26,40.644535064697266,40.84280014038086,39.25667190551758,39.405372619628906,25.070791244506836,2379379
2000-07-27,39.801902770996094,40.644535064697266,39.801902770996094,40.04973602294922,25.480743408203125,1259671
2000-07-28,40.347137451171875,40.594966888427734,39.25667190551758,39.5045051574707,25.133872985839844,1261815
2000-07-31,39.5045051574707,40.24800109863281,39.25667190551758,39.30624008178711,25.007719039916992,1631646
2000-08-01,40.148868560791016,40.44626998901367,39.851470947265625,40.04973602294922,25.480743408203125,1070531
2000-08-02,40.24800109863281,41.23933410644531,39.90103530883789,41.23933410644531,26.237586975097656,1539220
2000-08-03,40.941932678222656,41.883697509765625,40.793235778808594,41.388031005859375,26.332218170166016,1671618
2000-08-04,41.28889846801758,42.77589416503906,41.23933410644531,42.52806091308594,27.057523727416992,1122734
2000-08-07,42.37936019897461,42.47849655151367,41.48716354370117,42.42892837524414,26.994461059570312,1042917
2000-08-08,42.42892837524414,43.27156066894531,42.42892837524414,43.17242431640625,27.467496871948242,1321709
2000-08-09,42.57762908935547,43.32112503051758,42.37936019897461,43.27156066894531,27.53055763244629,1736430
2000-08-10,43.469825744628906,43.5689582824707,42.825462341308594,43.07329177856445,27.404420852661133,980627
2000-08-11,43.51939010620117,44.56028747558594,43.420257568359375,44.51072311401367,28.318950653076172,1622946
2000-08-14,44.31245422363281,45.997718811035156,42.974159240722656,45.997718811035156,29.265024185180664,2050906
2000-08-15,45.997718811035156,46.54294967651367,45.650753021240234,46.09685134887695,29.328075408935547,2342560
2000-08-16,45.997718811035156,46.49338150024414,45.35335159301758,46.19598388671875,29.391159057617188,1292203
2000-08-17,46.19598388671875,46.29511642456055,44.659423828125,45.25421905517578,28.7919864654541,1679940
2000-08-18,45.40291976928711,46.691646575927734,45.25421905517578,46.691646575927734,29.706514358520508,1290438
2000-08-21,46.49338150024414,47.038612365722656,45.997718811035156,46.889915466308594,29.832672119140625,1169893
2000-08-22,46.394248962402344,47.187313079833984,46.34468460083008,46.98904800415039,29.89571762084961,1017068
2000-08-23,46.98904800415039,47.13774871826172,46.54294967651367,46.59251403808594,29.643449783325195,1274172
2000-08-24,46.54294967651367,47.33601379394531,46.04728317260742,46.59251403808594,29.643449783325195,1471256
2000-08-25,46.49338150024414,46.84034729003906,46.09685134887695,46.394248962402344,29.51729965209961,1122230
2000-08-28,46.09685134887695,47.93081283569336,46.09685134887695,47.58384323120117,30.2741641998291,1925696
2000-08-29,47.78211212158203,47.78211212158203,46.93947982788086,47.038612365722656,29.927248001098633,1714111
2000-08-30,47.08818054199219,47.33601379394531,46.64208221435547,46.84034729003906,29.801136016845703,1201038
2000-08-31,46.84034729003906,48.12907791137695,46.84034729003906,47.2988395690918,30.092830657958984,1634294
2000-09-01,48.32734298706055,48.32734298706055,47.33601379394531,47.8316764831543,30.43183708190918,1162201
2000-09-05,48.17864227294922,48.87257385253906,48.12907791137695,48.57517623901367,30.90486717224121,1471886
2000-09-06,49.16997528076172,49.36824035644531,48.37691116333008,48.8230094909668,31.062549591064453,1769466
2000-09-07,48.8230094909668,49.219539642333984,48.52560806274414,49.02127456665039,31.188697814941406,911528
2000-09-08,48.67430877685547,49.91347122192383,48.27777862548828,49.61607360839844,31.567113876342773,1656234
2000-09-11,49.81433868408203,50.310001373291016,49.219539642333984,49.96303939819336,31.787870407104492,1208099
2000-09-12,50.16130447387695,50.310001373291016,49.566505432128906,49.715206146240234,31.63018226623535,2048636
2000-09-13,49.91347122192383,50.65696716308594,49.269107818603516,50.65696716308594,32.2746696472168,2537752
2000-09-14,50.458702087402344,51.103065490722656,49.96303939819336,50.70653533935547,32.306251525878906,2087473
2000-09-15,50.310001373291016,50.756103515625,49.96303939819336,50.310001373291016,32.0536003112793,1951419
2000-09-18,50.954368591308594,51.103065490722656,49.61607360839844,49.7647705078125,31.70622444152832,2049897
2000-09-19,50.16130447387695,50.60740280151367,49.715206146240234,50.062171936035156,31.895708084106445,1773501
2000-09-20,49.86390686035156,49.86390686035156,48.17864227294922,48.67430877685547,31.011470794677734,2475336
2000-09-21,48.773441314697266,50.012603759765625,48.07950973510742,49.269107818603516,31.390413284301758,1825578
2000-09-22,49.31867218017578,49.96303939819336,48.97170639038086,49.86390686035156,31.769384384155273,1573895
2000-09-25,50.062171936035156,51.15263366699219,49.86390686035156,51.00393295288086,32.495723724365234,2583902
2000-09-26,51.15263366699219,53.333560943603516,51.15263366699219,53.283992767333984,33.94841766357422,3764387
2000-09-27,53.283992767333984,53.8292236328125,51.84656524658203,52.59006118774414,33.50627899169922,1911069
2000-09-28,52.39179611206055,53.08572769165039,51.54916763305664,53.08572769165039,33.82208251953125,1458520
2000-09-29,53.08572769165039,53.283992767333984,52.63962936401367,53.03615951538086,33.79050827026367,2287583
2000-10-02,52.34223175048828,52.8874626159668,50.35956954956055,51.40046691894531,32.748348236083984,1749291
2000-10-03,51.40046691894531,51.598731994628906,50.16130447387695,50.60740280151367,32.24308395385742,1748282
2000-10-04,50.65696716308594,51.15263366699219,49.566505432128906,49.91347122192383,31.800975799560547,1555738
2000-10-05,50.26043701171875,50.90480041503906,49.96303939819336,50.65696716308594,32.2746696472168,1997064
2000-10-06,50.65696716308594,51.15263366699219,50.26043701171875,50.40913772583008,32.116764068603516,1851174
2000-10-09,50.40913772583008,51.15263366699219,50.16130447387695,50.458702087402344,32.14834213256836,1086924
2000-10-10,51.05350112915039,51.747432708740234,50.508270263671875,51.40046691894531,32.748348236083984,2434103
2000-10-11,51.49959945678711,52.044830322265625,50.805667877197266,50.805667877197266,32.369415283203125,1976637
2000-10-12,50.60740280151367,51.8961296081543,50.26043701171875,51.54916763305664,32.843109130859375,2001604
2000-10-13,51.35089874267578,51.35089874267578,49.46737289428711,50.11173629760742,31.927288055419922,2937720
2000-10-16,48.37691116333008,48.67430877685547,46.889915466308594,47.8316764831543,30.474611282348633,4173055
2000-10-17,47.8316764831543,47.93081283569336,47.08818054199219,47.534278869628906,30.285139083862305,2541787
2000-10-18,47.534278869628906,48.27777862548828,47.08818054199219,47.980377197265625,30.56936264038086,3222438
2000-10-19,48.27777862548828,48.723873138427734,47.88124465942383,48.62474060058594,30.979900360107422,2092643
2000-10-20,48.17864227294922,49.96303939819336,48.17864227294922,49.6656379699707,31.64307975769043,2039179
2000-10-23,49.516937255859375,49.91347122192383,48.27777862548828,48.723873138427734,31.04306411743164,1817129
2000-10-24,48.87257385253906,50.756103515625,48.87257385253906,50.40913772583008,32.116764068603516,2130093
2000-10-25,50.55783462524414,51.35089874267578,50.16130447387695,51.00393295288086,32.495723724365234,3266823
2000-10-26,51.00393295288086,51.45003128051758,50.062171936035156,50.35956954956055,32.085208892822266,1819273
2000-10-27,50.16130447387695,50.60740280151367,49.36824035644531,50.012603759765625,31.864137649536133,1524341
2000-10-30,50.508270263671875,52.34223175048828,50.35956954956055,52.34223175048828,33.3484001159668,1941331
2000-10-31,52.34223175048828,52.59006118774414,50.90480041503906,51.7969970703125,33.00102233886719,2155942
2000-11-01,51.7969970703125,52.094398498535156,50.756103515625,51.35089874267578,32.716793060302734,1142909
2000-11-02,52.044830322265625,52.14396286010742,51.598731994628906,51.94569778442383,33.09575271606445,1697341
2000-11-03,51.94569778442383,52.19353103637695,50.65696716308594,50.90480041503906,32.43256378173828,1043674
2000-11-06,50.90480041503906,51.747432708740234,50.40913772583008,51.64830017089844,32.90625762939453,1320953
2000-11-07,51.84656524658203,51.84656524658203,50.954368591308594,51.45003128051758,32.779930114746094,1161066
2000-11-08,52.34223175048828,52.34223175048828,51.15263366699219,51.40046691894531,32.748348236083984,1241009
2000-11-09,51.40046691894531,52.59006118774414,51.251766204833984,51.54916763305664,32.843109130859375,2135010
2000-11-10,52.73876190185547,53.9283561706543,52.044830322265625,52.6891975402832,33.5694465637207,2770646
2000-11-13,52.24309539794922,52.24309539794922,50.8552360534668,51.598731994628906,32.87467575073242,2952347
2000-11-14,51.747432708740234,53.08572769165039,51.49959945678711,53.08572769165039,33.82208251953125,2885769
2000-11-15,53.08572769165039,53.482261657714844,52.6891975402832,53.482261657714844,34.0747184753418,2468022
2000-11-16,53.38312530517578,53.38312530517578,52.59006118774414,53.18486022949219,33.885257720947266,1808555
2000-11-17,53.7300910949707,54.22575759887695,53.283992767333984,53.779659271240234,34.26421356201172,2770898
2000-11-20,53.8292236328125,54.67185592651367,53.779659271240234,54.62228775024414,34.80107116699219,2468275
2000-11-21,54.37445831298828,54.96925354003906,53.9283561706543,54.22575759887695,34.54840850830078,2620091
2000-11-22,54.572723388671875,54.62228775024414,53.630958557128906,54.22575759887695,34.54840850830078,2027201
2000-11-24,54.72142028808594,54.72142028808594,53.9283561706543,54.47359085083008,34.70632553100586,492772
2000-11-27,54.47359085083008,54.67185592651367,53.53182601928711,53.779659271240234,34.26421356201172,1951292
2000-11-28,53.779659271240234,54.32489013671875,52.93702697753906,53.630958557128906,34.16946792602539,2293005
2000-11-29,53.630958557128906,53.7300910949707,52.34223175048828,52.6891975402832,33.5694465637207,2317089
2000-11-30,51.94569778442383,52.540496826171875,51.598731994628906,52.34223175048828,33.3484001159668,2148376
2000-12-01,52.34223175048828,52.34223175048828,51.15263366699219,51.49959945678711,32.81153869628906,2205370
2000-12-04,51.8961296081543,52.29266357421875,51.54916763305664,51.6978645324707,32.937835693359375,1410353
2000-12-05,51.54916763305664,51.7969970703125,50.21086883544922,51.7969970703125,33.00102233886719,2538509
2000-12-06,50.35956954956055,52.73876190185547,50.35956954956055,52.490928649902344,33.44314193725586,2706843
2000-12-07,51.54916763305664,52.094398498535156,51.301334381103516,51.598731994628906,32.92591857910156,1307334
2000-12-08,51.251766204833984,51.45003128051758,49.16997528076172,49.96303939819336,31.882156372070312,2450748
2000-12-11,50.55783462524414,50.55783462524414,48.37691116333008,48.57517623901367,30.996551513671875,2128832
2000-12-12,49.16997528076172,49.41780471801758,48.67430877685547,49.02127456665039,31.281208038330078,1367355
2000-12-13,49.16997528076172,49.86390686035156,49.07084274291992,49.36824035644531,31.50262451171875,2009295
2000-12-14,49.7647705078125,50.954368591308594,49.12040710449219,50.21086883544922,32.040321350097656,2195535
2000-12-15,48.17864227294922,48.27777862548828,46.889915466308594,47.484710693359375,30.30070686340332,5235138
2000-12-18,47.58384323120117,47.88124465942383,46.84034729003906,47.43514633178711,30.269075393676758,2457557
2000-12-19,47.187313079833984,47.58384323120117,46.889915466308594,47.236881256103516,30.14255714416504,2506859
2000-12-20,46.84034729003906,47.43514633178711,46.443817138671875,46.741214752197266,29.826282501220703,3688100
2000-12-21,46.54294967651367,46.93947982788086,46.394248962402344,46.79077911376953,29.857892990112305,2269930
2000-12-22,46.79077911376953,47.28644561767578,46.443817138671875,47.187313079833984,30.11093521118164,1552964
2000-12-26,47.236881256103516,48.62474060058594,47.187313079833984,48.52560806274414,30.964927673339844,1300778
2000-12-27,48.723873138427734,49.91347122192383,48.723873138427734,49.81433868408203,31.787288665771484,1352350
2000-12-28,50.458702087402344,50.65696716308594,49.86390686035156,50.26043701171875,32.071937561035156,1207595
2000-12-29,50.756103515625,50.756103515625,49.96303939819336,50.21086883544922,32.040321350097656,1114538
2001-01-02,50.16130447387695,50.40913772583008,48.97170639038086,49.219539642333984,31.407739639282227,2220123
2001-01-03,49.16997528076172,49.61607360839844,47.980377197265625,48.17864227294922,30.743515014648438,1927587
2001-01-04,48.22821044921875,48.37691116333008,43.32112503051758,44.95682144165039,28.687631607055664,5021032
2001-01-05,43.618526458740234,44.26288986206055,43.02372741699219,43.51939010620117,27.77037239074707,3097984
2001-01-08,43.5689582824707,46.98904800415039,43.5689582824707,46.691646575927734,29.794645309448242,3641698
2001-01-09,46.79077911376953,48.62474060058594,46.59251403808594,48.12907791137695,30.711902618408203,3301751
2001-01-10,47.78211212158203,48.62474060058594,47.28644561767578,48.27777862548828,30.806779861450195,3194445
2001-01-11,48.32734298706055,49.269107818603516,47.93081283569336,48.029945373535156,30.648622512817383,1839700
2001-01-12,48.37691116333008,49.715206146240234,48.27777862548828,49.02127456665039,31.281208038330078,2391106
2001-01-16,48.97170639038086,49.516937255859375,48.62474060058594,49.16997528076172,31.376110076904297,1919265
2001-01-17,49.36824035644531,49.36824035644531,47.8316764831543,47.8316764831543,30.522109985351562,2330581
2001-01-18,47.980377197265625,48.62474060058594,47.08818054199219,47.6334114074707,30.395601272583008,2928137
2001-01-19,47.682979583740234,49.219539642333984,47.38557815551758,47.58384323120117,30.36397361755371,3110089
2001-01-22,47.58384323120117,47.682979583740234,45.997718811035156,46.54294967651367,29.69976234436035,2838989
2001-01-23,46.98904800415039,47.88124465942383,46.79077911376953,47.187313079833984,30.11093521118164,2231850
2001-01-24,47.78211212158203,48.07950973510742,47.38557815551758,47.682979583740234,30.427236557006836,1692927
2001-01-25,47.78211212158203,48.426475524902344,47.534278869628906,47.534278869628906,30.33234214782715,1733656
2001-01-26,47.7325439453125,48.029945373535156,46.79077911376953,47.13774871826172,30.079303741455078,1782454
2001-01-29,47.13972854614258,48.297603607177734,47.13972854614258,47.980377197265625,30.61701202392578,1038378
2001-01-30,48.368980407714844,48.368980407714844,47.02870178222656,47.68694305419922,30.429773330688477,2011817
2001-01-31,47.187313079833984,47.61556625366211,46.47355651855469,47.472816467285156,30.29311752319336,2837980
2001-02-01,46.885948181152344,47.39350891113281,46.63216781616211,47.345924377441406,30.212154388427734,1972224
2001-02-02,47.3062744140625,47.3062744140625,44.847774505615234,45.759796142578125,29.200014114379883,4774267
2001-02-05,45.759796142578125,46.79077911376953,45.759796142578125,46.77492141723633,29.847774505615234,1480965
2001-02-06,46.78285217285156,47.8217658996582,46.35459518432617,47.298343658447266,30.181774139404297,1540733
2001-02-07,47.187313079833984,47.58384323120117,46.925601959228516,47.3300666809082,30.2020320892334,1435571
2001-02-08,47.38557815551758,47.845558166503906,47.3062744140625,47.544193267822266,30.338668823242188,1505679
2001-02-09,47.544193267822266,47.58384323120117,47.068355560302734,47.25075912475586,30.15142822265625,1269380
2001-02-12,46.870086669921875,47.2824821472168,46.307010650634766,46.79871368408203,29.862951278686523,1364581
2001-02-13,46.870086669921875,48.15485382080078,46.870086669921875,47.56798553466797,30.353866577148438,1556999
2001-02-14,46.94939422607422,47.258689880371094,46.72733688354492,46.89387893676758,29.923677444458008,1755344
2001-02-15,46.57665252685547,47.21110534667969,46.433902740478516,46.72733688354492,29.81740951538086,1517910
2001-02-16,46.67182159423828,46.79077911376953,45.52187728881836,46.735267639160156,29.82248878479004,1818138
2001-02-20,45.958065032958984,46.433902740478516,45.0619010925293,45.165000915527344,28.820465087890625,2209153
2001-02-21,44.847774505615234,46.3387336730957,44.847774505615234,45.68049240112305,29.1494140625,1217178
2001-02-22,45.67256164550781,45.67256164550781,44.60985565185547,45.204654693603516,28.845781326293945,2148376
2001-02-23,45.52187728881836,45.52187728881836,44.71295166015625,44.89535903930664,28.648412704467773,2152663
2001-02-26,44.89535903930664,45.68049240112305,44.64950942993164,45.68049240112305,29.1494140625,2107774
2001-02-27,45.68049240112305,45.95013427734375,45.04603958129883,45.95013427734375,29.321460723876953,1974115
2001-02-28,45.997718811035156,47.16352081298828,45.997718811035156,46.79077911376953,29.857892990112305,2377992
2001-03-01,46.67182159423828,46.941463470458984,45.98978805541992,46.941463470458984,29.954050064086914,1909556
2001-03-02,46.275291442871094,47.38557815551758,45.83910369873047,46.74319839477539,29.827543258666992,1718272
2001-03-05,46.31494140625,47.36178970336914,45.870826721191406,46.91767120361328,29.93887710571289,1614750
2001-03-06,47.42523193359375,47.42523193359375,46.394248962402344,46.59251403808594,29.73138427734375,1335327
2001-03-07,46.98904800415039,47.10800552368164,46.394248962402344,46.67182159423828,29.834299087524414,1285268
2001-03-08,46.63216781616211,47.17938232421875,46.433902740478516,47.171451568603516,30.153671264648438,1549560
2001-03-09,47.16352081298828,47.171451568603516,45.83910369873047,45.870826721191406,29.32227325439453,2590837
2001-03-12,44.60985565185547,45.149139404296875,44.19746017456055,44.213321685791016,28.26273536682129,2511651
2001-03-13,44.22125244140625,44.73674392700195,44.22125244140625,44.57813262939453,28.49593162536621,1774510
2001-03-14,43.53921890258789,43.97540283203125,42.58754348754883,42.58754348754883,27.223485946655273,4330798
2001-03-15,42.11170196533203,43.103031158447266,40.731773376464844,41.278987884521484,26.387014389038086,5437518
2001-03-16,41.04106521606445,41.16002655029297,38.439815521240234,39.56596755981445,25.2919864654541,6759227
2001-03-19,39.56596755981445,41.961021423339844,39.33597946166992,41.04106521606445,26.234922409057617,3316378
2001-03-20,41.04106521606445,41.67551803588867,40.44626998901367,40.477989196777344,25.874984741210938,2750723
2001-03-21,40.12904357910156,42.23066329956055,40.12904357910156,41.6358642578125,26.615137100219727,4300913
2001-03-22,41.556556701660156,42.71443176269531,40.37489318847656,41.437599182128906,26.48839569091797,3085879
2001-03-23,41.6358642578125,42.27031707763672,40.84280014038086,40.84280014038086,26.108190536499023,2408002
2001-03-26,41.834129333496094,42.96821212768555,41.6596565246582,42.40513610839844,27.106882095336914,1900729
2001-03-27,42.40513610839844,43.103031158447266,41.31863784790039,42.97614288330078,27.471893310546875,1994416
2001-03-28,42.627193450927734,42.666847229003906,42.056190490722656,42.35755157470703,27.076473236083984,1551955
2001-03-29,42.317901611328125,42.627193450927734,41.47725296020508,42.07204818725586,26.893959045410156,1653839
2001-03-30,42.627193450927734,43.618526458740234,41.683448791503906,43.12682342529297,27.568220138549805,1848653
2001-04-02,43.103031158447266,44.11815643310547,42.76994705200195,43.21406173706055,27.62397003173828,2652623
2001-04-03,43.18233871459961,43.18233871459961,41.643795013427734,41.715171813964844,26.665830612182617,1605545
2001-04-04,40.12904357910156,41.627933502197266,40.12904357910156,41.326568603515625,26.417423248291016,3292672
2001-04-05,41.397945404052734,42.60340118408203,41.397945404052734,42.40513610839844,27.106882095336914,1729116
2001-04-06,42.38927459716797,42.38927459716797,41.080718994140625,41.59621047973633,26.589794158935547,1303299
2001-04-09,41.397945404052734,42.547889709472656,41.397945404052734,42.11170196533203,26.91929817199707,1171028
2001-04-10,42.03239822387695,43.42818832397461,41.715171813964844,42.00860595703125,26.853403091430664,2419224
2001-04-11,40.04973602294922,40.72384262084961,39.33597946166992,40.12904357910156,25.65192222595215,5112323
2001-04-12,40.04973602294922,40.86659240722656,39.70078659057617,40.84280014038086,26.108190536499023,3036703
2001-04-16,40.44626998901367,40.88245391845703,39.621482849121094,39.97835922241211,25.555601119995117,2374713
2001-04-17,39.97835922241211,42.03239822387695,39.97835922241211,40.68418884277344,26.00678825378418,4111648
2001-04-18,41.23933410644531,43.64231872558594,41.23933410644531,43.04751968383789,27.517520904541016,3261023
2001-04-19,42.508235931396484,43.48370361328125,42.436859130859375,42.8651123046875,27.400917053222656,2347225
2001-04-20,42.666847229003906,42.69063949584961,41.715171813964844,42.262386322021484,27.015621185302734,2074233
2001-04-23,42.07204818725586,42.07998275756836,41.096580505371094,41.3662223815918,26.44277000427246,1392700
2001-04-24,40.84280014038086,42.03239822387695,40.763492584228516,41.23933410644531,26.361650466918945,2016357
2001-04-25,40.644535064697266,42.63512420654297,40.644535064697266,42.11170196533203,26.91929817199707,1643499
2001-04-26,42.74615478515625,43.49956512451172,41.556556701660156,42.016536712646484,26.858474731445312,2699530
2001-04-27,42.11170196533203,43.41232681274414,42.03239822387695,43.41232681274414,27.75070571899414,1658504
2001-04-30,43.420257568359375,43.82472229003906,42.302040100097656,43.02372741699219,27.50231170654297,1794054
2001-05-01,42.3496208190918,43.06338119506836,41.97688293457031,42.77787780761719,27.345151901245117,1817886
2001-05-02,42.825462341308594,43.26164627075195,41.95309066772461,42.000675201416016,26.84834098815918,2568267
2001-05-03,42.27031707763672,42.38927459716797,40.9221076965332,41.60414123535156,26.594860076904297,1861388
2001-05-04,41.60414123535156,41.89757537841797,41.017276763916016,41.437599182128906,26.48839569091797,2003243
2001-05-07,41.47725296020508,42.03239822387695,40.93003845214844,41.754825592041016,26.691179275512695,1652578
2001-05-08,41.6358642578125,42.11170196533203,41.437599182128906,42.03239822387695,26.868608474731445,2205875
2001-05-09,41.873783111572266,42.72236251831055,41.397945404052734,41.96895217895508,26.82805061340332,1548803
2001-05-10,42.21480178833008,42.72236251831055,42.119632720947266,42.34169387817383,27.066333770751953,1144422
2001-05-11,42.3496208190918,42.41306686401367,41.25519561767578,41.469322204589844,26.50867462158203,1610967
2001-05-14,41.04106521606445,41.873783111572266,40.850730895996094,41.873783111572266,26.7672176361084,1771736
2001-05-15,41.86585235595703,42.33375930786133,41.437599182128906,41.834129333496094,26.741880416870117,1370129
2001-05-16,41.873783111572266,44.181602478027344,41.6358642578125,44.094364166259766,28.186697006225586,2248116
2001-05-17,44.01505661010742,44.213321685791016,43.26164627075195,44.04677963256836,28.156288146972656,2519595
2001-05-18,43.935752868652344,44.26090621948242,43.53921890258789,44.18952941894531,28.24753761291504,1888750
2001-05-21,44.01505661010742,45.204654693603516,44.01505661010742,45.03017807006836,28.78489875793457,1451459
2001-05-22,45.006385803222656,45.323612213134766,44.17367172241211,44.34814453125,28.34892463684082,1566078
2001-05-23,44.411590576171875,44.847774505615234,43.81679153442383,43.97540283203125,28.11065673828125,1352224
2001-05-24,43.97540283203125,44.60985565185547,43.75334548950195,44.44331359863281,28.409761428833008,1701880
2001-05-25,44.72881317138672,45.204654693603516,44.3719367980957,44.411590576171875,28.389476776123047,1093859
2001-05-29,44.411590576171875,44.514686584472656,43.935752868652344,43.935752868652344,28.085308074951172,1009124
2001-05-30,43.94367980957031,44.45124053955078,43.42818832397461,43.45991134643555,27.781137466430664,1099911
2001-05-31,43.45991134643555,43.57094192504883,42.6192626953125,42.6192626953125,27.243764877319336,1826712
2001-06-01,42.90476608276367,44.094364166259766,42.63512420654297,43.3409538269043,27.705097198486328,1243910
2001-06-04,43.44404983520508,44.33228302001953,43.44404983520508,43.84058380126953,28.02447509765625,914176
2001-06-05,43.53921890258789,45.24430465698242,43.53921890258789,45.12534713745117,28.845731735229492,1442128
2001-06-06,45.04603958129883,45.24430465698242,44.42744827270508,44.530548095703125,28.517139434814453,1613237
2001-06-07,44.45124053955078,44.657440185546875,43.87230682373047,44.01505661010742,28.18701934814453,2238281
2001-06-08,44.01505661010742,44.022987365722656,43.29336929321289,43.3409538269043,27.755342483520508,876096
2001-06-11,43.59473419189453,43.618526458740234,43.02372741699219,43.3409538269043,27.755342483520508,1260806
2001-06-12,43.3409538269043,43.3409538269043,42.58754348754883,42.912696838378906,27.481082916259766,1536698
2001-06-13,43.02372741699219,43.02372741699219,42.29410934448242,42.29410934448242,27.08493423461914,1238740
2001-06-14,42.32583236694336,42.34169387817383,40.55729675292969,40.84280014038086,26.155542373657227,2482145
2001-06-15,40.763492584228516,42.04032516479492,40.763492584228516,41.30277633666992,26.450105667114258,3266697
2001-06-18,41.46139144897461,41.91343688964844,41.397945404052734,41.42173767089844,26.526281356811523,1249962
2001-06-19,41.79447937011719,42.42892837524414,41.35036087036133,41.508975982666016,26.58214569091797,1335579
2001-06-20,41.67551803588867,42.944419860839844,41.23140335083008,41.3900146484375,26.505964279174805,2433347
2001-06-21,41.3900146484375,42.33375930786133,41.278987884521484,41.437599182128906,26.536439895629883,1481343
2001-06-22,41.51690673828125,41.84206008911133,40.84280014038086,40.9221076965332,26.206323623657227,1953688
2001-06-25,40.93003845214844,41.91343688964844,40.93003845214844,41.00141525268555,26.257099151611328,1478191
2001-06-26,41.009342193603516,41.65172576904297,40.99348449707031,41.437599182128906,26.536439895629883,1834278
2001-06-27,41.35829162597656,41.754825592041016,40.9221076965332,40.9221076965332,26.206323623657227,1531402
2001-06-28,40.9221076965332,41.715171813964844,40.850730895996094,41.03313446044922,26.277416229248047,1976889
2001-06-29,41.23140335083008,41.6358642578125,39.31218719482422,39.415283203125,25.241357803344727,2585667
2001-07-02,39.8911247253418,41.437599182128906,39.8911247253418,40.96969223022461,26.236785888671875,1839574
2001-07-03,41.715171813964844,41.715171813964844,41.04899597167969,41.08864974975586,26.312973022460938,1170902
2001-07-05,41.08864974975586,41.271053314208984,40.8983154296875,40.99348449707031,26.252031326293945,1126391
2001-07-06,40.20042037963867,40.68418884277344,39.970428466796875,40.52557373046875,25.952377319335938,1808681
2001-07-09,40.604881286621094,42.03239822387695,40.604881286621094,41.8817138671875,26.820842742919922,1967685
2001-07-10,42.27031707763672,42.27031707763672,41.326568603515625,41.59621047973633,26.63800621032715,1796324
2001-07-11,41.397945404052734,41.76275634765625,41.152095794677734,41.30277633666992,26.450105667114258,1682210
2001-07-12,41.1203727722168,42.80167007446289,41.096580505371094,42.666847229003906,27.323646545410156,1776023
2001-07-13,42.03239822387695,42.547889709472656,41.79447937011719,42.420997619628906,27.166200637817383,1157788
2001-07-16,42.30997085571289,42.3496208190918,41.9055061340332,42.07204818725586,26.94272804260254,952634
2001-07-17,41.95309066772461,42.65098571777344,41.802406311035156,42.61133575439453,27.288095474243164,1154888
2001-07-18,42.61133575439453,42.61133575439453,41.44552993774414,42.11170196533203,26.96813201904297,1446163
2001-07-19,42.11170196533203,42.78580856323242,42.11170196533203,42.78580856323242,27.399824142456055,1368111
2001-07-20,42.666847229003906,42.67477798461914,42.1513557434082,42.27031707763672,27.069705963134766,1006602
2001-07-23,42.191009521484375,42.28617858886719,41.080718994140625,41.152095794677734,26.353609085083008,1329401
2001-07-24,41.080718994140625,41.59621047973633,40.55729675292969,40.644535064697266,26.02855682373047,3593657
2001-07-25,40.644535064697266,40.961761474609375,40.61281204223633,40.9221076965332,26.206323623657227,2522873
2001-07-26,40.84280014038086,40.8745231628418,40.041805267333984,40.477989196777344,25.921903610229492,1573769
2001-07-27,40.604881286621094,40.75556564331055,40.287654876708984,40.44626998901367,25.901582717895508,1675653
2001-07-30,40.46213150024414,40.763492584228516,40.04973602294922,40.327308654785156,25.825408935546875,2220501
2001-07-31,40.44626998901367,40.93003845214844,40.287654876708984,40.4066162109375,25.87620735168457,1769970
2001-08-01,40.44626998901367,40.44626998901367,39.44700622558594,39.6452751159668,25.38863754272461,3906242
2001-08-02,39.65320587158203,39.6690673828125,37.987770080566406,38.33671951293945,24.5506534576416,5521496
2001-08-03,37.829158782958984,37.829158782958984,37.14712142944336,37.2264289855957,23.839622497558594,4217818
2001-08-06,37.23435974121094,38.606361389160156,37.2264289855957,38.02742385864258,24.352584838867188,3361771
2001-08-07,38.1622428894043,38.37636947631836,38.075008392333984,38.25741195678711,24.499862670898438,2008287
2001-08-08,38.10673141479492,38.606361389160156,37.92432403564453,38.15431213378906,24.433834075927734,2022031
2001-08-09,38.15431213378906,38.73324966430664,37.90846252441406,38.622222900390625,24.73348045349121,2483406
2001-08-10,38.622222900390625,38.93944549560547,38.15431213378906,38.4556770324707,24.6268367767334,1991642
2001-08-13,38.50326156616211,39.02668380737305,37.6705436706543,38.265342712402344,24.504941940307617,2393754
2001-08-14,37.78157424926758,38.63015365600586,37.78157424926758,38.54291534423828,24.682697296142578,3568060
2001-08-15,39.177364349365234,39.65320587158203,38.741180419921875,39.304256439208984,25.170242309570312,2534221
2001-08-16,39.33597946166992,39.81181716918945,39.098060607910156,39.6928596496582,25.419103622436523,1829486
2001-08-17,39.6452751159668,39.6452751159668,39.16943359375,39.33597946166992,25.190567016601562,2114205
2001-08-20,39.343910217285156,39.851470947265625,39.177364349365234,39.740440368652344,25.449583053588867,1686371
2001-08-21,39.851470947265625,41.23140335083008,39.73250961303711,40.35110092163086,25.840656280517578,2287709
2001-08-22,40.52557373046875,40.8983154296875,40.21628189086914,40.54143524169922,25.962535858154297,1297499
2001-08-23,40.54143524169922,41.42966842651367,40.52557373046875,41.25519561767578,26.419639587402344,1632277
2001-08-24,41.19968032836914,42.365482330322266,41.17588806152344,42.135494232177734,26.983369827270508,1819525
2001-08-27,42.15928649902344,42.191009521484375,42.016536712646484,42.02446746826172,26.91225814819336,1389043
2001-08-28,42.056190490722656,42.175148010253906,41.627933502197266,41.78654861450195,26.759904861450195,2208144
2001-08-29,41.91343688964844,42.72236251831055,41.86585235595703,42.72236251831055,27.35918617248535,2413802
2001-08-30,42.03239822387695,42.35755157470703,41.3900146484375,41.42173767089844,26.526281356811523,2559566
2001-08-31,41.31863784790039,41.58034896850586,41.04899597167969,41.04899597167969,26.2875919342041,1772366
2001-09-04,41.23933410644531,41.588279724121094,40.961761474609375,41.16002655029297,26.358680725097656,2476471
2001-09-05,40.9221076965332,41.19968032836914,40.37489318847656,40.49385452270508,25.932064056396484,2330833
2001-09-06,40.36696243286133,40.36696243286133,39.415283203125,39.65320587158203,25.393712997436523,3896154
2001-09-07,39.661136627197266,40.52557373046875,39.62941360473633,39.661136627197266,25.39879035949707,3481434
2001-09-10,39.01875305175781,40.58108901977539,38.89979553222656,40.43833923339844,25.89651870727539,3554694
2001-09-17,38.86014175415039,39.795955657958984,37.829158782958984,38.06707763671875,24.489389419555664,4352612
2001-09-18,38.06707763671875,39.661136627197266,37.829158782958984,39.63734436035156,25.49958610534668,2557927
2001-09-19,39.51045227050781,39.51838302612305,36.91713333129883,38.78083419799805,24.94856071472168,3682552
2001-09-20,38.06707763671875,38.075008392333984,35.44996643066406,35.465824127197266,22.815954208374023,4344163
2001-09-21,32.515628814697266,36.48094940185547,32.515628814697266,34.88689041137695,22.443506240844727,5684156
2001-09-24,34.88689041137695,37.27401351928711,34.88689041137695,35.7037467956543,22.968997955322266,3619506
2001-09-25,36.044761657714844,36.32233428955078,35.05343246459961,35.291351318359375,22.703702926635742,2656532
2001-09-26,36.48094940185547,36.48094940185547,34.815513610839844,35.09308624267578,22.576168060302734,2152285
2001-09-27,35.101016998291016,35.99717712402344,34.69655227661133,35.101016998291016,22.581262588500977,2901279
2001-09-28,35.37065887451172,37.440555572509766,35.37065887451172,37.30573654174805,23.999597549438477,2249125
2001-10-01,37.194705963134766,37.630889892578125,37.036094665527344,37.23435974121094,23.95368766784668,2742149
2001-10-02,37.6705436706543,38.41602325439453,37.400901794433594,38.2098274230957,24.581220626831055,2270813
2001-10-03,38.06707763671875,40.44626998901367,37.773643493652344,39.6690673828125,25.519989013671875,2225671
2001-10-04,40.04973602294922,40.24800109863281,39.098060607910156,39.10599136352539,25.15774917602539,4136488
2001-10-05,39.10599136352539,39.113922119140625,38.003631591796875,38.7015266418457,24.897554397583008,2448478
2001-10-08,38.55877685546875,38.84428024291992,37.82122802734375,38.24155044555664,24.601640701293945,1647912
2001-10-09,38.66187286376953,39.3994255065918,37.86880874633789,38.21775817871094,24.58632469177246,1859118
2001-10-10,38.2098274230957,40.00215148925781,38.02742385864258,39.70078659057617,25.540386199951172,1636564
2001-10-11,39.724578857421875,40.36696243286133,39.217018127441406,40.01008224487305,25.739368438720703,2483028
2001-10-12,39.33597946166992,39.65320587158203,38.06707763671875,38.96323776245117,25.065916061401367,1899846
2001-10-15,38.78083419799805,39.09012985229492,38.46360778808594,38.78083419799805,24.94856071472168,1305569
2001-10-16,38.78083419799805,39.33597946166992,38.54291534423828,39.13771438598633,25.17816162109375,1304813
2001-10-17,39.13771438598633,39.970428466796875,38.622222900390625,38.622222900390625,24.846527099609375,2104748
2001-10-18,38.622222900390625,38.97909927368164,38.265342712402344,38.384300231933594,24.6934757232666,1499248
2001-10-19,38.58256912231445,39.098060607910156,38.28120422363281,38.84428024291992,24.989389419555664,1532915
2001-10-22,38.46360778808594,39.795955657958984,38.46360778808594,39.50252151489258,25.412851333618164,1589027
2001-10-23,39.65320587158203,40.961761474609375,39.478729248046875,39.6690673828125,25.519989013671875,2110926
2001-10-24,39.65320587158203,40.20834732055664,39.65320587158203,39.9149169921875,25.67814826965332,1939692
2001-10-25,39.6452751159668,40.93796920776367,39.51838302612305,40.63660430908203,26.142427444458008,1681579
2001-10-26,40.44626998901367,41.23933410644531,40.33523941040039,40.75556564331055,26.218961715698242,2021400
2001-10-29,40.660396575927734,40.763492584228516,40.287654876708984,40.287654876708984,25.917936325073242,1852057
2001-10-30,40.24800109863281,40.533504486083984,39.962501525878906,40.44626998901367,26.019973754882812,2245216
2001-10-31,40.44626998901367,41.1441650390625,40.44626998901367,40.96969223022461,26.356698989868164,2088482
2001-11-01,40.961761474609375,42.02446746826172,40.44626998901367,41.95309066772461,26.989343643188477,2825749
2001-11-02,41.54069519042969,42.72236251831055,41.54069519042969,42.547889709472656,27.371984481811523,2687929
2001-11-05,42.53995895385742,43.1426887512207,42.53995895385742,43.1426887512207,27.754648208618164,3142747
2001-11-06,42.8651123046875,42.8651123046875,42.23066329956055,42.60340118408203,27.40770721435547,2215079
2001-11-07,42.563751220703125,42.81753158569336,42.420997619628906,42.682708740234375,27.4587345123291,2054437
2001-11-08,42.69063949584961,43.18233871459961,42.508235931396484,42.5954704284668,27.402612686157227,1790398
2001-11-09,42.666847229003906,43.22199249267578,42.46858215332031,43.0951042175293,27.724027633666992,938764
2001-11-12,43.103031158447266,43.531288146972656,42.547889709472656,43.39646530151367,27.91790199279785,2038675
2001-11-13,43.49956512451172,44.01505661010742,43.06338119506836,43.95954132080078,28.28014373779297,1901864
2001-11-14,44.72881317138672,44.72881317138672,43.71369171142578,44.284698486328125,28.489320755004883,2219745
2001-11-15,44.284698486328125,45.12534713745117,44.102294921875,44.411590576171875,28.570959091186523,2555027
2001-11-16,44.411590576171875,44.44331359863281,43.65024948120117,43.76127624511719,28.152584075927734,1777032
2001-11-19,43.81679153442383,45.18086242675781,43.81679153442383,45.18086242675781,29.065853118896484,1918004
2001-11-20,44.80812072753906,45.12534713745117,44.546409606933594,44.641578674316406,28.718910217285156,2380009
2001-11-21,44.44331359863281,44.593994140625,43.904029846191406,44.395729064941406,28.560760498046875,1172036
2001-11-23,44.17367172241211,45.085693359375,44.17367172241211,44.919151306152344,28.897485733032227,470958
2001-11-26,44.76846694946289,44.95880126953125,44.55434036254883,44.93501281738281,28.907684326171875,1238992
2001-11-27,44.49089431762695,44.72881317138672,43.59473419189453,44.459171295166016,28.60157585144043,2702051
2001-11-28,44.459171295166016,44.459171295166016,43.864376068115234,43.967472076416016,28.28524398803711,1512740
2001-11-29,43.896095275878906,44.13401794433594,43.618526458740234,43.935752868652344,28.264846801757812,1294725
2001-11-30,44.01505661010742,44.29262924194336,43.75334548950195,43.983333587646484,28.29544448852539,1499122
2001-12-03,43.935752868652344,44.30849075317383,43.53921890258789,43.8326530456543,28.198509216308594,1851553
2001-12-04,43.8326530456543,44.80018997192383,43.51542663574219,44.48296356201172,28.61687469482422,1839070
2001-12-05,44.80812072753906,46.37045669555664,44.49882507324219,45.98185729980469,29.581144332885742,2454783
2001-12-06,45.87875747680664,47.49660873413086,45.624977111816406,47.10800552368164,30.305618286132812,2510768
2001-12-07,47.187313079833984,47.488677978515625,46.98904800415039,47.46488571166992,30.535215377807617,3194698
2001-12-10,47.26662063598633,47.38557815551758,46.15633010864258,46.3387336730957,29.810726165771484,1745887
2001-12-11,46.57665252685547,46.885948181152344,46.378387451171875,46.624237060546875,29.994396209716797,1786363
2001-12-12,46.59251403808594,47.19524383544922,46.275291442871094,47.187313079833984,30.416128158569336,1701880
2001-12-13,47.15559005737305,47.16352081298828,46.203914642333984,46.28321838378906,29.8333740234375,1706293
2001-12-14,46.19598388671875,46.70354461669922,45.66463088989258,45.712215423583984,29.465316772460938,2305614
2001-12-17,45.997718811035156,46.97318649291992,45.91841125488281,46.71940612792969,30.114540100097656,1644760
2001-12-18,46.63216781616211,46.90974044799805,46.38631820678711,46.70354461669922,30.104305267333984,1727729
2001-12-19,45.958065032958984,47.068355560302734,45.53773880004883,46.71147537231445,30.109432220458984,2674311
2001-12-20,47.258689880371094,47.560054779052734,46.83043670654297,47.14765930175781,30.390575408935547,2117609
2001-12-21,47.38557815551758,47.38557815551758,46.608375549316406,47.36971664428711,30.533723831176758,3597692
2001-12-24,47.36971664428711,47.38557815551758,46.71147537231445,46.806644439697266,30.170766830444336,611678
2001-12-26,46.885948181152344,47.45695495605469,46.79077911376953,46.870086669921875,30.211645126342773,1017320
2001-12-27,47.26662063598633,47.45695495605469,47.100074768066406,47.377647399902344,30.538814544677734,1101046
2001-12-28,47.504539489746094,47.861419677734375,47.345924377441406,47.7979736328125,30.809757232666016,1416405
2001-12-31,47.87727737426758,47.87727737426758,46.71147537231445,46.71147537231445,30.109432220458984,1531780
2002-01-02,47.15559005737305,47.21110534667969,46.0928840637207,46.49734878540039,29.971393585205078,3455837
2002-01-03,46.49734878540039,46.870086669921875,46.03737258911133,46.47355651855469,29.956066131591797,1700871
2002-01-04,46.35459518432617,46.78285217285156,46.03737258911133,46.394248962402344,29.904951095581055,1528124
2002-01-07,46.116676330566406,46.505279541015625,45.283958435058594,45.40291976928711,29.265949249267578,2238785
2002-01-08,45.83910369873047,45.997718811035156,45.24430465698242,45.36326599121094,29.24037742614746,1643373
2002-01-09,45.52187728881836,45.79151916503906,44.69709014892578,44.94294357299805,28.969449996948242,2685785
2002-01-10,44.94294357299805,45.6011848449707,44.411590576171875,45.339473724365234,29.225046157836914,2276235
2002-01-11,45.36326599121094,45.48222732543945,44.85570526123047,45.133277893066406,29.09214973449707,2041954
2002-01-14,45.133277893066406,45.6011848449707,44.831912994384766,45.410850524902344,29.27105712890625,1550947
2002-01-15,45.41878128051758,46.394248962402344,45.24430465698242,46.17219161987305,29.761810302734375,1998956
2002-01-16,45.997718811035156,46.394248962402344,45.52187728881836,45.712215423583984,29.465316772460938,2048132
2002-01-17,45.712215423583984,46.10874557495117,45.3077507019043,45.775657653808594,29.506200790405273,1458268
2002-01-18,45.49808883666992,45.577392578125,45.252235412597656,45.450504302978516,29.296628952026367,1784345
2002-01-22,45.6011848449707,45.87875747680664,44.60985565185547,44.8160514831543,28.887664794921875,2505094
2002-01-23,44.33228302001953,44.69709014892578,44.31642150878906,44.3719367980957,28.601398468017578,2673554
2002-01-24,44.45124053955078,44.80812072753906,44.094364166259766,44.3719367980957,28.601398468017578,1788632
2002-01-25,44.49089431762695,45.283958435058594,43.81679153442383,44.87156677246094,28.923444747924805,1806664
2002-01-28,44.72881317138672,44.95880126953125,44.411590576171875,44.760536193847656,28.851882934570312,1420692
2002-01-29,43.22199249267578,43.229923248291016,40.44626998901367,41.397945404052734,26.68440818786621,8851113
2002-01-30,41.23933410644531,42.825462341308594,41.16002655029297,42.76201629638672,27.563661575317383,3423809
2002-01-31,42.76201629638672,43.20613098144531,42.547889709472656,42.825462341308594,27.604564666748047,3078692
2002-02-01,42.81753158569336,42.912696838378906,42.23859405517578,42.46858215332031,27.374521255493164,2539139
2002-02-04,42.46858215332031,42.46858215332031,41.65172576904297,41.95309066772461,27.0422420501709,2152033
2002-02-05,41.6358642578125,43.055450439453125,41.6358642578125,42.44478988647461,27.359193801879883,1827091
2002-02-06,42.436859130859375,43.1426887512207,42.42892837524414,42.55582046508789,27.430757522583008,2189230
2002-02-07,42.627193450927734,43.26957702636719,42.6192626953125,42.825462341308594,27.604564666748047,1671239
2002-02-08,42.666847229003906,43.26164627075195,42.52409744262695,43.174407958984375,27.829483032226562,1356763
2002-02-11,43.20613098144531,43.36474609375,42.96028137207031,43.25371551513672,27.88060760498047,1080114
2002-02-12,43.25371551513672,43.26164627075195,42.70650100708008,42.825462341308594,27.604564666748047,1308091
2002-02-13,42.944419860839844,43.49956512451172,42.67477798461914,42.74615478515625,27.553449630737305,1662287
2002-02-14,42.928558349609375,43.45198059082031,42.627193450927734,42.97614288330078,27.701692581176758,1705159
2002-02-15,43.055450439453125,43.29336929321289,42.42892837524414,42.42892837524414,27.348968505859375,1186159
2002-02-19,42.11170196533203,42.15928649902344,41.35829162597656,41.715171813964844,26.88887596130371,1436580
2002-02-20,41.754825592041016,42.508235931396484,41.437599182128906,42.11170196533203,27.144487380981445,1653965
2002-02-21,42.3496208190918,42.99200439453125,41.23140335083008,41.29484558105469,26.61794662475586,1805529
2002-02-22,41.31863784790039,41.91343688964844,41.25519561767578,41.770687103271484,26.924665451049805,1631646
2002-02-25,41.76275634765625,43.19820022583008,41.47725296020508,42.793739318847656,27.584104537963867,2282792
2002-02-26,42.03239822387695,42.1513557434082,41.23933410644531,41.754825592041016,26.914453506469727,2702304
2002-02-27,41.59621047973633,41.699310302734375,40.961761474609375,41.3662223815918,26.66396141052246,2641653
2002-02-28,41.59621047973633,42.3972053527832,41.572418212890625,41.802406311035156,26.94512939453125,4143801
2002-03-01,41.802406311035156,43.229923248291016,41.588279724121094,43.22199249267578,27.860153198242188,3207559
2002-03-04,43.22199249267578,44.68916320800781,43.08717346191406,44.64950942993164,28.78031349182129,3154222
2002-03-05,44.45124053955078,45.379127502441406,44.33228302001953,44.96673583984375,28.984785079956055,2736979
2002-03-06,44.60985565185547,45.640838623046875,44.593994140625,45.577392578125,29.37839698791504,2063642
2002-03-07,45.577392578125,46.148399353027344,45.204654693603516,45.29981994628906,29.19951057434082,2036405
2002-03-08,45.72014617919922,46.67182159423828,45.67256164550781,46.14046859741211,29.74135971069336,2290988
2002-03-11,45.64876937866211,45.7994499206543,44.64950942993164,45.52187728881836,29.342609405517578,2472184
2002-03-12,45.204654693603516,45.91841125488281,45.03017807006836,45.91841125488281,29.598220825195312,2205749
2002-03-13,45.006385803222656,45.24430465698242,43.68989944458008,44.30849075317383,28.61733627319336,3337940
2002-03-14,44.30849075317383,44.60985565185547,43.420257568359375,43.808860778808594,28.294645309448242,5447605
2002-03-15,43.69783020019531,44.847774505615234,43.420257568359375,44.657440185546875,28.84270477294922,2945790
2002-03-18,44.85570526123047,45.52187728881836,44.5702018737793,45.49808883666992,29.385665893554688,1431032
2002-03-19,45.49808883666992,45.63290786743164,44.85570526123047,44.903289794921875,29.00149154663086,2377109
2002-03-20,44.887428283691406,45.585323333740234,44.50675582885742,45.165000915527344,29.170528411865234,1870719
2002-03-21,45.204654693603516,45.66463088989258,45.05397033691406,45.323612213134766,29.272977828979492,1707050
2002-03-22,45.56153106689453,45.56153106689453,44.49089431762695,44.80812072753906,28.940027236938477,1668718
2002-03-25,44.80812072753906,44.99052429199219,43.53921890258789,43.618526458740234,28.171709060668945,2903675
2002-03-26,44.213321685791016,45.44257354736328,44.181602478027344,45.41878128051758,29.334423065185547,2308893
2002-03-27,45.36326599121094,45.68049240112305,45.204654693603516,45.44257354736328,29.34980010986328,1756226
2002-03-28,45.49015426635742,46.44183349609375,45.44257354736328,46.21184539794922,29.846651077270508,2036027
2002-04-01,45.997718811035156,45.997718811035156,45.093624114990234,45.40291976928711,29.32417869567871,1739834
2002-04-02,45.165000915527344,45.36326599121094,44.96673583984375,44.96673583984375,29.04246711730957,1377442
2002-04-03,45.085693359375,45.085693359375,43.618526458740234,43.618526458740234,28.171709060668945,2897118
2002-04-04,43.8564453125,44.17367172241211,43.33302307128906,43.618526458740234,28.171709060668945,2461718
2002-04-05,43.81679153442383,44.300559997558594,43.69783020019531,43.777137756347656,28.27416229248047,1270894
2002-04-08,43.618526458740234,44.55434036254883,43.53921890258789,44.356075286865234,28.648061752319336,1489161
2002-04-09,44.36400604248047,45.006385803222656,44.23711395263672,44.26090621948242,28.58660125732422,1495844
2002-04-10,44.340213775634766,45.1094856262207,44.094364166259766,44.8160514831543,28.945148468017578,1684984
2002-04-11,44.8160514831543,44.831912994384766,44.13401794433594,44.213321685791016,28.555875778198242,1591044
2002-04-12,44.094364166259766,44.76846694946289,44.07057189941406,44.657440185546875,28.84270477294922,1345667
2002-04-15,44.64950942993164,44.847774505615234,43.53921890258789,43.53921890258789,28.12049102783203,2023166
2002-04-16,43.618526458740234,43.8564453125,41.715171813964844,42.23066329956055,27.275341033935547,4943358
2002-04-17,42.03239822387695,42.03239822387695,40.477989196777344,40.477989196777344,26.143348693847656,4154771
2002-04-18,40.04973602294922,40.961761474609375,40.04973602294922,40.271793365478516,26.010173797607422,3587730
2002-04-19,40.24800109863281,41.23933410644531,40.24800109863281,40.961761474609375,26.455801010131836,3000892
2002-04-22,40.52557373046875,40.55729675292969,39.494590759277344,39.73250961303711,25.661869049072266,3415613
2002-04-23,39.8911247253418,40.91417694091797,39.70078659057617,40.20834732055664,25.96919822692871,2304606
2002-04-24,40.68418884277344,41.23933410644531,40.44626998901367,40.573158264160156,26.204816818237305,1737691
2002-04-25,40.4066162109375,41.1203727722168,40.4066162109375,40.79521560668945,26.348230361938477,2261608
2002-04-26,40.88245391845703,40.93003845214844,40.113182067871094,40.113182067871094,25.907730102539062,1761522
2002-04-29,39.9149169921875,40.36696243286133,39.51838302612305,39.589759826660156,25.569669723510742,2008287
2002-04-30,39.851470947265625,41.23933410644531,39.851470947265625,40.31937789916992,26.040904998779297,2225924
2002-05-01,40.08938980102539,41.00141525268555,39.40735626220703,40.700050354003906,26.28676986694336,2340794
2002-05-02,40.644535064697266,40.66832733154297,40.168697357177734,40.24800109863281,25.994813919067383,1368111
2002-05-03,40.36696243286133,40.36696243286133,39.44700622558594,39.740440368652344,25.6669921875,1738699
2002-05-06,39.65320587158203,40.33523941040039,39.45494079589844,39.45494079589844,25.482587814331055,1798594
2002-05-07,39.81181716918945,40.30351638793945,39.534244537353516,39.77216339111328,25.687480926513672,2282161
2002-05-08,40.01008224487305,41.23140335083008,40.01008224487305,41.191749572753906,26.604341506958008,1976889
2002-05-09,41.080718994140625,41.79447937011719,40.82693862915039,40.86659240722656,26.394338607788086,2241307
2002-05-10,41.31863784790039,41.47725296020508,40.4066162109375,40.50971221923828,26.163833618164062,1897072
2002-05-13,40.70798110961914,41.278987884521484,40.589019775390625,41.1679573059082,26.588977813720703,1647534
2002-05-14,41.834129333496094,42.508235931396484,41.67551803588867,42.42892837524414,27.403390884399414,1720038
2002-05-15,42.03239822387695,42.825462341308594,41.91343688964844,42.14342498779297,27.218984603881836,2142702
2002-05-16,42.14342498779297,43.72955322265625,42.119632720947266,43.103031158447266,27.838775634765625,2770268
2002-05-17,43.18233871459961,43.610595703125,42.825462341308594,43.25371551513672,27.936100006103516,1743113
2002-05-20,42.74615478515625,42.793739318847656,42.03239822387695,42.04825973510742,27.157533645629883,1335327
2002-05-21,41.95309066772461,42.55582046508789,41.51690673828125,41.66758728027344,26.911664962768555,1523206
2002-05-22,41.47725296020508,41.8817138671875,41.04899597167969,41.47725296020508,26.788728713989258,1709824
2002-05-23,41.49311447143555,42.58754348754883,41.47725296020508,42.42892837524414,27.403390884399414,1236596
2002-05-24,42.420997619628906,42.666847229003906,41.834129333496094,41.873783111572266,27.044837951660156,1013663
2002-05-28,41.715171813964844,41.99274444580078,41.556556701660156,41.873783111572266,27.044837951660156,1479830
2002-05-29,41.67551803588867,41.8817138671875,41.23933410644531,41.35036087036133,26.706768035888672,1060696
2002-05-30,41.35036087036133,42.04825973510742,40.961761474609375,41.35829162597656,26.711910247802734,1899973
2002-05-31,41.40587615966797,42.02446746826172,41.11244201660156,41.17588806152344,26.594085693359375,1865423
2002-06-03,41.1679573059082,41.95309066772461,40.93796920776367,41.03313446044922,26.50189208984375,1563556
2002-06-04,41.03313446044922,41.6358642578125,40.945899963378906,41.397945404052734,26.737503051757812,1881689
2002-06-05,41.223472595214844,41.72310256958008,41.096580505371094,41.437599182128906,26.76313018798828,1537076
2002-06-06,41.437599182128906,41.98481369018555,41.29484558105469,41.56448745727539,26.845081329345703,1854075
2002-06-07,40.604881286621094,41.382083892822266,40.44626998901367,40.44626998901367,26.122852325439453,2189356
2002-06-10,40.56522750854492,40.763492584228516,40.33523941040039,40.39075469970703,26.087005615234375,2276613
2002-06-11,41.03313446044922,41.03313446044922,40.06559753417969,40.1845588684082,25.953824996948242,1732016
2002-06-12,39.95457077026367,40.08938980102539,38.14638137817383,38.78083419799805,25.10417938232422,4073693
2002-06-13,38.86014175415039,39.248741149902344,38.02742385864258,38.02742385864258,24.616479873657227,2888039
2002-06-14,37.33745574951172,37.496070861816406,35.84649658203125,37.123329162597656,24.031219482421875,4601394
2002-06-17,37.55158615112305,38.29706573486328,37.48020935058594,38.249481201171875,24.760225296020508,3507913
2002-06-18,38.06707763671875,38.7015266418457,38.06707763671875,38.14638137817383,24.693479537963867,2334490
2002-06-19,37.630889892578125,38.392234802246094,37.210567474365234,37.210567474365234,24.087696075439453,1399130
2002-06-20,37.210567474365234,37.41676330566406,35.838565826416016,35.99717712402344,23.302234649658203,3030524
2002-06-21,35.37065887451172,35.56099319458008,34.40311813354492,34.815513610839844,22.537296295166016,5167930
2002-06-24,34.33967590332031,35.219974517822266,33.60212707519531,35.08515548706055,22.711849212646484,4246189
2002-06-25,35.01377868652344,35.116878509521484,34.10175704956055,34.27622985839844,22.188201904296875,3440706
2002-06-26,33.705223083496094,34.2682991027832,33.586265563964844,34.181060791015625,22.126596450805664,4141658
2002-06-27,34.33967590332031,34.498287200927734,33.90348815917969,34.45863342285156,22.3062801361084,3086384
2002-06-28,34.14141082763672,34.77585983276367,34.10968780517578,34.537940979003906,22.35761070251465,2962938
2002-07-01,34.553802490234375,34.69655227661133,33.308692932128906,33.47523498535156,21.669692993164062,3479542
2002-07-02,33.18973159790039,33.69729232788086,31.127765655517578,32.198402404785156,20.84315299987793,7030453
2002-07-03,32.16667938232422,32.634586334228516,31.667049407958984,32.2777099609375,20.894489288330078,3452810
2002-07-05,32.475975036621094,34.418983459472656,32.45218276977539,34.117618560791016,22.08552360534668,1650812
2002-07-08,34.117618560791016,34.53001022338867,33.142147064208984,33.46730422973633,21.6645565032959,3123581
2002-07-09,33.11042785644531,33.15007781982422,31.841522216796875,32.0080680847168,20.719940185546875,4143549
2002-07-10,32.158748626708984,32.95974349975586,31.286378860473633,31.60360336303711,20.458110809326172,3614336
2002-07-11,31.405338287353516,32.41252899169922,30.969152450561523,32.103233337402344,20.78153419494629,3600213
2002-07-12,32.158748626708984,32.50769805908203,31.64325714111328,32.142887115478516,20.807214736938477,2358952
2002-07-15,31.56395149230957,31.881175994873047,30.75502586364746,31.865314483642578,20.627532958984375,3899811
2002-07-16,31.5242977142334,32.705963134765625,31.286378860473633,31.80980110168457,20.591588973999023,3171875
2002-07-17,31.881175994873047,32.951812744140625,31.881175994873047,32.7932014465332,21.228181838989258,3100254
2002-07-18,25.536663055419922,26.186975479125977,24.783252716064453,25.06082534790039,16.222753524780273,22883270
2002-07-19,24.902212142944336,26.052154541015625,24.70394515991211,25.3780517578125,16.428098678588867,12793922
2002-07-22,24.98151969909668,26.305936813354492,24.83876609802246,26.258352279663086,16.997949600219727,9163068
2002-07-23,26.448686599731445,28.03481674194336,26.448686599731445,27.447948455810547,17.768016815185547,9363178
2002-07-24,27.24968147277832,28.5899600982666,26.96417808532715,27.75724220275879,17.968231201171875,7473797
2002-07-25,27.860342025756836,28.0744686126709,26.845218658447266,27.598630905151367,17.865554809570312,7735314
2002-07-26,27.915855407714844,28.55030632019043,27.75724220275879,28.3203182220459,18.332719802856445,4261825
2002-07-29,28.43134880065918,29.628873825073242,28.312387466430664,29.43060874938965,19.051456451416016,4708195
2002-07-30,29.501983642578125,30.13643455505371,29.137174606323242,29.605083465576172,19.164396286010742,3752534
2002-07-31,29.969892501831055,29.969892501831055,28.843740463256836,29.573360443115234,19.143863677978516,4358538
2002-08-01,29.66059684753418,30.16815757751465,28.55030632019043,28.796157836914062,18.640762329101562,3638672
2002-08-02,28.804088592529297,29.34337043762207,28.312387466430664,28.708919525146484,18.58428192138672,3214116
2002-08-05,28.47100067138672,28.748573303222656,27.487600326538086,27.558977127075195,17.839893341064453,5094292
2002-08-06,27.955509185791016,29.541637420654297,27.955509185791016,28.51065444946289,18.45594024658203,3821129
2002-08-07,29.73197364807129,29.73197364807129,28.47100067138672,29.026145935058594,18.78963851928711,3629467
2002-08-08,29.311649322509766,30.26332664489746,28.954769134521484,30.104713439941406,19.48782730102539,3470085
2002-08-09,29.620943069458008,30.215742111206055,29.271995544433594,29.708181381225586,19.231143951416016,2401824
2002-08-12,29.18475914001465,29.486122131347656,28.96270179748535,29.105451583862305,18.840972900390625,2771151
2002-08-13,29.105451583862305,29.67645835876465,28.55030632019043,28.62168312072754,18.527816772460938,3948231
2002-08-14,28.637544631958008,29.94610023498535,28.11412239074707,29.787487030029297,19.282480239868164,4478074
2002-08-15,29.98575210571289,31.24672508239746,29.779556274414062,30.239534378051758,19.575098037719727,2890687
2002-08-16,30.15229606628418,31.00087547302246,29.86679458618164,30.794679641723633,19.934476852416992,2028840
2002-08-19,30.794679641723633,31.088111877441406,30.287118911743164,30.81053924560547,19.944738388061523,2161994
2002-08-20,30.651927947998047,30.691579818725586,29.819210052490234,30.009544372558594,19.42622184753418,2674059
2002-08-21,30.493314743041992,30.493314743041992,29.573360443115234,30.310909271240234,19.621307373046875,2711508
2002-08-22,30.532968521118164,31.730493545532227,30.176088333129883,31.56395149230957,20.432443618774414,3701088
2002-08-23,31.56395149230957,31.56395149230957,30.794679641723633,30.881916046142578,19.990936279296875,2099956
2002-08-26,30.881916046142578,31.143627166748047,30.231603622436523,30.90570831298828,20.006343841552734,2319863
2002-08-27,31.048458099365234,31.064319610595703,30.366424560546875,30.572620391845703,19.790719985961914,2202344
2002-08-28,30.572620391845703,30.572620391845703,29.747833251953125,29.858863830566406,19.328683853149414,2496393
2002-08-29,29.858863830566406,30.350563049316406,29.628873825073242,30.033336639404297,19.441625595092773,2597520
2002-08-30,29.819210052490234,30.421939849853516,29.819210052490234,29.954030990600586,19.390289306640625,2026066
2002-09-03,29.097522735595703,29.34337043762207,28.518585205078125,28.5899600982666,18.507280349731445,3068604
2002-09-04,28.5899600982666,29.692319869995117,28.391693115234375,29.54956817626953,19.128469467163086,2261356
2002-09-05,28.86753273010254,29.160966873168945,28.55030632019043,28.883394241333008,18.697227478027344,4217314
2002-09-06,29.359233856201172,30.41400718688965,29.105451583862305,29.954030990600586,19.390289306640625,2780355
2002-09-09,29.541637420654297,30.69951057434082,29.34337043762207,30.46952247619629,19.723983764648438,2753498
2002-09-10,30.572620391845703,30.60434341430664,30.20781135559082,30.45366096496582,19.71371841430664,1692423
2002-09-11,30.731233596801758,31.24672508239746,30.334701538085938,30.334701538085938,19.695707321166992,1156527
2002-09-12,29.938169479370117,30.184019088745117,29.383024215698242,29.47026252746582,19.134431838989258,2237524
2002-09-13,29.422677993774414,29.85093116760254,29.22441291809082,29.85093116760254,19.381589889526367,1773501
2002-09-16,29.85093116760254,29.882654190063477,29.026145935058594,29.803348541259766,19.350692749023438,2156572
2002-09-17,29.92230796813965,30.13643455505371,28.780296325683594,28.859601974487305,18.737945556640625,3090419
2002-09-18,28.558237075805664,28.978561401367188,28.137914657592773,28.367902755737305,18.418689727783203,5066804
2002-09-19,27.36071014404297,28.241012573242188,27.36071014404297,27.955509185791016,18.150938034057617,4335085
2002-09-20,27.96343994140625,28.47100067138672,27.64621353149414,28.090330123901367,18.238466262817383,5287593
2002-09-23,27.75724220275879,28.003093719482422,27.527254104614258,27.8524112701416,18.0839900970459,2896109
2002-09-24,27.8524112701416,28.11412239074707,27.313127517700195,27.479671478271484,17.841981887817383,3044521
2002-09-25,27.614492416381836,27.844480514526367,27.225889205932617,27.574838638305664,17.903766632080078,3299985
2002-09-26,27.995161056518555,28.542377471923828,27.677936553955078,28.37583351135254,18.423847198486328,2853616
2002-09-27,28.217220306396484,28.542377471923828,27.884132385253906,27.955509185791016,18.150938034057617,2119627
2002-09-30,27.32105827331543,27.836549758911133,26.96417808532715,27.574838638305664,17.903766632080078,3286115
2002-10-01,27.574838638305664,29.145105361938477,27.297266006469727,29.145105361938477,18.92331314086914,2874673
2002-10-02,29.145105361938477,29.145105361938477,27.622421264648438,27.765174865722656,18.027355194091797,2929650
2002-10-03,27.773103713989258,28.391693115234375,27.598630905151367,27.955509185791016,18.150938034057617,3865261
2002-10-04,28.03481674194336,28.122053146362305,27.217960357666016,27.30519676208496,17.728696823120117,3694027
2002-10-07,27.281404495239258,27.709659576416016,26.77384376525879,26.932456970214844,17.486679077148438,3397203
2002-10-08,26.932456970214844,28.383764266967773,26.932456970214844,28.12998390197754,18.264211654663086,3331509
2002-10-09,27.79689598083496,27.836549758911133,27.281404495239258,27.479671478271484,17.841981887817383,3141865
2002-10-10,27.440017700195312,29.01821517944336,27.17037582397461,28.85167121887207,18.73279571533203,3330626
2002-10-11,29.422677993774414,30.873985290527344,29.33544158935547,30.406076431274414,19.742036819458008,3125725
2002-10-14,30.406076431274414,31.143627166748047,30.033336639404297,31.119834899902344,20.205467224121094,2072720
2002-10-15,31.5242977142334,32.896297454833984,31.452922821044922,32.721824645996094,21.245601654052734,4445416
2002-10-16,32.39666748046875,32.97560501098633,30.953290939331055,31.17534828186035,20.241504669189453,3711175
2002-10-17,32.515628814697266,33.69729232788086,32.0318603515625,33.46730422973633,21.72962760925293,4511489
2002-10-18,33.308692932128906,33.308692932128906,31.92082977294922,32.11909484863281,20.85426902770996,5860939
2002-10-21,32.12702560424805,33.2611083984375,31.7701473236084,33.2611083984375,21.595741271972656,4126022
2002-10-22,32.71389389038086,33.380069732666016,32.39666748046875,33.27696990966797,21.606046676635742,2402580
2002-10-23,33.27696990966797,34.95033645629883,33.2373161315918,34.855167388916016,22.630739212036133,4226645
2002-10-24,34.88689041137695,34.9820556640625,33.31662368774414,33.387996673583984,21.678129196166992,3343488
2002-10-25,32.75354766845703,34.442771911621094,32.75354766845703,34.363468170166016,22.311485290527344,2871899
2002-10-28,34.56173324584961,34.67276382446289,33.443511962890625,33.64970779418945,21.848051071166992,2101091
2002-10-29,33.46730422973633,33.68143081665039,32.32529067993164,33.15800857543945,21.528812408447266,2877825
2002-10-30,33.22938537597656,34.45863342285156,32.92802047729492,34.077964782714844,22.126113891601562,2162877
2002-10-31,34.03831100463867,34.236576080322266,33.308692932128906,33.7290153503418,21.899555206298828,2679607
2002-11-01,33.269039154052734,34.87895965576172,33.269039154052734,34.70448684692383,22.532901763916016,2348612
2002-11-04,35.09308624267578,36.44922637939453,34.84723663330078,35.44996643066406,23.016929626464844,3549272
2002-11-05,35.4578971862793,35.4578971862793,32.62665557861328,33.54661178588867,21.78112030029297,6420919
2002-11-06,33.61005783081055,34.33967590332031,33.308692932128906,33.919349670410156,22.023128509521484,2934063
2002-11-07,33.744876861572266,33.98279571533203,33.380069732666016,33.79246139526367,21.940750122070312,3736268
2002-11-08,33.744876861572266,34.379329681396484,33.59419631958008,33.744876861572266,21.909847259521484,2386945
2002-11-11,33.62591552734375,33.72108459472656,33.308692932128906,33.46730422973633,21.72962760925293,2035018
2002-11-12,33.459373474121094,33.9748649597168,33.30076217651367,33.73694610595703,21.90469741821289,3057887
2002-11-13,33.69729232788086,34.0224494934082,33.308692932128906,34.0224494934082,22.09006690979004,2414307
2002-11-14,34.27622985839844,34.934471130371094,34.0224494934082,34.498287200927734,22.399017333984375,2478362
2002-11-15,34.30002212524414,35.09308624267578,34.12554931640625,35.06929397583008,22.769760131835938,2892326
2002-11-18,35.2120475769043,35.62443923950195,34.54587173461914,34.75206756591797,22.563798904418945,2348234
2002-11-19,34.379329681396484,34.84723663330078,34.077964782714844,34.10175704956055,22.14156723022461,2357439
2002-11-20,33.34834671020508,34.799652099609375,33.34834671020508,34.59345626831055,22.460819244384766,5206641
2002-11-21,34.59345626831055,35.16446304321289,34.38726043701172,35.16446304321289,22.83156394958496,5702061
2002-11-22,34.69655227661133,35.20411682128906,34.379329681396484,34.815513610839844,22.6049861907959,4299274
2002-11-25,34.2207145690918,34.53001022338867,33.46730422973633,33.9986572265625,22.074621200561523,3459367
2002-11-26,33.705223083496094,33.935211181640625,33.308692932128906,33.499027252197266,21.750234603881836,4015817
2002-11-27,33.54661178588867,34.498287200927734,33.5069580078125,34.31588363647461,22.280588150024414,1736682
2002-11-29,34.31588363647461,34.799652099609375,34.30002212524414,34.47449493408203,22.38357925415039,1141648
2002-12-02,34.537940979003906,34.88689041137695,34.418983459472656,34.69655227661133,22.527751922607422,2634592
2002-12-03,34.569664001464844,34.60138702392578,33.46730422973633,33.82418441772461,21.96134376525879,2847185
2002-12-04,33.705223083496094,34.57759475708008,33.586265563964844,34.39519119262695,22.33208656311035,3559107
2002-12-05,34.30002212524414,34.33174514770508,33.633846282958984,33.800392150878906,21.945890426635742,1772366
2002-12-06,33.30076217651367,33.633846282958984,33.078704833984375,33.43558120727539,21.70903968811035,3976854
2002-12-09,33.2373161315918,33.30076217651367,32.87250518798828,33.126285552978516,21.508207321166992,3351684
2002-12-10,33.126285552978516,33.380069732666016,32.80113220214844,33.03112030029297,21.446426391601562,2491980
2002-12-11,36.07648468017578,36.07648468017578,32.515628814697266,32.90422821044922,21.425764083862305,2359834
2002-12-12,32.83285140991211,33.15007781982422,32.594932556152344,32.86457443237305,21.399946212768555,1701754
2002-12-13,32.66630935668945,32.88836669921875,32.087371826171875,32.34115219116211,21.05911636352539,1629881
2002-12-16,32.11909484863281,32.42045974731445,31.952552795410156,32.198402404785156,20.966157913208008,3271236
2002-12-17,31.96048355102539,32.349082946777344,31.73842430114746,31.936691284179688,20.79574966430664,2223906
2002-12-18,31.73842430114746,31.762216567993164,30.969152450561523,31.24672508239746,20.346477508544922,4261825
2002-12-19,31.088111877441406,31.690841674804688,30.572620391845703,30.675718307495117,19.974653244018555,2901783
2002-12-20,30.75502586364746,31.460853576660156,30.75502586364746,31.238794326782227,20.341306686401367,4930371
2002-12-23,31.326032638549805,31.460853576660156,30.94536018371582,31.09604263305664,20.248355865478516,2124418
2002-12-24,30.85019302368164,31.230863571166992,30.85019302368164,31.024667739868164,20.201873779296875,847977
2002-12-26,31.00087547302246,31.746355056762695,30.889846801757812,30.953290939331055,20.155406951904297,1443893
2002-12-27,31.072250366210938,31.238794326782227,30.37435531616211,30.667787551879883,19.969493865966797,1555864
2002-12-30,30.731233596801758,30.929500579833984,30.461591720581055,30.75502586364746,20.026296615600586,2123536
2002-12-31,30.75502586364746,31.39740753173828,30.675718307495117,31.127765655517578,20.269010543823242,2784769
2003-01-02,31.17534828186035,32.23805618286133,31.16741943359375,32.214263916015625,20.976490020751953,2104496
2003-01-03,32.0318603515625,32.214263916015625,31.706701278686523,32.0318603515625,20.85771942138672,1666952
2003-01-06,31.56395149230957,32.36494445800781,31.56395149230957,32.11909484863281,20.914525985717773,2938728
2003-01-07,31.92082977294922,32.19047164916992,31.722564697265625,31.817731857299805,20.718290328979492,2448478
2003-01-08,31.627395629882812,31.90496826171875,31.20707130432129,31.5480899810791,20.542705535888672,1632024
2003-01-09,31.722564697265625,32.198402404785156,31.540159225463867,32.0556526184082,20.873207092285156,1763288
2003-01-10,31.722564697265625,32.16667938232422,31.56395149230957,31.71463394165039,20.651159286499023,2169938
2003-01-13,31.841522216796875,31.944622039794922,31.405338287353516,31.437061309814453,20.470413208007812,2166029
2003-01-14,31.365684509277344,31.64325714111328,31.238794326782227,31.310169219970703,20.38778305053711,2306623
2003-01-15,30.05712890625,30.065059661865234,27.955509185791016,28.796157836914062,18.750776290893555,15386524
2003-01-16,28.788227081298828,29.22441291809082,28.51065444946289,28.748573303222656,18.719789505004883,6274020
2003-01-17,28.740642547607422,28.748573303222656,28.35997200012207,28.629613876342773,18.642322540283203,3266571
2003-01-21,28.629613876342773,28.930978775024414,28.16963768005371,28.312387466430664,18.435754776000977,4577688
2003-01-22,28.3203182220459,28.526514053344727,28.20928955078125,28.3203182220459,18.4409236907959,6803359
2003-01-23,28.3203182220459,28.55030632019043,27.8524112701416,28.272735595703125,18.409948348999023,5336013
2003-01-24,27.915855407714844,28.106191635131836,27.558977127075195,27.75724220275879,18.074275970458984,5181801
2003-01-27,27.558977127075195,27.836549758911133,27.202098846435547,27.36071014404297,17.81606674194336,4164102
2003-01-28,27.368642807006836,27.995161056518555,27.217960357666016,27.915855407714844,18.177562713623047,3305786
2003-01-29,27.741382598876953,27.995161056518555,27.3369197845459,27.884132385253906,18.156911849975586,2471931
2003-01-30,27.89206314086914,27.89206314086914,26.892803192138672,26.892803192138672,17.511396408081055,4682976
2003-01-31,26.726259231567383,27.56690788269043,26.726259231567383,27.49553108215332,17.90386962890625,5582651
2003-02-03,27.51139259338379,27.63828468322754,26.797636032104492,26.96417808532715,17.557872772216797,4089707
2003-02-04,26.686607360839844,26.726259231567383,26.202838897705078,26.59143829345703,17.31516456604004,4241271
2003-02-05,26.599369049072266,26.90866470336914,26.321796417236328,26.750051498413086,17.41843605041504,3335166
2003-02-06,26.448686599731445,26.702468872070312,26.25042152404785,26.329727172851562,17.144746780395508,2885139
2003-02-07,26.440757751464844,26.670745849609375,26.147323608398438,26.17111587524414,17.041460037231445,2281278
2003-02-10,26.329727172851562,26.47247886657715,26.083877563476562,26.393173217773438,17.186058044433594,2123536
2003-02-11,26.393173217773438,26.52799415588379,26.052154541015625,26.52799415588379,17.273839950561523,3187889
2003-02-12,26.337657928466797,26.66281509399414,26.00457191467285,26.083877563476562,16.984663009643555,2532330
2003-02-13,26.012502670288086,26.25042152404785,25.298744201660156,25.60803985595703,16.674816131591797,3272119
2003-02-14,25.45735740661621,26.03629493713379,25.219438552856445,26.02043342590332,16.943347930908203,2897496
2003-02-18,26.805566787719727,27.05934715270996,26.702468872070312,26.995901107788086,17.57852554321289,2469031
2003-02-19,26.845218658447266,27.15451431274414,26.543855667114258,26.77384376525879,17.43392562866211,1705159
2003-02-20,27.035554885864258,27.162445068359375,26.686607360839844,26.750051498413086,17.41843605041504,1549812
2003-02-21,27.00383186340332,27.15451431274414,26.73419189453125,26.940387725830078,17.542369842529297,2852859
2003-02-24,26.6072998046875,26.646953582763672,25.655622482299805,25.655622482299805,16.705793380737305,2893461
2003-02-25,25.576316833496094,26.1156005859375,24.8942813873291,25.96491813659668,16.907196044921875,2856516
2003-02-26,25.893543243408203,25.94905662536621,25.385982513427734,25.560455322265625,16.643827438354492,2085708
2003-02-27,25.592178344726562,26.107669830322266,25.26702117919922,25.766651153564453,16.778095245361328,2362356
2003-02-28,26.052154541015625,26.147323608398438,25.647693634033203,25.77458381652832,16.783260345458984,2313558
2003-03-03,25.861820220947266,26.17111587524414,25.671485900878906,25.679414749145508,16.721288681030273,1805907
2003-03-04,25.41770362854004,25.576316833496094,25.07668685913086,25.148061752319336,16.37529754638672,2575202
2003-03-05,25.02117156982422,25.259090423583984,24.822906494140625,25.21150779724121,16.416610717773438,2435869
2003-03-06,24.822906494140625,24.862558364868164,24.442235946655273,24.6246395111084,16.03446388244629,3242235
2003-03-07,24.109148025512695,24.521541595458984,24.10121726989746,24.4025821685791,15.889871597290039,5953869
2003-03-10,24.386720657348633,24.386720657348633,23.9108829498291,23.950536727905273,15.595518112182617,5185205
2003-03-11,23.87122917175293,24.259830474853516,23.87122917175293,24.061565399169922,15.667813301086426,4943863
2003-03-12,24.03777313232422,24.180524826049805,23.3953914642334,24.148801803588867,15.78706169128418,6880907
2003-03-13,23.92674446105957,23.92674446105957,21.603065490722656,21.61099624633789,14.127997398376465,31330885
2003-03-14,21.618927001953125,23.07816505432129,21.61099624633789,22.634048461914062,14.796807289123535,12024123
2003-03-17,22.36440658569336,23.316083908081055,22.36440658569336,23.252639770507812,15.201201438903809,5585929
2003-03-18,23.371599197387695,23.585725784301758,23.316083908081055,23.355737686157227,15.268604278564453,4945250
2003-03-19,23.411251068115234,24.07742691040039,23.4033203125,24.061565399169922,15.730024337768555,5620101
2003-03-20,24.069494247436523,24.537403106689453,24.029842376708984,24.426374435424805,15.968526840209961,4444155
2003-03-21,24.577056884765625,25.901472091674805,24.49774932861328,25.70320701599121,16.803234100341797,4729883
2003-03-24,24.862558364868164,24.949796676635742,24.386720657348633,24.450166702270508,15.984077453613281,3264175
2003-03-25,24.26776123046875,24.83876609802246,24.18845558166504,24.521541595458984,16.030738830566406,2739627
2003-03-26,23.593656539916992,24.743600845336914,23.593656539916992,24.553264617919922,16.05147933959961,3072766
2003-03-27,24.466026306152344,24.933935165405273,24.228107452392578,24.743600845336914,16.17591094970703,3565286
2003-03-28,24.58498764038086,24.727737426757812,24.521541595458984,24.59291648864746,16.07740020751953,2393375
2003-03-31,24.410512924194336,24.696016311645508,24.204315185546875,24.41844367980957,15.96334171295166,2276991
2003-04-01,24.481887817382812,24.783252716064453,24.426374435424805,24.688085556030273,16.139612197875977,3017789
2003-04-02,25.726999282836914,25.726999282836914,24.77532196044922,24.989450454711914,16.336631774902344,2581632
2003-04-03,24.96565818786621,25.06082534790039,24.561195373535156,24.767391204833984,16.191465377807617,3427087
2003-04-04,24.997379302978516,25.037033081054688,24.59291648864746,24.933935165405273,16.300342559814453,2331337
2003-04-07,25.615970611572266,25.79837417602539,25.17185401916504,25.179784774780273,16.461061477661133,3454450
2003-04-08,25.10047721862793,25.544593811035156,25.02117156982422,25.148061752319336,16.440322875976562,2725631
2003-04-09,25.148061752319336,25.782514572143555,24.862558364868164,24.941865921020508,16.305522918701172,2709239
2003-04-10,24.941865921020508,25.132200241088867,24.608779907226562,25.00531005859375,16.346996307373047,2100839
2003-04-11,25.45735740661621,25.806306838989258,24.743600845336914,25.068756103515625,16.388479232788086,2170947
2003-04-14,25.00531005859375,25.497011184692383,24.521541595458984,25.433565139770508,16.626970291137695,2119501
2003-04-15,25.433565139770508,25.63976287841797,25.140132904052734,25.30667495727539,16.544017791748047,2399806
2003-04-16,25.51287269592285,25.56838607788086,25.013240814208984,25.07668685913086,16.39365577697754,2700412
2003-04-17,25.07668685913086,26.091808319091797,24.822906494140625,25.996641159057617,16.995067596435547,3741312
2003-04-21,25.140132904052734,25.536663055419922,24.846698760986328,25.3780517578125,16.590673446655273,4169650
2003-04-22,25.3780517578125,26.488340377807617,25.3780517578125,26.290075302124023,17.186899185180664,4019599
2003-04-23,26.56764793395996,26.861080169677734,26.321796417236328,26.8531494140625,17.555007934570312,2499041
2003-04-24,26.393173217773438,26.96417808532715,26.369380950927734,26.710399627685547,17.461685180664062,3143630
2003-04-25,26.726259231567383,26.956247329711914,26.234560012817383,26.25042152404785,17.160980224609375,2778338
2003-04-28,26.290075302124023,27.122791290283203,26.242490768432617,27.091068267822266,17.710546493530273,2409137
2003-04-29,27.05934715270996,27.099000930786133,26.448686599731445,26.750051498413086,17.487607955932617,3332013
2003-04-30,26.432825088500977,26.702468872070312,26.34558868408203,26.670745849609375,17.435762405395508,3920364
2003-05-01,26.47247886657715,26.916595458984375,26.21076774597168,26.892803192138672,17.580934524536133,3046538
2003-05-02,26.995901107788086,27.202098846435547,26.654884338378906,27.083139419555664,17.70536231994629,2442804
2003-05-05,27.083139419555664,27.083139419555664,26.6072998046875,26.750051498413086,17.487607955932617,3355593
2003-05-06,26.805566787719727,27.36071014404297,26.765913009643555,27.07520866394043,17.700178146362305,3497195
2003-05-07,27.099000930786133,27.36071014404297,26.805566787719727,27.328989028930664,17.866077423095703,2818814
2003-05-08,27.13072395324707,27.45587921142578,26.900733947753906,27.027624130249023,17.669065475463867,2382531
2003-05-09,27.01969337463379,27.440017700195312,26.845218658447266,27.440017700195312,17.93866539001465,2449235
2003-05-12,27.162445068359375,27.8524112701416,27.027624130249023,27.75724220275879,18.146055221557617,2647957
2003-05-13,27.558977127075195,27.6065616607666,26.845218658447266,26.86901092529297,17.565378189086914,3882410
2003-05-14,26.96417808532715,27.13072395324707,26.726259231567383,26.96417808532715,17.627595901489258,2905188
2003-05-15,27.043485641479492,27.281404495239258,26.884872436523438,27.146583557128906,17.74683380126953,3415109
2003-05-16,26.900733947753906,27.194168090820312,26.49627113342285,26.77384376525879,17.50316619873047,4125013
2003-05-19,26.615230560302734,26.615230560302734,26.290075302124023,26.41696548461914,17.26984977722168,3100632
2003-05-20,26.52799415588379,26.77384376525879,26.17111587524414,26.34558868408203,17.223196029663086,2501185
2003-05-21,26.13146209716797,26.631092071533203,26.044225692749023,26.401103973388672,17.25948143005371,3417378
2003-05-22,26.59143829345703,26.6072998046875,26.17111587524414,26.313867568969727,17.202457427978516,2782247
2003-05-23,26.480409622192383,26.488340377807617,26.242490768432617,26.3614501953125,17.233566284179688,2771024
2003-05-27,26.25042152404785,26.686607360839844,26.17111587524414,26.575578689575195,17.373552322387695,3367950
2003-05-28,26.520063400268555,27.067277908325195,26.440757751464844,26.92452621459961,17.601665496826172,2573815
2003-05-29,26.8531494140625,26.900733947753906,26.543855667114258,26.821428298950195,17.534269332885742,2902161
2003-05-30,27.091068267822266,27.677936553955078,26.972110748291016,27.677936553955078,18.094205856323242,3418891
2003-06-02,27.75724220275879,28.613752365112305,27.725521087646484,28.248943328857422,18.467496871948242,5045998
2003-06-03,28.15377426147461,28.352041244506836,27.915855407714844,28.185497283935547,18.426015853881836,4902630
2003-06-04,28.161706924438477,28.16963768005371,27.75724220275879,27.995161056518555,18.301584243774414,3641950
2003-06-05,27.995161056518555,27.995161056518555,27.447948455810547,27.543115615844727,18.006067276000977,4719795
2003-06-06,27.709659576416016,28.241012573242188,27.685867309570312,27.8524112701416,18.20826530456543,4646787
2003-06-09,27.64621353149414,27.73345184326172,27.05934715270996,27.24175262451172,17.80905532836914,2572049
2003-06-10,27.24968147277832,27.622421264648438,26.940387725830078,27.622421264648438,18.057918548583984,1946375
2003-06-11,27.527254104614258,27.677936553955078,26.845218658447266,27.440017700195312,18.000686645507812,3366311
2003-06-12,27.63828468322754,27.63828468322754,27.027624130249023,27.233821868896484,17.86542320251465,3686966
2003-06-13,27.281404495239258,27.281404495239258,26.805566787719727,27.051416397094727,17.74576187133789,3143882
2003-06-16,27.106931686401367,27.884132385253906,26.98797035217285,27.773103713989258,18.219188690185547,3074279
2003-06-17,27.8524112701416,28.12998390197754,27.677936553955078,28.066537857055664,18.411685943603516,3120050
2003-06-18,27.765174865722656,28.542377471923828,27.685867309570312,28.12998390197754,18.453304290771484,2686794
2003-06-19,27.765174865722656,27.955509185791016,27.558977127075195,27.788965225219727,18.229598999023438,3937008
2003-06-20,27.971370697021484,28.26480484008789,27.75724220275879,28.018953323364258,18.380468368530273,3156996
2003-06-23,27.773103713989258,27.90792465209961,27.447948455810547,27.693798065185547,18.167163848876953,3709158
2003-06-24,27.749313354492188,27.96343994140625,27.543115615844727,27.543115615844727,18.068315505981445,2284935
2003-06-25,27.55104637145996,27.709659576416016,27.00383186340332,27.00383186340332,17.714548110961914,2233237
2003-06-26,27.122791290283203,27.3369197845459,26.81349754333496,27.21002960205078,17.849815368652344,1740969
2003-06-27,27.36071014404297,27.40036392211914,26.59143829345703,26.694536209106445,17.511653900146484,2717939
2003-06-30,26.805566787719727,27.479671478271484,26.631092071533203,26.8531494140625,17.615697860717773,2722226
2003-07-01,26.77384376525879,27.24968147277832,26.52799415588379,27.194168090820312,17.83941078186035,2024300
2003-07-02,27.194168090820312,27.899995803833008,27.194168090820312,27.773103713989258,18.219188690185547,3409813
2003-07-03,27.614492416381836,27.94757843017578,27.368642807006836,27.503463745117188,18.042306900024414,1522323
2003-07-07,27.70172882080078,28.233081817626953,27.558977127075195,28.15377426147461,18.468908309936523,2975674
2003-07-08,27.955509185791016,28.415485382080078,27.899995803833008,28.415485382080078,18.64059829711914,1759126
2003-07-09,28.241012573242188,28.796157836914062,28.12998390197754,28.5899600982666,18.75505256652832,4779563
2003-07-10,28.3203182220459,28.47100067138672,27.8286190032959,27.94757843017578,18.33363914489746,2736853
2003-07-11,27.685867309570312,28.272735595703125,27.63828468322754,28.0744686126709,18.416889190673828,1921282
2003-07-14,28.272735595703125,28.86753273010254,28.0744686126709,28.827880859375,18.911128997802734,3867531
2003-07-15,28.883394241333008,29.137174606323242,28.788227081298828,28.86753273010254,18.937137603759766,2673807
2003-07-16,29.089590072631836,29.22441291809082,28.732711791992188,29.121313095092773,19.103622436523438,2775438
2003-07-17,28.788227081298828,28.899255752563477,28.106191635131836,28.51065444946289,18.703025817871094,2987905
2003-07-18,28.740642547607422,28.843740463256836,28.26480484008789,28.732711791992188,18.84869384765625,2235254
2003-07-21,28.55030632019043,28.77236557006836,28.011024475097656,28.145845413208008,18.463714599609375,2234372
2003-07-22,27.94757843017578,28.740642547607422,27.836549758911133,28.629613876342773,18.78105926513672,2335246
2003-07-23,28.43927764892578,28.526514053344727,27.765174865722656,28.478931427001953,18.682212829589844,2314441
2003-07-24,28.669267654418945,28.899255752563477,28.16963768005371,28.256874084472656,18.536550521850586,2294392
2003-07-25,28.201358795166016,29.327510833740234,28.177566528320312,29.20854949951172,19.160846710205078,2696629
2003-07-28,29.145105361938477,29.517845153808594,29.026145935058594,29.200620651245117,19.1556396484375,2942890
2003-07-29,28.352041244506836,28.71685028076172,27.788965225219727,28.478931427001953,18.682212829589844,5905450
2003-07-30,28.780296325683594,29.0578670501709,28.399625778198242,28.69305992126465,18.82268524169922,3281324
2003-07-31,28.94683837890625,30.017475128173828,28.629613876342773,29.406816482543945,19.2908992767334,4693442
2003-08-01,29.406816482543945,29.58129119873047,29.176828384399414,29.383024215698242,19.275299072265625,3246396
2003-08-04,29.30371856689453,29.620943069458008,29.010284423828125,29.494054794311523,19.348142623901367,1869080
2003-08-05,29.383024215698242,29.82714080810547,29.145105361938477,29.18475914001465,19.145240783691406,3173388
2003-08-06,29.327510833740234,29.54956817626953,29.137174606323242,29.256134033203125,19.192068099975586,3615975
2003-08-07,29.160966873168945,29.73197364807129,29.11338233947754,29.67645835876465,19.467796325683594,2981726
2003-08-08,29.73990249633789,30.26332664489746,29.73197364807129,30.16815757751465,19.79035186767578,2648084
2003-08-11,30.13643455505371,30.295047760009766,29.67645835876465,30.049198150634766,19.712310791015625,1634294
2003-08-12,30.19194984436035,30.199880599975586,29.747833251953125,30.184019088745117,19.800758361816406,2451378
2003-08-13,30.38228416442871,30.493314743041992,29.86679458618164,30.398147583007812,19.941221237182617,2557549
2003-08-14,30.532968521118164,31.556020736694336,30.43779945373535,31.01673698425293,20.347015380859375,4320332
2003-08-15,31.01673698425293,31.16741943359375,30.75502586364746,30.937429428100586,20.294998168945312,1304308
2003-08-18,30.85019302368164,31.119834899902344,30.85019302368164,30.881916046142578,20.258581161499023,1913591
2003-08-19,30.92156982421875,31.230863571166992,30.691579818725586,31.0325984954834,20.357418060302734,1665565
2003-08-20,30.969152450561523,31.127765655517578,30.873985290527344,30.96122169494629,20.31060791015625,1181493
2003-08-21,31.0325984954834,31.56395149230957,30.992944717407227,31.484643936157227,20.65397071838379,2102478
2003-08-22,31.67498016357422,31.722564697265625,31.15155792236328,31.215002059936523,20.477079391479492,2181917
2003-08-25,31.20707130432129,31.270517349243164,30.834331512451172,31.088111877441406,20.393840789794922,1116051
2003-08-26,31.088111877441406,31.294309616088867,30.56468963623047,31.254655838012695,20.503093719482422,1647156
2003-08-27,31.24672508239746,31.389476776123047,30.818471908569336,31.333961486816406,20.55512046813965,2138541
2003-08-28,31.34189224243164,31.373615264892578,30.992944717407227,31.143627166748047,20.430259704589844,1796324
2003-08-29,31.15155792236328,31.67498016357422,31.088111877441406,31.651187896728516,20.763219833374023,1715246
2003-09-02,31.64325714111328,32.11909484863281,31.627395629882812,32.04772186279297,21.023345947265625,2961299
2003-09-03,32.04772186279297,32.2777099609375,31.746355056762695,31.841522216796875,20.888076782226562,2566501
2003-09-04,31.722564697265625,31.92082977294922,31.595672607421875,31.849454879760742,20.893285751342773,2171577
2003-09-05,31.444990158081055,31.722564697265625,31.24672508239746,31.682910919189453,20.784032821655273,3306668
2003-09-08,31.484643936157227,32.13495635986328,31.26258659362793,32.11116409301758,21.064971923828125,2920193
2003-09-09,31.841522216796875,31.841522216796875,31.119834899902344,31.127765655517578,20.41985511779785,2674311
2003-09-10,31.119834899902344,31.24672508239746,30.38228416442871,30.43779945373535,20.028474807739258,3121059
2003-09-11,30.493314743041992,30.56468963623047,29.969892501831055,30.310909271240234,19.944974899291992,5095679
2003-09-12,30.37435531616211,30.71537208557129,30.05712890625,30.651927947998047,20.169363021850586,3348784
2003-09-15,30.65985870361328,30.65985870361328,30.017475128173828,30.017475128173828,19.751888275146484,2968613
2003-09-16,30.13643455505371,30.231603622436523,29.914377212524414,30.231603622436523,19.89279556274414,3973449
2003-09-17,30.295047760009766,30.37435531616211,29.787487030029297,30.088851928710938,19.798856735229492,2852102
2003-09-18,30.199880599975586,30.64399528503418,30.096782684326172,30.501245498657227,20.070219039916992,3007323
2003-09-19,30.445730209350586,31.326032638549805,30.37435531616211,30.929500579833984,20.352018356323242,3254340
2003-09-22,30.45366096496582,30.532968521118164,30.15229606628418,30.38228416442871,19.991941452026367,2050402
2003-09-23,30.295047760009766,30.366424560546875,29.636804580688477,29.70025062561035,19.54315948486328,3468194
2003-09-24,29.763694763183594,29.858863830566406,29.192689895629883,29.319578170776367,19.292667388916016,3597818
2003-09-25,29.34337043762207,29.41474723815918,29.065799713134766,29.065799713134766,19.125682830810547,2463483
2003-09-26,29.065799713134766,29.065799713134766,28.67719841003418,28.883394241333008,19.005647659301758,2583019
2003-09-29,28.85167121887207,29.089590072631836,28.582029342651367,28.732711791992188,18.9064998626709,2746436
2003-09-30,28.55030632019043,28.69305992126465,28.26480484008789,28.43134880065918,18.708202362060547,3328356
2003-10-01,28.478931427001953,29.049938201904297,28.43927764892578,29.01821517944336,19.094369888305664,3498708
2003-10-02,29.26406478881836,29.478191375732422,29.026145935058594,29.390954971313477,19.339637756347656,2975043
2003-10-03,29.390954971313477,30.255395889282227,29.390954971313477,29.92230796813965,19.689273834228516,3568816
2003-10-06,29.92230796813965,30.13643455505371,29.70025062561035,29.898515701293945,19.673612594604492,1738699
2003-10-07,29.898515701293945,30.517105102539062,29.755765914916992,30.485383987426758,20.059778213500977,3191167
2003-10-08,30.68364906311035,30.77088737487793,30.22367286682129,30.350563049316406,19.971067428588867,2655649
2003-10-09,31.008806228637695,31.088111877441406,30.429868698120117,30.580551147460938,20.122404098510742,2299940
2003-10-10,30.50917625427246,30.762956619262695,30.421939849853516,30.612274169921875,20.14327049255371,1839448
2003-10-13,30.85019302368164,31.040529251098633,30.588481903076172,30.802608489990234,20.268522262573242,1257149
2003-10-14,30.802608489990234,31.008806228637695,30.493314743041992,30.81053924560547,20.273744583129883,1797837
2003-10-15,31.286378860473633,31.49257469177246,30.77881622314453,30.826400756835938,20.284170150756836,2149637
2003-10-16,30.532968521118164,30.667787551879883,29.636804580688477,30.15229606628418,19.840600967407227,3823272
2003-10-17,30.929500579833984,30.929500579833984,29.90644645690918,30.26332664489746,19.913663864135742,3265436
2003-10-20,30.26332664489746,30.342632293701172,29.97782325744629,30.15229606628418,19.840600967407227,2077890
2003-10-21,30.13643455505371,30.334701538085938,29.98575210571289,30.295047760009766,19.93454360961914,2904683
2003-10-22,30.295047760009766,30.295047760009766,29.26406478881836,29.279926300048828,19.266569137573242,3618119
2003-10-23,29.287857055664062,29.494054794311523,29.145105361938477,29.359233856201172,19.31875991821289,2527917
2003-10-24,29.22441291809082,29.34337043762207,28.954769134521484,29.176828384399414,19.19873809814453,1811833
2003-10-27,29.24820327758789,29.359233856201172,28.994422912597656,29.097522735595703,19.14655303955078,2265643
2003-10-28,29.176828384399414,29.597152709960938,29.00235366821289,29.597152709960938,19.47532081604004,2230463
2003-10-29,29.30371856689453,29.54956817626953,29.22441291809082,29.279926300048828,19.266569137573242,2902161
2003-10-30,29.58129119873047,29.71611213684082,29.049938201904297,29.216480255126953,19.22482681274414,3334409
2003-10-31,29.501983642578125,30.184019088745117,29.422677993774414,29.930238723754883,19.694486618041992,2944150
2003-11-03,30.05712890625,30.271255493164062,29.755765914916992,29.79541778564453,19.60577392578125,2053428
2003-11-04,29.58129119873047,29.613012313842773,29.30371856689453,29.446470260620117,19.376157760620117,2012952
2003-11-05,29.105451583862305,29.39888572692871,28.94683837890625,29.375093460083008,19.329198837280273,3578273
2003-11-06,29.501983642578125,29.652666091918945,29.18475914001465,29.541637420654297,19.438785552978516,4008755
2003-11-07,30.088851928710938,30.731233596801758,29.779556274414062,30.31884002685547,19.950193405151367,4542004
2003-11-10,30.45366096496582,30.889846801757812,30.421939849853516,30.747095108032227,20.231990814208984,3024472
2003-11-11,30.913637161254883,31.381546020507812,30.834331512451172,31.191211700439453,20.52422523498535,4425872
2003-11-12,31.20707130432129,31.627395629882812,31.20707130432129,31.35775375366211,20.63381004333496,5483794
2003-11-13,31.35775375366211,31.5242977142334,30.929500579833984,31.373615264892578,20.644250869750977,3863748
2003-11-14,31.24672508239746,31.326032638549805,30.271255493164062,30.271255493164062,19.918886184692383,3852652
2003-11-17,30.144365310668945,30.176088333129883,29.803348541259766,30.07299041748047,19.788415908813477,2390097
2003-11-18,30.07299041748047,30.334701538085938,29.747833251953125,29.874723434448242,19.657962799072266,1870341
2003-11-19,29.90644645690918,30.16815757751465,29.747833251953125,30.104713439941406,19.809297561645508,1577930
2003-11-20,29.90644645690918,29.938169479370117,29.34337043762207,29.462331771850586,19.3866024017334,3167083
2003-11-21,29.478191375732422,29.620943069458008,29.34337043762207,29.390954971313477,19.339637756347656,2085960
2003-11-24,29.54956817626953,30.017475128173828,29.462331771850586,29.898515701293945,19.673612594604492,2460331
2003-11-25,29.66059684753418,30.017475128173828,29.58129119873047,29.73197364807129,19.564027786254883,3074279
2003-11-26,29.82714080810547,30.184019088745117,29.779556274414062,30.13643455505371,19.83017349243164,1998830
2003-11-28,30.080921173095703,30.651927947998047,30.05712890625,30.31884002685547,19.950193405151367,1075575
2003-12-01,30.691579818725586,30.929500579833984,30.35849380493164,30.873985290527344,20.31549072265625,3007954
2003-12-02,30.858123779296875,31.09604263305664,30.7867488861084,30.953290939331055,20.36767578125,3789984
2003-12-03,30.929500579833984,30.969152450561523,30.350563049316406,30.493314743041992,20.06500244140625,2880852
2003-12-04,30.43779945373535,30.969152450561523,30.350563049316406,30.818471908569336,20.27895736694336,2129084
2003-12-05,30.723302841186523,30.92156982421875,30.461591720581055,30.818471908569336,20.27895736694336,2201840
2003-12-08,30.636066436767578,30.881916046142578,30.37435531616211,30.68364906311035,20.190237045288086,1828352
2003-12-09,30.731233596801758,30.913637161254883,30.45366096496582,30.612274169921875,20.14327049255371,2105378
2003-12-10,30.406076431274414,30.913637161254883,30.310909271240234,30.46952247619629,20.122329711914062,1892533
2003-12-11,30.691579818725586,30.929500579833984,30.651927947998047,30.873985290527344,20.389434814453125,1865549
2003-12-12,30.85019302368164,30.873985290527344,30.37435531616211,30.747095108032227,20.30564308166504,1741221
2003-12-15,30.929500579833984,31.127765655517578,30.77881622314453,30.77881622314453,20.326587677001953,2684651
2003-12-16,30.897777557373047,31.127765655517578,30.85019302368164,31.0563907623291,20.509904861450195,2709365
2003-12-17,30.937429428100586,31.080181121826172,30.38228416442871,30.572620391845703,20.190420150756836,2993075
2003-12-18,30.731233596801758,30.897777557373047,30.461591720581055,30.858123779296875,20.378971099853516,2521234
2003-12-19,30.85019302368164,30.85019302368164,30.160226821899414,30.37435531616211,20.059480667114258,3806250
2003-12-22,30.334701538085938,30.540897369384766,30.160226821899414,30.45366096496582,20.11185646057129,2273082
2003-12-23,30.334701538085938,30.651927947998047,30.334701538085938,30.64399528503418,20.237550735473633,2208144
2003-12-24,30.62020492553711,30.762956619262695,30.612274169921875,30.69951057434082,20.27420997619629,888579
2003-12-26,30.762956619262695,30.929500579833984,30.731233596801758,30.842262268066406,20.36849021911621,678129
2003-12-29,30.818471908569336,31.0325984954834,30.628135681152344,31.0325984954834,20.494186401367188,2210666
2003-12-30,30.842262268066406,31.16741943359375,30.69951057434082,31.080181121826172,20.525617599487305,2419098
2003-12-31,31.048458099365234,31.619464874267578,31.048458099365234,31.41326904296875,20.745590209960938,2713022
2004-01-02,31.484643936157227,31.849454879760742,31.41326904296875,31.690841674804688,20.92889976501465,2375470
2004-01-05,31.881175994873047,32.65837860107422,31.865314483642578,32.62665557861328,21.546913146972656,3376146
2004-01-06,32.55528259277344,32.95974349975586,32.50769805908203,32.935951232910156,21.75118637084961,2701043
2004-01-07,32.73768615722656,32.9914665222168,32.531490325927734,32.761478424072266,21.635948181152344,2745806
2004-01-08,32.880435943603516,32.951812744140625,32.39666748046875,32.69803237915039,21.594057083129883,3644472
2004-01-09,32.41252899169922,32.475975036621094,31.936691284179688,31.952552795410156,21.10173225402832,3869170
2004-01-12,31.90496826171875,32.03978729248047,31.611534118652344,31.857385635375977,21.038890838623047,3288007
2004-01-13,32.00013732910156,32.230125427246094,31.722564697265625,31.801870346069336,21.00221824645996,2284052
2004-01-14,31.801870346069336,32.61872482299805,31.75428581237793,32.531490325927734,21.484067916870117,3335796
2004-01-15,32.690101623535156,32.7932014465332,32.214263916015625,32.587005615234375,21.520732879638672,1848274
2004-01-16,32.71389389038086,32.82492446899414,32.4997673034668,32.650447845458984,21.5626277923584,3051077
2004-01-20,32.475975036621094,32.57114028930664,32.11909484863281,32.43632125854492,21.421218872070312,2329572
2004-01-21,32.43632125854492,32.515628814697266,31.897037506103516,32.404598236083984,21.400278091430664,2506355
2004-01-22,32.23805618286133,33.633846282958984,32.16667938232422,33.27696990966797,21.976394653320312,3764135
2004-01-23,34.323814392089844,34.33174514770508,33.269039154052734,33.499027252197266,22.123037338256836,4889390
2004-01-26,33.2849006652832,33.57833480834961,33.197662353515625,33.56247329711914,22.16493797302246,2573058
2004-01-27,33.4831657409668,33.570404052734375,33.213523864746094,33.45144271850586,22.091611862182617,1935279
2004-01-28,33.57833480834961,33.87969970703125,33.269039154052734,33.46730422973633,22.102087020874023,2444065
2004-01-29,33.84797668457031,34.379329681396484,33.79246139526367,34.181060791015625,22.573453903198242,5355809
2004-01-30,34.26036834716797,34.30002212524414,33.82418441772461,33.90348815917969,22.390148162841797,4232067
2004-02-02,33.94314193725586,34.65690231323242,33.90348815917969,34.418983459472656,22.730579376220703,3643463
2004-02-03,34.50621795654297,34.58552551269531,34.08589553833008,34.165199279785156,22.562984466552734,2765476
2004-02-04,34.21278381347656,34.418983459472656,33.586265563964844,33.84797668457031,22.353483200073242,2857398
2004-02-05,33.82418441772461,33.94314193725586,33.47523498535156,33.7528076171875,22.290634155273438,2349999
2004-02-06,33.633846282958984,34.28416061401367,33.5069580078125,34.20485305786133,22.589170455932617,2565366
2004-02-09,34.30002212524414,34.69655227661133,34.10968780517578,34.482425689697266,22.772483825683594,1879419
2004-02-10,34.379329681396484,34.83137512207031,34.28416061401367,34.83137512207031,23.00293731689453,2115466
2004-02-11,34.69655227661133,35.434104919433594,34.61724853515625,35.32307434082031,23.327655792236328,2264382
2004-02-12,35.07722473144531,35.35479736328125,34.942405700683594,35.29928207397461,23.311941146850586,1734286
2004-02-13,35.29928207397461,35.29928207397461,34.5141487121582,34.76792907714844,22.961034774780273,2240298
2004-02-17,34.855167388916016,35.37065887451172,34.783790588378906,35.291351318359375,23.306703567504883,1688136
2004-02-18,35.291351318359375,35.362728118896484,34.799652099609375,35.06929397583008,23.160058975219727,1477560
2004-02-19,35.061363220214844,35.172393798828125,34.2207145690918,34.30002212524414,22.65203094482422,2468653
2004-02-20,34.4903564453125,34.4903564453125,33.82418441772461,34.15726852416992,22.5577449798584,1761774
2004-02-23,34.181060791015625,34.323814392089844,33.45144271850586,33.69729232788086,22.25398063659668,1693306
2004-02-24,33.30076217651367,33.87969970703125,33.22938537597656,33.29283142089844,21.98687171936035,2742653
2004-02-25,33.30076217651367,33.46730422973633,33.18973159790039,33.380069732666016,22.044471740722656,1706419
2004-02-26,33.380069732666016,33.427650451660156,33.11835479736328,33.24524688720703,21.955442428588867,1825325
2004-02-27,32.650447845458984,33.9748649597168,32.650447845458984,33.66556930541992,22.233022689819336,2654388
2004-03-01,33.673500061035156,33.832115173339844,33.24524688720703,33.7528076171875,22.290634155273438,1636690
2004-03-02,34.062103271484375,35.09308624267578,33.96693420410156,34.21278381347656,22.594411849975586,2931667
2004-03-03,34.2207145690918,34.79172134399414,34.046241760253906,34.69655227661133,22.913888931274414,2242568
2004-03-04,34.57759475708008,35.33100509643555,34.569664001464844,35.28342056274414,23.301475524902344,2792586
2004-03-05,35.01377868652344,35.01377868652344,34.18899154663086,34.252437591552734,22.6205997467041,3514218
2004-03-08,34.27622985839844,34.54587173461914,33.92728042602539,33.951072692871094,22.421571731567383,3059778
2004-03-09,34.0224494934082,34.688621520996094,33.94314193725586,34.498287200927734,22.782958984375,3223195
2004-03-10,35.01377868652344,35.13274002075195,34.10175704956055,34.18899154663086,22.578697204589844,2301579
2004-03-11,33.919349670410156,34.01451873779297,33.2373161315918,33.34041213989258,22.09002685546875,2331716
2004-03-12,33.2849006652832,33.427650451660156,32.92802047729492,33.36420440673828,22.10579490661621,2392114
2004-03-15,33.078704833984375,33.29283142089844,32.01599884033203,32.62665557861328,21.617124557495117,4034478
2004-03-16,32.91215896606445,33.094566345214844,32.68217086791992,32.92008972167969,21.811532974243164,2597016
2004-03-17,33.2611083984375,33.2849006652832,32.99939727783203,33.13421630859375,21.953411102294922,1617902
2004-03-18,33.094566345214844,33.18973159790039,32.75354766845703,33.023189544677734,21.87984848022461,1588144
2004-03-19,32.92008972167969,33.181800842285156,32.721824645996094,32.75354766845703,21.701200485229492,2468401
2004-03-22,32.31736373901367,32.38080596923828,31.984275817871094,32.26184844970703,21.37540626525879,1855588
2004-03-23,32.26184844970703,32.65837860107422,32.12702560424805,32.53942108154297,21.559316635131836,2274469
2004-03-24,32.45218276977539,32.67424011230469,32.32529067993164,32.50769805908203,21.538305282592773,3022707
2004-03-25,32.61872482299805,32.78527069091797,32.37287521362305,32.7456169128418,21.695941925048828,2923093
2004-03-26,32.75354766845703,32.78527069091797,32.42045974731445,32.65837860107422,21.638139724731445,2327302
2004-03-29,32.71389389038086,33.459373474121094,32.690101623535156,33.30076217651367,22.06375503540039,3627702
2004-03-30,33.308692932128906,33.41971969604492,32.99939727783203,33.308692932128906,22.069011688232422,1486639
2004-03-31,33.35627746582031,33.5069580078125,32.896297454833984,33.308692932128906,22.069011688232422,2572175
2004-04-01,33.18973159790039,33.705223083496094,33.17387008666992,33.41971969604492,22.142574310302734,2632574
2004-04-02,34.498287200927734,35.537200927734375,34.418983459472656,35.09308624267578,23.25128173828125,8148143
2004-04-05,35.28342056274414,35.75925827026367,35.25962829589844,35.74340057373047,23.68214988708496,3643968
2004-04-06,35.727535247802734,35.925804138183594,34.989986419677734,35.2279052734375,23.340606689453125,2278000
2004-04-07,35.08515548706055,35.2516975402832,34.70448684692383,34.82344436645508,23.0726261138916,2501689
2004-04-08,35.20411682128906,35.50547790527344,34.96619415283203,35.14067077636719,23.282808303833008,1597223
2004-04-12,35.14067077636719,35.68788528442383,35.09308624267578,35.291351318359375,23.382644653320312,1643625
2004-04-13,35.473758697509766,35.67202377319336,34.86309814453125,34.9820556640625,23.177717208862305,1640347
2004-04-14,34.855167388916016,35.172393798828125,34.537940979003906,35.172393798828125,23.303823471069336,3179945
2004-04-15,35.291351318359375,36.473018646240234,35.2516975402832,36.346126556396484,24.08148765563965,5138172
2004-04-16,36.346126556396484,36.346126556396484,35.854427337646484,36.17958450317383,23.97115135192871,3660990
2004-04-19,36.02096939086914,36.084415435791016,35.592716217041016,35.648231506347656,23.61910057067871,1813220
2004-04-20,35.76719284057617,36.07648468017578,35.37065887451172,35.37065887451172,23.4351863861084,2503707
2004-04-21,35.37065887451172,35.94166564941406,35.37065887451172,35.79098129272461,23.71368408203125,2846806
2004-04-22,35.592716217041016,36.12406921386719,34.910682678222656,35.76719284057617,23.697919845581055,5322773
2004-04-23,36.28268051147461,36.28268051147461,35.71167755126953,35.9495964050293,23.818767547607422,1526484
2004-04-26,35.925804138183594,36.028900146484375,35.13274002075195,35.32307434082031,23.40365982055664,2359961
2004-04-27,35.4975471496582,35.80684280395508,35.172393798828125,35.275489807128906,23.372127532958984,1841213
2004-04-28,35.188255310058594,35.291351318359375,34.80758285522461,34.89482116699219,23.119915008544922,1540229
2004-04-29,35.01377868652344,35.57685470581055,34.66482925415039,34.77585983276367,23.041091918945312,2279513
2004-04-30,34.934471130371094,35.188255310058594,34.553802490234375,34.744136810302734,23.020076751708984,2215836
2004-05-03,34.926544189453125,35.307212829589844,34.855167388916016,35.03757095336914,23.214494705200195,2208775
2004-05-04,35.09308624267578,35.68788528442383,35.03757095336914,35.402381896972656,23.45620346069336,2531321
2004-05-05,35.35479736328125,35.56099319458008,35.01377868652344,35.39445114135742,23.450946807861328,1414766
2004-05-06,35.19618225097656,35.925804138183594,35.172393798828125,35.88615036010742,23.7767333984375,2899261
2004-05-07,35.965457916259766,36.86161804199219,35.965457916259766,36.50474166870117,24.18657684326172,5403346
2004-05-10,36.50474166870117,37.51986312866211,36.48094940185547,37.14712142944336,24.61220359802246,8243974
2004-05-11,37.004371643066406,37.14712142944336,36.4888801574707,37.14712142944336,24.61220359802246,3659603
2004-05-12,36.948856353759766,36.956787109375,36.05269241333008,36.69507598876953,24.312685012817383,2802043
2004-05-13,36.473018646240234,36.79024124145508,36.155792236328125,36.346126556396484,24.08148765563965,3072892
2004-05-14,36.1954460144043,36.48094940185547,35.88615036010742,36.06855392456055,23.897581100463867,2511399
2004-05-17,35.33100509643555,35.664093017578125,35.14067077636719,35.37065887451172,23.4351863861084,3782166
2004-05-18,35.434104919433594,35.74340057373047,35.2120475769043,35.346866607666016,23.419424057006836,2585667
2004-05-19,35.402381896972656,35.648231506347656,35.23583984375,35.25962829589844,23.361621856689453,2240803
2004-05-20,35.172393798828125,35.39445114135742,34.7362060546875,35.10894775390625,23.26179313659668,3884049
2004-05-21,35.05343246459961,35.16446304321289,34.87895965576172,35.116878509521484,23.267044067382812,2908970
2004-05-24,35.219974517822266,35.473758697509766,34.989986419677734,35.10894775390625,23.26179313659668,1973737
2004-05-25,35.52927017211914,35.965457916259766,35.4578971862793,35.90201187133789,23.7872371673584,4476687
2004-05-26,35.925804138183594,35.925804138183594,35.48961639404297,35.56099319458008,23.56129264831543,2903044
2004-05-27,35.608577728271484,35.64030075073242,35.2279052734375,35.41031265258789,23.46146011352539,3532123
2004-05-28,35.44996643066406,35.50547790527344,35.20411682128906,35.23583984375,23.34587287902832,2477732
2004-06-01,35.23583984375,35.23583984375,34.86309814453125,34.974124908447266,23.17245101928711,3072135
2004-06-02,35.01377868652344,35.045501708984375,34.86309814453125,34.89482116699219,23.119915008544922,3329617
2004-06-03,35.09308624267578,35.26755905151367,34.783790588378906,35.2120475769043,23.330097198486328,4790786
2004-06-04,35.68788528442383,35.735469818115234,35.12480926513672,35.2279052734375,23.340606689453125,3628963
2004-06-07,35.41031265258789,35.75925827026367,35.25962829589844,35.679954528808594,23.640106201171875,2000091
2004-06-08,35.51340866088867,35.77511978149414,35.37858963012695,35.57685470581055,23.57179832458496,2717183
2004-06-09,35.481685638427734,35.65616226196289,35.26755905151367,35.346866607666016,23.49274444580078,2575580
2004-06-10,35.608577728271484,35.648231506347656,35.307212829589844,35.434104919433594,23.550722122192383,2145098
2004-06-14,35.41031265258789,35.41031265258789,34.87895965576172,34.88689041137695,23.187026977539062,1890642
2004-06-15,34.99791717529297,35.31514358520508,34.91861343383789,35.116878509521484,23.33988380432129,2448982
2004-06-16,35.2516975402832,35.2516975402832,34.688621520996094,34.77585983276367,23.113222122192383,1920778
2004-06-17,34.66482925415039,34.69655227661133,34.05417251586914,34.553802490234375,22.96564483642578,2137406
2004-06-18,34.56173324584961,34.89482116699219,34.2207145690918,34.53001022338867,22.949832916259766,2319359
2004-06-21,34.45070266723633,34.553802490234375,34.14934158325195,34.196922302246094,22.728445053100586,1732647
2004-06-22,34.196922302246094,34.65690231323242,34.173133850097656,34.569664001464844,22.976184844970703,1506814
2004-06-23,34.45863342285156,35.061363220214844,34.31588363647461,34.9820556640625,23.25027847290039,2215836
2004-06-24,34.86309814453125,35.19618225097656,34.40311813354492,34.688621520996094,23.055248260498047,2117609
2004-06-25,34.57759475708008,34.57759475708008,33.5069580078125,33.65763854980469,22.370018005371094,4830127
2004-06-28,33.92728042602539,34.046241760253906,33.46730422973633,33.5307502746582,22.28569793701172,2588568
2004-06-29,33.54661178588867,33.689361572265625,33.459373474121094,33.459373474121094,22.23824691772461,3229878
2004-06-30,33.53868103027344,33.60212707519531,33.0152587890625,33.213523864746094,22.074859619140625,3319530
2004-07-01,33.387996673583984,33.52281951904297,32.69803237915039,32.91215896606445,21.874547958374023,4485136
2004-07-02,32.7932014465332,32.80113220214844,31.627395629882812,31.64325714111328,21.031190872192383,7428277
2004-07-06,31.722564697265625,32.475975036621094,31.667049407958984,32.333221435546875,21.489763259887695,6674870
2004-07-07,32.198402404785156,32.634586334228516,32.158748626708984,32.39666748046875,21.531936645507812,3432509
2004-07-08,32.37287521362305,32.71389389038086,32.071510314941406,32.07944107055664,21.321102142333984,3262158
2004-07-09,32.198402404785156,32.515628814697266,32.09530258178711,32.12702560424805,21.352725982666016,1971341
2004-07-12,32.12702560424805,32.29357147216797,31.881175994873047,32.11116409301758,21.342180252075195,1771610
2004-07-13,32.230125427246094,32.35701370239258,32.0080680847168,32.0556526184082,21.3052921295166,2495385
2004-07-14,31.7701473236084,31.928760528564453,30.953290939331055,31.11190414428711,20.678037643432617,4986104
2004-07-15,31.5242977142334,31.968414306640625,31.42913055419922,31.67498016357422,21.05228042602539,3384342
2004-07-16,31.881175994873047,31.952552795410156,31.651187896728516,31.730493545532227,21.089176177978516,3135686
2004-07-19,31.7939395904541,31.88910675048828,31.690841674804688,31.82566261291504,21.15242576599121,2300697
2004-07-20,31.746355056762695,31.96048355102539,31.64325714111328,31.873245239257812,21.18404769897461,2054311
2004-07-21,31.936691284179688,32.39666748046875,31.690841674804688,31.778078079223633,21.12079620361328,1776023
2004-07-22,31.64325714111328,31.7939395904541,31.437061309814453,31.64325714111328,21.031190872192383,1848148
2004-07-23,31.56395149230957,31.619464874267578,31.294309616088867,31.421199798583984,20.883607864379883,1604410
2004-07-26,31.41326904296875,31.452922821044922,30.81053924560547,31.326032638549805,20.82036018371582,2031109
2004-07-27,32.01599884033203,32.83285140991211,31.635326385498047,32.62665557861328,21.684797286987305,4048223
2004-07-28,33.07077407836914,33.07077407836914,32.158748626708984,32.587005615234375,21.6584415435791,2328311
2004-07-29,32.65837860107422,33.308692932128906,32.61872482299805,33.17387008666992,22.048484802246094,2221384
2004-07-30,32.9914665222168,33.29283142089844,32.68217086791992,33.29283142089844,22.127552032470703,1966550
2004-08-02,32.951812744140625,33.20559310913086,32.848716735839844,33.11042785644531,22.006322860717773,1342514
2004-08-03,32.91215896606445,33.10249328613281,32.73768615722656,32.840782165527344,21.827106475830078,1475291
2004-08-04,32.57907485961914,32.848716735839844,32.444252014160156,32.72975540161133,21.753324508666992,1271146
2004-08-05,32.594932556152344,32.594932556152344,32.11909484863281,32.24598693847656,21.431791305541992,1476299
2004-08-06,31.64325714111328,31.897037506103516,31.008806228637695,31.143627166748047,20.69911766052246,3545615
2004-08-09,31.16741943359375,31.20707130432129,30.636066436767578,30.834331512451172,20.493555068969727,2788930
2004-08-10,30.929500579833984,31.008806228637695,30.612274169921875,30.929500579833984,20.556808471679688,2404471
2004-08-11,30.77088737487793,31.2784481048584,30.628135681152344,31.127765655517578,20.68857765197754,2498411
2004-08-12,31.008806228637695,31.143627166748047,30.77088737487793,30.881916046142578,20.525184631347656,1710328
2004-08-13,30.7867488861084,31.18328094482422,30.77088737487793,31.088111877441406,20.662227630615234,1603023
2004-08-16,31.072250366210938,31.71463394165039,31.040529251098633,31.651187896728516,21.03645896911621,1725207
2004-08-17,31.651187896728516,31.849454879760742,31.484643936157227,31.67498016357422,21.05228042602539,1327257
2004-08-18,31.67498016357422,31.82566261291504,31.5242977142334,31.817731857299805,21.147159576416016,1425736
2004-08-19,31.682910919189453,31.801870346069336,31.437061309814453,31.540159225463867,20.96266746520996,1642364
2004-08-20,31.444990158081055,31.71463394165039,31.373615264892578,31.682910919189453,21.057544708251953,1871854
2004-08-23,31.762216567993164,31.80980110168457,31.571880340576172,31.627395629882812,21.020652770996094,1254249
2004-08-24,31.82566261291504,32.087371826171875,31.722564697265625,31.952552795410156,21.236759185791016,2464744
2004-08-25,31.928760528564453,32.31736373901367,31.873245239257812,32.18254089355469,21.389610290527344,1702258
2004-08-26,32.0080680847168,32.158748626708984,31.722564697265625,31.75428581237793,21.1049861907959,1572887
2004-08-27,31.60360336303711,31.801870346069336,31.5480899810791,31.611534118652344,21.010114669799805,1267363
2004-08-30,31.389476776123047,31.682910919189453,31.365684509277344,31.5242977142334,20.952131271362305,1266480
2004-08-31,31.56395149230957,31.82566261291504,31.215002059936523,31.540159225463867,20.96266746520996,1501896
2004-09-01,31.540159225463867,31.82566261291504,31.41326904296875,31.7939395904541,21.131343841552734,1519549
2004-09-02,31.7701473236084,32.49183654785156,31.762216567993164,32.43632125854492,21.55829429626465,1665187
2004-09-03,32.444252014160156,32.90422821044922,32.39666748046875,32.62665557861328,21.684797286987305,1869332
2004-09-07,32.71389389038086,32.98353576660156,32.38080596923828,32.594932556152344,21.663707733154297,1870719
2004-09-08,32.39666748046875,32.967674255371094,32.349082946777344,32.690101623535156,21.80123519897461,2574067
2004-09-09,32.69803237915039,32.85664367675781,32.24598693847656,32.29357147216797,21.53677749633789,2607986
2004-09-10,32.29357147216797,32.91215896606445,32.214263916015625,32.87250518798828,21.922868728637695,1466968
2004-09-13,32.91215896606445,33.62591552734375,32.83285140991211,32.86457443237305,21.917583465576172,2672167
2004-09-14,33.03112030029297,34.196922302246094,33.03112030029297,33.951072692871094,22.642169952392578,3156239
2004-09-15,33.951072692871094,33.951072692871094,33.30076217651367,33.7528076171875,22.50994873046875,1876645
2004-09-16,33.689361572265625,33.85590744018555,33.570404052734375,33.73694610595703,22.499374389648438,986175
2004-09-17,33.887630462646484,34.0224494934082,33.57833480834961,33.80832290649414,22.54697608947754,1984707
2004-09-20,33.78453063964844,33.86383819580078,33.40385818481445,33.61005783081055,22.41474151611328,1087680
2004-09-21,33.53868103027344,33.96693420410156,33.27696990966797,33.86383819580078,22.58400535583496,1572887
2004-09-22,33.554542541503906,33.66556930541992,33.22938537597656,33.324554443359375,22.224349975585938,2077386
2004-09-23,33.380069732666016,33.41178894042969,32.86457443237305,32.935951232910156,21.965187072753906,1603906
2004-09-24,32.86457443237305,33.29283142089844,32.78527069091797,32.92802047729492,21.959890365600586,1141774
2004-09-27,32.92802047729492,32.95974349975586,32.515628814697266,32.587005615234375,21.732473373413086,1305821
2004-09-28,32.594932556152344,32.761478424072266,32.43632125854492,32.53942108154297,21.700735092163086,1802502
2004-09-29,32.42839050292969,33.181800842285156,32.31736373901367,33.181800842285156,22.129146575927734,2178008
2004-09-30,32.951812744140625,33.142147064208984,32.64251708984375,32.7694091796875,21.85411834716797,2364878
2004-10-01,32.75354766845703,34.03831100463867,32.721824645996094,33.35627746582031,22.245500564575195,2185700
2004-10-04,33.61798858642578,34.181060791015625,33.41178894042969,34.077964782714844,22.7268009185791,2510894
2004-10-05,33.935211181640625,34.64104080200195,33.92728042602539,34.59345626831055,23.070585250854492,2532582
2004-10-06,34.54587173461914,34.72034454345703,34.07003402709961,34.7124137878418,23.149921417236328,1535689
2004-10-07,34.482425689697266,34.50621795654297,33.92728042602539,33.95900344848633,22.647462844848633,1678679
2004-10-08,33.78453063964844,33.78453063964844,32.91215896606445,33.0390510559082,22.033945083618164,2553640
2004-10-11,33.17387008666992,33.49109649658203,33.15800857543945,33.372135162353516,22.256084442138672,1232183
2004-10-12,33.380069732666016,33.41971969604492,32.935951232910156,33.17387008666992,22.12385368347168,1476425
2004-10-13,33.308692932128906,33.380069732666016,32.515628814697266,32.690101623535156,21.80123519897461,2270308
2004-10-14,32.634586334228516,32.75354766845703,32.26184844970703,32.32529067993164,21.55793571472168,1671492
2004-10-15,32.333221435546875,32.721824645996094,32.2539176940918,32.39666748046875,21.60552215576172,1460916
2004-10-18,32.23805618286133,32.91215896606445,31.976343154907227,32.880435943603516,21.928159713745117,1467095
2004-10-19,32.87250518798828,32.88836669921875,32.35701370239258,32.404598236083984,21.610816955566406,1449063
2004-10-20,32.2777099609375,32.30149841308594,31.746355056762695,32.11116409301758,21.41512680053711,1320574
2004-10-21,32.03978729248047,32.34115219116211,31.881175994873047,32.22219467163086,21.489177703857422,1396482
2004-10-22,32.09530258178711,32.2539176940918,31.556020736694336,31.75428581237793,21.177125930786133,1998830
2004-10-25,32.55528259277344,34.14141082763672,32.515628814697266,33.951072692871094,22.642169952392578,6486361
2004-10-26,33.15007781982422,33.78453063964844,33.15007781982422,33.76866912841797,22.52053451538086,3795658
2004-10-27,33.744876861572266,34.426910400390625,33.54661178588867,34.307952880859375,22.88018035888672,2789308
2004-10-28,34.10175704956055,34.537940979003906,33.94314193725586,34.363468170166016,22.91720962524414,1559269
2004-10-29,34.236576080322266,34.4665641784668,34.077964782714844,34.41105270385742,22.948936462402344,1566330
2004-11-01,34.30002212524414,35.14860153198242,34.10968780517578,34.7599983215332,23.181640625,4087942
2004-11-02,34.7362060546875,35.291351318359375,34.64104080200195,35.09308624267578,23.403793334960938,3074153
2004-11-03,35.291351318359375,35.41031265258789,34.783790588378906,34.99791717529297,23.340320587158203,2302840
2004-11-04,34.89482116699219,35.50547790527344,34.799652099609375,35.48961639404297,23.668249130249023,1921030
2004-11-05,35.679954528808594,36.13199996948242,34.91861343383789,35.38652038574219,23.5994873046875,4076468
2004-11-08,35.44203567504883,35.7037467956543,35.29928207397461,35.664093017578125,23.78459930419922,2449865
2004-11-09,35.67202377319336,35.68788528442383,35.48961639404297,35.61650848388672,23.752864837646484,1829360
2004-11-10,35.62443923950195,35.894081115722656,35.41031265258789,35.664093017578125,23.78459930419922,1597475
2004-11-11,35.664093017578125,36.028900146484375,35.537200927734375,35.90201187133789,23.94326400756836,1406570
2004-11-12,35.735469818115234,36.00511169433594,35.4975471496582,35.981319427490234,23.996158599853516,1637699
2004-11-15,35.973388671875,35.981319427490234,35.4578971862793,35.894081115722656,23.93798065185547,1671366
2004-11-16,35.783050537109375,35.838565826416016,35.33100509643555,35.418243408203125,23.62063980102539,1465708
2004-11-17,35.592716217041016,35.981319427490234,35.4975471496582,35.94166564941406,23.969701766967773,1585496
2004-11-18,35.87821960449219,36.084415435791016,35.798912048339844,36.03683090209961,24.033172607421875,1978276
2004-11-19,36.14786148071289,36.16372299194336,35.63236999511719,35.679954528808594,23.7951717376709,1680696
2004-11-22,35.679954528808594,36.044761657714844,35.52927017211914,36.013038635253906,24.017311096191406,1814860
2004-11-23,35.608577728271484,35.91787338256836,35.48961639404297,35.75132751464844,23.8427791595459,1339110
2004-11-24,35.75132751464844,36.100276947021484,35.68788528442383,35.99717712402344,24.006736755371094,1138748
2004-11-26,35.727535247802734,36.06062316894531,35.553062438964844,35.91787338256836,23.953842163085938,620253
2004-11-29,35.9495964050293,35.981319427490234,35.65616226196289,35.84649658203125,23.9062442779541,1360546
2004-11-30,35.84649658203125,36.20337677001953,35.783050537109375,36.10820770263672,24.080780029296875,2049015
2004-12-01,36.11613845825195,36.72679901123047,36.084415435791016,36.663352966308594,24.45102310180664,1582722
2004-12-02,36.28268051147461,36.67921447753906,36.211307525634766,36.50474166870117,24.345239639282227,1734412
2004-12-03,36.13199996948242,36.59990692138672,35.80684280395508,36.473018646240234,24.324079513549805,2475714
2004-12-06,36.473018646240234,36.50474166870117,36.20337677001953,36.32233428955078,24.22358512878418,1530393
2004-12-07,36.30647277832031,36.465087890625,35.94166564941406,35.94166564941406,23.969701766967773,1306578
2004-12-08,35.99717712402344,36.05269241333008,35.4975471496582,35.83063507080078,23.977678298950195,1489287
2004-12-09,35.48961639404297,35.84649658203125,35.172393798828125,35.62443923950195,23.839689254760742,2383414
2004-12-10,35.48961639404297,35.727535247802734,35.291351318359375,35.521339416503906,23.770687103271484,1289429
2004-12-13,35.76719284057617,35.83063507080078,35.473758697509766,35.76719284057617,23.935216903686523,1043169
2004-12-14,35.65616226196289,35.75925827026367,35.307212829589844,35.44996643066406,23.722936630249023,1893668
2004-12-15,35.346866607666016,35.521339416503906,34.934471130371094,35.07722473144531,23.47349739074707,2124797
2004-12-16,34.83930587768555,35.26755905151367,34.83137512207031,35.03757095336914,23.44695281982422,1848653
2004-12-17,34.69655227661133,35.26755905151367,34.69655227661133,34.84723663330078,23.3195858001709,3639302
2004-12-20,35.045501708984375,35.35479736328125,34.989986419677734,35.25962829589844,23.59555435180664,2458692
2004-12-21,35.20411682128906,35.52927017211914,35.08515548706055,35.31514358520508,23.632707595825195,1675653
2004-12-22,35.32307434082031,35.76719284057617,35.23583984375,35.473758697509766,23.738847732543945,1884841
2004-12-23,35.481685638427734,35.854427337646484,35.35479736328125,35.81477355957031,23.967052459716797,1881437
2004-12-27,35.727535247802734,35.77511978149414,35.26755905151367,35.291351318359375,23.616785049438477,1482478
2004-12-28,35.2516975402832,35.60064697265625,35.13274002075195,35.48961639404297,23.74947166442871,1674392
2004-12-29,35.32307434082031,35.608577728271484,35.28342056274414,35.37858963012695,23.6751651763916,917076
2004-12-30,35.33100509643555,35.37065887451172,34.9820556640625,35.13274002075195,23.510648727416992,1596340
2004-12-31,35.26755905151367,35.346866607666016,35.05343246459961,35.172393798828125,23.537179946899414,1268372
2005-01-03,35.13274002075195,35.44996643066406,34.688621520996094,34.77585983276367,23.271818161010742,1673761
2005-01-04,34.79172134399414,34.89482116699219,34.13347625732422,34.2207145690918,22.900314331054688,1978150
2005-01-05,34.26036834716797,34.4665641784668,33.919349670410156,34.077964782714844,22.804792404174805,2578858
2005-01-06,33.98279571533203,34.05417251586914,33.64970779418945,33.84797668457031,22.650888442993164,2444695
2005-01-07,33.919349670410156,34.08589553833008,33.324554443359375,33.78453063964844,22.608421325683594,1876771
2005-01-10,33.71315383911133,34.062103271484375,33.60212707519531,33.80832290649414,22.624351501464844,2100335
2005-01-11,33.80832290649414,33.92728042602539,33.66556930541992,33.87176513671875,22.666805267333984,2158211
2005-01-12,33.78453063964844,33.887630462646484,33.2849006652832,33.56247329711914,22.45983123779297,2926245
2005-01-13,33.387996673583984,33.570404052734375,32.91215896606445,32.91215896606445,22.024639129638672,1923552
2005-01-14,33.078704833984375,33.62591552734375,33.078704833984375,33.62591552734375,22.50228500366211,3305534
2005-01-18,33.86383819580078,35.061363220214844,33.86383819580078,35.0058479309082,23.42572784423828,4785742
2005-01-19,34.974124908447266,35.25962829589844,34.728275299072266,34.83137512207031,23.308969497680664,4153258
2005-01-20,34.83137512207031,34.83137512207031,34.252437591552734,34.498287200927734,23.08606719970703,4351981
2005-01-21,34.498287200927734,35.05343246459961,33.86383819580078,33.96693420410156,22.73049545288086,4764684
2005-01-24,34.2207145690918,34.72034454345703,34.10968780517578,34.30002212524414,22.95339584350586,3212729
2005-01-25,34.363468170166016,34.728275299072266,34.307952880859375,34.60138702392578,23.155067443847656,2568140
2005-01-26,34.569664001464844,34.799652099609375,34.498287200927734,34.56173324584961,23.128528594970703,2604960
2005-01-27,34.569664001464844,34.60138702392578,33.98279571533203,34.22864532470703,22.905622482299805,2119501
2005-01-28,34.37139892578125,34.45863342285156,33.86383819580078,34.26036834716797,22.926849365234375,1601510
2005-01-31,34.30002212524414,34.553802490234375,34.22864532470703,34.482425689697266,23.075454711914062,2118996
2005-02-01,34.418983459472656,34.9582633972168,34.2207145690918,34.87895965576172,23.3408145904541,2434608
2005-02-02,34.75206756591797,34.9582633972168,34.379329681396484,34.625179290771484,23.170984268188477,2160229
2005-02-03,34.45863342285156,34.9820556640625,34.35553741455078,34.9820556640625,23.409818649291992,2311667
2005-02-04,34.974124908447266,35.01377868652344,34.498287200927734,35.01377868652344,23.431032180786133,2552379
2005-02-07,34.57759475708008,34.926544189453125,34.537940979003906,34.67276382446289,23.20283317565918,1718903
2005-02-08,34.537940979003906,34.871028900146484,34.40311813354492,34.7124137878418,23.229366302490234,1969450
2005-02-09,34.57759475708008,34.7124137878418,33.91142272949219,33.98279571533203,22.741104125976562,3166831
2005-02-10,34.15726852416992,34.165199279785156,33.72108459472656,33.72108459472656,22.565967559814453,2171199
2005-02-11,33.641780853271484,34.12554931640625,33.641780853271484,34.05417251586914,22.788869857788086,2203857
2005-02-14,34.181060791015625,34.181060791015625,33.744876861572266,33.744876861572266,22.581893920898438,1961758
2005-02-15,33.66556930541992,33.951072692871094,33.57833480834961,33.66556930541992,22.528823852539062,2140180
2005-02-16,33.5069580078125,33.72108459472656,33.269039154052734,33.4831657409668,22.406753540039062,2512912
2005-02-17,33.4831657409668,33.85590744018555,33.4831657409668,33.61005783081055,22.491662979125977,2087221
2005-02-18,33.66556930541992,33.689361572265625,33.27696990966797,33.27696990966797,22.26877212524414,2415820
2005-02-22,33.22938537597656,33.459373474121094,33.078704833984375,33.078704833984375,22.136089324951172,1872106
2005-02-23,33.126285552978516,33.832115173339844,32.61872482299805,33.253177642822266,22.252845764160156,2670276
2005-02-24,33.253177642822266,33.87969970703125,33.24524688720703,33.80832290649414,22.624351501464844,2222267
2005-02-25,33.86383819580078,34.21278381347656,33.744876861572266,34.10175704956055,22.820714950561523,2769890
2005-02-28,33.94314193725586,34.14934158325195,33.86383819580078,34.07003402709961,22.799484252929688,3297085
2005-03-01,34.062103271484375,34.38726043701172,33.90348815917969,34.10175704956055,22.820714950561523,2056833
2005-03-02,33.94314193725586,34.062103271484375,33.84004592895508,34.006587982177734,22.757030487060547,2248116
2005-03-03,33.9986572265625,34.01451873779297,33.72108459472656,33.84797668457031,22.650888442993164,1941331
2005-03-04,34.10175704956055,34.252437591552734,33.78453063964844,33.990726470947266,22.746414184570312,3839286
2005-03-07,33.94314193725586,34.498287200927734,33.94314193725586,34.38726043701172,23.011764526367188,2207640
2005-03-08,34.26036834716797,34.553802490234375,34.236576080322266,34.40311813354492,23.022380828857422,2750597
2005-03-09,34.181060791015625,34.40311813354492,34.05417251586914,34.307952880859375,22.958698272705078,3538806
2005-03-10,34.12554931640625,34.4903564453125,34.046241760253906,34.4903564453125,23.16374969482422,1898838
2005-03-11,34.379329681396484,34.7362060546875,34.379329681396484,34.50621795654297,23.174406051635742,2962182
2005-03-14,34.482425689697266,34.82344436645508,34.41105270385742,34.82344436645508,23.387462615966797,1697719
2005-03-15,34.89482116699219,35.28342056274414,34.87895965576172,35.07722473144531,23.55790138244629,3670826
2005-03-16,34.855167388916016,35.2516975402832,34.64104080200195,35.219974517822266,23.65376853942871,3347144
2005-03-17,35.19618225097656,35.56099319458008,35.09308624267578,35.42617416381836,23.792251586914062,3582056
2005-03-18,35.44996643066406,35.67202377319336,35.33893585205078,35.51340866088867,23.850833892822266,5036163
2005-03-21,35.44996643066406,35.68788528442383,35.402381896972656,35.608577728271484,23.914749145507812,2870008
2005-03-22,35.50547790527344,36.06855392456055,35.473758697509766,35.664093017578125,23.952043533325195,3177423
2005-03-23,35.48961639404297,35.965457916259766,35.41031265258789,35.84649658203125,24.074535369873047,3532627
2005-03-24,35.88615036010742,36.084415435791016,35.648231506347656,35.80684280395508,24.047908782958984,2206883
2005-03-28,35.87821960449219,36.07648468017578,35.87028884887695,35.94166564941406,24.138446807861328,1810572
2005-03-29,35.90201187133789,35.90201187133789,35.56892395019531,35.648231506347656,23.94138526916504,3305029
2005-03-30,35.648231506347656,35.76719284057617,35.58478546142578,35.679954528808594,23.962682723999023,3369841
2005-03-31,35.68788528442383,35.74340057373047,35.56892395019531,35.648231506347656,23.94138526916504,2493367
2005-04-01,35.648231506347656,35.68788528442383,35.307212829589844,35.553062438964844,23.87746810913086,2630052
2005-04-04,35.56892395019531,35.67202377319336,35.41031265258789,35.592716217041016,23.904104232788086,2603068
2005-04-05,35.68788528442383,35.94166564941406,35.608577728271484,35.82270431518555,24.05855941772461,1871223
2005-04-06,35.94166564941406,36.10820770263672,35.838565826416016,35.88615036010742,24.10116958618164,1562547
2005-04-07,35.973388671875,36.06855392456055,35.86235809326172,36.06062316894531,24.218347549438477,1538842
2005-04-08,35.909942626953125,36.13199996948242,35.84649658203125,35.87028884887695,24.09051513671875,1620424
2005-04-11,35.101016998291016,35.465824127197266,34.89482116699219,35.418243408203125,23.786922454833984,2445452
2005-04-12,35.291351318359375,35.65616226196289,35.02170944213867,35.60064697265625,23.909421920776367,2055950
2005-04-13,35.56892395019531,35.82270431518555,35.44996643066406,35.54513168334961,23.87214469909668,2513794
2005-04-14,35.56892395019531,35.648231506347656,35.26755905151367,35.307212829589844,23.712356567382812,2101974
2005-04-15,35.08515548706055,35.29928207397461,34.379329681396484,34.4665641784668,23.147764205932617,3019932
2005-04-18,34.20485305786133,34.553802490234375,34.117618560791016,34.38726043701172,23.094512939453125,2679859
2005-04-19,34.33967590332031,34.34760665893555,34.01451873779297,34.2207145690918,22.9826602935791,2068937
2005-04-20,34.14141082763672,34.38726043701172,33.90348815917969,33.951072692871094,22.80156135559082,1854453
2005-04-21,35.09308624267578,35.67202377319336,34.57759475708008,35.2120475769043,23.64844512939453,3117403
2005-04-22,35.41031265258789,35.41031265258789,34.871028900146484,35.16446304321289,23.61648178100586,2527034
2005-04-25,35.18032455444336,35.52927017211914,35.03757095336914,35.31514358520508,23.717687606811523,2470166
2005-04-26,35.32307434082031,35.33100509643555,34.609317779541016,34.609317779541016,23.243648529052734,2161742
2005-04-27,34.4665641784668,34.90275192260742,34.40311813354492,34.80758285522461,23.376798629760742,1942844
2005-04-28,34.609317779541016,34.76792907714844,34.236576080322266,34.33967590332031,23.062557220458984,1882950
2005-04-29,34.418983459472656,34.482425689697266,34.03831100463867,34.45070266723633,23.137117385864258,2429942
2005-05-02,34.45070266723633,34.89482116699219,34.45070266723633,34.75206756591797,23.339523315429688,1871475
2005-05-03,34.7599983215332,35.33893585205078,34.7599983215332,35.05343246459961,23.541921615600586,2348990
2005-05-04,35.275489807128906,35.33100509643555,34.942405700683594,35.116878509521484,23.58453369140625,1652704
2005-05-05,34.91861343383789,35.116878509521484,34.59345626831055,34.9820556640625,23.493988037109375,1541742
2005-05-06,35.13274002075195,35.291351318359375,34.87895965576172,34.910682678222656,23.446046829223633,1458646
2005-05-09,34.82344436645508,34.88689041137695,34.498287200927734,34.84723663330078,23.403432846069336,1451711
2005-05-10,34.53001022338867,34.59345626831055,34.18899154663086,34.307952880859375,23.041257858276367,2424899
2005-05-11,34.498287200927734,34.89482116699219,34.323814392089844,34.82344436645508,23.387462615966797,2177756
2005-05-12,34.87895965576172,34.88689041137695,34.63311004638672,34.855167388916016,23.408761978149414,1681201
2005-05-13,34.855167388916016,34.974124908447266,34.59345626831055,34.88689041137695,23.430068969726562,1968063
2005-05-16,34.96619415283203,35.029640197753906,34.783790588378906,34.89482116699219,23.435392379760742,1292960
2005-05-17,34.90275192260742,34.926544189453125,34.569664001464844,34.88689041137695,23.430068969726562,1572761
2005-05-18,34.89482116699219,35.09308624267578,34.688621520996094,35.09308624267578,23.56854820251465,2297797
2005-05-19,35.029640197753906,35.31514358520508,34.910682678222656,35.28342056274414,23.69638442993164,1512992
2005-05-20,35.291351318359375,35.4975471496582,35.116878509521484,35.44996643066406,23.808229446411133,1391943
2005-05-23,35.38652038574219,35.51340866088867,35.219974517822266,35.33100509643555,23.728342056274414,1904386
2005-05-24,35.172393798828125,35.38652038574219,34.942405700683594,35.33100509643555,23.728342056274414,1679309
2005-05-25,35.09308624267578,35.219974517822266,34.910682678222656,35.05343246459961,23.541921615600586,1597727
2005-05-26,35.19618225097656,35.402381896972656,35.01377868652344,35.18032455444336,23.627145767211914,1607436
2005-05-27,35.24376678466797,35.402381896972656,35.02170944213867,35.307212829589844,23.712356567382812,1175567
2005-05-31,35.18032455444336,35.18032455444336,34.70448684692383,34.7362060546875,23.328861236572266,2804061
2005-06-01,34.815513610839844,35.01377868652344,34.728275299072266,34.91861343383789,23.451370239257812,1902999
2005-06-02,34.7362060546875,35.172393798828125,34.7362060546875,35.05343246459961,23.541921615600586,1808933
2005-06-03,34.910682678222656,35.029640197753906,34.50621795654297,34.61724853515625,23.24897575378418,2003999
2005-06-06,34.50621795654297,34.76792907714844,34.38726043701172,34.728275299072266,23.32353973388672,2036531
2005-06-07,34.58552551269531,35.01377868652344,34.498287200927734,34.66482925415039,23.280933380126953,1555990
2005-06-08,34.65690231323242,34.67276382446289,34.062103271484375,34.15726852416992,23.021682739257812,2853489
2005-06-09,34.006587982177734,34.37139892578125,34.006587982177734,34.2445068359375,23.080488204956055,2337138
2005-06-10,34.2207145690918,34.41105270385742,33.832115173339844,34.03831100463867,22.94151496887207,2405354
2005-06-13,34.046241760253906,34.323814392089844,33.87176513671875,34.01451873779297,22.92547607421875,1807798
2005-06-14,34.03038024902344,34.03831100463867,33.760738372802734,33.90348815917969,22.850637435913086,1721929
2005-06-15,34.10175704956055,34.27622985839844,33.65763854980469,33.744876861572266,22.74374008178711,2468905
2005-06-16,33.84004592895508,34.046241760253906,33.744876861572266,33.94314193725586,22.877365112304688,2509759
2005-06-17,34.10175704956055,34.10175704956055,33.73694610595703,33.919349670410156,22.8613338470459,2998875
2005-06-20,33.816253662109375,33.92728042602539,33.69729232788086,33.7290153503418,22.733047485351562,2203605
2005-06-21,33.7290153503418,33.84004592895508,33.387996673583984,33.5069580078125,22.583393096923828,2936333
2005-06-22,33.514888763427734,33.64970779418945,33.29283142089844,33.29283142089844,22.43906593322754,2780986
2005-06-23,33.372135162353516,33.372135162353516,32.65837860107422,32.69803237915039,22.038175582885742,4671880
2005-06-24,32.67424011230469,32.777339935302734,32.15081787109375,32.269779205322266,21.74953269958496,4932767
2005-06-27,32.2777099609375,32.66630935668945,32.01599884033203,32.61872482299805,21.984718322753906,2775690
2005-06-28,33.15007781982422,33.935211181640625,33.15007781982422,33.61005783081055,22.652864456176758,3540824
2005-06-29,33.935211181640625,33.935211181640625,33.308692932128906,33.427650451660156,22.529932022094727,1990255
2005-06-30,33.34834671020508,33.66556930541992,33.24524688720703,33.2849006652832,22.433719635009766,2503833
2005-07-01,33.387996673583984,33.73694610595703,33.34834671020508,33.5307502746582,22.59942626953125,1510975
2005-07-05,33.39592742919922,33.586265563964844,33.308692932128906,33.45144271850586,22.545970916748047,2674311
2005-07-06,33.45144271850586,33.53868103027344,33.126285552978516,33.213523864746094,22.385608673095703,2322385
2005-07-07,33.07077407836914,33.308692932128906,32.68217086791992,33.11042785644531,22.316123962402344,1996560
2005-07-08,33.11042785644531,33.34834671020508,32.848716735839844,33.2849006652832,22.433719635009766,3316882
2005-07-11,33.40385818481445,33.61798858642578,33.126285552978516,33.61005783081055,22.652864456176758,3123959
2005-07-12,33.744876861572266,33.744876861572266,33.30076217651367,33.64970779418945,22.679595947265625,1789515
2005-07-13,33.570404052734375,33.68143081665039,33.36420440673828,33.459373474121094,22.55130958557129,1988616
2005-07-14,33.65763854980469,33.73694610595703,33.46730422973633,33.68143081665039,22.70097541809082,1368364
2005-07-15,33.68143081665039,33.9748649597168,33.62591552734375,33.9748649597168,22.898752212524414,1825073
2005-07-18,33.9748649597168,33.9748649597168,33.689361572265625,33.86383819580078,22.823923110961914,1577300
2005-07-19,33.9986572265625,34.41105270385742,33.87176513671875,34.34760665893555,23.149974822998047,2254294
2005-07-20,34.077964782714844,34.45863342285156,33.919349670410156,34.37139892578125,23.166004180908203,1718777
2005-07-21,34.31588363647461,34.942405700683594,34.27622985839844,34.688621520996094,23.379817962646484,2863577
2005-07-22,34.688621520996094,34.871028900146484,34.426910400390625,34.84723663330078,23.486719131469727,2308262
2005-07-25,34.9820556640625,35.4578971862793,34.67276382446289,34.7362060546875,23.411884307861328,3092184
2005-07-26,34.7124137878418,35.172393798828125,34.006587982177734,34.76792907714844,23.433269500732422,3488999
2005-07-27,34.69655227661133,34.926544189453125,34.59345626831055,34.926544189453125,23.540170669555664,2841384
2005-07-28,34.934471130371094,35.74340057373047,34.91861343383789,35.58478546142578,23.983821868896484,3697557
2005-07-29,35.41031265258789,35.61650848388672,35.219974517822266,35.219974517822266,23.73794174194336,2029218
2005-08-01,34.4665641784668,35.2516975402832,34.4665641784668,35.18032455444336,23.711223602294922,2022661
2005-08-02,35.2120475769043,35.44996643066406,35.116878509521484,35.18032455444336,23.711223602294922,1664557
2005-08-03,35.01377868652344,35.23583984375,34.87895965576172,35.19618225097656,23.72189712524414,1976637
2005-08-04,35.14860153198242,35.156532287597656,34.815513610839844,34.88689041137695,23.513450622558594,1783210
2005-08-05,34.88689041137695,35.172393798828125,34.815513610839844,34.88689041137695,23.513450622558594,1336210
2005-08-08,34.926544189453125,35.12480926513672,34.871028900146484,34.89482116699219,23.518783569335938,1286781
2005-08-09,34.95033645629883,35.10894775390625,34.87895965576172,34.9582633972168,23.561546325683594,1275685
2005-08-10,35.09308624267578,35.65616226196289,35.05343246459961,35.18032455444336,23.711223602294922,2124671
2005-08-11,35.2120475769043,35.48961639404297,35.02170944213867,35.29928207397461,23.79138946533203,1236596
2005-08-12,35.29928207397461,35.48961639404297,35.13274002075195,35.307212829589844,23.796735763549805,1200029
2005-08-15,35.2279052734375,35.42617416381836,34.9820556640625,35.33893585205078,23.8181209564209,1161697
2005-08-16,35.2279052734375,35.362728118896484,34.9820556640625,34.9820556640625,23.577590942382812,1391439
2005-08-17,34.88689041137695,35.045501708984375,34.82344436645508,34.974124908447266,23.572237014770508,2073729
2005-08-18,34.88689041137695,35.12480926513672,34.69655227661133,34.96619415283203,23.566892623901367,1390304
2005-08-19,35.156532287597656,35.19618225097656,34.855167388916016,34.88689041137695,23.513450622558594,1532789
2005-08-22,34.89482116699219,35.25962829589844,34.744136810302734,34.942405700683594,23.550865173339844,1179854
2005-08-23,34.90275192260742,35.01377868652344,34.799652099609375,34.88689041137695,23.513450622558594,1686875
2005-08-24,34.83930587768555,35.05343246459961,34.680694580078125,34.69655227661133,23.385154724121094,2251647
2005-08-25,34.7362060546875,34.83930587768555,34.60138702392578,34.680694580078125,23.374473571777344,1542624
2005-08-26,34.680694580078125,34.680694580078125,34.33967590332031,34.41105270385742,23.192731857299805,2062759
2005-08-29,34.292091369628906,34.61724853515625,34.292091369628906,34.537940979003906,23.278255462646484,1299769
2005-08-30,34.39519119262695,34.39519119262695,34.10968780517578,34.252437591552734,23.085826873779297,2436625
2005-08-31,34.292091369628906,34.292091369628906,33.499027252197266,33.90348815917969,22.850637435913086,3162418
2005-09-01,33.887630462646484,33.92728042602539,33.39592742919922,33.499027252197266,22.578039169311523,2285566
2005-09-02,33.61798858642578,33.84797668457031,33.46730422973633,33.68143081665039,22.70097541809082,1796702
2005-09-06,33.80832290649414,34.10175704956055,33.800392150878906,33.951072692871094,22.88270378112793,2040566
2005-09-07,33.586265563964844,33.78453063964844,33.499027252197266,33.641780853271484,22.756649017333984,1399635
2005-09-08,33.78453063964844,33.78453063964844,33.39592742919922,33.586265563964844,22.719087600708008,1531402
2005-09-09,33.62591552734375,33.87969970703125,33.499027252197266,33.84797668457031,22.896121978759766,1274298
2005-09-12,33.7528076171875,33.94314193725586,33.443511962890625,33.45144271850586,22.627899169921875,1933766
2005-09-13,33.459373474121094,33.47523498535156,32.880435943603516,33.007328033447266,22.327472686767578,3474625
2005-09-14,33.078704833984375,33.2373161315918,32.92008972167969,33.126285552978516,22.407943725585938,1970333
2005-09-15,33.18973159790039,33.269039154052734,32.91215896606445,33.07077407836914,22.37038803100586,1970837
2005-09-16,33.20559310913086,33.380069732666016,32.92802047729492,33.07077407836914,22.37038803100586,4414397
2005-09-19,33.308692932128906,33.5069580078125,32.91215896606445,33.08663558959961,22.381122589111328,2455161
2005-09-20,33.094566345214844,33.73694610595703,33.094566345214844,33.586265563964844,22.719087600708008,3816968
2005-09-21,33.586265563964844,33.86383819580078,33.53868103027344,33.633846282958984,22.751285552978516,3015015
2005-09-22,33.586265563964844,33.705223083496094,33.31662368774414,33.554542541503906,22.697633743286133,1888372
2005-09-23,33.52281951904297,33.586265563964844,33.11042785644531,33.36420440673828,22.568885803222656,1668718
2005-09-26,33.554542541503906,33.80832290649414,33.22145462036133,33.27696990966797,22.509870529174805,2017618
2005-09-27,33.43558120727539,33.57833480834961,33.197662353515625,33.47523498535156,22.64398956298828,1758748
2005-09-28,34.10175704956055,34.7362060546875,33.79246139526367,34.20485305786133,23.13753318786621,3395690
2005-09-29,34.14934158325195,34.14934158325195,33.705223083496094,34.07003402709961,23.04633331298828,2546957
2005-09-30,33.9986572265625,34.20485305786133,33.705223083496094,34.13347625732422,23.089248657226562,1870719
2005-10-03,34.03831100463867,34.196922302246094,33.935211181640625,34.10968780517578,23.073150634765625,2597772
2005-10-04,34.181060791015625,34.58552551269531,34.03831100463867,34.20485305786133,23.13753318786621,2859542
2005-10-05,34.14141082763672,34.4903564453125,34.10175704956055,34.13347625732422,23.089248657226562,2578480
2005-10-06,34.181060791015625,34.498287200927734,34.01451873779297,34.236576080322266,23.158985137939453,2749841
2005-10-07,34.30002212524414,34.323814392089844,34.07003402709961,34.2207145690918,23.14825439453125,1792793
2005-10-10,34.15726852416992,34.307952880859375,34.03831100463867,34.117618560791016,23.078514099121094,1408587
2005-10-11,34.10968780517578,34.15726852416992,33.7290153503418,33.84797668457031,22.896121978759766,2466131
2005-10-12,33.744876861572266,33.990726470947266,33.47523498535156,33.66556930541992,22.77273178100586,2096678
2005-10-13,33.46730422973633,34.03038024902344,33.459373474121094,33.92728042602539,22.94976806640625,3042251
2005-10-14,33.90348815917969,34.20485305786133,33.84797668457031,34.18899154663086,23.12679672241211,2484919
2005-10-17,33.705223083496094,34.062103271484375,33.53868103027344,33.62591552734375,22.745906829833984,2307758
2005-10-18,33.53868103027344,33.919349670410156,33.52281951904297,33.832115173339844,22.885393142700195,1530267
2005-10-19,33.65763854980469,34.26036834716797,33.64970779418945,34.252437591552734,23.169713973999023,2375596
2005-10-20,34.252437591552734,34.4903564453125,33.98279571533203,33.990726470947266,22.99268341064453,3199615
2005-10-21,33.990726470947266,34.01451873779297,33.62591552734375,33.85590744018555,22.9014835357666,3541580
2005-10-24,34.181060791015625,34.89482116699219,34.181060791015625,34.569664001464844,23.38429832458496,4236858
2005-10-25,34.59345626831055,34.728275299072266,34.181060791015625,34.537940979003906,23.362834930419922,4550200
2005-10-26,35.2516975402832,36.647491455078125,35.05343246459961,36.473018646240234,24.67180633544922,8462242
2005-10-27,36.084415435791016,37.43262481689453,35.727535247802734,36.99644088745117,25.025863647460938,6106947
2005-10-28,37.27401351928711,37.39297103881836,37.06781768798828,37.14712142944336,25.12778663635254,4428015
2005-10-31,37.14712142944336,37.18677520751953,36.631629943847656,37.004371643066406,25.031238555908203,3097480
2005-11-01,36.956787109375,37.194705963134766,36.67921447753906,36.6871452331543,24.81664276123047,2985509
2005-11-02,36.758522033691406,37.028160095214844,36.59990692138672,36.948856353759766,24.993680953979492,2695369
2005-11-03,36.91713333129883,37.05195236206055,36.79817581176758,36.86954879760742,24.940025329589844,2151276
2005-11-04,37.155052185058594,37.155052185058594,36.718868255615234,36.9329948425293,24.982954025268555,2498789
2005-11-07,37.01230239868164,37.07574462890625,36.81403350830078,36.964717864990234,25.00441551208496,1460286
2005-11-08,37.036094665527344,37.036094665527344,36.663352966308594,36.774383544921875,24.875656127929688,1919517
2005-11-09,36.79817581176758,37.07574462890625,36.774383544921875,36.86954879760742,24.940025329589844,2273335
2005-11-10,36.92506408691406,37.97983932495117,36.92506408691406,37.97983932495117,25.69108009338379,3727315
2005-11-11,37.83708953857422,37.86088180541992,37.48020935058594,37.615028381347656,25.444299697875977,1486261
2005-11-14,37.39297103881836,37.86088180541992,37.36124801635742,37.67847442626953,25.48721694946289,1610210
2005-11-15,37.55158615112305,37.71019744873047,37.25815200805664,37.51986312866211,25.379932403564453,2193518
2005-11-16,37.48814010620117,37.76571273803711,37.43262481689453,37.71019744873047,25.50869369506836,1583352
2005-11-17,37.71019744873047,38.05121612548828,37.59917068481445,38.02742385864258,25.7232723236084,1906277
2005-11-18,38.10673141479492,38.15431213378906,37.686405181884766,37.829158782958984,25.589153289794922,2947555
2005-11-21,37.90846252441406,37.90846252441406,36.964717864990234,37.615028381347656,25.444299697875977,1785606
2005-11-22,37.4722785949707,37.59917068481445,37.09160614013672,37.23435974121094,25.186811447143555,1762657
2005-11-23,37.155052185058594,37.400901794433594,37.07574462890625,37.07574462890625,25.079504013061523,1643877
2005-11-25,37.194705963134766,37.440555572509766,37.09160614013672,37.29780578613281,25.229721069335938,558467
2005-11-28,37.23435974121094,37.30573654174805,36.703006744384766,36.7347297668457,24.84883689880371,2997866
2005-11-29,36.877479553222656,37.250221252441406,36.877479553222656,36.98851013183594,25.02050018310547,2918806
2005-11-30,37.123329162597656,37.59123611450195,37.07574462890625,37.27401351928711,25.213632583618164,2368787
2005-12-01,37.40883255004883,37.79743576049805,37.32952880859375,37.702266693115234,25.503318786621094,1759253
2005-12-02,37.511932373046875,37.90846252441406,37.385040283203125,37.51986312866211,25.379932403564453,1412496
2005-12-05,37.511932373046875,37.6705436706543,37.13125991821289,37.17091369628906,25.143882751464844,1905268
2005-12-06,37.369178771972656,37.65468215942383,37.155052185058594,37.27401351928711,25.213632583618164,2026444
2005-12-07,37.21849822998047,37.448486328125,36.99644088745117,37.13125991821289,25.21631622314453,1348063
2005-12-08,37.17091369628906,37.17091369628906,36.576114654541016,36.82989501953125,25.01166343688965,2379631
2005-12-09,36.91713333129883,37.11539840698242,36.893341064453125,37.004371643066406,25.130155563354492,1685488
2005-12-12,36.964717864990234,37.155052185058594,36.6871452331543,36.6871452331543,24.914716720581055,1755974
2005-12-13,36.62369918823242,37.07574462890625,36.36198806762695,36.90127182006836,25.06013298034668,2301327
2005-12-14,36.99644088745117,37.37710952758789,36.877479553222656,37.21849822998047,25.275562286376953,1397995
2005-12-15,37.16298294067383,37.27401351928711,36.837825775146484,37.083675384521484,25.184003829956055,1369120
2005-12-16,37.266082763671875,37.27401351928711,36.76645278930664,36.956787109375,25.097829818725586,2479749
2005-12-19,36.67128372192383,37.028160095214844,36.330265045166016,36.774383544921875,24.97396469116211,1572256
2005-12-20,36.837825775146484,37.07574462890625,36.50474166870117,36.82989501953125,25.01166343688965,1682336
2005-12-21,36.81403350830078,37.139190673828125,36.576114654541016,36.79817581176758,24.990121841430664,1458772
2005-12-22,36.718868255615234,36.964717864990234,36.43336486816406,36.9329948425293,25.081674575805664,2483658
2005-12-23,36.956787109375,37.11539840698242,36.69507598876953,36.877479553222656,25.043977737426758,1371138
2005-12-27,37.036094665527344,37.35331726074219,36.94092559814453,36.97264862060547,25.108604431152344,1808555
2005-12-28,37.11539840698242,37.20263671875,36.97264862060547,36.98851013183594,25.119375228881836,1621054
2005-12-29,37.07574462890625,37.24229049682617,36.79024124145508,36.80610275268555,24.995515823364258,917580
2005-12-30,36.56818389892578,36.647491455078125,36.35405731201172,36.401641845703125,24.7208251953125,1337849
2006-01-03,37.036094665527344,37.036094665527344,36.330265045166016,36.74266052246094,24.952417373657227,2419855
2006-01-04,36.82989501953125,37.01230239868164,36.7347297668457,36.86161804199219,25.0332088470459,1427753
2006-01-05,36.78231430053711,36.84575653076172,36.54439163208008,36.55232238769531,24.82316017150879,2401571
2006-01-06,36.55232238769531,36.9805793762207,36.473018646240234,36.86954879760742,25.038593292236328,1773627
2006-01-09,36.75059127807617,36.909202575683594,36.67128372192383,36.774383544921875,24.97396469116211,1704528
2006-01-10,36.42543411254883,36.703006744384766,36.37784957885742,36.473018646240234,24.769304275512695,2004630
2006-01-11,36.457157135009766,36.663352966308594,36.417503356933594,36.58404541015625,24.84470558166504,2310532
2006-01-12,36.520599365234375,36.62369918823242,35.981319427490234,36.044761657714844,24.478458404541016,2731557
2006-01-13,36.044761657714844,36.32233428955078,36.028900146484375,36.28268051147461,24.640045166015625,1948771
2006-01-17,35.99717712402344,36.16372299194336,35.925804138183594,35.9495964050293,24.413833618164062,2745301
2006-01-18,35.84649658203125,36.17958450317383,35.4975471496582,36.044761657714844,24.478458404541016,2238028
2006-01-19,36.02096939086914,36.43336486816406,35.90201187133789,36.37784957885742,24.704669952392578,2824236
2006-01-20,36.417503356933594,36.417503356933594,35.79098129272461,35.93373489379883,24.4030704498291,3106685
2006-01-23,36.00511169433594,36.139930725097656,35.88615036010742,35.99717712402344,24.44615936279297,2644931
2006-01-24,35.965457916259766,36.58404541015625,35.84649658203125,36.52853012084961,24.806997299194336,3867405
2006-01-25,36.63956069946289,36.703006744384766,35.553062438964844,35.9495964050293,24.413833618164062,4707942
2006-01-26,36.346126556396484,36.48094940185547,35.56892395019531,35.608577728271484,24.182247161865234,2975674
2006-01-27,35.52927017211914,35.65616226196289,35.188255310058594,35.50547790527344,24.112234115600586,5837359
2006-01-30,35.48961639404297,35.68788528442383,35.25962829589844,35.61650848388672,24.1876277923584,1693810
2006-01-31,35.57685470581055,35.62443923950195,34.84723663330078,34.84723663330078,23.66521644592285,3640815
2006-02-01,34.799652099609375,35.08515548706055,34.7124137878418,35.03757095336914,23.794462203979492,3737655
2006-02-02,35.05343246459961,35.172393798828125,34.744136810302734,34.99791717529297,23.767532348632812,2164390
2006-02-03,34.80758285522461,34.934471130371094,34.69655227661133,34.89482116699219,23.697521209716797,3214873
2006-02-06,34.30002212524414,35.02170944213867,34.30002212524414,34.942405700683594,23.72985076904297,2643544
2006-02-07,35.09308624267578,35.60064697265625,35.02170944213867,35.16446304321289,23.880647659301758,3504257
2006-02-08,35.37065887451172,35.84649658203125,35.24376678466797,35.798912048339844,24.311504364013672,4214540
2006-02-09,35.84649658203125,36.32233428955078,35.74340057373047,36.18751525878906,24.57541847229004,5009557
2006-02-10,36.16372299194336,36.30647277832031,35.82270431518555,36.2430305480957,24.613115310668945,3186376
2006-02-13,35.61650848388672,36.227169036865234,35.61650848388672,36.013038635253906,24.456920623779297,2300571
2006-02-14,35.99717712402344,36.171653747558594,35.81477355957031,36.155792236328125,24.55386734008789,2534978
2006-02-15,36.013038635253906,36.155792236328125,35.54513168334961,35.7037467956543,24.246877670288086,3040612
2006-02-16,35.56892395019531,35.838565826416016,35.51340866088867,35.648231506347656,24.20917510986328,3523170
2006-02-17,35.648231506347656,35.679954528808594,35.41031265258789,35.56099319458008,24.149930953979492,2575958
2006-02-21,35.56099319458008,35.63236999511719,35.2120475769043,35.25962829589844,23.945266723632812,2793091
2006-02-22,35.39445114135742,35.553062438964844,35.31514358520508,35.402381896972656,24.042219161987305,2096930
2006-02-23,35.275489807128906,35.84649658203125,35.275489807128906,35.553062438964844,24.144550323486328,3171118
2006-02-24,35.4975471496582,35.82270431518555,35.291351318359375,35.60064697265625,24.176856994628906,1981555
2006-02-27,35.75132751464844,36.80610275268555,35.75132751464844,36.6871452331543,24.914716720581055,4745014
2006-02-28,36.473018646240234,36.821964263916016,36.33819580078125,36.631629943847656,24.877023696899414,3486477
2006-03-01,36.473018646240234,36.80610275268555,36.32233428955078,36.65542221069336,24.89316749572754,2112566
2006-03-02,36.59990692138672,36.62369918823242,36.30647277832031,36.53646469116211,24.812389373779297,1668339
2006-03-03,36.2430305480957,36.94092559814453,36.211307525634766,36.703006744384766,24.925485610961914,2308641
2006-03-06,36.591976165771484,36.76645278930664,36.33819580078125,36.4888801574707,24.780078887939453,1736430
2006-03-07,36.20337677001953,36.40957260131836,36.084415435791016,36.32233428955078,24.666975021362305,3481308
2006-03-08,36.28268051147461,36.837825775146484,36.20337677001953,36.76645278930664,25.06984519958496,1866306
2006-03-09,37.27401351928711,37.4722785949707,37.083675384521484,37.29780578613281,25.43215560913086,3165444
2006-03-10,37.139190673828125,37.948116302490234,36.91713333129883,37.82122802734375,25.789072036743164,3716093
2006-03-13,37.82122802734375,37.92432403564453,37.615028381347656,37.72605895996094,25.724159240722656,1796450
2006-03-14,37.60709762573242,38.02742385864258,37.313663482666016,37.67847442626953,25.69171714782715,2159472
2006-03-15,37.51986312866211,37.6705436706543,37.07574462890625,37.24229049682617,25.394309997558594,3035568
2006-03-16,37.155052185058594,37.35331726074219,37.004371643066406,37.24229049682617,25.394309997558594,3150313
2006-03-17,37.440555572509766,37.59123611450195,37.32159423828125,37.400901794433594,25.502450942993164,3185241
2006-03-20,37.32159423828125,37.46434783935547,36.91713333129883,37.1788444519043,25.351037979125977,1812968
2006-03-21,37.37710952758789,37.456417083740234,37.04402542114258,37.09160614013672,25.291545867919922,2418216
2006-03-22,36.956787109375,37.11539840698242,36.74266052246094,37.01230239868164,25.237476348876953,1551829
2006-03-23,36.821964263916016,37.2264289855957,36.61576843261719,37.1788444519043,25.351037979125977,1647786
2006-03-24,36.9805793762207,37.14712142944336,36.63956069946289,37.07574462890625,25.28073501586914,2398923
2006-03-27,37.194705963134766,37.27401351928711,37.04402542114258,37.05988311767578,25.269926071166992,2299436
2006-03-28,37.06781768798828,37.06781768798828,36.44922637939453,36.520599365234375,24.90220069885254,2415189
2006-03-29,36.48094940185547,36.94092559814453,36.258888244628906,36.72679901123047,25.042800903320312,2502824
2006-03-30,36.61576843261719,37.028160095214844,36.591976165771484,36.61576843261719,24.96709632873535,2632574
2006-03-31,36.4888801574707,36.512672424316406,36.09234619140625,36.227169036865234,24.702133178710938,2844789
2006-04-03,36.4412956237793,37.036094665527344,36.346126556396484,36.591976165771484,24.95087242126465,2383540
2006-04-04,36.49680709838867,36.877479553222656,36.346126556396484,36.7109375,25.0319881439209,1907790
2006-04-05,36.63956069946289,36.84575653076172,36.520599365234375,36.69507598876953,25.021162033081055,1913465
2006-04-06,36.4888801574707,37.21849822998047,36.4412956237793,37.09953689575195,25.29696273803711,2482523
2006-04-07,37.05195236206055,37.155052185058594,36.79024124145508,36.84575653076172,25.123924255371094,2877195
2006-04-10,36.774383544921875,36.80610275268555,36.53646469116211,36.591976165771484,24.95087242126465,2596259
2006-04-11,36.50474166870117,36.67921447753906,36.155792236328125,36.44922637939453,24.853546142578125,4252872
2006-04-12,36.457157135009766,36.49680709838867,36.12406921386719,36.48094940185547,24.87517547607422,2336507
2006-04-13,36.28268051147461,36.69507598876953,36.17958450317383,36.55232238769531,24.923831939697266,1373659
2006-04-17,35.86235809326172,36.56025314331055,35.86235809326172,36.20337677001953,24.685901641845703,2430951
2006-04-18,36.21923828125,37.004371643066406,36.211307525634766,36.964717864990234,25.20503807067871,2621982
2006-04-19,36.79817581176758,36.9805793762207,36.346126556396484,36.631629943847656,24.977922439575195,2569401
2006-04-20,36.631629943847656,37.06781768798828,36.60783767700195,36.837825775146484,25.118507385253906,2110296
2006-04-21,36.78231430053711,36.79817581176758,35.909942626953125,36.25096130371094,24.718345642089844,3070118
2006-04-24,36.155792236328125,36.21923828125,35.87028884887695,35.90201187133789,24.48040771484375,2289727
2006-04-25,35.79098129272461,36.20337677001953,35.76719284057617,35.80684280395508,24.415523529052734,2149889
2006-04-26,36.084415435791016,36.27475357055664,35.79098129272461,36.00511169433594,24.550703048706055,1821795
2006-04-27,36.00511169433594,36.663352966308594,35.783050537109375,36.56818389892578,24.93465232849121,2769259
2006-04-28,35.727535247802734,35.735469818115234,34.498287200927734,34.9582633972168,23.83689308166504,9708043
2006-05-01,35.418243408203125,35.679954528808594,35.156532287597656,35.20411682128906,24.004539489746094,4207226
2006-05-02,35.156532287597656,35.4578971862793,34.95033645629883,35.28342056274414,24.058622360229492,3043890
2006-05-03,35.13274002075195,35.26755905151367,34.84723663330078,34.91861343383789,23.80985450744629,2958903
2006-05-04,34.91861343383789,35.44996643066406,34.910682678222656,34.974124908447266,23.84770965576172,3141360
2006-05-05,35.13274002075195,35.35479736328125,34.9582633972168,35.275489807128906,24.053203582763672,2292375
2006-05-08,35.188255310058594,35.2279052734375,34.57759475708008,34.783790588378906,23.717945098876953,3744716
2006-05-09,34.783790588378906,35.045501708984375,34.58552551269531,34.69655227661133,23.6584415435791,3020941
2006-05-10,34.537940979003906,35.156532287597656,34.537940979003906,35.03757095336914,23.890968322753906,3901324
2006-05-11,34.89482116699219,34.974124908447266,34.72034454345703,34.815513610839844,23.739566802978516,2870260
2006-05-12,34.7362060546875,35.12480926513672,34.7362060546875,34.89482116699219,23.79363250732422,2616686
2006-05-15,34.89482116699219,35.06929397583008,34.70448684692383,35.01377868652344,23.874757766723633,2907079
2006-05-16,34.89482116699219,34.96619415283203,34.75206756591797,34.80758285522461,23.734149932861328,2228067
2006-05-17,35.20411682128906,35.2120475769043,34.80758285522461,34.974124908447266,23.84770965576172,4627369
2006-05-18,34.34760665893555,35.48961639404297,34.34760665893555,35.26755905151367,24.047801971435547,3251061
2006-05-19,35.54513168334961,36.02096939086914,35.402381896972656,36.013038635253906,24.556110382080078,5855517
2006-05-22,35.965457916259766,36.31440353393555,35.75925827026367,35.783050537109375,24.399288177490234,4435959
2006-05-23,35.74340057373047,36.258888244628906,35.719608306884766,35.909942626953125,24.48581314086914,3008458
2006-05-24,35.648231506347656,36.56818389892578,35.608577728271484,36.50474166870117,24.891387939453125,5113962
2006-05-25,36.50474166870117,36.67128372192383,36.17958450317383,36.36991882324219,24.79946517944336,2303345
2006-05-26,36.330265045166016,36.48094940185547,36.14786148071289,36.465087890625,24.864355087280273,1604284
2006-05-30,36.32233428955078,36.330265045166016,35.93373489379883,35.95752716064453,24.51826286315918,1987860
2006-05-31,35.9892463684082,36.401641845703125,35.798912048339844,36.06062316894531,24.58856201171875,3079448
2006-06-01,36.16372299194336,36.55232238769531,36.12406921386719,36.52853012084961,24.907609939575195,2288718
2006-06-02,36.44922637939453,36.50474166870117,36.211307525634766,36.28268051147461,24.739974975585938,2348108
2006-06-05,36.56025314331055,36.56025314331055,35.9892463684082,36.00511169433594,24.550703048706055,2373831
2006-06-06,36.07648468017578,36.39371109008789,35.9495964050293,36.2430305480957,24.712936401367188,3292168
2006-06-07,36.084415435791016,36.512672424316406,36.06062316894531,36.100276947021484,24.715652465820312,3197220
2006-06-08,35.94166564941406,36.16372299194336,35.38652038574219,35.67202377319336,24.422456741333008,3945204
2006-06-09,35.48961639404297,35.64030075073242,35.291351318359375,35.362728118896484,24.210710525512695,2758163
2006-06-12,35.56892395019531,35.735469818115234,35.37858963012695,35.44996643066406,24.27042579650879,3077683
2006-06-13,35.37065887451172,35.648231506347656,34.99791717529297,35.03757095336914,23.98807716369629,3504383
2006-06-14,34.934471130371094,35.35479736328125,34.89482116699219,35.29928207397461,24.16725730895996,2414685
2006-06-15,35.275489807128906,35.75132751464844,35.116878509521484,35.65616226196289,24.411598205566406,2238281
2006-06-16,35.37065887451172,35.798912048339844,35.37065887451172,35.608577728271484,24.37902069091797,3953779
2006-06-19,35.68788528442383,35.798912048339844,35.156532287597656,35.32307434082031,24.18355941772461,2526656
2006-06-20,35.2516975402832,35.39445114135742,35.219974517822266,35.291351318359375,24.16183853149414,2185069
2006-06-21,35.39445114135742,35.64030075073242,35.14860153198242,35.48961639404297,24.297576904296875,3113998
2006-06-22,35.44996643066406,35.56892395019531,35.08515548706055,35.26755905151367,24.145544052124023,2173721
2006-06-23,35.188255310058594,35.346866607666016,34.934471130371094,35.12480926513672,24.047813415527344,2113953
2006-06-26,35.2120475769043,35.402381896972656,35.156532287597656,35.275489807128906,24.150968551635742,1179224
2006-06-27,35.2120475769043,35.37858963012695,35.029640197753906,35.23583984375,24.123825073242188,1945240
2006-06-28,35.24376678466797,35.664093017578125,35.24376678466797,35.60064697265625,24.373584747314453,2171830
2006-06-29,35.68788528442383,36.02096939086914,35.57685470581055,36.02096939086914,24.661354064941406,2147115
2006-06-30,36.02096939086914,36.35405731201172,35.87821960449219,35.965457916259766,24.62335968017578,2917293
2006-07-03,35.965457916259766,36.14786148071289,35.88615036010742,36.06855392456055,24.69393539428711,686704
2006-07-05,35.925804138183594,36.10820770263672,35.76719284057617,35.965457916259766,24.62335968017578,1808303
2006-07-06,35.91787338256836,36.48094940185547,35.79098129272461,36.013038635253906,24.655925750732422,1371138
2006-07-07,35.84649658203125,35.86235809326172,34.72034454345703,34.90275192260742,23.895780563354492,4446677
2006-07-10,35.029640197753906,35.38652038574219,35.01377868652344,35.20411682128906,24.102109909057617,2059480
2006-07-11,35.02170944213867,35.10894775390625,34.799652099609375,34.910682678222656,23.901216506958008,1645516
2006-07-12,34.855167388916016,34.9582633972168,34.53001022338867,34.625179290771484,23.705745697021484,1426366
2006-07-13,34.63311004638672,34.64897155761719,34.01451873779297,34.046241760253906,23.30937957763672,3019806
2006-07-14,33.84797668457031,34.196922302246094,33.705223083496094,34.12554931640625,23.36367416381836,2141693
2006-07-17,34.20485305786133,34.569664001464844,34.13347625732422,34.379329681396484,23.537425994873047,2431960
2006-07-18,34.379329681396484,34.56173324584961,34.10968780517578,34.40311813354492,23.553707122802734,1633159
2006-07-19,34.418983459472656,34.83930587768555,34.379329681396484,34.65690231323242,23.727462768554688,2168551
2006-07-20,34.537940979003906,34.65690231323242,34.26036834716797,34.2682991027832,23.461416244506836,1657874
2006-07-21,34.41105270385742,34.41105270385742,33.84004592895508,33.87176513671875,23.18993377685547,1809312
2006-07-24,33.832115173339844,34.13347625732422,33.800392150878906,34.10175704956055,23.347394943237305,1323600
2006-07-25,33.98279571533203,34.4903564453125,33.86383819580078,34.31588363647461,23.49399185180664,2133623
2006-07-26,34.181060791015625,34.30002212524414,33.80832290649414,33.80832290649414,23.14649772644043,1752822
2006-07-27,33.7765998840332,34.39519119262695,33.760738372802734,34.12554931640625,23.36367416381836,2471553
2006-07-28,34.14934158325195,34.99791717529297,34.14934158325195,34.82344436645508,23.84148597717285,2097561
2006-07-31,34.537940979003906,34.86309814453125,34.498287200927734,34.70448684692383,23.760042190551758,1578813
2006-08-01,34.59345626831055,34.7599983215332,34.07003402709961,34.173133850097656,23.396255493164062,2291240
2006-08-02,35.418243408203125,36.36198806762695,33.84004592895508,35.52927017211914,24.324726104736328,7014565
2006-08-03,35.648231506347656,36.346126556396484,35.56099319458008,36.211307525634766,24.791683197021484,3402121
2006-08-04,36.36198806762695,36.62369918823242,36.266822814941406,36.56818389892578,25.036001205444336,3170236
2006-08-07,36.36198806762695,36.4888801574707,36.02096939086914,36.1954460144043,24.780811309814453,2183430
2006-08-08,36.30647277832031,36.401641845703125,35.80684280395508,36.084415435791016,24.704795837402344,2331968
2006-08-09,36.346126556396484,36.55232238769531,36.171653747558594,36.21923828125,24.79709815979004,2277622
2006-08-10,36.21923828125,36.56025314331055,36.084415435791016,36.43336486816406,24.943706512451172,2322637
2006-08-11,36.28268051147461,36.631629943847656,36.16372299194336,36.56818389892578,25.036001205444336,1558638
2006-08-14,36.758522033691406,36.948856353759766,36.52853012084961,36.576114654541016,25.04143524169922,1812716
2006-08-15,36.837825775146484,37.05988311767578,36.79817581176758,36.837825775146484,25.22060775756836,2429942
2006-08-16,36.9805793762207,37.27401351928711,36.92506408691406,37.250221252441406,25.502954483032227,1615632
2006-08-17,37.13125991821289,37.35331726074219,36.98851013183594,37.28987503051758,25.53009796142578,3379298
2006-08-18,37.35331726074219,37.55158615112305,37.13125991821289,37.496070861816406,25.671262741088867,1554855
2006-08-21,37.266082763671875,37.35331726074219,36.909202575683594,37.06781768798828,25.378067016601562,1128282
2006-08-22,37.028160095214844,37.39297103881836,37.028160095214844,37.210567474365234,25.475791931152344,1017698
2006-08-23,37.13125991821289,37.37710952758789,37.09160614013672,37.1788444519043,25.45408058166504,1446667
2006-08-24,37.27401351928711,37.32952880859375,37.01230239868164,37.123329162597656,25.416078567504883,1597853
2006-08-25,36.948856353759766,37.05988311767578,36.60783767700195,36.956787109375,25.30204963684082,1743113
2006-08-28,36.877479553222656,37.6705436706543,36.877479553222656,37.48020935058594,25.660409927368164,1875258
2006-08-29,37.48020935058594,37.83708953857422,37.4722785949707,37.76571273803711,25.855876922607422,2141063
2006-08-30,37.71019744873047,37.92432403564453,37.50400161743164,37.59917068481445,25.741853713989258,1699232
2006-08-31,37.7181282043457,37.940185546875,37.41676330566406,37.43262481689453,25.627836227416992,2814148
2006-09-01,37.59917068481445,38.22568893432617,37.511932373046875,38.06707763671875,26.062204360961914,2242442
2006-09-05,37.876739501953125,38.05121612548828,37.74985122680664,37.9163932800293,25.95903778076172,1597601
2006-09-06,37.74985122680664,37.97190856933594,37.24229049682617,37.400901794433594,25.606107711791992,2889300
2006-09-07,37.27401351928711,37.496070861816406,37.10746765136719,37.313663482666016,25.54638671875,1895938
2006-09-08,37.32952880859375,37.78950500488281,37.250221252441406,37.60709762573242,25.747282028198242,1547290
2006-09-11,37.48020935058594,37.773643493652344,37.27401351928711,37.65468215942383,25.779865264892578,1607941
2006-09-12,37.48020935058594,37.90846252441406,37.48020935058594,37.686405181884766,25.801578521728516,2106639
2006-09-13,37.46434783935547,37.78157424926758,37.27401351928711,37.40883255004883,25.711654663085938,2325411
2006-09-14,37.35331726074219,37.53572463989258,37.29780578613281,37.400901794433594,25.706192016601562,1522576
2006-09-15,37.57537841796875,37.88467025756836,37.46434783935547,37.567447662353516,25.820663452148438,4002829
2006-09-18,37.615028381347656,37.987770080566406,37.511932373046875,37.757781982421875,25.951478958129883,2040314
2006-09-19,37.757781982421875,37.987770080566406,36.964717864990234,37.266082763671875,25.613521575927734,3329743
2006-09-20,37.250221252441406,37.97983932495117,37.16298294067383,37.67847442626953,25.89697265625,2558431
2006-09-21,37.59123611450195,37.71019744873047,37.27401351928711,37.41676330566406,25.717098236083984,1389547
2006-09-22,37.32952880859375,37.39297103881836,37.01230239868164,37.139190673828125,25.526323318481445,1085915
2006-09-25,37.194705963134766,38.01156234741211,37.17091369628906,37.82122802734375,25.995086669921875,2733449
2006-09-26,37.71019744873047,38.304996490478516,37.4722785949707,38.130523681640625,26.20767593383789,2791704
2006-09-27,37.892601013183594,37.97190856933594,37.25815200805664,37.58330535888672,25.831562042236328,3332265
2006-09-28,37.7181282043457,37.95604705810547,37.54365539550781,37.686405181884766,25.902421951293945,1996812
2006-09-29,37.53572463989258,37.80536651611328,37.385040283203125,37.54365539550781,25.8043155670166,1523080
2006-10-02,37.60709762573242,37.60709762573242,37.210567474365234,37.30573654174805,25.640790939331055,1581209
2006-10-03,37.36124801635742,37.9163932800293,37.313663482666016,37.813297271728516,25.989643096923828,2489458
2006-10-04,37.74985122680664,37.90846252441406,37.702266693115234,37.829158782958984,26.000539779663086,2105252
2006-10-05,37.686405181884766,37.892601013183594,37.59123611450195,37.829158782958984,26.000539779663086,2852607
2006-10-06,37.74985122680664,37.829158782958984,37.527793884277344,37.646751403808594,25.875165939331055,1984707
2006-10-09,37.65468215942383,37.829158782958984,37.48020935058594,37.686405181884766,25.902421951293945,1196246
2006-10-10,37.54365539550781,37.630889892578125,37.16298294067383,37.23435974121094,25.59173011779785,2266526
2006-10-11,37.036094665527344,37.2264289855957,36.821964263916016,37.07574462890625,25.48270034790039,2648714
2006-10-12,37.155052185058594,37.313663482666016,36.9329948425293,37.1788444519043,25.553565979003906,1698602
2006-10-13,37.036094665527344,37.09953689575195,36.6871452331543,36.86954879760742,25.340984344482422,2093147
2006-10-16,36.94092559814453,37.266082763671875,36.893341064453125,37.23435974121094,25.59173011779785,1588901
2006-10-17,37.11539840698242,37.400901794433594,36.9805793762207,37.34538650512695,25.66803741455078,1430275
2006-10-18,37.4722785949707,37.74985122680664,37.281944274902344,37.567447662353516,25.820663452148438,2011565
2006-10-19,37.46434783935547,37.630889892578125,37.39297103881836,37.57537841796875,25.826107025146484,1145809
2006-10-20,37.72605895996094,37.73398971557617,37.43262481689453,37.60709762573242,25.847917556762695,1218187
2006-10-23,37.511932373046875,37.987770080566406,37.43262481689453,37.987770080566406,26.109554290771484,1817634
2006-10-24,37.829158782958984,37.932254791259766,37.67847442626953,37.90846252441406,26.055036544799805,1861388
2006-10-25,37.90053176879883,37.99570083618164,37.53572463989258,37.76571273803711,25.956920623779297,1590162
2006-10-26,37.73398971557617,37.90846252441406,37.630889892578125,37.76571273803711,25.956920623779297,1218313
2006-10-27,37.646751403808594,38.02742385864258,37.53572463989258,37.79743576049805,25.978742599487305,2282035
2006-10-30,37.702266693115234,39.232879638671875,37.6705436706543,38.87600326538086,26.72005271911621,4706681
2006-10-31,39.217018127441406,39.605621337890625,38.82841873168945,39.20908737182617,26.94898223876953,4435455
2006-11-01,39.177364349365234,39.32804870605469,38.431884765625,38.66187286376953,26.5728816986084,3887706
2006-11-02,38.50326156616211,38.58256912231445,38.03535461425781,38.1622428894043,26.229475021362305,4305075
2006-11-03,38.20189666748047,38.265342712402344,37.86880874633789,38.059146881103516,26.15861701965332,2294392
2006-11-06,38.059146881103516,38.24155044555664,37.932254791259766,38.06707763671875,26.16407012939453,2294518
2006-11-07,38.17017364501953,38.52705383300781,38.130523681640625,38.511192321777344,26.469324111938477,2467770
2006-11-08,38.44774627685547,38.84428024291992,38.41602325439453,38.606361389160156,26.53471565246582,1870845
2006-11-09,38.54291534423828,38.63015365600586,38.423954010009766,38.51912307739258,26.47476577758789,1826208
2006-11-10,38.51912307739258,38.61429214477539,38.41602325439453,38.59049987792969,26.523820877075195,1291699
2006-11-13,38.47153854370117,38.88393020629883,38.46360778808594,38.677734375,26.58378791809082,2054311
2006-11-14,38.63015365600586,38.923587799072266,38.384300231933594,38.868072509765625,26.7146053314209,2425907
2006-11-15,38.73324966430664,39.22494888305664,38.69359588623047,39.18529510498047,26.93263053894043,3218151
2006-11-16,39.1932258605957,39.55803680419922,39.16150665283203,39.478729248046875,27.13431739807129,2334742
2006-11-17,39.33597946166992,39.51838302612305,39.18529510498047,39.375633239746094,27.063457489013672,2756650
2006-11-20,39.25667190551758,39.40735626220703,39.113922119140625,39.16150665283203,26.916297912597656,2502824
2006-11-21,39.07426834106445,39.16943359375,38.89186477661133,39.01875305175781,26.818159103393555,1714237
2006-11-22,39.002891540527344,39.4390754699707,38.97909927368164,39.28046417236328,26.998043060302734,1974872
2006-11-24,38.99496078491211,39.4232177734375,38.89979553222656,39.16150665283203,26.916297912597656,1191959
2006-11-27,39.042545318603516,39.05047607421875,38.25741195678711,38.46360778808594,26.436609268188477,2453270
2006-11-28,38.320858001708984,38.9473762512207,38.28120422363281,38.868072509765625,26.7146053314209,3150691
2006-11-29,38.852210998535156,38.852210998535156,38.47153854370117,38.58256912231445,26.518381118774414,1297877
2006-11-30,38.52705383300781,38.74911117553711,38.24155044555664,38.249481201171875,26.289440155029297,2525395
2006-12-01,38.33671951293945,38.40016174316406,37.757781982421875,37.9639778137207,26.093204498291016,2649345
2006-12-04,38.06707763671875,38.59843063354492,38.06707763671875,38.40016174316406,26.39299774169922,2431455
2006-12-05,38.44774627685547,38.46360778808594,37.9639778137207,38.10673141479492,26.191320419311523,3585334
2006-12-06,37.90846252441406,38.059146881103516,37.686405181884766,37.86880874633789,26.152986526489258,2421872
2006-12-07,37.86880874633789,38.20189666748047,37.7181282043457,38.059146881103516,26.2844295501709,3762621
2006-12-08,37.987770080566406,38.15431213378906,37.9163932800293,38.019493103027344,26.257041931152344,2517199
2006-12-11,38.25741195678711,38.40016174316406,38.1622428894043,38.25741195678711,26.421348571777344,2812257
2006-12-12,38.25741195678711,38.47153854370117,38.10673141479492,38.21775817871094,26.393962860107422,2357943
2006-12-13,38.384300231933594,38.64601135253906,38.34465026855469,38.44774627685547,26.552806854248047,2441291
2006-12-14,38.50326156616211,39.042545318603516,38.41602325439453,38.87600326538086,26.848573684692383,2435743
2006-12-15,39.248741149902344,39.478729248046875,38.97909927368164,39.36770248413086,27.188148498535156,4639852
2006-12-18,39.24081039428711,39.431148529052734,39.129783630371094,39.1932258605957,27.067642211914062,2208018
2006-12-19,38.87600326538086,39.22494888305664,38.64601135253906,39.058406829833984,26.97454071044922,2048132
2006-12-20,38.89979553222656,39.359771728515625,38.89979553222656,39.177364349365234,27.056690216064453,2213188
2006-12-21,39.13771438598633,39.33597946166992,38.97909927368164,39.13771438598633,27.02930450439453,1671366
2006-12-22,39.098060607910156,39.24081039428711,38.86014175415039,38.868072509765625,26.84309196472168,1632907
2006-12-26,38.78083419799805,39.1932258605957,38.78083419799805,39.13771438598633,27.02930450439453,1211504
2006-12-27,39.25667190551758,39.359771728515625,39.06633758544922,39.129783630371094,27.023834228515625,1144548
2006-12-28,39.02668380737305,39.28046417236328,38.9473762512207,39.058406829833984,26.97454071044922,1188807
2006-12-29,38.923587799072266,39.1932258605957,38.89186477661133,39.058406829833984,26.97454071044922,1513749
2007-01-03,38.622222900390625,39.08219909667969,38.21775817871094,38.392234802246094,26.51447105407715,3311964
2007-01-04,38.304996490478516,38.86014175415039,38.304996490478516,38.78083419799805,26.782840728759766,4334580
2007-01-05,38.78083419799805,38.83634948730469,38.55877685546875,38.669803619384766,26.70616912841797,1935531
2007-01-08,38.550846099853516,38.83634948730469,38.431884765625,38.69359588623047,26.722583770751953,2745428
2007-01-09,38.66187286376953,38.923587799072266,38.28120422363281,38.54291534423828,26.6185245513916,1772114
2007-01-10,38.511192321777344,38.550846099853516,38.178104400634766,38.32878875732422,26.470651626586914,2414307
2007-01-11,38.304996490478516,38.61429214477539,38.18603515625,38.36844253540039,26.498029708862305,2201588
2007-01-12,38.37636947631836,38.74911117553711,38.32878875732422,38.622222900390625,26.67329978942871,2505850
2007-01-16,38.47153854370117,38.566707611083984,38.32878875732422,38.54291534423828,26.6185245513916,3370219
2007-01-17,38.59843063354492,38.86014175415039,38.54291534423828,38.852210998535156,26.83213996887207,2523377
2007-01-18,38.82048797607422,38.86014175415039,38.2098274230957,38.24155044555664,26.410402297973633,2056328
2007-01-19,38.28913497924805,38.31292724609375,37.940185546875,37.99570083618164,26.24060821533203,2919562
2007-01-22,38.059146881103516,38.10673141479492,37.46434783935547,37.527793884277344,25.917461395263672,3274515
2007-01-23,37.527793884277344,37.80536651611328,37.4722785949707,37.59917068481445,25.966758728027344,4082898
2007-01-24,37.646751403808594,37.932254791259766,37.59917068481445,37.86880874633789,26.152986526489258,4156285
2007-01-25,37.72605895996094,37.86880874633789,37.511932373046875,37.65468215942383,26.005104064941406,4229040
2007-01-26,37.62295913696289,37.6705436706543,37.369178771972656,37.37710952758789,25.813404083251953,4183395
2007-01-29,37.313663482666016,37.63882064819336,37.281944274902344,37.50400161743164,25.901029586791992,4832144
2007-01-30,37.50400161743164,37.646751403808594,37.155052185058594,37.55951690673828,25.93937110900879,2942890
2007-01-31,37.456417083740234,37.892601013183594,37.281944274902344,37.84501647949219,26.13654899597168,2871016
2007-02-01,38.304996490478516,38.59049987792969,38.18603515625,38.46360778808594,26.563756942749023,4272795
2007-02-02,38.46360778808594,38.89186477661133,38.423954010009766,38.86014175415039,26.83761215209961,2692342
2007-02-05,38.7015266418457,39.01082229614258,38.55877685546875,38.9473762512207,26.897844314575195,2911114
2007-02-06,39.217018127441406,39.47079849243164,38.265342712402344,38.7015266418457,26.728069305419922,4935919
2007-02-07,38.76497268676758,38.923587799072266,38.479469299316406,38.66187286376953,26.700681686401367,2664602
2007-02-08,38.51912307739258,38.87600326538086,38.51912307739258,38.83634948730469,26.82117462158203,3086762
2007-02-09,38.82841873168945,39.05047607421875,38.58256912231445,38.70945739746094,26.73354721069336,1969072
2007-02-12,38.87600326538086,39.058406829833984,38.69359588623047,38.90772247314453,26.87047576904297,1705789
2007-02-13,39.20908737182617,40.025943756103516,39.16150665283203,39.962501525878906,27.598928451538086,6344002
2007-02-14,39.93077850341797,40.660396575927734,39.9149169921875,40.61281204223633,28.04804229736328,5128715
2007-02-15,40.52557373046875,40.644535064697266,40.27972412109375,40.4304084777832,27.922067642211914,2901783
2007-02-16,40.224212646484375,40.49385452270508,40.14490509033203,40.414546966552734,27.911115646362305,2381523
2007-02-20,40.287654876708984,40.485923767089844,40.06559753417969,40.20042037963867,27.763240814208984,2271191
2007-02-21,40.01008224487305,40.31937789916992,39.95457077026367,40.29558563232422,27.828956604003906,2179143
2007-02-22,40.24800109863281,40.477989196777344,39.93077850341797,40.37489318847656,27.883739471435547,2995975
2007-02-23,40.271793365478516,40.63660430908203,40.1369743347168,40.589019775390625,28.031599044799805,2606095
2007-02-26,40.56522750854492,40.84280014038086,40.414546966552734,40.6524658203125,28.075422286987305,2757785
2007-02-27,40.20834732055664,40.44626998901367,39.18529510498047,39.550106048583984,27.314105987548828,4209496
2007-02-28,39.55803680419922,39.95457077026367,39.10599136352539,39.45494079589844,27.248401641845703,4955715
2007-03-01,39.058406829833984,39.462867736816406,38.741180419921875,39.462867736816406,27.253860473632812,5700044
2007-03-02,39.462867736816406,39.462867736816406,38.606361389160156,38.606361389160156,26.662334442138672,4195878
2007-03-05,38.06707763671875,38.77290344238281,37.90846252441406,38.439815521240234,26.54732322692871,3052086
2007-03-06,38.638084411621094,38.812557220458984,38.36844253540039,38.7015266418457,26.728069305419922,3232652
2007-03-07,38.360511779785156,38.66187286376953,38.138450622558594,38.18603515625,26.496936798095703,3101136
2007-03-08,38.511192321777344,38.7015266418457,38.36844253540039,38.550846099853516,26.750080108642578,2042332
2007-03-09,38.7015266418457,38.76497268676758,38.27327346801758,38.677734375,26.838125228881836,2494880
2007-03-12,38.511192321777344,39.14564514160156,38.511192321777344,38.931514739990234,27.01422119140625,3066965
2007-03-13,38.796695709228516,38.88393020629883,38.15431213378906,38.233619689941406,26.529945373535156,3521910
2007-03-14,38.130523681640625,38.392234802246094,37.71019744873047,38.320858001708984,26.590503692626953,3652290
2007-03-15,38.249481201171875,38.638084411621094,38.22568893432617,38.41602325439453,26.656518936157227,2380640
2007-03-16,38.57463836669922,38.57463836669922,38.08293914794922,38.17017364501953,26.485929489135742,3224960
2007-03-19,38.22568893432617,38.54291534423828,38.15431213378906,38.25741195678711,26.54646873474121,2584659
2007-03-20,38.304996490478516,38.46360778808594,38.22568893432617,38.431884765625,26.667531967163086,3614966
2007-03-21,39.01082229614258,40.26386260986328,38.86014175415039,40.081459045410156,27.812150955200195,7938577
2007-03-22,38.852210998535156,40.27972412109375,38.852210998535156,40.271793365478516,27.944229125976562,3738412
2007-03-23,40.20834732055664,40.35110092163086,39.89905548095703,40.25593185424805,27.93321990966797,2348234
2007-03-26,40.1845588684082,40.1845588684082,39.494590759277344,39.80388641357422,27.619550704956055,2685912
2007-03-27,39.661136627197266,39.740440368652344,39.129783630371094,39.13771438598633,27.157297134399414,2787921
2007-03-28,39.098060607910156,39.10599136352539,38.7015266418457,38.812557220458984,26.93167495727539,3407795
2007-03-29,39.13771438598633,39.14564514160156,38.606361389160156,38.69359588623047,26.849123001098633,2936711
2007-03-30,38.82048797607422,38.83634948730469,37.987770080566406,38.384300231933594,26.634521484375,3405399
2007-04-02,38.71817398071289,40.61457443237305,38.542579650878906,40.00878143310547,27.761720657348633,8760619
2007-04-03,40.29850769042969,40.97454071044922,40.09657669067383,40.44776153564453,28.066326141357422,5740218
2007-04-04,39.719051361083984,40.35996627807617,39.68393325805664,40.02634048461914,27.77390480041504,4433558
2007-04-05,39.850746154785156,40.35996627807617,39.78050994873047,39.92976379394531,27.706886291503906,2684509
2007-04-09,39.859527587890625,39.859527587890625,38.972782135009766,39.12203598022461,27.14642906188965,3289888
2007-04-10,39.15715408325195,39.44688415527344,39.02545928955078,39.27128982543945,27.249982833862305,2246450
2007-04-11,39.14837646484375,39.288848876953125,38.5338020324707,38.61281967163086,26.79307746887207,3313351
2007-04-12,39.060577392578125,39.517120361328125,38.753292083740234,39.46444320678711,27.384014129638672,3866905
2007-04-13,39.46444320678711,39.50834274291992,38.972782135009766,39.26251220703125,27.2439022064209,2361033
2007-04-16,39.341529846191406,39.71027374267578,39.13959503173828,39.1922721862793,27.195161819458008,2391672
2007-04-17,39.15715408325195,39.429325103759766,38.981563568115234,39.16593551635742,27.1768856048584,3231799
2007-04-18,39.07814025878906,39.58735656738281,39.069358825683594,39.46444320678711,27.384014129638672,3154347
2007-04-19,39.46444320678711,39.46444320678711,38.96400451660156,38.981563568115234,27.048927307128906,1654511
2007-04-20,39.57857894897461,39.61369705200195,39.05179977416992,39.297630310058594,27.268264770507812,4757261
2007-04-23,39.288848876953125,39.50834274291992,39.07814025878906,39.095699310302734,27.12815284729004,2587808
2007-04-24,39.33274841308594,39.46444320678711,39.183494567871094,39.288848876953125,27.262163162231445,2331533
2007-04-25,39.16593551635742,39.6575927734375,39.16593551635742,39.429325103759766,27.359643936157227,2115693
2007-04-26,39.35908889770508,39.56101989746094,39.04301834106445,39.069358825683594,27.109874725341797,1958738
2007-04-27,39.069358825683594,39.84196853637695,38.955223083496094,39.6575927734375,27.518037796020508,2467985
2007-04-30,39.859527587890625,40.052677154541016,39.26251220703125,39.297630310058594,27.268264770507812,3631132
2007-05-01,40.079017639160156,40.939422607421875,39.75416946411133,40.92185974121094,28.395294189453125,5509457
2007-05-02,40.89552307128906,41.12379455566406,40.605796813964844,40.66725158691406,28.21863555908203,3957683
2007-05-03,40.711151123046875,40.939422607421875,40.623355865478516,40.78138732910156,28.297828674316406,2302147
2007-05-04,40.83406448364258,40.930641174316406,40.711151123046875,40.825286865234375,28.32829475402832,1829120
2007-05-07,40.825286865234375,41.05355453491211,40.825286865234375,40.86040496826172,28.352670669555664,1721826
2007-05-08,40.67603302001953,41.60667419433594,40.67603302001953,41.51009750366211,28.80347442626953,2859118
2007-05-09,41.32572555541992,42.76558303833008,41.31694412231445,42.66022872924805,29.60154151916504,7084808
2007-05-10,42.309043884277344,42.440738677978516,41.791046142578125,41.852500915527344,29.04107666015625,4058143
2007-05-11,42.1597900390625,42.2827033996582,41.92273712158203,42.24758529663086,29.31521224975586,2313651
2007-05-14,42.098331451416016,42.23002624511719,41.7032470703125,41.8086051940918,29.010610580444336,2097127
2007-05-15,41.82616424560547,42.238807678222656,41.668128967285156,41.791046142578125,28.998430252075195,2313081
2007-05-16,41.88762283325195,42.25636672973633,41.791046142578125,42.25636672973633,29.321306228637695,2553752
2007-05-17,43.45917510986328,43.45917510986328,42.20368576049805,42.27392578125,29.333486557006836,2821303
2007-05-18,42.3968391418457,42.756805419921875,42.2827033996582,42.69534683227539,29.62590980529785,3541721
2007-05-21,42.58999252319336,43.292362213134766,42.58121109008789,42.94117736816406,29.796491622924805,2965045
2007-05-22,42.94117736816406,43.21334457397461,42.6251106262207,43.090431213378906,29.90005111694336,2907981
2007-05-23,43.02897262573242,43.072872161865234,42.616329193115234,42.704124450683594,29.632003784179688,2286884
2007-05-24,42.56365203857422,43.187007904052734,42.502193450927734,42.77436447143555,29.68073272705078,2435182
2007-05-25,42.844600677490234,43.23968505859375,42.80070114135742,43.22212600708008,29.99142837524414,1907483
2007-05-29,43.09920883178711,43.53819274902344,42.94117736816406,43.072872161865234,29.887861251831055,2435068
2007-05-30,42.80948257446289,43.37137985229492,42.80948257446289,43.23090362548828,29.997526168823242,2399304
2007-05-31,43.16944885253906,43.801578521728516,43.10799026489258,43.634765625,30.27776527404785,2622661
2007-06-01,43.634765625,44.07374954223633,43.582088470458984,43.713783264160156,30.332597732543945,2953997
2007-06-04,43.43283462524414,44.16154479980469,43.43283462524414,43.99473190307617,30.52754783630371,2177882
2007-06-05,43.7401237487793,43.8542594909668,43.41527557373047,43.44161605834961,30.143741607666016,3081906
2007-06-06,43.380157470703125,43.59086990356445,42.99385452270508,43.54697036743164,30.21683692932129,2401354
2007-06-07,43.23090362548828,43.37137985229492,42.37928009033203,42.440738677978516,29.449230194091797,2871875
2007-06-08,42.54609298706055,42.66900634765625,42.1685676574707,42.502193450927734,29.49188232421875,3605618
2007-06-11,42.414398193359375,42.90605926513672,42.1685676574707,42.69534683227539,29.62590980529785,1753149
2007-06-12,42.48463439941406,42.756805419921875,42.14223098754883,42.186126708984375,29.27255630493164,2448622
2007-06-13,42.20368576049805,43.22212600708008,42.14223098754883,43.12554931640625,30.068340301513672,3460624
2007-06-14,43.11676788330078,43.21334457397461,42.89727783203125,42.949954986572266,29.945919036865234,2054300
2007-06-15,43.24846267700195,43.54697036743164,43.10799026489258,43.160667419433594,30.09283447265625,3443880
2007-06-18,43.160667419433594,43.20456314086914,42.89727783203125,42.90605926513672,29.915313720703125,2802510
2007-06-19,42.67778778076172,43.00263214111328,42.54609298706055,42.932395935058594,29.933677673339844,2030723
2007-06-20,42.949954986572266,43.01141357421875,42.440738677978516,42.49341583251953,29.627620697021484,2327433
2007-06-21,42.616329193115234,42.96751403808594,42.36172103881836,42.87971878051758,29.896947860717773,1863860
2007-06-22,42.6251106262207,42.89727783203125,42.3968391418457,42.49341583251953,29.627620697021484,3119379
2007-06-25,42.31782150268555,42.82704162597656,42.01931381225586,42.25636672973633,29.46232795715332,2491107
2007-06-26,42.37928009033203,42.59877014160156,42.14223098754883,42.20368576049805,29.425607681274414,2783716
2007-06-27,42.02809524536133,42.58121109008789,41.878841400146484,42.44951629638672,29.597003936767578,4403944
2007-06-28,42.31782150268555,42.96751403808594,42.14223098754883,42.502193450927734,29.633726119995117,2406707
2007-06-29,42.48463439941406,43.072872161865234,42.309043884277344,42.554874420166016,29.670461654663086,2491790
2007-07-02,42.82704162597656,43.064090728759766,42.519752502441406,42.78314208984375,29.82962417602539,2248386
2007-07-03,42.88850021362305,43.09920883178711,42.88850021362305,42.91483688354492,29.92143440246582,1624897
2007-07-05,42.862159729003906,43.09920883178711,42.756805419921875,42.87093734741211,29.89082908630371,1607471
2007-07-06,42.78314208984375,43.187007904052734,42.704124450683594,42.958736419677734,29.95205307006836,2658996
2007-07-09,42.91483688354492,43.064090728759766,42.730464935302734,42.949954986572266,29.945919036865234,2245425
2007-07-10,42.58121109008789,42.756805419921875,42.03687286376953,42.11589050292969,29.364395141601562,2679725
2007-07-11,42.01931381225586,42.37049865722656,41.97541809082031,42.300262451171875,29.492937088012695,2067513
2007-07-12,42.36172103881836,42.57243347167969,42.300262451171875,42.53731155395508,29.658199310302734,2236996
2007-07-13,42.616329193115234,43.160667419433594,42.48463439941406,43.00263214111328,29.98263931274414,1924910
2007-07-16,42.92361831665039,43.35382080078125,42.77436447143555,43.13432693481445,30.07447052001953,1341173
2007-07-17,43.02897262573242,43.11676788330078,42.80948257446289,43.01141357421875,29.9887752532959,2252259
2007-07-18,42.69534683227539,42.87971878051758,41.84372329711914,42.2827033996582,29.480701446533203,3338181
2007-07-19,42.54609298706055,42.87093734741211,42.33538055419922,42.756805419921875,29.81125259399414,1758844
2007-07-20,42.748023986816406,42.862159729003906,42.02809524536133,42.098331451416016,29.352149963378906,2828251
2007-07-23,42.300262451171875,42.554874420166016,42.13344955444336,42.24758529663086,29.456209182739258,1690162
2007-07-24,41.57155227661133,42.14223098754883,41.39596176147461,41.4661979675293,28.91141700744629,2540995
2007-07-25,41.474979400634766,41.896400451660156,40.96575927734375,41.16769027709961,28.703277587890625,2785311
2007-07-26,40.74626922607422,40.825286865234375,40.28972625732422,40.474098205566406,28.21967124938965,6503576
2007-07-27,40.395084381103516,40.52677917480469,39.89464569091797,39.90342330932617,27.821800231933594,4650081
2007-07-30,40.15803146362305,40.474098205566406,39.604915618896484,40.44776153564453,28.201316833496094,3526230
2007-07-31,40.49165725708008,41.650569915771484,40.38630294799805,40.75504684448242,28.415569305419922,5032444
2007-08-01,40.02634048461914,41.448638916015625,40.0,41.273048400878906,28.776731491088867,5519822
2007-08-02,41.25548553466797,41.86128234863281,41.12379455566406,41.71202850341797,29.082801818847656,2997848
2007-08-03,41.57155227661133,42.13344955444336,41.457420349121094,41.755924224853516,29.11341094970703,4973330
2007-08-06,41.132572174072266,42.221248626708984,41.07111358642578,42.17734909057617,29.407249450683594,5249309
2007-08-07,42.010536193847656,42.80070114135742,41.896400451660156,42.53731155395508,29.658199310302734,5419362
2007-08-08,41.852500915527344,43.14310836791992,41.852500915527344,43.046531677246094,30.01325035095215,4074886
2007-08-09,42.58121109008789,42.976295471191406,41.72080612182617,41.74714660644531,29.10729217529297,4412828
2007-08-10,41.48375701904297,42.932395935058594,41.26426696777344,42.5109748840332,29.639846801757812,3609947
2007-08-13,42.748023986816406,43.02019119262695,41.905181884765625,42.66900634765625,29.75002670288086,2987597
2007-08-14,42.66900634765625,42.704124450683594,41.905181884765625,41.94029998779297,29.24196434020996,2582113
2007-08-15,41.878841400146484,42.35293960571289,41.26426696777344,41.43986129760742,28.89303970336914,2523682
2007-08-16,41.26426696777344,41.7032470703125,40.254608154296875,40.930641174316406,28.538002014160156,5020256
2007-08-17,41.83494186401367,41.83494186401367,40.74626922607422,41.29938507080078,28.79509162902832,4355422
2007-08-20,41.26426696777344,41.448638916015625,40.72871017456055,41.115013122558594,28.666547775268555,2053503
2007-08-21,40.95698165893555,41.30816650390625,40.79016876220703,40.98331832885742,28.574726104736328,1624784
2007-08-22,41.19403076171875,41.29938507080078,40.8077278137207,41.229148864746094,28.746129989624023,2312398
2007-08-23,41.49253845214844,41.62423324584961,40.84284591674805,41.09745407104492,28.654312133789062,2059084
2007-08-24,41.00965881347656,41.044776916503906,40.5794563293457,40.95698165893555,28.556365966796875,2791917
2007-08-27,40.83406448364258,41.40473937988281,40.83406448364258,40.89552307128906,28.513513565063477,1784130
2007-08-28,40.6935920715332,40.913082122802734,40.38630294799805,40.42142105102539,28.18295669555664,2705011
2007-08-29,40.6935920715332,40.73748779296875,40.38630294799805,40.67603302001953,28.36048126220703,2612752
2007-08-30,40.395084381103516,40.87796401977539,39.71027374267578,40.21949005126953,28.042158126831055,3347749
2007-08-31,40.51799774169922,40.64969253540039,40.09657669067383,40.15803146362305,27.999311447143555,3893330
2007-09-04,40.175594329833984,40.684810638427734,40.166812896728516,40.40386199951172,28.170705795288086,3218472
2007-09-05,40.228271484375,40.597015380859375,40.035118103027344,40.49165725708008,28.23192596435547,3121999
2007-09-06,40.28972625732422,40.73748779296875,40.21071243286133,40.52677917480469,28.25642204284668,2738270
2007-09-07,40.1229133605957,40.3424072265625,39.16593551635742,39.27128982543945,27.381044387817383,5018776
2007-09-10,39.24495315551758,39.376644134521484,39.00790023803711,39.00790023803711,27.19739532470703,4598143
2007-09-11,39.1922721862793,39.33274841308594,38.93766403198242,39.086917877197266,27.25249671936035,3968504
2007-09-12,38.91132736206055,39.32396697998047,38.80596923828125,39.1922721862793,27.46786117553711,3412786
2007-09-13,39.315189361572266,39.394203186035156,38.841087341308594,38.955223083496094,27.301725387573242,3278384
2007-09-14,38.753292083740234,39.13081741333008,38.551361083984375,39.04301834106445,27.36324691772461,2278114
2007-09-17,38.858646392822266,38.99034118652344,38.70939254760742,38.93766403198242,27.289419174194336,2311487
2007-09-18,39.02545928955078,39.622474670410156,38.84986877441406,39.57857894897461,27.738597869873047,3496958
2007-09-19,40.10535430908203,40.86040496826172,40.04389953613281,40.588233947753906,28.446218490600586,3969415
2007-09-20,40.482879638671875,40.73748779296875,40.38630294799805,40.51799774169922,28.396995544433594,2810710
2007-09-21,40.8077278137207,40.8077278137207,40.474098205566406,40.6935920715332,28.520057678222656,5402277
2007-09-24,40.4653205871582,40.75504684448242,40.263389587402344,40.29850769042969,28.243175506591797,2598856
2007-09-25,40.15803146362305,41.00965881347656,40.1141357421875,40.78138732910156,28.581584930419922,3166990
2007-09-26,41.000877380371094,41.28182601928711,40.76382827758789,40.913082122802734,28.67388343811035,2797840
2007-09-27,40.84284591674805,41.07111358642578,40.1229133605957,40.42142105102539,28.329313278198242,3123821
2007-09-28,40.33362579345703,40.63213348388672,40.140472412109375,40.32484436035156,28.261619567871094,2396912
2007-10-01,40.30728530883789,41.10623550415039,40.29850769042969,41.10623550415039,28.809255599975586,2317296
2007-10-02,41.158912658691406,41.334503173828125,40.84284591674805,41.31694412231445,28.956939697265625,2007032
2007-10-03,41.10623550415039,41.71202850341797,41.044776916503906,41.60667419433594,29.159984588623047,1812035
2007-10-04,41.61545181274414,41.79982376098633,41.49253845214844,41.60667419433594,29.159984588623047,1492773
2007-10-05,41.77348709106445,42.29148483276367,41.77348709106445,42.11589050292969,29.516883850097656,2363083
2007-10-08,42.02809524536133,42.194908142089844,41.72958755493164,42.14223098754883,29.535335540771484,1330352
2007-10-09,42.14223098754883,42.44951629638672,42.02809524536133,42.40562057495117,29.719938278198242,1461451
2007-10-10,42.309043884277344,42.47585678100586,42.045654296875,42.31782150268555,29.65839958190918,1414866
2007-10-11,42.40562057495117,42.57243347167969,41.791046142578125,42.05443572998047,29.47380256652832,1413499
2007-10-12,42.194908142089844,42.554874420166016,41.95785903930664,42.36172103881836,29.689172744750977,1012343
2007-10-15,42.15100860595703,42.440738677978516,41.791046142578125,42.07199478149414,29.486112594604492,2568331
2007-10-16,42.080772399902344,42.25636672973633,41.870059967041016,41.905181884765625,29.36919403076172,2812191
2007-10-17,42.11589050292969,42.11589050292969,41.7032470703125,41.878841400146484,29.350732803344727,4364762
2007-10-18,41.83494186401367,42.3880615234375,41.782264709472656,42.31782150268555,29.65839958190918,2291440
2007-10-19,42.14223098754883,42.27392578125,41.7032470703125,41.72080612182617,29.2399845123291,3532609
2007-10-22,41.31694412231445,41.68568801879883,41.220367431640625,41.553993225097656,29.123075485229492,1861354
2007-10-23,41.7032470703125,41.7032470703125,40.98331832885742,41.54521560668945,29.116910934448242,2032318
2007-10-24,41.422298431396484,41.57155227661133,40.570674896240234,41.141353607177734,28.8338680267334,2861965
2007-10-25,41.360843658447266,41.4661979675293,40.605796813964844,40.84284591674805,28.624650955200195,2230959
2007-10-26,40.96575927734375,41.08867263793945,40.711151123046875,40.886741638183594,28.655418395996094,1659751
2007-10-29,41.07111358642578,41.7032470703125,41.027217864990234,41.422298431396484,29.03077507019043,2762758
2007-10-30,42.68656539916992,43.59086990356445,42.07199478149414,42.71290588378906,29.935283660888672,4809541
2007-10-31,42.91483688354492,43.73134231567383,42.835819244384766,43.5118522644043,30.495235443115234,3802096
2007-11-01,43.22212600708008,43.266021728515625,42.05443572998047,42.13344955444336,29.529178619384766,3043750
2007-11-02,42.221248626708984,42.958736419677734,42.124671936035156,42.730464935302734,29.947607040405273,3020628
2007-11-05,42.7392463684082,43.41527557373047,42.309043884277344,43.22212600708008,30.292171478271484,2939303
2007-11-06,43.187007904052734,43.5118522644043,42.844600677490234,43.5118522644043,30.495235443115234,2779843
2007-11-07,43.23968505859375,43.44161605834961,42.58121109008789,42.633888244628906,29.87992286682129,3202299
2007-11-08,42.66900634765625,42.756805419921875,41.49253845214844,41.764705657958984,29.2707576751709,4513857
2007-11-09,41.40473937988281,41.64179229736328,41.027217864990234,41.027217864990234,28.753881454467773,2861738
2007-11-12,40.85162353515625,41.57155227661133,40.85162353515625,40.930641174316406,28.686199188232422,2786336
2007-11-13,41.19403076171875,41.40473937988281,40.798946380615234,41.40473937988281,29.018461227416992,2649884
2007-11-14,41.65935134887695,42.08955383300781,41.06233596801758,41.63301086425781,29.178455352783203,3174393
2007-11-15,41.553993225097656,41.82616424560547,41.00965881347656,41.16769027709961,28.852331161499023,2453406
2007-11-16,41.54521560668945,41.562774658203125,40.83406448364258,41.40473937988281,29.018461227416992,2621522
2007-11-19,41.06233596801758,41.25548553466797,40.32484436035156,40.44776153564453,28.347766876220703,2692254
2007-11-20,40.597015380859375,40.913082122802734,40.00878143310547,40.42142105102539,28.329313278198242,3518143
2007-11-21,40.166812896728516,40.29850769042969,39.55223846435547,39.66637420654297,27.800140380859375,3566779
2007-11-23,39.850746154785156,40.254608154296875,39.824405670166016,40.149253845214844,28.138561248779297,1154035
2007-11-26,40.228271484375,40.3424072265625,39.429325103759766,39.44688415527344,27.64630889892578,2599654
2007-11-27,39.78928756713867,39.78928756713867,39.12203598022461,39.56101989746094,27.726293563842773,3652090
2007-11-28,39.56101989746094,40.09657669067383,39.543460845947266,40.035118103027344,28.058563232421875,3161864
2007-11-29,39.86830520629883,40.18437194824219,39.7629508972168,39.833187103271484,27.917051315307617,2327091
2007-11-30,39.84196853637695,39.964881896972656,39.376644134521484,39.56101989746094,27.726293563842773,3741843
2007-12-03,39.50834274291992,40.1141357421875,39.315189361572266,39.71027374267578,27.830900192260742,2399873
2007-12-04,39.394203186035156,39.89464569091797,39.3064079284668,39.44688415527344,27.64630889892578,3128947
2007-12-05,39.736610412597656,40.395084381103516,39.736610412597656,40.02634048461914,28.052413940429688,2630862
2007-12-06,40.00878143310547,40.24583053588867,39.84196853637695,40.24583053588867,28.206233978271484,2199751
2007-12-07,40.2370491027832,40.41264343261719,39.920982360839844,39.99121856689453,28.027807235717773,1963408
2007-12-10,40.166812896728516,41.000877380371094,40.1229133605957,40.886741638183594,28.655418395996094,1841535
2007-12-11,40.86918258666992,41.018436431884766,39.920982360839844,39.964881896972656,28.009353637695312,2048378
2007-12-12,40.509220123291016,40.72871017456055,39.6575927734375,40.07023620605469,28.263235092163086,2707631
2007-12-13,39.79806900024414,40.368743896484375,39.75416946411133,40.28972625732422,28.41805648803711,1657017
2007-12-14,39.78050994873047,40.09657669067383,39.27128982543945,39.45566177368164,27.82976531982422,2191094
2007-12-17,39.35908889770508,39.46444320678711,38.84986877441406,38.84986877441406,27.402463912963867,1954638
2007-12-18,39.05179977416992,39.35908889770508,38.867427825927734,39.22739028930664,27.66874885559082,2019105
2007-12-19,39.315189361572266,39.622474670410156,38.92010498046875,39.21861267089844,27.66254425048828,2199865
2007-12-20,39.429325103759766,39.58735656738281,38.93766403198242,39.060577392578125,27.55108070373535,2457393
2007-12-21,39.48200225830078,39.56101989746094,39.25373077392578,39.48200225830078,27.848339080810547,3551630
2007-12-24,39.6488151550293,40.38630294799805,39.61369705200195,40.18437194824219,28.343746185302734,840696
2007-12-26,39.850746154785156,40.02634048461914,39.58735656738281,39.850746154785156,28.108423233032227,987627
2007-12-27,39.745391845703125,39.81562805175781,39.07814025878906,39.10447692871094,27.582056045532227,1700755
2007-12-28,39.07814025878906,39.50834274291992,39.01668167114258,39.25373077392578,27.68733787536621,1185130
2007-12-31,39.07814025878906,39.26251220703125,38.89376449584961,39.095699310302734,27.57586669921875,1199025
2008-01-02,39.069358825683594,39.20983123779297,37.86655044555664,37.94556427001953,26.764616012573242,3027576
2008-01-03,38.13871765136719,38.13871765136719,37.383670806884766,37.66461944580078,26.566457748413086,3036005
2008-01-04,37.27831268310547,37.32221221923828,35.7945556640625,35.99648666381836,25.389854431152344,4917519
2008-01-07,36.15452194213867,37.041263580322266,35.961368560791016,36.77787399291992,25.940994262695312,3653001
2008-01-08,37.03248596191406,37.12028121948242,36.33011245727539,36.44424819946289,25.705678939819336,3741615
2008-01-09,36.391571044921875,36.76031494140625,36.12818145751953,36.505706787109375,25.749019622802734,2966184
2008-01-10,36.163299560546875,36.98858642578125,36.11062240600586,36.725196838378906,25.903846740722656,3519396
2008-01-11,36.46180725097656,36.496925354003906,35.82089614868164,36.06672668457031,25.439401626586914,3340915
2008-01-14,36.286216735839844,36.286216735839844,35.16242218017578,35.29411697387695,24.894447326660156,3879890
2008-01-15,35.03950881958008,35.61018371582031,35.03950881958008,35.206321716308594,24.83251190185547,2909120
2008-01-16,35.118526458740234,35.434593200683594,34.82879638671875,34.98683166503906,24.677705764770508,4017253
2008-01-17,34.995609283447266,35.23265838623047,34.46883010864258,34.53907012939453,24.361881256103516,3682615
2008-01-18,34.70588302612305,35.2150993347168,34.354698181152344,34.72344207763672,24.491920471191406,4256671
2008-01-22,33.37137985229492,34.61808776855469,33.37137985229492,34.29323959350586,24.1884765625,6510410
2008-01-23,33.36259841918945,34.6707649230957,33.14310836791992,34.661983489990234,24.44856834411621,6180100
2008-01-24,34.6707649230957,34.6707649230957,33.70500564575195,34.029850006103516,24.002702713012695,3936156
2008-01-25,34.31079864501953,34.4424934387207,33.87181854248047,34.02107238769531,23.996505737304688,3458118
2008-01-28,34.13520431518555,34.70588302612305,33.924495697021484,34.688323974609375,24.467159271240234,3505386
2008-01-29,34.83757781982422,34.890254974365234,34.51272964477539,34.69710159301758,24.473339080810547,2370715
2008-01-30,34.75856018066406,35.118526458740234,34.47761154174805,34.63564682006836,24.42999267578125,2542476
2008-01-31,34.40737533569336,35.8999137878418,34.06496810913086,35.627742767333984,25.1297550201416,5395329
2008-02-01,35.72431945800781,35.72431945800781,34.29323959350586,35.092185974121094,24.75200843811035,5503192
2008-02-04,34.98683166503906,35.118526458740234,34.76734161376953,34.890254974365234,24.609580993652344,2350554
2008-02-05,34.345916748046875,34.50395202636719,33.84547805786133,33.915714263916016,23.922197341918945,4470006
2008-02-06,34.152767181396484,34.152767181396484,33.23090362548828,33.2835807800293,23.476322174072266,3683640
2008-02-07,33.15188980102539,33.73134231567383,33.13432693481445,33.52941131591797,23.64972686767578,4377633
2008-02-08,33.41527557373047,33.44161605834961,33.15188980102539,33.274803161621094,23.47012710571289,2693621
2008-02-11,33.19578552246094,33.924495697021484,33.19578552246094,33.75768280029297,23.810731887817383,2638152
2008-02-12,33.898155212402344,34.73221969604492,33.898155212402344,34.51272964477539,24.343294143676758,3714393
2008-02-13,34.70588302612305,35.06584548950195,34.59174728393555,34.96927261352539,24.665313720703125,3457207
2008-02-14,34.93415451049805,34.95171356201172,34.62686538696289,34.793678283691406,24.541465759277344,3598329
2008-02-15,34.7849006652832,35.021949768066406,34.600528717041016,34.890254974365234,24.609580993652344,3754714
2008-02-19,35.092185974121094,35.136085510253906,34.62686538696289,34.70588302612305,24.479530334472656,2923585
2008-02-20,34.47761154174805,35.49604797363281,34.345916748046875,35.320457458496094,24.91301918029785,3911212
2008-02-21,35.37313461303711,35.71554183959961,35.118526458740234,35.16242218017578,24.80155372619629,2203509
2008-02-22,35.3292350769043,35.7857780456543,35.083404541015625,35.741878509521484,25.210268020629883,3722138
2008-02-25,35.82089614868164,35.99648666381836,35.539947509765625,35.95259094238281,25.35889434814453,3653343
2008-02-26,35.136085510253906,36.20719909667969,35.136085510253906,35.7945556640625,25.247421264648438,4676734
2008-02-27,35.5662841796875,36.06672668457031,35.5662841796875,35.829673767089844,25.272199630737305,3251617
2008-02-28,35.72431945800781,35.72431945800781,35.26778030395508,35.37313461303711,24.950172424316406,3506184
2008-02-29,35.118526458740234,35.2150993347168,34.863914489746094,35.07462692260742,24.739622116088867,7307482
2008-03-03,35.03072738647461,35.38191223144531,35.03072738647461,35.311676025390625,24.906822204589844,3526002
2008-03-04,35.07462692260742,35.46971130371094,34.907814025878906,35.36435317993164,24.943984985351562,3959620
2008-03-05,35.197540283203125,35.680419921875,34.89903259277344,35.29411697387695,24.894447326660156,3100928
2008-03-06,35.2150993347168,35.59262466430664,35.092185974121094,35.24143981933594,24.85729217529297,3076781
2008-03-07,35.01316833496094,35.118526458740234,34.258121490478516,34.42493438720703,24.281368255615234,4701678
2008-03-10,34.240562438964844,34.69710159301758,34.240562438964844,34.42493438720703,24.281368255615234,4546660
2008-03-11,34.802459716796875,35.197540283203125,34.49517059326172,35.12730407714844,24.776790618896484,3555389
2008-03-12,34.863914489746094,35.434593200683594,34.7849006652832,35.17120361328125,24.988872528076172,2775743
2008-03-13,34.82001876831055,35.35557556152344,34.46883010864258,35.021949768066406,24.882823944091797,3992423
2008-03-14,35.206321716308594,35.34679412841797,34.36347579956055,34.565406799316406,24.55845832824707,4607938
2008-03-17,33.81914138793945,34.5566291809082,33.81914138793945,34.04740905761719,24.19042205810547,4422054
2008-03-18,34.49517059326172,35.417030334472656,34.36347579956055,35.399471282958984,25.15105438232422,4793823
2008-03-19,35.50482940673828,35.99648666381836,35.34679412841797,35.36435317993164,25.1261043548584,4533562
2008-03-20,35.40825271606445,36.01404571533203,35.320457458496094,35.95259094238281,25.544042587280273,5116388
2008-03-24,36.084285736083984,36.78665542602539,35.5575065612793,36.67251968383789,26.055543899536133,3032018
2008-03-25,36.65496063232422,37.33977127075195,36.65496063232422,37.251976013183594,26.46725082397461,4761703
2008-03-26,36.98858642578125,37.59437942504883,36.87445068359375,37.21685791015625,26.442289352416992,3661429
2008-03-27,37.23441696166992,37.445125579833984,36.69886016845703,36.86567306518555,26.192779541015625,3737173
2008-03-28,37.03248596191406,37.08516311645508,36.64617919921875,36.69007873535156,26.068023681640625,2504205
2008-03-31,36.6022834777832,37.41000747680664,36.6022834777832,37.21685791015625,26.442289352416992,3056165
2008-04-01,37.40122985839844,38.103599548339844,37.31343460083008,38.103599548339844,27.072317123413086,3067897
2008-04-02,38.0684814453125,38.867427825927734,38.0684814453125,38.463565826416016,27.32806968688965,3839341
2008-04-03,38.27919387817383,38.40210723876953,37.954345703125,38.0684814453125,27.047365188598633,3024273
2008-04-04,37.97190475463867,38.67427444458008,37.94556427001953,38.5338020324707,27.37796974182129,2584961
2008-04-07,38.80596923828125,38.80596923828125,37.901668548583984,38.033363342285156,27.022424697875977,2771757
2008-04-08,37.8402099609375,38.033363342285156,37.66461944580078,37.82265090942383,26.872697830200195,2183463
2008-04-09,37.76997375488281,37.919227600097656,37.383670806884766,37.62071990966797,26.7292423248291,1634237
2008-04-10,37.55048370361328,37.8314323425293,37.2607536315918,37.6031608581543,26.716753005981445,2125488
2008-04-11,37.19929885864258,37.40122985839844,36.80421447753906,36.85689163208008,26.186532974243164,1851786
2008-04-14,36.78665542602539,37.137840270996094,36.76031494140625,36.927127838134766,26.236448287963867,1445619
2008-04-15,37.17295837402344,37.22563552856445,36.85689163208008,37.14662170410156,26.392396926879883,1339122
2008-04-16,37.53292465209961,38.05092239379883,37.357330322265625,38.02458190917969,27.01618003845215,2230959
2008-04-17,38.05092239379883,38.261634826660156,37.892887115478516,38.129940032958984,27.091026306152344,1429787
2008-04-18,38.51624298095703,38.58647918701172,37.51536560058594,38.47234344482422,27.334306716918945,1828323
2008-04-21,38.27919387817383,38.4196662902832,38.07726287841797,38.34064865112305,27.24073600769043,1799392
2008-04-22,38.11237716674805,38.217735290527344,37.75241470336914,38.05092239379883,27.034879684448242,1957713
2008-04-23,38.27919387817383,38.56013870239258,37.88410949707031,38.22651290893555,27.159645080566406,2646239
2008-04-24,38.31431198120117,38.80596923828125,38.129940032958984,38.63037872314453,27.44658851623535,2324813
2008-04-25,38.73573303222656,38.74451446533203,38.27041244506836,38.70061492919922,27.496484756469727,2962995
2008-04-28,38.62159729003906,38.84986877441406,38.42844772338867,38.45478439331055,27.321828842163086,1641527
2008-04-29,38.48112487792969,38.59526062011719,38.261634826660156,38.331871032714844,27.23450469970703,2278570
2008-04-30,38.331871032714844,39.43810272216797,37.56804275512695,38.80596923828125,27.57134246826172,3183391
2008-05-01,38.639156341552734,39.71027374267578,38.463565826416016,39.69271469116211,28.201379776000977,2842716
2008-05-02,38.999122619628906,39.183494567871094,37.50658416748047,37.8314323425293,26.878938674926758,4362826
2008-05-05,37.65583801269531,38.217735290527344,37.65583801269531,38.129940032958984,27.091026306152344,2161708
2008-05-06,37.778751373291016,38.349430084228516,37.59437942504883,38.20017623901367,27.14092254638672,1943704
2008-05-07,38.08604049682617,38.45478439331055,37.7172966003418,37.85776901245117,26.897653579711914,3005593
2008-05-08,38.0684814453125,38.08604049682617,37.43634796142578,37.62071990966797,26.7292423248291,3572360
2008-05-09,37.42756652832031,37.99824523925781,37.22563552856445,37.8402099609375,26.88517951965332,1870580
2008-05-12,37.66461944580078,38.542579650878906,37.64706039428711,38.437225341796875,27.309354782104492,1619886
2008-05-13,38.437225341796875,38.62159729003906,38.17383575439453,38.410888671875,27.290637969970703,1650297
2008-05-14,38.45478439331055,39.060577392578125,38.410888671875,38.73573303222656,27.521442413330078,1522274
2008-05-15,38.63037872314453,38.972782135009766,38.36698913574219,38.90254592895508,27.639965057373047,2013183
2008-05-16,38.81475067138672,38.858646392822266,38.331871032714844,38.51624298095703,27.365488052368164,1990630
2008-05-19,38.45478439331055,38.6479377746582,38.244075775146484,38.349430084228516,27.24697494506836,2280050
2008-05-20,38.13871765136719,38.47234344482422,37.989463806152344,38.17383575439453,27.122215270996094,2630407
2008-05-21,38.28797149658203,38.42844772338867,37.55048370361328,37.6119384765625,26.722993850708008,3520877
2008-05-22,37.59437942504883,37.7172966003418,37.137840270996094,37.32221221923828,26.517147064208984,3328044
2008-05-23,37.21685791015625,37.21685791015625,36.593502044677734,36.707637786865234,26.080488204956055,2897160
2008-05-27,36.65496063232422,37.357330322265625,36.65496063232422,37.251976013183594,26.46725082397461,3583977
2008-05-28,37.27831268310547,37.6119384765625,37.05882263183594,37.31343460083008,26.51091194152832,3147627
2008-05-29,37.33099365234375,37.98068618774414,37.30465316772461,37.73485565185547,26.810327529907227,1684467
2008-05-30,37.76997375488281,38.08604049682617,37.576820373535156,37.79631423950195,26.853992462158203,2160911
2008-06-02,37.66461944580078,38.094818115234375,37.251976013183594,37.53292465209961,26.666851043701172,2770618
2008-06-03,37.6031608581543,38.1826171875,37.55048370361328,37.8402099609375,26.88517951965332,2751482
2008-06-04,37.79631423950195,38.27919387817383,37.75241470336914,38.129940032958984,27.091026306152344,2485754
2008-06-05,38.28797149658203,38.779632568359375,38.16505813598633,38.726951599121094,27.515199661254883,3197515
2008-06-06,38.48112487792969,38.48112487792969,37.19929885864258,37.21685791015625,26.442289352416992,3743551
2008-06-09,37.96312713623047,37.96312713623047,37.269535064697266,37.75241470336914,26.82280158996582,2772782
2008-06-10,37.52414321899414,38.13871765136719,37.33977127075195,37.86655044555664,26.903902053833008,2380054
2008-06-11,37.787532806396484,37.787532806396484,37.023704528808594,37.09394073486328,26.533370971679688,3158561
2008-06-12,37.10272216796875,37.85776901245117,37.10272216796875,37.40122985839844,26.7531681060791,2470719
2008-06-13,37.51536560058594,38.261634826660156,37.51536560058594,37.875328063964844,27.09229278564453,2823809
2008-06-16,37.65583801269531,38.07726287841797,37.445125579833984,37.954345703125,27.148813247680664,2423564
2008-06-17,38.015804290771484,38.22651290893555,37.66461944580078,37.66461944580078,26.941577911376953,2299299
2008-06-18,37.45390701293945,37.62071990966797,37.181739807128906,37.269535064697266,26.65896987915039,2695899
2008-06-19,37.181739807128906,37.901668548583984,37.050045013427734,37.68217849731445,26.954132080078125,2132322
2008-06-20,37.383670806884766,37.6119384765625,37.137840270996094,37.40122985839844,26.7531681060791,3828976
2008-06-23,37.27831268310547,37.56804275512695,37.137840270996094,37.23441696166992,26.63384437561035,2437346
2008-06-24,36.927127838134766,37.31343460083008,36.725196838378906,36.935909271240234,26.420320510864258,3255832
2008-06-25,36.78665542602539,37.64706039428711,36.78665542602539,37.27831268310547,26.665250778198242,3158561
2008-06-26,36.80421447753906,37.19929885864258,36.69886016845703,36.76031494140625,26.294727325439453,3018806
2008-06-27,36.725196838378906,36.76909637451172,36.215980529785156,36.55838394165039,26.150278091430664,3212891
2008-06-30,36.54960632324219,37.20807647705078,36.26865768432617,36.78665542602539,26.313562393188477,3526800
2008-07-01,36.303775787353516,37.54170227050781,36.303775787353516,37.42756652832031,26.772018432617188,4614203
2008-07-02,37.4890251159668,37.86655044555664,36.87445068359375,36.962249755859375,26.439172744750977,5088938
2008-07-03,37.19929885864258,37.45390701293945,36.839332580566406,36.94468688964844,26.426599502563477,2049175
2008-07-07,37.023704528808594,37.41878890991211,36.57594299316406,36.97102737426758,26.445451736450195,3978413
2008-07-08,36.99736785888672,37.45390701293945,36.707637786865234,37.445125579833984,26.784564971923828,3888090
2008-07-09,37.445125579833984,37.75241470336914,36.812992095947266,36.812992095947266,26.3324031829834,2564003
2008-07-10,36.90079116821289,37.00614547729492,36.417911529541016,36.909568786621094,26.401487350463867,2597717
2008-07-11,36.54960632324219,36.953468322753906,35.970149993896484,36.40913009643555,26.043516159057617,3377591
2008-07-14,36.76909637451172,36.935909271240234,35.80333709716797,35.95259094238281,25.716962814331055,2836110
2008-07-15,35.759437561035156,36.417911529541016,35.34679412841797,36.04916763305664,25.786048889160156,2741231
2008-07-16,36.11062240600586,36.76909637451172,35.77699661254883,36.74275588989258,26.282161712646484,2057717
2008-07-17,36.812992095947266,37.42756652832031,36.44424819946289,37.22563552856445,26.627561569213867,3142273
2008-07-18,37.33099365234375,37.4890251159668,36.94468688964844,37.40122985839844,26.7531681060791,3391031
2008-07-21,37.2607536315918,37.41000747680664,36.75153732299805,37.40122985839844,26.7531681060791,3422126
2008-07-22,37.357330322265625,37.92800521850586,37.17295837402344,37.92800521850586,27.129980087280273,2465593
2008-07-23,37.98068618774414,38.05092239379883,37.23441696166992,37.445125579833984,26.784564971923828,4126597
2008-07-24,36.812992095947266,36.812992095947266,36.163299560546875,36.26865768432617,25.94304084777832,5313549
2008-07-25,36.57594299316406,36.6022834777832,35.95259094238281,36.075504302978516,25.804882049560547,3075300
2008-07-28,35.847232818603516,35.99648666381836,35.452152252197266,35.47848892211914,25.37783432006836,2815380
2008-07-29,35.38191223144531,35.81211471557617,35.35557556152344,35.60140609741211,25.46575355529785,3565640
2008-07-30,35.8999137878418,36.69886016845703,35.69798278808594,36.496925354003906,26.106319427490234,2746243
2008-07-31,37.014923095703125,37.88410949707031,36.87445068359375,37.497806549072266,26.822250366210938,5206369
2008-08-01,37.68217849731445,37.91044616699219,36.98858642578125,37.70851516723633,26.972970962524414,3167787
2008-08-04,37.74363327026367,38.331871032714844,37.56804275512695,38.129940032958984,27.274415969848633,2734511
2008-08-05,38.35820770263672,38.884986877441406,38.0684814453125,38.84986877441406,27.789386749267578,2741004
2008-08-06,38.63037872314453,39.03424072265625,38.244075775146484,39.02545928955078,27.91499137878418,2564003
2008-08-07,38.67427444458008,38.84986877441406,38.05970001220703,38.40210723876953,27.469093322753906,2107378
2008-08-08,38.36698913574219,39.5346794128418,38.31431198120117,39.517120361328125,28.26667594909668,3255945
2008-08-11,39.24495315551758,40.061458587646484,39.183494567871094,39.850746154785156,28.505311965942383,2505003
2008-08-12,39.58735656738281,39.920982360839844,39.47322082519531,39.68393325805664,28.385995864868164,1555646
2008-08-13,39.49956130981445,39.7629508972168,39.12203598022461,39.50834274291992,28.26038932800293,1621594
2008-08-14,39.288848876953125,39.947322845458984,39.15715408325195,39.806846618652344,28.47391128540039,1741987
2008-08-15,39.89464569091797,40.2370491027832,39.543460845947266,40.13169479370117,28.70627784729004,2102252
2008-08-18,40.1229133605957,40.263389587402344,39.604915618896484,39.78050994873047,28.455074310302734,1572845
2008-08-19,38.20017623901367,39.183494567871094,38.1913948059082,38.78841018676758,27.745426177978516,3098877
2008-08-20,38.981563568115234,39.27128982543945,38.551361083984375,38.80596923828125,27.757984161376953,1949399
2008-08-21,38.525020599365234,39.33274841308594,38.34064865112305,39.26251220703125,28.08455467224121,1940400
2008-08-22,39.48200225830078,39.78928756713867,39.24495315551758,39.622474670410156,28.342044830322266,1668179
2008-08-25,39.429325103759766,39.429325103759766,38.639156341552734,38.71817398071289,27.6951961517334,1522843
2008-08-26,38.73573303222656,38.99034118652344,38.437225341796875,38.83230972290039,27.776832580566406,1528082
2008-08-27,38.93766403198242,39.43810272216797,38.753292083740234,39.32396697998047,28.128494262695312,1846661
2008-08-28,39.32396697998047,39.50834274291992,39.1922721862793,39.44688415527344,28.216434478759766,2143940
2008-08-29,39.20983123779297,39.402984619140625,38.89376449584961,38.96400451660156,27.87103843688965,2037671
2008-09-02,39.43810272216797,40.01755905151367,39.429325103759766,39.622474670410156,28.342044830322266,2970740
2008-09-03,39.70149230957031,40.27216720581055,39.48200225830078,40.166812896728516,28.731401443481445,4575249
2008-09-04,40.07023620605469,40.33362579345703,39.01668167114258,39.069358825683594,27.946393966674805,3440691
2008-09-05,38.81475067138672,38.87620544433594,38.235294342041016,38.770851135253906,27.73286247253418,3320299
2008-09-08,39.341529846191406,40.24583053588867,39.3064079284668,40.24583053588867,28.787906646728516,4010989
2008-09-09,40.228271484375,40.35996627807617,39.341529846191406,39.394203186035156,28.17874526977539,3869639
2008-09-10,39.71027374267578,39.71027374267578,38.779632568359375,39.14837646484375,28.185070037841797,2481653
2008-09-11,38.70061492919922,39.67515563964844,38.323089599609375,39.622474670410156,28.52641487121582,2946137
2008-09-12,39.288848876953125,39.824405670166016,39.183494567871094,39.745391845703125,28.614891052246094,2425273
2008-09-15,39.07814025878906,39.938541412353516,38.81475067138672,38.884986877441406,27.995452880859375,3260501
2008-09-16,38.49868392944336,39.288848876953125,37.699737548828125,39.00790023803711,28.083925247192383,5135751
2008-09-17,38.5338020324707,38.68305587768555,37.19051742553711,37.22563552856445,26.800779342651367,4232866
2008-09-18,37.8314323425293,38.93766403198242,36.57594299316406,38.235294342041016,27.527700424194336,6166888
2008-09-19,39.27128982543945,40.166812896728516,38.56013870239258,39.174713134765625,28.204038619995117,5642264
2008-09-22,39.01668167114258,39.086917877197266,37.52414321899414,37.787532806396484,27.20532989501953,3037371
2008-09-23,37.813873291015625,38.28797149658203,37.20807647705078,37.22563552856445,26.800779342651367,2326749
2008-09-24,37.295875549316406,37.6119384765625,36.90079116821289,37.34855270385742,26.8892765045166,2507167
2008-09-25,37.6119384765625,38.208953857421875,37.32221221923828,37.85776901245117,27.255895614624023,2526758
2008-09-26,37.45390701293945,38.48112487792969,37.3748893737793,38.39332580566406,27.6414737701416,2267749
2008-09-29,37.892887115478516,38.147499084472656,36.057945251464844,36.56716537475586,26.326717376708984,4358497
2008-09-30,36.962249755859375,37.585601806640625,36.52326583862305,37.53292465209961,27.022014617919922,4264644
2008-10-01,37.19929885864258,37.690956115722656,36.76909637451172,36.98858642578125,26.630123138427734,4000738
2008-10-02,36.69886016845703,36.86567306518555,35.99648666381836,35.99648666381836,25.915855407714844,4191634
2008-10-03,36.417911529541016,37.4890251159668,36.18085861206055,36.24231719970703,26.09284019470215,4337426
2008-10-06,35.59262466430664,35.99648666381836,33.23968505859375,33.801578521728516,24.33562469482422,7898737
2008-10-07,34.170326232910156,34.486392974853516,32.91483688354492,33.037750244140625,23.78569221496582,6519408
2008-10-08,32.35293960571289,33.6259880065918,32.08955383300781,32.94117736816406,23.716171264648438,7093009
2008-10-09,33.36259841918945,33.801578521728516,30.553117752075195,30.553117752075195,21.99687385559082,7629592
2008-10-10,30.31606674194336,31.035995483398438,28.261632919311523,29.420543670654297,21.181468963623047,13436783
2008-10-13,30.166812896728516,31.000877380371094,29.429323196411133,30.553117752075195,21.99687385559082,6099687
2008-10-14,31.84372329711914,31.861282348632812,30.368745803833008,31.12379264831543,22.40773582458496,6358354
2008-10-15,30.76382827758789,30.7901668548584,28.726953506469727,28.955223083496094,20.84646224975586,6134882
2008-10-16,28.972782135009766,29.561017990112305,27.067602157592773,29.288850784301758,21.086652755737305,6349697
2008-10-17,28.955223083496094,30.280948638916016,28.2967529296875,29.648815155029297,21.345815658569336,7344158
2008-10-20,29.964881896972656,31.106233596801758,29.561017990112305,31.062334060668945,22.363492965698242,5631899
2008-10-21,31.027217864990234,31.027217864990234,29.762950897216797,29.929763793945312,21.5480899810791,3306175
2008-10-22,29.692712783813477,29.789289474487305,28.639156341552734,28.955223083496094,20.84646224975586,5033697
2008-10-23,28.54258155822754,29.947322845458984,28.31431007385254,29.868305206298828,21.503841400146484,4828677
2008-10-24,28.147497177124023,29.517120361328125,28.094820022583008,28.647937774658203,20.625232696533203,3311529
2008-10-27,28.173837661743164,28.612817764282227,27.20807647705078,27.243196487426758,19.613880157470703,4827765
2008-10-28,27.79631233215332,30.728708267211914,27.26075553894043,30.465320587158203,21.93366241455078,4743821
2008-10-29,30.89552116394043,30.948200225830078,29.025461196899414,29.218612670898438,21.036088943481445,3841391
2008-10-30,30.08779525756836,30.553117752075195,28.797191619873047,28.911325454711914,20.814857482910156,3599923
2008-10-31,29.0956974029541,31.053556442260742,28.533802032470703,30.684810638427734,22.0916805267334,3987411
2008-11-03,30.948200225830078,30.948200225830078,29.139596939086914,29.2098331451416,21.029775619506836,3795148
2008-11-04,29.59613609313965,31.99297523498535,29.420543670654297,31.808603286743164,22.900768280029297,6169507
2008-11-05,31.474977493286133,31.650571823120117,30.298507690429688,30.43020248413086,21.908384323120117,4027390
2008-11-06,30.08779525756836,30.825284957885742,29.850746154785156,30.131694793701172,21.693458557128906,4667964
2008-11-07,30.28972816467285,31.422300338745117,29.859525680541992,31.106233596801758,22.395095825195312,3271322
2008-11-10,31.536434173583984,32.17734909057617,31.027217864990234,31.211589813232422,22.470937728881836,3671453
2008-11-11,31.071115493774414,31.150131225585938,30.026338577270508,30.71993064880371,22.116966247558594,4216122
2008-11-12,29.72783088684082,30.711149215698242,29.59613609313965,29.762950897216797,21.427995681762695,5037228
2008-11-13,29.833187103271484,32.124671936035156,28.999122619628906,32.11589050292969,23.121999740600586,4355764
2008-11-14,31.378402709960938,32.58999252319336,30.640913009643555,30.834064483642578,22.199138641357422,3818498
2008-11-17,30.368745803833008,31.352062225341797,30.096576690673828,30.579456329345703,22.015827178955078,2939190
2008-11-18,30.69359016418457,31.378402709960938,29.850746154785156,30.92186164855957,22.26235580444336,3810980
2008-11-19,30.92186164855957,32.1597900390625,29.877084732055664,29.947322845458984,21.560726165771484,4241864
2008-11-20,29.648815155029297,30.44776153564453,28.094820022583008,28.208955764770508,20.309179306030273,5345555
2008-11-21,28.077260971069336,30.974538803100586,27.805091857910156,30.948200225830078,22.281314849853516,7372975
2008-11-24,31.518875122070312,33.09920883178711,30.70237159729004,32.89727783203125,23.68455696105957,6577042
2008-11-25,32.949954986572266,33.5118522644043,32.08955383300781,32.958736419677734,23.72881317138672,4940640
2008-11-26,33.47673416137695,35.3292350769043,32.00175476074219,35.27655792236328,25.39754867553711,6987082
2008-11-28,35.03072738647461,36.23353958129883,34.89903259277344,36.04916763305664,25.95378875732422,2558422
2008-12-01,35.961368560791016,35.970149993896484,33.064090728759766,33.10799026489258,23.83626365661621,5530073
2008-12-02,33.08164978027344,34.4337158203125,33.046531677246094,33.713783264160156,24.27241325378418,5620509
2008-12-03,33.68744659423828,34.00351333618164,32.54609298706055,33.8542594909668,24.373544692993164,8010587
2008-12-04,33.582088470458984,34.10886764526367,31.7032470703125,32.06321334838867,23.084081649780273,5209672
2008-12-05,31.738367080688477,33.55575180053711,30.92186164855957,33.00263214111328,23.760412216186523,6204930
2008-12-08,33.22212600708008,33.98595428466797,33.00263214111328,33.898155212402344,24.405149459838867,6720442
2008-12-09,33.827919006347656,34.688323974609375,33.36259841918945,34.345916748046875,24.727519989013672,6022918
2008-12-10,33.187007904052734,34.117645263671875,32.835819244384766,33.801578521728516,24.54265785217285,6774658
2008-12-11,33.634765625,34.26689910888672,32.704124450683594,32.76558303833008,23.79043960571289,4507365
2008-12-12,32.57243347167969,33.65232849121094,32.31782150268555,33.599647521972656,24.396032333374023,4013722
2008-12-15,33.96839141845703,33.96839141845703,32.65144729614258,32.89727783203125,23.886056900024414,4552355
2008-12-16,32.67778778076172,33.35382080078125,32.02809524536133,33.292362213134766,24.172922134399414,8422222
2008-12-17,32.862159729003906,33.30992126464844,32.47585678100586,32.704124450683594,23.745807647705078,6776139
2008-12-18,32.68656539916992,33.23090362548828,31.606672286987305,32.1685676574707,23.35696029663086,6799830
2008-12-19,32.08955383300781,33.12554931640625,32.08955383300781,33.01141357421875,23.968929290771484,14554598
2008-12-22,32.40562057495117,33.48551559448242,32.40562057495117,33.16944885253906,24.08367347717285,5336443
2008-12-23,33.634765625,34.574188232421875,32.932395935058594,33.178226470947266,24.090051651000977,4086163
2008-12-24,33.84547805786133,34.240562438964844,33.064090728759766,33.5118522644043,24.332292556762695,1178979
2008-12-26,33.467952728271484,34.038631439208984,33.274803161621094,33.48551559448242,24.31316375732422,1225336
2008-12-29,33.64354705810547,33.64354705810547,33.00263214111328,33.43283462524414,24.274917602539062,2409441
2008-12-30,33.98595428466797,34.460052490234375,33.57331085205078,34.354698181152344,24.94426155090332,3256743
2008-12-31,34.10886764526367,34.63564682006836,33.608428955078125,34.53907012939453,25.07813262939453,3238633
2009-01-02,34.7849006652832,35.54872512817383,34.2054443359375,35.47848892211914,25.760229110717773,4021809
2009-01-05,35.092185974121094,35.68920135498047,34.76734161376953,35.118526458740234,25.498863220214844,4875034
2009-01-06,35.3292350769043,35.987709045410156,34.7849006652832,35.829673767089844,26.015214920043945,6802905
2009-01-07,35.30289840698242,35.59262466430664,34.978050231933594,35.2150993347168,25.568984985351562,6223268
2009-01-08,35.206321716308594,35.654083251953125,34.72344207763672,35.654083251953125,25.887720108032227,5588162
2009-01-09,35.66286087036133,35.7857780456543,33.801578521728516,33.898155212402344,24.61277198791504,5674840
2009-01-12,34.16154479980469,34.231781005859375,33.57331085205078,33.8542594909668,24.580900192260742,5384509
2009-01-13,33.863037109375,34.354698181152344,33.784019470214844,34.170326232910156,24.810400009155273,4954081
2009-01-14,33.65232849121094,33.942054748535156,33.15188980102539,33.30992126464844,24.185667037963867,5236666
2009-01-15,33.15188980102539,34.5566291809082,33.13432693481445,34.39859390258789,24.976133346557617,7756021
2009-01-16,34.863914489746094,34.863914489746094,33.88059616088867,34.60930633544922,25.12912940979004,6291722
2009-01-20,34.661983489990234,35.092185974121094,33.00263214111328,33.046531677246094,23.994428634643555,9068832
2009-01-21,33.064090728759766,33.54697036743164,32.26514434814453,32.90605926513672,23.89243507385254,10268313
2009-01-22,32.221248626708984,32.89727783203125,32.00175476074219,32.24758529663086,23.41431999206543,8828047
2009-01-23,32.00175476074219,32.80070114135742,31.606672286987305,32.56365203857422,23.643823623657227,7592802
2009-01-26,32.35293960571289,33.43283462524414,32.309043884277344,33.046531677246094,23.994428634643555,5492144
2009-01-27,32.06321334838867,33.02019119262695,31.7032470703125,32.616329193115234,23.682065963745117,9693346
2009-01-28,33.01141357421875,33.801578521728516,32.57243347167969,32.88850021362305,23.879680633544922,7721281
2009-01-29,32.56365203857422,33.30113983154297,32.186126708984375,32.20368576049805,23.382461547851562,6063125
2009-01-30,32.300262451171875,32.87971878051758,31.826162338256836,31.896400451660156,23.159334182739258,6205158
2009-02-02,31.650571823120117,32.519752502441406,31.404741287231445,32.1685676574707,23.35696029663086,6902568
2009-02-03,34.152767181396484,35.092185974121094,33.801578521728516,34.27568054199219,24.88688850402832,13145199
2009-02-04,34.19666290283203,34.31079864501953,33.22212600708008,33.32748031616211,24.19842529296875,6981728
2009-02-05,33.09920883178711,34.07374954223633,32.835819244384766,34.029850006103516,24.70839500427246,7249507
2009-02-06,33.810359954833984,34.83757781982422,33.3977165222168,34.74100112915039,25.224748611450195,7116928
2009-02-09,34.41615676879883,34.802459716796875,34.26689910888672,34.460052490234375,25.02075958251953,4320341
2009-02-10,34.28445816040039,34.460052490234375,32.976295471191406,32.99385452270508,23.956178665161133,6741285
2009-02-11,33.12554931640625,33.47673416137695,32.844600677490234,33.32748031616211,24.19842529296875,4223184
2009-02-12,32.92361831665039,33.53819274902344,32.35293960571289,33.23968505859375,24.13467788696289,6795616
2009-02-13,33.23968505859375,33.35382080078125,32.633888244628906,32.633888244628906,23.694820404052734,5142585
2009-02-17,32.69534683227539,32.69534683227539,31.782264709472656,32.02809524536133,23.254962921142578,7450541
2009-02-18,31.896400451660156,32.502193450927734,31.650571823120117,32.34416198730469,23.484451293945312,5100898
2009-02-19,32.440738677978516,32.704124450683594,31.308164596557617,31.316944122314453,22.73860740661621,6763382
2009-02-20,31.589113235473633,31.64179039001465,30.76382827758789,31.492536544799805,22.866106033325195,6854160
2009-02-23,31.273046493530273,31.738367080688477,30.026338577270508,30.070236206054688,21.833402633666992,6909971
2009-02-24,29.920982360839844,31.16769027709961,29.903423309326172,30.992097854614258,22.50275230407715,6576017
2009-02-25,30.711149215698242,31.150131225585938,30.17559242248535,30.64969253540039,22.254127502441406,5513102
2009-02-26,30.307287216186523,30.825284957885742,29.850746154785156,30.008779525756836,21.788780212402344,5811748
2009-02-27,30.04389762878418,30.465320587158203,29.385425567626953,29.982440948486328,21.769655227661133,8067195
2009-03-02,29.455663681030273,30.008779525756836,28.972782135009766,28.999122619628906,21.055686950683594,7431519
2009-03-03,29.376646041870117,29.701492309570312,28.691835403442383,29.025461196899414,21.074811935424805,6863956
2009-03-04,29.719051361083984,30.245830535888672,28.788410186767578,29.850746154785156,21.674030303955078,7416485
2009-03-05,29.806848526000977,29.806848526000977,28.612817764282227,28.797191619873047,20.90907096862793,6459611
2009-03-06,28.121158599853516,29.39420509338379,28.121158599853516,29.218612670898438,21.21505355834961,8609929
2009-03-09,29.007902145385742,29.631254196166992,28.797191619873047,29.14837646484375,21.164051055908203,6426921
2009-03-10,29.41176414489746,30.412643432617188,28.884986877441406,30.38630485534668,22.062889099121094,6643673
2009-03-11,30.728708267211914,31.106233596801758,29.868305206298828,30.079017639160156,22.050020217895508,5350566
2009-03-12,29.359086990356445,30.948200225830078,29.359086990356445,30.834064483642578,22.60352325439453,5067639
2009-03-13,31.57155418395996,31.57155418395996,30.21949005126953,31.044776916503906,22.757986068725586,3726466
2009-03-16,31.589113235473633,31.589113235473633,30.623353958129883,31.044776916503906,22.757986068725586,4129900
2009-03-17,31.589113235473633,32.26514434814453,30.728708267211914,32.1597900390625,23.575368881225586,5575177
2009-03-18,31.764705657958984,32.756805419921875,31.606672286987305,32.58121109008789,23.88430404663086,5978155
2009-03-19,32.748023986816406,32.76558303833008,31.966636657714844,32.238807678222656,23.633298873901367,4384694
2009-03-20,32.67778778076172,32.79192352294922,31.492536544799805,31.87006187438965,23.362979888916016,6335460
2009-03-23,32.300262451171875,32.91483688354492,32.045654296875,32.7392463684082,24.00015640258789,7677543
2009-03-24,32.47585678100586,32.48463439941406,31.87006187438965,31.98419761657715,23.4466495513916,5454899
2009-03-25,31.431079864501953,31.87006187438965,30.71993064880371,31.273046493530273,22.925331115722656,9479555
2009-03-26,31.97541618347168,32.300262451171875,31.202808380126953,32.045654296875,23.49170684814453,7266251
2009-03-27,31.273046493530273,31.826162338256836,31.044776916503906,31.16769027709961,22.84809112548828,3866336
2009-03-30,30.89552116394043,31.018436431884766,30.526777267456055,30.939420700073242,22.680763244628906,4601332
2009-03-31,31.071115493774414,31.211589813232422,30.71993064880371,30.869182586669922,22.6292667388916,5457405
2009-04-01,30.210710525512695,31.1413516998291,30.079017639160156,30.816505432128906,22.59065055847168,4707715
2009-04-02,31.334503173828125,32.238807678222656,31.088674545288086,31.799823760986328,23.311494827270508,5790220
2009-04-03,32.03687286376953,32.221248626708984,31.606672286987305,32.194908142089844,23.601116180419922,3597304
2009-04-06,31.957857131958008,32.08955383300781,31.39596176147461,31.799823760986328,23.311494827270508,3852326
2009-04-07,31.211589813232422,31.589113235473633,30.930641174316406,30.948200225830078,22.687192916870117,3997434
2009-04-08,31.334503173828125,31.387182235717773,30.570676803588867,30.956979751586914,22.693626403808594,3012313
2009-04-09,30.51799774169922,31.826162338256836,30.44776153564453,31.782264709472656,23.298616409301758,4660674
2009-04-13,31.4837589263916,31.817384719848633,31.387182235717773,31.650571823120117,23.20207977294922,3298886
2009-04-14,31.55399513244629,31.59789276123047,31.062334060668945,31.28182601928711,22.931758880615234,3450601
2009-04-15,31.16769027709961,31.2554874420166,30.886743545532227,31.19403076171875,22.86739730834961,4178877
2009-04-16,31.387182235717773,32.186126708984375,31.352062225341797,32.06321334838867,23.504579544067383,3657557
2009-04-17,32.31782150268555,32.31782150268555,31.536434173583984,31.7032470703125,23.24069595336914,4173524
2009-04-20,31.72958755493164,31.88762092590332,31.071115493774414,31.16769027709961,22.84809112548828,3916679
2009-04-21,31.290605545043945,31.940298080444336,31.088674545288086,31.64179039001465,23.195642471313477,4728103
2009-04-22,31.75592613220215,31.87006187438965,31.097454071044922,31.202808380126953,22.87383460998535,4012811
2009-04-23,31.12379264831543,31.202808380126953,30.38630485534668,30.711149215698242,22.513418197631836,3854148
2009-04-24,31.633010864257812,31.633010864257812,30.623353958129883,31.035995483398438,22.751550674438477,6155384
2009-04-27,30.28972816467285,30.825284957885742,30.15803337097168,30.254608154296875,22.178741455078125,4925264
2009-04-28,30.28972816467285,30.755048751831055,29.920982360839844,30.43020248413086,22.30746078491211,3971124
2009-04-29,30.597015380859375,31.378402709960938,30.500438690185547,31.097454071044922,22.79660415649414,3585116
2009-04-30,30.544336318969727,31.334503173828125,30.535558700561523,30.9043025970459,22.655010223388672,6125656
2009-05-01,30.825284957885742,31.2554874420166,30.324846267700195,31.18524932861328,22.8609676361084,4170562
2009-05-04,31.448638916015625,31.448638916015625,30.351184844970703,30.60579490661621,22.436185836791992,7752604
2009-05-05,30.37752342224121,32.186126708984375,30.298507690429688,31.32572364807129,22.963947296142578,7984732
2009-05-06,31.633010864257812,32.528533935546875,31.41352081298828,32.326602935791016,23.69765853881836,5828946
2009-05-07,32.238807678222656,32.67778778076172,31.720808029174805,31.949077606201172,23.42090606689453,5598755
2009-05-08,32.221248626708984,32.57243347167969,31.720808029174805,32.34416198730469,23.710529327392578,4775030
2009-05-11,31.7032470703125,32.53731155395508,31.41352081298828,32.326602935791016,23.69765853881836,3755397
2009-05-12,32.34416198730469,32.59877014160156,31.97541618347168,32.49341583251953,23.819936752319336,3923172
2009-05-13,32.221248626708984,32.3968391418457,31.71202850341797,31.87006187438965,23.362979888916016,3543885
2009-05-14,32.11589050292969,32.27392578125,31.61545181274414,31.75592613220215,23.279312133789062,4671495
2009-05-15,31.791044235229492,32.00175476074219,31.36962127685547,31.422300338745117,23.03473472595215,4418864
2009-05-18,31.606672286987305,31.957857131958008,31.29938507080078,31.922739028930664,23.40159797668457,3170065
2009-05-19,31.87006187438965,31.966636657714844,31.290605545043945,31.360843658447266,22.98969078063965,4365331
2009-05-20,31.343284606933594,31.474977493286133,30.992097854614258,31.018436431884766,22.738676071166992,5405352
2009-05-21,30.456541061401367,31.211589813232422,30.298507690429688,31.211589813232422,22.880273818969727,5894325
2009-05-22,31.176471710205078,31.84372329711914,30.939420700073242,31.580333709716797,23.150590896606445,3798793
2009-05-26,31.150131225585938,32.519752502441406,31.062334060668945,32.46707534790039,23.800636291503906,5655705
2009-05-27,32.56365203857422,32.90605926513672,32.238807678222656,32.554874420166016,23.864990234375,4965129
2009-05-28,32.7392463684082,33.43283462524414,32.46707534790039,33.36259841918945,24.457109451293945,5911524
2009-05-29,33.25724411010742,33.5118522644043,32.92361831665039,33.37137985229492,24.463552474975586,4052334
2009-06-01,33.43283462524414,34.31079864501953,33.41527557373047,34.08252716064453,24.9848690032959,3465294
2009-06-02,33.898155212402344,34.08252716064453,33.67866516113281,33.87181854248047,24.830415725708008,3286812
2009-06-03,33.801578521728516,33.801578521728516,32.958736419677734,33.35382080078125,24.450679779052734,3512448
2009-06-04,33.44161605834961,33.66110610961914,33.064090728759766,33.47673416137695,24.540781021118164,2567078
2009-06-05,33.64354705810547,34.18788528442383,33.634765625,33.84547805786133,24.811100006103516,3438413
2009-06-08,33.67866516113281,33.84547805786133,33.187007904052734,33.608428955078125,24.637332916259766,2080497
2009-06-09,33.8542594909668,33.88059616088867,33.45039367675781,33.6259880065918,24.65019989013672,2009196
2009-06-10,33.582088470458984,33.59086990356445,32.528533935546875,32.82704162597656,24.27366065979004,4593245
2009-06-11,32.87093734741211,33.33626174926758,32.78314208984375,32.844600677490234,24.286643981933594,3387386
2009-06-12,32.72168731689453,32.90605926513672,32.13344955444336,32.7392463684082,24.20874786376953,2699772
2009-06-15,32.3968391418457,32.633888244628906,31.791044235229492,32.045654296875,23.69587516784668,4238105
2009-06-16,32.212467193603516,32.26514434814453,31.808603286743164,31.808603286743164,23.520591735839844,4378544
2009-06-17,31.68568992614746,32.045654296875,31.64179039001465,31.77348518371582,23.49461555480957,4852254
2009-06-18,31.12379264831543,31.720808029174805,30.913082122802734,31.071115493774414,22.97525978088379,6942775
2009-06-19,30.89552116394043,31.45741844177246,30.535558700561523,31.32572364807129,23.16352653503418,7955459
2009-06-22,31.053556442260742,31.19403076171875,30.74626922607422,30.886743545532227,22.838930130004883,3767356
2009-06-23,30.913082122802734,31.035995483398438,30.597015380859375,30.7901668548584,22.76750946044922,2979738
2009-06-24,30.974538803100586,31.202808380126953,30.772607803344727,31.106233596801758,23.001230239868164,3509601
2009-06-25,30.614574432373047,30.640913009643555,30.140474319458008,30.38630485534668,22.4688777923584,6282724
2009-06-26,30.307287216186523,30.526777267456055,30.17559242248535,30.456541061401367,22.520814895629883,4683340
2009-06-29,30.509218215942383,31.035995483398438,30.40386390686035,30.983318328857422,22.910335540771484,2810369
2009-06-30,30.983318328857422,31.23792839050293,30.781387329101562,31.115013122558594,23.007713317871094,4494494
2009-07-01,31.115013122558594,31.220369338989258,30.7901668548584,31.035995483398438,22.94928741455078,3844808
2009-07-02,30.755048751831055,30.939420700073242,29.93854331970215,30.008779525756836,22.189725875854492,4555089
2009-07-06,29.91220474243164,30.1141357421875,29.719051361083984,30.08779525756836,22.248151779174805,4205188
2009-07-07,30.008779525756836,30.1141357421875,29.244951248168945,29.262510299682617,21.637907028198242,4587095
2009-07-08,29.894643783569336,29.93854331970215,29.201053619384766,29.806848526000977,22.0404052734375,5508204
2009-07-09,29.903423309326172,29.903423309326172,29.490781784057617,29.561017990112305,21.858627319335938,4020214
2009-07-10,29.55223846435547,29.745391845703125,29.41176414489746,29.61369514465332,21.897584915161133,2852739
2009-07-13,29.48200225830078,30.04389762878418,29.25373077392578,29.947322845458984,22.14427947998047,3590470
2009-07-14,29.62247657775879,30.237049102783203,29.52589988708496,30.237049102783203,22.358510971069336,3116760
2009-07-15,30.35996437072754,31.106233596801758,30.193151473999023,30.825284957885742,22.79348373413086,4053587
2009-07-16,30.80772590637207,31.229148864746094,30.570676803588867,31.150131225585938,23.03368377685547,3252870
2009-07-17,31.2554874420166,31.264266967773438,30.71993064880371,31.000877380371094,22.923320770263672,3809955
2009-07-20,30.816505432128906,31.273046493530273,30.816505432128906,31.23792839050293,23.098609924316406,3476114
2009-07-21,31.404741287231445,31.41352081298828,31.027217864990234,31.360843658447266,23.189498901367188,4139923
2009-07-22,31.23792839050293,31.334503173828125,30.948200225830078,31.07989501953125,22.981752395629883,3759839
2009-07-23,30.60579490661621,31.808603286743164,30.60579490661621,31.606672286987305,23.371265411376953,4120902
2009-07-24,31.606672286987305,32.46707534790039,31.492536544799805,32.423179626464844,23.975034713745117,4243686
2009-07-27,32.47585678100586,32.502193450927734,32.1597900390625,32.44951629638672,23.994495391845703,3380552
2009-07-28,32.3968391418457,32.756805419921875,32.29148483276367,32.69534683227539,24.176279067993164,3313237
2009-07-29,32.48463439941406,33.2835807800293,32.37049865722656,33.20456314086914,24.552810668945312,5269925
2009-07-30,32.72168731689453,32.92361831665039,31.957857131958008,32.212467193603516,23.819223403930664,8230528
2009-07-31,32.35293960571289,33.037750244140625,32.26514434814453,32.704124450683594,24.182767868041992,5931456
2009-08-03,32.642669677734375,33.41527557373047,32.58121109008789,33.41527557373047,24.708621978759766,5648301
2009-08-04,33.12554931640625,33.54697036743164,33.00263214111328,33.30113983154297,24.624235153198242,4583792
2009-08-05,33.292362213134766,33.32748031616211,32.71290588378906,33.11676788330078,24.487892150878906,3883876
2009-08-06,33.072872161865234,33.11676788330078,32.57243347167969,32.67778778076172,24.163301467895508,4033085
2009-08-07,33.160667419433594,33.88059616088867,33.090431213378906,33.68744659423828,24.909879684448242,6056860
2009-08-10,33.43283462524414,33.68744659423828,33.15188980102539,33.41527557373047,24.708621978759766,2418894
2009-08-11,33.15188980102539,33.33626174926758,32.96751403808594,33.23090362548828,24.572294235229492,3077350
2009-08-12,33.19578552246094,33.810359954833984,32.502193450927734,33.53819274902344,24.79952049255371,4563290
2009-08-13,33.79280090332031,34.06496810913086,33.36259841918945,34.012290954589844,25.150083541870117,4455312
2009-08-14,33.924495697021484,34.012290954589844,33.3977165222168,33.784019470214844,24.981285095214844,5208419
2009-08-17,33.520633697509766,33.59086990356445,33.01141357421875,33.02897262573242,24.422977447509766,4075114
2009-08-18,33.072872161865234,33.292362213134766,32.85337829589844,33.01141357421875,24.409992218017578,5089735
2009-08-19,32.80948257446289,33.22212600708008,32.66900634765625,33.072872161865234,24.4554386138916,4345627
2009-08-20,33.00263214111328,33.37137985229492,32.80948257446289,33.35382080078125,24.66318702697754,4559873
2009-08-21,33.81914138793945,34.33713912963867,33.187007904052734,34.30201721191406,25.36431884765625,4781750
2009-08-24,34.27568054199219,34.460052490234375,34.126426696777344,34.4337158203125,25.46169662475586,3598557
2009-08-25,34.24934387207031,34.679542541503906,34.170326232910156,34.231781005859375,25.312381744384766,3675667
2009-08-26,34.6707649230957,34.6707649230957,33.76646041870117,33.90693664550781,25.07217788696289,4181269
2009-08-27,33.801578521728516,34.00351333618164,33.494293212890625,33.898155212402344,25.065689086914062,3232824
2009-08-28,33.95961380004883,34.13520431518555,33.503074645996094,33.8542594909668,25.03322410583496,2283126
2009-08-31,33.76646041870117,33.924495697021484,33.48551559448242,33.66988754272461,24.89689826965332,2979168
2009-09-01,33.66110610961914,34.056190490722656,33.00263214111328,33.16944885253906,24.526851654052734,5739421
2009-09-02,33.09920883178711,33.19578552246094,32.80948257446289,33.072872161865234,24.4554386138916,4503492
2009-09-03,32.80948257446289,33.23968505859375,32.72168731689453,33.19578552246094,24.546323776245117,2903083
2009-09-04,33.25724411010742,34.09130859375,33.046531677246094,33.863037109375,25.039714813232422,4068280
2009-09-08,33.76646041870117,34.117645263671875,33.59086990356445,34.02107238769531,25.15657615661621,3782050
2009-09-09,33.66988754272461,33.827919006347656,33.520633697509766,33.7489013671875,25.169675827026367,3686943
2009-09-10,33.67866516113281,33.8542594909668,33.35382080078125,33.634765625,25.084543228149414,3708926
2009-09-11,33.59086990356445,33.77524185180664,33.380157470703125,33.713783264160156,25.14348030090332,3213347
2009-09-14,33.52941131591797,33.76646041870117,33.467952728271484,33.70500564575195,25.136932373046875,2998076
2009-09-15,33.59086990356445,34.07374954223633,33.48551559448242,33.95083236694336,25.32027244567871,3467002
2009-09-16,34.231781005859375,34.59174728393555,33.66988754272461,34.53907012939453,25.758983612060547,4834030
2009-09-17,34.372257232666016,34.679542541503906,34.345916748046875,34.486392974853516,25.71969223022461,2786222
2009-09-18,34.76734161376953,34.76734161376953,34.28445816040039,34.582969665527344,25.791709899902344,4676620
2009-09-21,34.41615676879883,34.62686538696289,34.10886764526367,34.40737533569336,25.660757064819336,2327433
2009-09-22,34.486392974853516,35.07462692260742,34.24934387207031,34.96049118041992,26.073265075683594,3327133
2009-09-23,34.85513687133789,35.50482940673828,34.73221969604492,34.98683166503906,26.09291648864746,4309407
2009-09-24,34.978050231933594,35.004390716552734,33.863037109375,34.39859390258789,25.654212951660156,6338421
2009-09-25,34.53028869628906,34.70588302612305,34.16154479980469,34.16154479980469,25.4774227142334,3809386
2009-09-28,34.170326232910156,35.10096740722656,34.09130859375,35.01316833496094,26.112552642822266,3040561
2009-09-29,34.89903259277344,35.04828643798828,34.41615676879883,34.565406799316406,25.778610229492188,2566850
2009-09-30,34.64442443847656,34.69710159301758,34.02107238769531,34.50395202636719,25.732784271240234,3848909
2009-10-01,34.38981628417969,34.59174728393555,34.00351333618164,34.19666290283203,25.50361442565918,4485724
2009-10-02,34.143985748291016,34.547847747802734,33.84547805786133,34.056190490722656,25.398849487304688,5084382
2009-10-05,33.827919006347656,34.152767181396484,33.810359954833984,34.04740905761719,25.392297744750977,3118354
2009-10-06,33.96839141845703,34.27568054199219,33.810359954833984,34.056190490722656,25.398849487304688,4226373
2009-10-07,34.170326232910156,34.33713912963867,33.99473190307617,34.258121490478516,25.549448013305664,2126285
2009-10-08,34.63564682006836,35.07462692260742,34.53028869628906,34.87269592285156,26.00778579711914,3595367
2009-10-09,34.84635543823242,35.30289840698242,34.688323974609375,35.26778030395508,26.302438735961914,3093980
2009-10-12,35.16242218017578,35.39069366455078,34.76734161376953,35.15364456176758,26.217315673828125,2223442
2009-10-13,35.12730407714844,35.12730407714844,34.776119232177734,35.03072738647461,26.12564468383789,2448508
2009-10-14,35.06584548950195,35.89113235473633,35.06584548950195,35.82089614868164,26.714950561523438,4590626
2009-10-15,35.53116989135742,35.882354736328125,35.3292350769043,35.86479568481445,26.747684478759766,4539826
2009-10-16,35.59262466430664,35.856014251708984,35.17998123168945,35.66286087036133,26.597091674804688,4287538
2009-10-19,35.81211471557617,36.101844787597656,35.57506561279297,35.829673767089844,26.72149658203125,3816447
2009-10-20,35.70676040649414,35.768218994140625,35.10096740722656,35.28533935546875,26.315536499023438,3263691
2009-10-21,35.320457458496094,35.91747283935547,35.27655792236328,35.38191223144531,26.387561798095703,3296722
2009-10-22,35.38191223144531,36.11940383911133,35.206321716308594,35.99648666381836,26.84589958190918,3323146
2009-10-23,35.856014251708984,36.09306335449219,35.28533935546875,35.4433708190918,26.433399200439453,2853992
2009-10-26,35.34679412841797,36.198421478271484,35.24143981933594,35.4433708190918,26.433399200439453,3156055
2009-10-27,35.52238845825195,35.90869140625,35.23265838623047,35.320457458496094,26.341724395751953,3194098
2009-10-28,35.338016510009766,35.4433708190918,35.10096740722656,35.12730407714844,26.197683334350586,4340843
2009-10-29,35.28533935546875,35.513607025146484,35.10096740722656,35.338016510009766,26.35481834411621,3713710
2009-10-30,35.452152252197266,35.6716423034668,34.94293212890625,34.94293212890625,26.06017303466797,6137957
2009-11-02,35.07462692260742,35.69798278808594,34.85513687133789,35.50482940673828,26.47923469543457,4942577
2009-11-03,35.40825271606445,35.69798278808594,35.118526458740234,35.68920135498047,26.616727828979492,5288149
2009-11-04,35.99648666381836,36.23353958129883,35.46092987060547,35.82089614868164,26.714950561523438,3864855
2009-11-05,36.075504302978516,37.08516311645508,35.943809509277344,37.08516311645508,27.65782928466797,3813828
2009-11-06,36.611061096191406,37.155399322509766,36.45302963256836,37.155399322509766,27.710216522216797,3250364
2009-11-09,37.14662170410156,37.70851516723633,37.07638168334961,37.70851516723633,28.12272071838379,3690132
2009-11-10,37.41000747680664,37.96312713623047,37.383670806884766,37.86655044555664,28.24059295654297,3295697
2009-11-11,37.954345703125,38.31431198120117,37.761192321777344,38.094818115234375,28.41082763671875,3412102
2009-11-12,38.094818115234375,38.437225341796875,37.92800521850586,38.033363342285156,28.36499786376953,4326150
2009-11-13,38.0684814453125,38.235294342041016,37.919227600097656,38.20017623901367,28.48938751220703,3645597
2009-11-16,38.22651290893555,38.63037872314453,38.1826171875,38.577701568603516,28.770952224731445,4049715
2009-11-17,38.67427444458008,38.67427444458008,38.34064865112305,38.639156341552734,28.816781997680664,2923130
2009-11-18,38.48990249633789,38.639156341552734,38.235294342041016,38.463565826416016,28.685836791992188,3945610
2009-11-19,38.208953857421875,38.36698913574219,37.68217849731445,38.13871765136719,28.443567276000977,4199151
2009-11-20,37.84899139404297,38.31431198120117,37.84899139404297,38.147499084472656,28.450117111206055,2721754
2009-11-23,38.36698913574219,38.955223083496094,38.34064865112305,38.841087341308594,28.96738052368164,3476456
2009-11-24,38.726951599121094,38.90254592895508,38.446006774902344,38.62159729003906,28.803691864013672,3124391
2009-11-25,38.74451446533203,38.841087341308594,38.45478439331055,38.63037872314453,28.810239791870117,3010035
2009-11-27,37.86655044555664,38.525020599365234,37.50658416748047,38.217735290527344,28.50249671936035,2121843
2009-11-30,38.331871032714844,38.349430084228516,37.813873291015625,38.147499084472656,28.450117111206055,3589217
2009-12-01,38.446006774902344,38.753292083740234,38.331871032714844,38.48990249633789,28.70547866821289,4521944
2009-12-02,38.446006774902344,39.069358825683594,38.349430084228516,38.45478439331055,28.679285049438477,5463669
2009-12-03,38.27919387817383,38.577701568603516,37.901668548583984,37.919227600097656,28.279870986938477,4594840
2009-12-04,38.39332580566406,38.841087341308594,38.08604049682617,38.35820770263672,28.607263565063477,7717181
2009-12-07,38.446006774902344,38.69183349609375,38.22651290893555,38.525020599365234,28.731657028198242,3455157
2009-12-08,38.28797149658203,38.51624298095703,37.75241470336914,37.76997375488281,28.168561935424805,3748677
2009-12-09,37.480247497558594,37.86655044555664,37.251976013183594,37.82265090942383,28.432558059692383,3977958
2009-12-10,37.91044616699219,38.235294342041016,37.778751373291016,37.92800521850586,28.511754989624023,2510356
2009-12-11,38.05092239379883,38.1913948059082,37.73485565185547,37.787532806396484,28.40615463256836,2715490
2009-12-14,37.85776901245117,38.1913948059082,37.72607421875,37.8402099609375,28.44574737548828,2853992
2009-12-15,37.761192321777344,37.97190475463867,37.576820373535156,37.66461944580078,28.313756942749023,2520151
2009-12-16,37.84899139404297,37.954345703125,37.64706039428711,37.65583801269531,28.307165145874023,3046483
2009-12-17,37.19929885864258,37.39244842529297,36.962249755859375,37.12028121948242,27.90456199645996,4678784
2009-12-18,37.28709411621094,37.28709411621094,36.84811019897461,37.19051742553711,27.95736312866211,5167415
2009-12-21,37.295875549316406,37.673397064208984,37.23441696166992,37.55048370361328,28.22795295715332,2346568
2009-12-22,37.62950134277344,37.805091857910156,37.39244842529297,37.673397064208984,28.320356369018555,2012955
2009-12-23,37.56804275512695,37.74363327026367,37.43634796142578,37.576820373535156,28.247751235961914,1539359
2009-12-24,37.471466064453125,37.8402099609375,37.357330322265625,37.761192321777344,28.3863468170166,700029
2009-12-28,37.70851516723633,37.94556427001953,37.690956115722656,37.901668548583984,28.49195098876953,1278414
2009-12-29,37.954345703125,38.13871765136719,37.75241470336914,37.94556427001953,28.524948120117188,1565556
2009-12-30,37.91044616699219,38.007022857666016,37.690956115722656,37.98068618774414,28.551359176635742,1594144
2009-12-31,38.217735290527344,38.217735290527344,37.585601806640625,37.59437942504883,28.260963439941406,1945184
2010-01-04,38.22651290893555,38.22651290893555,37.4890251159668,37.6031608581543,28.26755142211914,3930120
2010-01-05,37.445125579833984,37.673397064208984,37.19929885864258,37.40122985839844,28.115760803222656,3252415
2010-01-06,37.576820373535156,37.65583801269531,36.91835021972656,37.31343460083008,28.049758911132812,3111406
2010-01-07,36.98858642578125,37.31343460083008,36.953468322753906,37.295875549316406,28.03656005859375,2513317
2010-01-08,37.243194580078125,37.27831268310547,36.909568786621094,37.243194580078125,27.996952056884766,2310462
2010-01-11,37.243194580078125,37.41000747680664,36.98858642578125,37.41000747680664,28.122364044189453,2446230
2010-01-12,37.19051742553711,37.43634796142578,36.86567306518555,37.14662170410156,27.92435646057129,2571293
2010-01-13,37.07638168334961,37.51536560058594,36.927127838134766,37.41878890991211,28.128952026367188,2546007
2010-01-14,37.12906265258789,37.559261322021484,37.09394073486328,37.31343460083008,28.049758911132812,2402721
2010-01-15,37.50658416748047,37.68217849731445,36.74275588989258,37.11149978637695,27.89795684814453,3384880
2010-01-19,37.023704528808594,37.690956115722656,36.87445068359375,37.673397064208984,28.320356369018555,2931786
2010-01-20,37.2607536315918,37.4890251159668,36.54960632324219,37.17295837402344,27.94415855407715,4057232
2010-01-21,37.269535064697266,37.65583801269531,36.89200973510742,37.00614547729492,27.818758010864258,4356106
2010-01-22,37.00614547729492,37.181739807128906,36.084285736083984,36.1457405090332,27.17196273803711,4463513
2010-01-25,36.46180725097656,36.4881477355957,36.04916763305664,36.23353958129883,27.237964630126953,2400670
2010-01-26,36.06672668457031,36.23353958129883,35.970149993896484,36.04916763305664,27.099363327026367,2786905
2010-01-27,35.7857780456543,36.189640045166016,35.759437561035156,36.01404571533203,27.07297134399414,4096983
2010-01-28,35.7857780456543,36.15452194213867,35.46092987060547,35.71554183959961,26.848567962646484,4972760
2010-01-29,35.70676040649414,36.15452194213867,35.68920135498047,35.81211471557617,26.921173095703125,4173866
2010-02-01,36.0228271484375,36.136962890625,35.741878509521484,36.057945251464844,27.105974197387695,3638649
2010-02-02,36.365234375,36.365234375,35.71554183959961,36.15452194213867,27.178565979003906,4142999
2010-02-03,35.873573303222656,36.01404571533203,35.5662841796875,35.82089614868164,26.927762985229492,3141704
2010-02-04,35.61018371582031,35.8999137878418,35.452152252197266,35.452152252197266,26.650577545166016,4410778
2010-02-05,35.399471282958984,35.5575065612793,34.87269592285156,35.36435317993164,26.584569931030273,4745530
2010-02-08,35.338016510009766,35.61896514892578,35.136085510253906,35.46971130371094,26.663766860961914,3460738
2010-02-09,35.856014251708984,36.075504302978516,35.513607025146484,35.73310089111328,26.861783981323242,3358000
2010-02-10,35.627742767333984,35.82089614868164,35.38191223144531,35.71554183959961,26.848567962646484,2091774
2010-02-11,35.61018371582031,36.09306335449219,35.29411697387695,35.90869140625,26.9937686920166,2630407
2010-02-12,35.37313461303711,35.75065612792969,35.37313461303711,35.63652420043945,26.78916358947754,3429871
2010-02-16,35.8999137878418,36.303775787353516,35.69798278808594,36.2598762512207,27.257753372192383,2762075
2010-02-17,36.303775787353516,36.43547058105469,36.215980529785156,36.400352478027344,27.363357543945312,2425842
2010-02-18,36.62862014770508,36.65496063232422,36.09306335449219,36.163299560546875,27.18515968322754,4233891
2010-02-19,36.22475814819336,36.65496063232422,35.97892761230469,36.4881477355957,27.42937660217285,4293802
2010-02-22,36.496925354003906,36.812992095947266,36.38279342651367,36.52326583862305,27.45576286315918,3410963
2010-02-23,36.52326583862305,36.66373825073242,36.01404571533203,36.172080993652344,27.191768646240234,3778519
2010-02-24,36.172080993652344,37.08516311645508,36.1457405090332,37.08516311645508,27.878164291381836,4643134
2010-02-25,36.7164192199707,36.78665542602539,36.00526809692383,36.619842529296875,27.528369903564453,4149605
2010-02-26,36.707637786865234,36.812992095947266,36.286216735839844,36.532047271728516,27.462364196777344,3740248
2010-03-01,36.593502044677734,36.87445068359375,36.505706787109375,36.84811019897461,27.699953079223633,3315971
2010-03-02,36.79543685913086,36.962249755859375,36.681297302246094,36.74275588989258,27.62076759338379,3260274
2010-03-03,36.87445068359375,37.12906265258789,36.78665542602539,36.79543685913086,27.660362243652344,3735692
2010-03-04,36.89200973510742,37.041263580322266,36.479366302490234,36.619842529296875,27.528369903564453,5117413
2010-03-05,36.87445068359375,37.97190475463867,36.77787399291992,37.91044616699219,28.498554229736328,5564812
2010-03-08,37.901668548583984,37.96312713623047,37.62950134277344,37.88410949707031,28.478755950927734,3948799
2010-03-09,37.88410949707031,38.70061492919922,37.8402099609375,38.34064865112305,28.821949005126953,5927926
2010-03-10,38.08604049682617,38.56013870239258,37.96312713623047,38.525020599365234,29.18779754638672,5221404
2010-03-11,38.47234344482422,38.59526062011719,38.244075775146484,38.56892013549805,29.221065521240234,4325466
2010-03-12,38.49868392944336,38.577701568603516,38.331871032714844,38.463565826416016,29.141233444213867,3051267
2010-03-15,38.78841018676758,38.93766403198242,38.51624298095703,38.841087341308594,29.427265167236328,3343990
2010-03-16,39.02545928955078,39.02545928955078,38.58647918701172,38.84986877441406,29.433917999267578,2639860
2010-03-17,38.858646392822266,39.429325103759766,38.84986877441406,39.23617172241211,29.726593017578125,3099219
2010-03-18,39.13959503173828,39.394203186035156,39.060577392578125,39.26251220703125,29.746538162231445,1961130
2010-03-19,39.5346794128418,39.70149230957031,38.71817398071289,39.15715408325195,29.666717529296875,4858291
2010-03-22,39.10447692871094,39.411766052246094,38.753292083740234,39.35908889770508,29.819713592529297,4801796
2010-03-23,39.49956130981445,39.50834274291992,39.13081741333008,39.429325103759766,29.872926712036133,3250364
2010-03-24,39.23617172241211,39.411766052246094,38.884986877441406,38.92888641357422,29.493770599365234,4508390
2010-03-25,39.03424072265625,39.03424072265625,38.577701568603516,38.61281967163086,29.25431251525879,4693363
2010-03-26,38.6479377746582,39.01668167114258,38.6479377746582,38.841087341308594,29.427265167236328,2178793
2010-03-29,38.94644546508789,39.20983123779297,38.78841018676758,39.10447692871094,29.62681770324707,3528280
2010-03-30,38.972782135009766,39.24495315551758,38.867427825927734,39.14837646484375,29.660062789916992,2358300
2010-03-31,39.069358825683594,39.174713134765625,38.867427825927734,39.04301834106445,29.58025360107422,3141248
2010-04-01,39.20983123779297,39.20983123779297,38.542579650878906,38.78841018676758,29.387351989746094,3068352
2010-04-05,38.96400451660156,39.23617172241211,38.73573303222656,38.972782135009766,29.52704429626465,3700383
2010-04-06,38.94644546508789,39.00790023803711,38.71817398071289,38.884986877441406,29.460519790649414,4426040
2010-04-07,38.84986877441406,38.89376449584961,38.437225341796875,38.56892013549805,29.221065521240234,3085095
2010-04-08,38.59526062011719,38.6479377746582,38.31431198120117,38.525020599365234,29.18779754638672,2925522
2010-04-09,38.639156341552734,38.858646392822266,38.39332580566406,38.858646392822266,29.440561294555664,2444408
2010-04-12,38.89376449584961,38.89376449584961,38.656715393066406,38.81475067138672,29.407312393188477,2219114
2010-04-13,38.78841018676758,38.884986877441406,38.51624298095703,38.58647918701172,29.23435401916504,3100358
2010-04-14,38.50746154785156,38.79719161987305,38.40210723876953,38.78841018676758,29.387351989746094,3641839
2010-04-15,38.84986877441406,39.27128982543945,38.71817398071289,39.22739028930664,29.719934463500977,2900464
2010-04-16,39.060577392578125,39.402984619140625,38.81475067138672,38.884986877441406,29.460519790649414,5138712
2010-04-19,38.89376449584961,39.288848876953125,38.89376449584961,39.26251220703125,29.746538162231445,2975296
2010-04-20,39.411766052246094,39.543460845947266,39.288848876953125,39.5346794128418,29.95274543762207,2873355
2010-04-21,39.48200225830078,39.56979751586914,39.288848876953125,39.56101989746094,29.972700119018555,2786222
2010-04-22,39.376644134521484,39.604915618896484,39.095699310302734,39.56979751586914,29.979358673095703,2598629
2010-04-23,39.61369705200195,39.964881896972656,39.3064079284668,39.92976379394531,30.2520694732666,3341826
2010-04-26,39.90342330932617,40.15803146362305,39.72783279418945,39.79806900024414,30.152297973632812,2764353
2010-04-27,39.49956130981445,39.736610412597656,38.87620544433594,38.999122619628906,29.54698944091797,5438953
2010-04-28,39.13081741333008,39.13959503173828,38.59526062011719,38.753292083740234,29.36075210571289,5075270
2010-04-29,38.80596923828125,39.1922721862793,38.45478439331055,38.972782135009766,29.52704429626465,5104998
2010-04-30,39.14837646484375,39.14837646484375,38.04214096069336,38.07726287841797,28.848567962646484,4806694
2010-05-03,38.39332580566406,38.4196662902832,37.98068618774414,38.34064865112305,29.048112869262695,3576688
2010-05-04,38.235294342041016,38.235294342041016,37.137840270996094,37.62950134277344,28.509321212768555,4911140
2010-05-05,37.62950134277344,38.208953857421875,37.243194580078125,37.45390701293945,28.37628936767578,4094363
2010-05-06,37.21685791015625,37.805091857910156,23.23090362548828,36.35645294189453,27.544824600219727,7539952
2010-05-07,36.04038619995117,36.99736785888672,35.83845520019531,36.4881477355957,27.64459228515625,8539083
2010-05-10,36.86567306518555,37.82265090942383,36.86567306518555,37.295875549316406,28.256559371948242,5912207
2010-05-11,37.19929885864258,37.70851516723633,37.10272216796875,37.31343460083008,28.269861221313477,4056549
2010-05-12,37.33977127075195,37.787532806396484,37.243194580078125,37.76997375488281,28.615753173828125,3576004
2010-05-13,37.6119384765625,37.65583801269531,37.22563552856445,37.269535064697266,28.236604690551758,4465450
2010-05-14,37.09394073486328,37.12028121948242,36.479366302490234,36.69886016845703,27.80423927307129,4500759
2010-05-17,36.821773529052734,37.155399322509766,36.43547058105469,36.97980880737305,28.01709747314453,4996451
2010-05-18,36.97980880737305,37.295875549316406,36.505706787109375,36.63740158081055,27.757680892944336,3886154
2010-05-19,36.42668914794922,36.89200973510742,36.38279342651367,36.51448440551758,27.664560317993164,5140421
2010-05-20,36.03160858154297,36.198421478271484,35.338016510009766,35.399471282958984,26.819780349731445,6262222
2010-05-21,34.7849006652832,35.71554183959961,34.69710159301758,35.66286087036133,27.019336700439453,5221176
2010-05-24,35.50482940673828,35.759437561035156,35.136085510253906,35.36435317993164,26.79317283630371,3507664
2010-05-25,34.907814025878906,35.24143981933594,34.47761154174805,35.24143981933594,26.700057983398438,5252043
2010-05-26,35.311676025390625,35.768218994140625,34.916595458984375,35.03950881958008,26.547061920166016,4553039
2010-05-27,35.81211471557617,36.136962890625,35.539947509765625,36.136962890625,27.378524780273438,3650723
2010-05-28,36.057945251464844,36.2510986328125,35.63652420043945,35.89113235473633,27.192289352416992,3804146
2010-06-01,35.77699661254883,36.23353958129883,35.434593200683594,35.54872512817383,26.93286895751953,3194098
2010-06-02,35.539947509765625,36.42668914794922,35.23265838623047,36.40913009643555,27.584735870361328,3961214
2010-06-03,36.479366302490234,36.91835021972656,36.286216735839844,36.839332580566406,27.910659790039062,4182522
2010-06-04,36.277435302734375,36.277435302734375,35.399471282958984,35.52238845825195,26.912904739379883,4636527
2010-06-07,35.49604797363281,35.61018371582031,35.083404541015625,35.12730407714844,26.61358642578125,4598143
2010-06-08,35.083404541015625,36.084285736083984,35.03072738647461,36.06672668457031,27.325319290161133,6818965
2010-06-09,35.7945556640625,36.35645294189453,35.57506561279297,35.873573303222656,27.405813217163086,6334435
2010-06-10,36.2510986328125,37.050045013427734,35.80333709716797,36.89200973510742,28.183835983276367,5515835
2010-06-11,36.417911529541016,36.76909637451172,36.303775787353516,36.725196838378906,28.0564022064209,4216009
2010-06-14,36.63740158081055,37.22563552856445,36.63740158081055,36.77787399291992,28.096643447875977,3253212
2010-06-15,37.12028121948242,37.45390701293945,36.80421447753906,37.42756652832031,28.59298324584961,3701978
2010-06-16,37.30465316772461,37.41878890991211,37.03248596191406,37.23441696166992,28.44542121887207,3572701
2010-06-17,37.181739807128906,37.383670806884766,36.90079116821289,37.23441696166992,28.44542121887207,4158717
2010-06-18,37.30465316772461,37.42756652832031,36.91835021972656,37.12028121948242,28.358232498168945,4119535
2010-06-21,37.366111755371094,37.53292465209961,36.479366302490234,36.611061096191406,27.969209671020508,5659463
2010-06-22,36.65496063232422,37.014923095703125,36.09306335449219,36.11940383911133,27.59360694885254,4483332
2010-06-23,36.04916763305664,36.33011245727539,35.856014251708984,36.04916763305664,27.539955139160156,4271250
2010-06-24,35.75065612792969,35.99648666381836,35.417030334472656,35.627742767333984,27.218000411987305,5695683
2010-06-25,35.66286087036133,36.06672668457031,35.47848892211914,35.873573303222656,27.405813217163086,6594810
2010-06-28,36.084285736083984,36.136962890625,35.829673767089844,35.92625045776367,27.446048736572266,4604863
2010-06-29,35.54872512817383,35.882354736328125,35.23265838623047,35.46092987060547,27.090557098388672,9470899
2010-06-30,35.320457458496094,35.72431945800781,35.206321716308594,35.34679412841797,27.003358840942383,5441686
2010-07-01,35.23265838623047,35.338016510009766,34.60930633544922,34.863914489746094,26.63446617126465,8230984
2010-07-02,35.092185974121094,35.452152252197266,34.38103485107422,34.61808776855469,26.44666862487793,4416928
2010-07-06,34.84635543823242,34.96927261352539,34.31079864501953,34.600528717041016,26.43325424194336,4684479
2010-07-07,34.600528717041016,35.37313461303711,34.51272964477539,35.30289840698242,26.969837188720703,4937451
2010-07-08,35.53116989135742,35.53116989135742,35.118526458740234,35.4433708190918,27.0771427154541,4870136
2010-07-09,35.47848892211914,35.7857780456543,35.37313461303711,35.75065612792969,27.31190299987793,2945910
2010-07-12,35.86479568481445,36.189640045166016,35.48727035522461,35.97892761230469,27.486286163330078,2621181
2010-07-13,36.172080993652344,36.57594299316406,36.15452194213867,36.42668914794922,27.82836151123047,3554705
2010-07-14,36.40913009643555,36.725196838378906,36.33889389038086,36.611061096191406,27.969209671020508,3208221
2010-07-15,36.44424819946289,36.78665542602539,36.172080993652344,36.62862014770508,27.982624053955078,3025412
2010-07-16,36.58472442626953,36.58472442626953,35.60140609741211,35.6716423034668,27.251541137695312,4492672
2010-07-19,35.71554183959961,36.11062240600586,35.69798278808594,36.01404571533203,27.51312255859375,2764011
2010-07-20,35.645301818847656,36.400352478027344,35.338016510009766,36.3740119934082,27.788110733032227,3443311
2010-07-21,36.47058868408203,36.47058868408203,35.136085510253906,35.338016510009766,26.996660232543945,6490022
2010-07-22,35.63652420043945,36.54082489013672,35.63652420043945,36.400352478027344,27.8082332611084,3972376
2010-07-23,36.215980529785156,36.86567306518555,36.172080993652344,36.77787399291992,28.096643447875977,4464083
2010-07-26,36.74275588989258,36.91835021972656,36.63740158081055,36.91835021972656,28.203962326049805,3340687
2010-07-27,36.94468688964844,37.12906265258789,36.74275588989258,36.909568786621094,28.197254180908203,3573385
2010-07-28,36.91835021972656,37.27831268310547,36.87445068359375,36.962249755859375,28.237504959106445,3305378
2010-07-29,36.505706787109375,36.90079116821289,36.01404571533203,36.277435302734375,27.714332580566406,4843825
2010-07-30,35.95259094238281,36.417911529541016,35.93503189086914,36.23353958129883,27.68079948425293,3338523
2010-08-02,36.47058868408203,36.87445068359375,36.31255340576172,36.83055114746094,28.13689613342285,2965387
2010-08-03,36.76909637451172,36.962249755859375,36.38279342651367,36.88323211669922,28.17713737487793,3783986
2010-08-04,36.821773529052734,37.05882263183594,36.54960632324219,36.99736785888672,28.26433753967285,3557553
2010-08-05,36.76909637451172,36.91835021972656,36.56716537475586,36.812992095947266,28.12347984313965,2669019
2010-08-06,36.479366302490234,36.58472442626953,35.90869140625,36.496925354003906,27.882009506225586,4069191
2010-08-09,36.62862014770508,36.79543685913086,36.496925354003906,36.67251968383789,28.016162872314453,1926163
2010-08-10,36.303775787353516,36.496925354003906,35.987709045410156,36.31255340576172,27.74116325378418,3243189
2010-08-11,35.90869140625,35.97892761230469,35.37313461303711,35.46971130371094,27.097267150878906,3451626
2010-08-12,35.206321716308594,35.39069366455078,34.94293212890625,35.118526458740234,26.8289852142334,2776426
2010-08-13,35.06584548950195,35.23265838623047,34.87269592285156,34.93415451049805,26.688133239746094,2496005
2010-08-16,34.75856018066406,35.26778030395508,34.565406799316406,35.17998123168945,26.875926971435547,2693621
2010-08-17,35.35557556152344,35.873573303222656,35.24143981933594,35.425811767578125,27.063735961914062,3633068
2010-08-18,35.320457458496094,35.417030334472656,34.96927261352539,35.311676025390625,26.976539611816406,3525661
2010-08-19,35.23265838623047,35.24143981933594,34.4337158203125,34.63564682006836,26.460081100463867,3656190
2010-08-20,34.51272964477539,34.73221969604492,34.3283576965332,34.59174728393555,26.426549911499023,3127694
2010-08-23,34.65320587158203,34.890254974365234,34.26689910888672,34.28445816040039,26.191797256469727,2643277
2010-08-24,34.152767181396484,34.40737533569336,33.836700439453125,34.07374954223633,26.03081512451172,3297177
2010-08-25,33.863037109375,34.33713912963867,33.722564697265625,34.17910385131836,26.11130142211914,2857751
2010-08-26,34.24934387207031,34.39859390258789,33.924495697021484,34.02107238769531,25.990571975708008,2947846
2010-08-27,34.31079864501953,34.600528717041016,33.8542594909668,34.5566291809082,26.39972686767578,3227129
2010-08-30,34.46883010864258,34.565406799316406,34.09130859375,34.09130859375,26.044235229492188,3135439
2010-08-31,34.10886764526367,34.354698181152344,33.801578521728516,33.898155212402344,25.896678924560547,4003699
2010-09-01,34.07374954223633,34.881473541259766,34.06496810913086,34.565406799316406,26.406417846679688,3810297
2010-09-02,34.62686538696289,34.95171356201172,34.4337158203125,34.84635543823242,26.621055603027344,2925180
2010-09-03,35.24143981933594,35.52238845825195,34.98683166503906,35.18876266479492,26.88264274597168,3781252
2010-09-07,35.083404541015625,35.12730407714844,34.81123733520508,34.83757781982422,26.614341735839844,2478236
2010-09-08,34.63564682006836,35.004390716552734,34.47761154174805,34.82001876831055,26.830839157104492,2599654
2010-09-09,35.223880767822266,35.29411697387695,34.94293212890625,35.04828643798828,27.006731033325195,2500561
2010-09-10,35.07462692260742,35.338016510009766,34.96927261352539,35.206321716308594,27.128503799438477,1795861
2010-09-13,35.5575065612793,35.654083251953125,35.34679412841797,35.47848892211914,27.338232040405273,2515482
2010-09-14,35.40825271606445,35.768218994140625,35.38191223144531,35.60140609741211,27.432941436767578,2123324
2010-09-15,35.72431945800781,36.215980529785156,35.5575065612793,36.172080993652344,27.872684478759766,3434199
2010-09-16,35.99648666381836,36.198421478271484,35.987709045410156,36.11062240600586,27.8253231048584,2229593
2010-09-17,36.32133483886719,36.42668914794922,36.136962890625,36.286216735839844,27.960630416870117,5632013
2010-09-20,36.43547058105469,36.98858642578125,36.31255340576172,36.90079116821289,28.434188842773438,3174165
2010-09-21,36.91835021972656,36.94468688964844,36.31255340576172,36.66373825073242,28.25153160095215,2839071
2010-09-22,36.707637786865234,37.164180755615234,36.65496063232422,36.79543685913086,28.35301399230957,2884518
2010-09-23,36.619842529296875,36.821773529052734,36.43547058105469,36.54082489013672,28.15682029724121,2203509
2010-09-24,36.496925354003906,37.43634796142578,36.496925354003906,37.43634796142578,28.846866607666016,2774148
2010-09-27,37.33099365234375,37.3748893737793,36.927127838134766,36.962249755859375,28.481550216674805,2830757
2010-09-28,37.19051742553711,37.50658416748047,36.479366302490234,37.295875549316406,28.738636016845703,3630449
2010-09-29,37.23441696166992,37.2607536315918,36.87445068359375,36.97980880737305,28.495080947875977,3269613
2010-09-30,37.22563552856445,37.43634796142578,36.6022834777832,36.90079116821289,28.434188842773438,5203863
2010-10-01,37.05882263183594,37.31343460083008,36.681297302246094,36.7164192199707,28.292125701904297,4019987
2010-10-04,36.77787399291992,37.023704528808594,36.44424819946289,36.65496063232422,28.24477195739746,3806766
2010-10-05,36.962249755859375,37.17295837402344,36.87445068359375,37.014923095703125,28.522136688232422,4896903
2010-10-06,37.023704528808594,37.14662170410156,36.83055114746094,36.97102737426758,28.488317489624023,2881328
2010-10-07,37.243194580078125,37.31343460083008,36.99736785888672,37.03248596191406,28.535669326782227,2730411
2010-10-08,37.041263580322266,37.12906265258789,36.681297302246094,36.962249755859375,28.481550216674805,2456367
2010-10-11,36.94468688964844,37.07638168334961,36.681297302246094,36.909568786621094,28.440954208374023,1417258
2010-10-12,36.84811019897461,36.927127838134766,36.43547058105469,36.87445068359375,28.413904190063477,2246336
2010-10-13,37.12906265258789,37.480247497558594,36.909568786621094,37.27831268310547,28.72509002685547,2046555
2010-10-14,37.269535064697266,37.46268844604492,37.050045013427734,37.28709411621094,28.73186492919922,2093710
2010-10-15,37.51536560058594,37.74363327026367,37.20807647705078,37.699737548828125,29.049823760986328,3481695
2010-10-18,37.52414321899414,37.75241470336914,37.39244842529297,37.7172966003418,29.063365936279297,2740434
2010-10-19,37.51536560058594,37.673397064208984,37.05882263183594,37.40122985839844,28.819808959960938,2988167
2010-10-20,37.51536560058594,38.094818115234375,37.40122985839844,38.007022857666016,29.286602020263672,3456409
2010-10-21,38.17383575439453,38.323089599609375,37.94556427001953,38.25285339355469,29.47603988647461,3022564
2010-10-22,38.36698913574219,38.525020599365234,38.13871765136719,38.45478439331055,29.63163948059082,2329483
2010-10-25,38.58647918701172,38.73573303222656,38.463565826416016,38.62159729003906,29.760173797607422,2818228
2010-10-26,38.446006774902344,38.84986877441406,38.147499084472656,38.79719161987305,29.89548110961914,4152338
2010-10-27,39.00790023803711,39.28007125854492,38.51624298095703,39.22739028930664,30.226974487304688,4087415
2010-10-28,39.288848876953125,39.297630310058594,38.753292083740234,38.955223083496094,30.01725196838379,3118468
2010-10-29,38.867427825927734,39.22739028930664,38.73573303222656,39.060577392578125,30.09843635559082,2911967
2010-11-01,39.113258361816406,39.50834274291992,38.981563568115234,39.26251220703125,30.25403594970703,2668221
2010-11-02,39.50834274291992,39.622474670410156,39.23617172241211,39.35030746459961,30.321693420410156,3414153
2010-11-03,39.32396697998047,39.736610412597656,39.201053619384766,39.631256103515625,30.538179397583008,4404057
2010-11-04,39.90342330932617,40.175594329833984,39.824405670166016,40.175594329833984,30.957612991333008,3253781
2010-11-05,40.09657669067383,40.263389587402344,39.97365951538086,40.24583053588867,31.01173973083496,3452765
2010-11-08,39.99121856689453,40.21071243286133,39.64003372192383,39.920982360839844,30.76142692565918,2427892
2010-11-09,39.938541412353516,40.079017639160156,39.64003372192383,39.78050994873047,30.653179168701172,2412858
2010-11-10,40.08779525756836,40.13169479370117,39.6575927734375,40.13169479370117,30.923791885375977,2985661
2010-11-11,39.938541412353516,40.2370491027832,39.631256103515625,40.2370491027832,31.004968643188477,2846703
2010-11-12,40.10535430908203,40.1229133605957,39.67515563964844,39.8770866394043,30.727615356445312,3220864
2010-11-15,40.052677154541016,40.38630294799805,39.84196853637695,39.86830520629883,30.72083854675293,3704825
2010-11-16,39.517120361328125,39.604915618896484,38.92010498046875,39.183494567871094,30.193151473999023,3656418
2010-11-17,39.069358825683594,39.183494567871094,38.90254592895508,39.04301834106445,30.084896087646484,2860371
2010-11-18,39.35908889770508,39.89464569091797,39.14837646484375,39.745391845703125,30.626121520996094,2821873
2010-11-19,39.72783279418945,39.8770866394043,39.50834274291992,39.850746154785156,30.707300186157227,2613436
2010-11-22,39.6488151550293,40.061458587646484,39.47322082519531,40.01755905151367,30.835844039916992,2299185
2010-11-23,39.68393325805664,39.68393325805664,39.13081741333008,39.50834274291992,30.443462371826172,2880417
2010-11-24,39.6575927734375,40.3424072265625,39.6575927734375,40.15803146362305,30.94408416748047,2607057
2010-11-26,39.89464569091797,40.01755905151367,39.58735656738281,39.92976379394531,30.7681884765625,925551
2010-11-29,39.604915618896484,39.69271469116211,38.99034118652344,39.56101989746094,30.48404884338379,3282826
2010-11-30,39.26251220703125,39.49956130981445,39.01668167114258,39.13081741333008,30.15256118774414,6109596
2010-12-01,39.61369705200195,40.55311584472656,39.61369705200195,40.482879638671875,31.19439697265625,5911296
2010-12-02,40.54433822631836,41.20280838012695,40.43898010253906,40.99209976196289,31.586782455444336,5643176
2010-12-03,40.86040496826172,41.044776916503906,40.73748779296875,41.027217864990234,31.61383819580078,2131639
2010-12-06,40.86918258666992,41.03599548339844,40.73748779296875,40.904300689697266,31.519132614135742,2236996
2010-12-07,41.25548553466797,41.41352081298828,40.825286865234375,40.83406448364258,31.465011596679688,4054271
2010-12-08,40.64091110229492,40.83406448364258,40.5794563293457,40.79016876220703,31.676374435424805,3708356
2010-12-09,40.87796401977539,41.03599548339844,40.658470153808594,40.85162353515625,31.724082946777344,2389394
2010-12-10,40.95698165893555,41.044776916503906,40.702369689941406,40.85162353515625,31.724082946777344,2673575
2010-12-13,40.8077278137207,40.92185974121094,40.54433822631836,40.798946380615234,31.683202743530273,4879476
2010-12-14,40.87796401977539,41.220367431640625,40.816505432128906,41.115013122558594,31.928627014160156,3703231
2010-12-15,41.10623550415039,41.2379264831543,40.87796401977539,40.913082122802734,31.77181625366211,3373832
2010-12-16,40.92185974121094,41.30816650390625,40.798946380615234,41.132572174072266,31.9422664642334,3991739
2010-12-17,41.273048400878906,41.273048400878906,40.87796401977539,41.141353607177734,31.949087142944336,4829132
2010-12-20,41.21158981323242,41.25548553466797,40.913082122802734,41.06233596801758,31.88772964477539,3001948
2010-12-21,41.15013122558594,41.26426696777344,40.98331832885742,41.132572174072266,31.9422664642334,3464382
2010-12-22,41.15013122558594,41.273048400878906,41.07989501953125,41.18524932861328,31.98318099975586,2093368
2010-12-23,41.2379264831543,41.25548553466797,40.67603302001953,40.84284591674805,31.717281341552734,1639818
2010-12-27,40.798946380615234,40.96575927734375,40.474098205566406,40.886741638183594,31.751365661621094,1504619
2010-12-28,41.06233596801758,41.10623550415039,40.67603302001953,40.85162353515625,31.724082946777344,1766475
2010-12-29,40.96575927734375,41.000877380371094,40.78138732910156,40.798946380615234,31.683202743530273,2167403
2010-12-30,40.63213348388672,40.913082122802734,40.51799774169922,40.76382827758789,31.655908584594727,1877983
2010-12-31,40.684810638427734,40.75504684448242,40.395084381103516,40.63213348388672,31.553646087646484,1680595
2011-01-03,41.044776916503906,41.650569915771484,41.027217864990234,41.30816650390625,32.07862854003906,3674642
2011-01-04,41.229148864746094,41.38718032836914,41.07111358642578,41.158912658691406,31.96272087097168,3259818
2011-01-05,41.15013122558594,41.8173828125,41.09745407104492,41.8173828125,32.47408676147461,4345627
2011-01-06,41.738365173339844,42.15100860595703,41.65935134887695,42.14223098754883,32.726341247558594,3760522
2011-01-07,41.92273712158203,42.31782150268555,41.8086051940918,42.238807678222656,32.80134201049805,3759611
2011-01-10,41.8173828125,42.3880615234375,41.6944694519043,42.25636672973633,32.81496810913086,3442400
2011-01-11,42.309043884277344,42.730464935302734,42.17734909057617,42.44951629638672,32.96497344970703,3201615
2011-01-12,42.72168731689453,43.02897262573242,42.440738677978516,43.00263214111328,33.39450454711914,2614688
2011-01-13,42.862159729003906,42.976295471191406,42.300262451171875,42.58999252319336,33.074066162109375,2438485
2011-01-14,42.60755157470703,42.96751403808594,42.5109748840332,42.80070114135742,33.23768997192383,1996325
2011-01-18,42.554874420166016,43.13432693481445,42.54609298706055,42.985076904296875,33.3808708190918,2887251
2011-01-19,42.99385452270508,42.99385452270508,42.66900634765625,42.76558303833008,33.210418701171875,2186311
2011-01-20,42.79192352294922,43.22212600708008,42.71290588378906,43.09920883178711,33.46950149536133,3014819
2011-01-21,43.19578552246094,43.23968505859375,42.844600677490234,43.05531311035156,33.4354133605957,2481312
2011-01-24,43.037750244140625,43.66110610961914,43.037750244140625,43.47673416137695,33.762672424316406,4189014
2011-01-25,43.24846267700195,43.634765625,43.05531311035156,43.6259880065918,33.87858963012695,2499194
2011-01-26,43.582088470458984,43.634765625,42.519752502441406,42.554874420166016,33.04679489135742,5101695
2011-01-27,41.88762283325195,42.818260192871094,41.852500915527344,42.72168731689453,33.176326751708984,3825901
2011-01-28,42.835819244384766,43.12554931640625,41.9315185546875,42.045654296875,32.651344299316406,3262666
2011-01-31,42.221248626708984,42.26514434814453,41.72958755493164,42.05443572998047,32.65815353393555,3015161
2011-02-01,42.20368576049805,43.046531677246094,42.20368576049805,42.94117736816406,33.346771240234375,2395089
2011-02-02,42.72168731689453,43.08164978027344,42.54609298706055,42.94117736816406,33.346771240234375,2525277
2011-02-03,42.730464935302734,43.10799026489258,42.46707534790039,43.090431213378906,33.462669372558594,1938122
2011-02-04,43.08164978027344,43.37137985229492,42.77436447143555,43.318702697753906,33.63996124267578,2252031
2011-02-07,43.30992126464844,43.520633697509766,43.090431213378906,43.45039367675781,33.742218017578125,2682231
2011-02-08,43.3977165222168,43.520633697509766,43.10799026489258,43.47673416137695,33.762672424316406,1877072
2011-02-09,43.23968505859375,43.33626174926758,43.01141357421875,43.178226470947266,33.53086853027344,1813971
2011-02-10,43.19578552246094,43.53819274902344,42.704124450683594,43.52941131591797,33.8035774230957,2487690
2011-02-11,43.34503936767578,43.67866516113281,43.13432693481445,43.66110610961914,33.90584182739258,2093938
2011-02-14,43.57331085205078,43.76646041870117,43.32748031616211,43.68744659423828,33.92630386352539,2052136
2011-02-15,43.494293212890625,43.61720657348633,43.2835807800293,43.503074645996094,33.78313446044922,1790052
2011-02-16,43.61720657348633,43.66988754272461,43.160667419433594,43.45917510986328,33.74904251098633,2223328
2011-02-17,43.388938903808594,43.81914138793945,43.21334457397461,43.75768280029297,33.98085021972656,1587994
2011-02-18,43.713783264160156,43.8542594909668,43.47673416137695,43.84547805786133,34.04902267456055,3159358
2011-02-22,43.25724411010742,43.67866516113281,42.96751403808594,43.11676788330078,33.483123779296875,2692027
2011-02-23,43.08164978027344,43.19578552246094,42.71290588378906,42.88850021362305,33.305870056152344,2887251
2011-02-24,43.02897262573242,43.23090362548828,42.57243347167969,43.01141357421875,33.401329040527344,2305222
2011-02-25,43.178226470947266,43.66988754272461,43.01141357421875,43.55575180053711,33.824039459228516,1902813
2011-02-28,43.66110610961914,43.924495697021484,43.43283462524414,43.898155212402344,34.089935302734375,2990331
2011-03-01,43.915714263916016,43.98595428466797,43.19578552246094,43.36259841918945,33.674041748046875,3416089
2011-03-02,43.24846267700195,43.898155212402344,43.15188980102539,43.7489013671875,33.97403335571289,2903881
2011-03-03,44.012290954589844,44.51272964477539,43.942054748535156,44.36347579956055,34.4512939453125,3121543
2011-03-04,44.231781005859375,44.38103485107422,43.88937759399414,44.18788528442383,34.31493377685547,2600451
2011-03-07,44.319580078125,44.49517059326172,43.70500564575195,43.95961380004883,34.137657165527344,3811891
2011-03-08,44.07374954223633,44.776119232177734,43.79280090332031,44.6707649230957,34.68991470336914,3576232
2011-03-09,44.24934387207031,44.7849006652832,43.95961380004883,44.69710159301758,34.95771026611328,3527141
2011-03-10,44.2142219543457,44.5566291809082,43.95961380004883,44.240562438964844,34.600650787353516,3588192
2011-03-11,44.029850006103516,44.486392974853516,43.784019470214844,44.258121490478516,34.61439895629883,2457393
2011-03-14,44.038631439208984,44.117645263671875,43.73134231567383,43.98595428466797,34.40153121948242,2751255
2011-03-15,43.072872161865234,43.88937759399414,43.02019119262695,43.30992126464844,33.87281036376953,2975524
2011-03-16,42.932395935058594,43.19578552246094,42.25636672973633,42.45829772949219,33.20674514770508,4288221
2011-03-17,43.13432693481445,43.13432693481445,42.65144729614258,42.818260192871094,33.488277435302734,2724260
2011-03-18,43.25724411010742,43.52941131591797,43.12554931640625,43.292362213134766,33.85906982421875,4708740
2011-03-21,43.48551559448242,44.170326232910156,43.47673416137695,43.810359954833984,34.264198303222656,3150930
2011-03-22,43.7401237487793,44.126426696777344,43.634765625,43.95083236694336,34.374053955078125,2669360
2011-03-23,44.012290954589844,44.056190490722656,43.3977165222168,43.98595428466797,34.40153121948242,2460468
2011-03-24,44.10886764526367,44.31079864501953,43.55575180053711,44.2142219543457,34.58005905151367,2212052
2011-03-25,44.33713912963867,44.688323974609375,44.2054443359375,44.22300338745117,34.5869255065918,1909306
2011-03-28,44.2054443359375,44.52151107788086,44.08252716064453,44.2054443359375,34.57318878173828,1897460
2011-03-29,44.126426696777344,44.547847747802734,43.898155212402344,44.460052490234375,34.77231979370117,1744948
2011-03-30,44.52151107788086,44.95171356201172,44.36347579956055,44.907814025878906,35.122520446777344,2825517
2011-03-31,44.89903259277344,45.2150993347168,44.85513687133789,45.04828643798828,35.23237991333008,2833035
2011-04-01,45.10096740722656,45.60140609741211,45.092185974121094,45.37313461303711,35.48646926879883,2650225
2011-04-04,45.5575065612793,45.66286087036133,45.28533935546875,45.66286087036133,35.71303176879883,2230276
2011-04-05,45.5662841796875,45.829673767089844,45.434593200683594,45.46971130371094,35.56196594238281,1796203
2011-04-06,45.768218994140625,46.505706787109375,45.52238845825195,46.33011245727539,36.23490524291992,3441489
2011-04-07,46.215980529785156,46.52326583862305,45.99648666381836,46.47058868408203,36.34476852416992,2741345
2011-04-08,46.532047271728516,46.532047271728516,45.81211471557617,46.04916763305664,36.015174865722656,1880147
2011-04-11,46.26865768432617,46.38279342651367,45.97892761230469,46.0228271484375,35.994571685791016,2200206
2011-04-12,45.873573303222656,45.943809509277344,45.539947509765625,45.68920135498047,35.73363494873047,1907825
2011-04-13,45.6716423034668,45.847232818603516,45.25899887084961,45.70676040649414,35.74736785888672,2902742
2011-04-14,45.53116989135742,45.8999137878418,45.109745025634766,45.68920135498047,35.73363494873047,2203168
2011-04-15,45.69798278808594,45.961368560791016,45.36435317993164,45.759437561035156,35.788570404052734,2967437
2011-04-18,45.14486312866211,45.54872512817383,45.14486312866211,45.40825271606445,35.5139045715332,2020700
2011-04-19,45.5575065612793,45.61018371582031,45.30289840698242,45.539947509765625,35.61690902709961,2683142
2011-04-20,45.91747283935547,46.417911529541016,45.89113235473633,46.32133483886719,36.22803497314453,2316498
2011-04-21,46.38279342651367,46.532047271728516,46.12818145751953,46.532047271728516,36.39284133911133,1742784
2011-04-25,46.35645294189453,46.78665542602539,46.33011245727539,46.681297302246094,36.50955581665039,2050883
2011-04-26,46.75153732299805,47.3748893737793,46.75153732299805,47.251976013183594,36.95589065551758,2164100
2011-04-27,47.10272216796875,47.699737548828125,47.05882263183594,47.65583801269531,37.271759033203125,1998034
2011-04-28,47.56804275512695,47.64706039428711,47.2607536315918,47.59437942504883,37.223690032958984,2278000
2011-04-29,47.50658416748047,47.813873291015625,47.480247497558594,47.72607421875,37.326690673828125,4196190
2011-05-02,47.892887115478516,48.1913948059082,47.690956115722656,48.02458190917969,37.56015396118164,3121999
2011-05-03,47.93678665161133,48.25285339355469,47.43634796142578,47.76997375488281,37.361019134521484,3417000
2011-05-04,47.8402099609375,48.1913948059082,47.3748893737793,47.68217849731445,37.29235076904297,4031035
2011-05-05,47.53292465209961,47.53292465209961,46.733978271484375,47.00614547729492,36.763633728027344,3872600
2011-05-06,47.54170227050781,47.6119384765625,46.84811019897461,47.050045013427734,36.7979621887207,4333667
2011-05-09,46.90079116821289,47.51536560058594,46.90079116821289,47.33977127075195,37.024559020996094,3469622
2011-05-10,47.357330322265625,47.778751373291016,47.32221221923828,47.55048370361328,37.189353942871094,3437844
2011-05-11,47.54170227050781,47.585601806640625,46.85689163208008,47.22563552856445,36.9352912902832,3530900
2011-05-12,47.251976013183594,47.94556427001953,47.12906265258789,47.919227600097656,37.47774124145508,3530900
2011-05-13,47.82265090942383,48.05092239379883,47.27831268310547,47.41878890991211,37.08634567260742,3351394
2011-05-16,47.33099365234375,47.4890251159668,46.90079116821289,47.041263580322266,36.79108810424805,3321210
2011-05-17,46.84811019897461,47.21685791015625,46.69886016845703,47.12906265258789,36.85976791381836,2982699
2011-05-18,47.09394073486328,47.673397064208984,46.79543685913086,47.62071990966797,37.244285583496094,2451242
2011-05-19,47.813873291015625,48.16505813598633,47.55048370361328,47.62950134277344,37.25115203857422,3271208
2011-05-20,47.6031608581543,47.787532806396484,47.269535064697266,47.559261322021484,37.19622802734375,2794423
2011-05-23,46.909568786621094,47.07638168334961,46.733978271484375,46.90079116821289,36.681217193603516,3189200
2011-05-24,46.953468322753906,47.041263580322266,46.619842529296875,46.74275588989258,36.55762481689453,3115279
2011-05-25,46.7164192199707,46.94468688964844,46.58472442626953,46.821773529052734,36.61943054199219,3670883
2011-05-26,46.733978271484375,47.23441696166992,46.4881477355957,47.08516311645508,36.82542419433594,2809230
2011-05-27,47.05882263183594,47.55048370361328,47.05882263183594,47.52414321899414,37.16875076293945,2234832
2011-05-31,48.07726287841797,48.39332580566406,47.75241470336914,48.38454818725586,37.84168243408203,4867630
2011-06-01,48.1826171875,48.37576675415039,47.778751373291016,47.778751373291016,37.367889404296875,5077434
2011-06-02,47.761192321777344,47.91044616699219,47.366111755371094,47.64706039428711,37.264892578125,3031790
2011-06-03,47.137840270996094,47.22563552856445,46.58472442626953,46.77787399291992,36.585086822509766,3668833
2011-06-06,46.75153732299805,46.962249755859375,46.46180725097656,46.66373825073242,36.4958381652832,2906728
2011-06-07,46.75153732299805,47.00614547729492,46.42668914794922,46.52326583862305,36.38596725463867,3755625
2011-06-08,46.2598762512207,46.33889389038086,45.89113235473633,46.06672668457031,36.27534866333008,3460396
2011-06-09,46.18085861206055,46.58472442626953,45.90869140625,46.286216735839844,36.44818878173828,2371284
2011-06-10,46.1457405090332,46.22475814819336,45.60140609741211,45.60140609741211,35.90892028808594,3984336
2011-06-13,45.63652420043945,46.391571044921875,45.452152252197266,46.22475814819336,36.3997917175293,3596051
2011-06-14,46.57594299316406,46.66373825073242,46.198421478271484,46.2510986328125,36.4205436706543,3745146
2011-06-15,45.829673767089844,46.0228271484375,45.223880767822266,45.35557556152344,35.71535873413086,3544226
2011-06-16,45.61896514892578,45.61896514892578,45.083404541015625,45.48727035522461,35.819061279296875,3162661
2011-06-17,46.11940383911133,46.215980529785156,45.29411697387695,45.36435317993164,35.72226333618164,4927542
2011-06-20,45.338016510009766,46.286216735839844,45.021949768066406,46.00526809692383,36.226959228515625,2821303
2011-06-21,46.101844787597656,46.38279342651367,45.72431945800781,46.26865768432617,36.43436813354492,2426867
2011-06-22,46.163299560546875,46.417911529541016,45.970149993896484,45.97892761230469,36.206207275390625,2555005
2011-06-23,45.513607025146484,45.61896514892578,45.083404541015625,45.58384323120117,35.89511489868164,4830385
2011-06-24,45.654083251953125,45.68920135498047,44.89903259277344,44.96927261352539,35.411155700683594,3216194
2011-06-27,44.916595458984375,45.52238845825195,44.61808776855469,45.320457458496094,35.687705993652344,2483476
2011-06-28,45.37313461303711,45.80333709716797,45.12730407714844,45.73310089111328,36.01264190673828,2724602
2011-06-29,45.741878509521484,46.26865768432617,45.5662841796875,46.11940383911133,36.31684112548828,3896519
2011-06-30,46.34767150878906,46.34767150878906,46.01404571533203,46.2510986328125,36.4205436706543,2725058
2011-07-01,46.1457405090332,47.40122985839844,46.075504302978516,47.31343460083008,37.25707244873047,3382602
2011-07-05,47.41000747680664,47.41000747680664,46.97980880737305,47.12028121948242,37.10497283935547,2673916
2011-07-06,47.137840270996094,47.65583801269531,47.03248596191406,47.41000747680664,37.33312225341797,2379599
2011-07-07,47.72607421875,48.3055305480957,47.699737548828125,48.3055305480957,38.038307189941406,3195578
2011-07-08,47.805091857910156,48.20017623901367,47.20807647705078,47.84899139404297,37.67879867553711,3130314
2011-07-11,47.42756652832031,47.559261322021484,47.12028121948242,47.295875549316406,37.24324417114258,2290415
2011-07-12,47.34855270385742,47.585601806640625,46.97102737426758,47.243194580078125,37.20176315307617,2611727
2011-07-13,47.43634796142578,47.66461944580078,47.023704528808594,47.137840270996094,37.118797302246094,1987897
2011-07-14,47.2607536315918,47.51536560058594,46.681297302246094,46.78665542602539,36.84226608276367,2128335
2011-07-15,46.86567306518555,47.050045013427734,46.286216735839844,46.62862014770508,36.71780776977539,3044433
2011-07-18,46.303775787353516,46.45302963256836,45.645301818847656,45.95259094238281,36.18547439575195,2230276
2011-07-19,46.277435302734375,46.69007873535156,45.99648666381836,46.55838394165039,36.662513732910156,2613891
2011-07-20,46.23353958129883,46.52326583862305,45.961368560791016,46.06672668457031,36.27534866333008,2288479
2011-07-21,46.23353958129883,47.09394073486328,46.15452194213867,46.66373825073242,36.7454719543457,2702050
2011-07-22,46.76031494140625,46.909568786621094,46.45302963256836,46.733978271484375,36.80078125,1887779
2011-07-25,46.44424819946289,46.66373825073242,46.12818145751953,46.496925354003906,36.61411666870117,2776540
2011-07-26,46.55838394165039,46.90079116821289,46.47058868408203,46.69007873535156,36.76622009277344,3317338
2011-07-27,46.57594299316406,46.57594299316406,45.8999137878418,45.987709045410156,36.21314239501953,4268175
2011-07-28,45.72431945800781,45.987709045410156,45.17998123168945,45.46092987060547,35.79830551147461,2878936
2011-07-29,45.34679412841797,45.654083251953125,44.84635543823242,45.206321716308594,35.59783172607422,3313921
2011-08-01,45.4433708190918,45.60140609741211,44.07374954223633,44.46883010864258,35.01708221435547,3906087
2011-08-02,44.126426696777344,44.486392974853516,43.5118522644043,43.54697036743164,34.291168212890625,4827879
2011-08-03,43.56452941894531,43.76646041870117,43.13432693481445,43.608428955078125,34.33957290649414,4262024
2011-08-04,43.13432693481445,43.318702697753906,42.03687286376953,42.03687286376953,33.10203552246094,5298742
2011-08-05,42.37928009033203,42.985076904296875,41.229148864746094,42.49341583251953,33.461544036865234,8121184
2011-08-08,41.59789276123047,42.25636672973633,40.07023620605469,40.079017639160156,31.56032371520996,9775012
2011-08-09,41.000877380371094,41.229148864746094,39.5346794128418,41.08867263793945,32.355369567871094,12158142
2011-08-10,40.44776153564453,40.63213348388672,39.26251220703125,39.341529846191406,30.979572296142578,10187330
2011-08-11,39.66637420654297,41.553993225097656,39.543460845947266,41.08867263793945,32.355369567871094,6959290
2011-08-12,41.30816650390625,41.896400451660156,40.87796401977539,41.50131607055664,32.68031692504883,4912165
2011-08-15,41.57155227661133,42.045654296875,41.26426696777344,42.03687286376953,33.10203552246094,3713254
2011-08-16,41.43107986450195,42.27392578125,41.360843658447266,42.11589050292969,33.16425704956055,4477295
2011-08-17,42.221248626708984,42.53731155395508,41.668128967285156,42.00175476074219,33.07437515258789,4009052
2011-08-18,40.74626922607422,41.21158981323242,40.2370491027832,40.75504684448242,32.092674255371094,7277641
2011-08-19,40.27216720581055,41.31694412231445,40.21071243286133,40.66725158691406,32.02352523803711,7058383
2011-08-22,41.562774658203125,41.6944694519043,40.87796401977539,41.000877380371094,32.2862434387207,3961214
2011-08-23,39.6575927734375,42.414398193359375,39.6575927734375,42.37928009033203,33.37166213989258,3904492
2011-08-24,42.212467193603516,42.85337829589844,41.992977142333984,42.80948257446289,33.7104377746582,3915426
2011-08-25,43.02019119262695,43.02019119262695,42.02809524536133,42.098331451416016,33.15043640136719,6523623
2011-08-26,42.24758529663086,42.862159729003906,41.334503173828125,42.7392463684082,33.655128479003906,5433486
2011-08-29,43.11676788330078,43.380157470703125,43.05531311035156,43.37137985229492,34.15290069580078,8787499
2011-08-30,43.25724411010742,43.98595428466797,43.037750244140625,43.76646041870117,34.464012145996094,3246378
2011-08-31,44.056190490722656,44.46883010864258,43.65232849121094,43.924495697021484,34.58845520019531,4335831
2011-09-01,44.1000862121582,44.41615676879883,43.52941131591797,43.599647521972656,34.332645416259766,3306175
2011-09-02,43.02019119262695,43.10799026489258,42.46707534790039,42.58999252319336,33.53758239746094,3281459
2011-09-06,41.57155227661133,42.23002624511719,41.334503173828125,42.15100860595703,33.191898345947266,3844353
2011-09-07,42.35293960571289,43.037750244140625,42.13344955444336,43.037750244140625,34.14622497558594,2821189
2011-09-08,42.949954986572266,43.23090362548828,42.616329193115234,42.76558303833008,33.9302864074707,3147968
2011-09-09,42.309043884277344,42.47585678100586,41.422298431396484,41.8086051940918,33.1710205078125,4583108
2011-09-12,41.43107986450195,42.46707534790039,41.26426696777344,42.414398193359375,33.65167236328125,4041400
2011-09-13,42.56365203857422,42.76558303833008,42.098331451416016,42.66900634765625,33.85366439819336,3466319
2011-09-14,42.99385452270508,43.8542594909668,42.33538055419922,43.37137985229492,34.41093444824219,4184800
2011-09-15,43.84547805786133,44.38103485107422,43.34503936767578,44.372257232666016,35.205020904541016,3421100
2011-09-16,44.6707649230957,44.95171356201172,44.09130859375,44.565406799316406,35.358280181884766,6264272
2011-09-19,43.9771728515625,44.661983489990234,43.810359954833984,44.45127487182617,35.26771545410156,2977118
2011-09-20,44.71466064453125,45.12730407714844,44.372257232666016,44.53028869628906,35.33040237426758,2746129
2011-09-21,44.51272964477539,44.53028869628906,43.12554931640625,43.12554931640625,34.215885162353516,4247901
2011-09-22,42.01931381225586,42.65144729614258,41.115013122558594,41.60667419433594,33.010807037353516,8672232
2011-09-23,41.4661979675293,41.63301086425781,40.95698165893555,41.229148864746094,32.711280822753906,5469592
2011-09-26,41.5803337097168,41.95785903930664,40.96575927734375,41.92273712158203,33.26156997680664,4694047
2011-09-27,42.71290588378906,42.94117736816406,42.07199478149414,42.1685676574707,33.456607818603516,5171288
2011-09-28,42.27392578125,42.54609298706055,41.8173828125,41.852500915527344,33.205848693847656,4376949
2011-09-29,42.45829772949219,42.77436447143555,41.562774658203125,42.24758529663086,33.519309997558594,4002332
2011-09-30,41.782264709472656,41.992977142333984,41.36962127685547,41.39596176147461,32.843624114990234,4349385
2011-10-03,40.99209976196289,42.045654296875,40.79016876220703,40.798946380615234,32.36995315551758,6441387
2011-10-04,40.3511848449707,41.63301086425781,40.254608154296875,41.553993225097656,32.96900939941406,5494878
2011-10-05,41.668128967285156,42.37928009033203,41.044776916503906,42.27392578125,33.54021453857422,4883804
2011-10-06,42.25636672973633,42.844600677490234,41.79982376098633,42.835819244384766,33.986019134521484,3061176
2011-10-07,43.187007904052734,43.45039367675781,42.642669677734375,42.89727783203125,34.034767150878906,3636485
2011-10-10,43.520633697509766,43.898155212402344,43.25724411010742,43.87181854248047,34.8079719543457,3099447
2011-10-11,43.76646041870117,44.38103485107422,43.59086990356445,44.143985748291016,35.023921966552734,2861054
2011-10-12,44.49517059326172,45.17998123168945,44.372257232666016,44.96927261352539,35.67869186401367,3484087
2011-10-13,44.688323974609375,44.83757781982422,44.40737533569336,44.679542541503906,35.44881820678711,3523497
2011-10-14,45.2150993347168,45.46092987060547,44.907814025878906,45.40825271606445,36.02698516845703,2463771
2011-10-17,45.083404541015625,45.28533935546875,44.6707649230957,44.776119232177734,35.52545166015625,2643391
2011-10-18,44.776119232177734,45.59262466430664,44.42493438720703,45.40825271606445,36.02698516845703,4094249
2011-10-19,45.27655792236328,45.627742767333984,44.85513687133789,44.907814025878906,35.62993240356445,3651065
2011-10-20,45.10096740722656,45.37313461303711,44.460052490234375,44.916595458984375,35.63689041137695,3746285
2011-10-21,45.28533935546875,45.89113235473633,45.17120361328125,45.873573303222656,36.39616394042969,3292280
2011-10-24,45.873573303222656,46.479366302490234,45.856014251708984,46.23353958129883,36.6817626953125,2442586
2011-10-25,46.06672668457031,46.34767150878906,45.59262466430664,45.71554183959961,36.270790100097656,5563104
2011-10-26,46.198421478271484,46.198421478271484,43.59086990356445,44.61808776855469,35.40006637573242,6026905
2011-10-27,45.61018371582031,46.44424819946289,45.46092987060547,46.33011245727539,36.75838851928711,5498067
2011-10-28,46.12818145751953,46.40913009643555,45.873573303222656,46.18085861206055,36.639976501464844,3026437
2011-10-31,45.759437561035156,46.62862014770508,45.61018371582031,45.943809509277344,36.45189666748047,5305006
2011-11-01,45.223880767822266,45.25899887084961,44.30201721191406,44.50395202636719,35.30950927734375,4792001
2011-11-02,44.49517059326172,45.06584548950195,44.31079864501953,44.73221969604492,35.49061584472656,2948871
2011-11-03,44.92537307739258,45.987709045410156,44.793678283691406,45.7857780456543,36.326507568359375,3511993
2011-11-04,45.46092987060547,45.5575065612793,44.82879638671875,45.3292350769043,35.964290618896484,3053659
2011-11-07,45.197540283203125,45.59262466430664,44.82879638671875,45.46971130371094,36.07574462890625,2648403
2011-11-08,45.8999137878418,46.43547058105469,45.3292350769043,46.400352478027344,36.81413269042969,3080539
2011-11-09,45.627742767333984,45.627742767333984,44.40737533569336,44.59174728393555,35.379154205322266,3315060
2011-11-10,45.17120361328125,45.223880767822266,44.547847747802734,44.94293212890625,35.657806396484375,2303172
2011-11-11,45.3292350769043,45.86479568481445,45.28533935546875,45.7945556640625,36.33348846435547,1717043
2011-11-14,45.61896514892578,45.741878509521484,45.17120361328125,45.338016510009766,35.97125244140625,1717954
2011-11-15,45.118526458740234,46.136962890625,45.10096740722656,46.04038619995117,36.528526306152344,2283012
2011-11-16,45.5662841796875,45.91747283935547,44.63564682006836,44.71466064453125,35.4766845703125,3194098
2011-11-17,44.49517059326172,44.600528717041016,43.608428955078125,43.924495697021484,34.84978485107422,4061560
2011-11-18,43.98595428466797,44.18788528442383,43.68744659423828,43.801578521728516,34.75223922729492,2837363
2011-11-21,43.520633697509766,43.520633697509766,42.85337829589844,43.23968505859375,34.306453704833984,2973018
2011-11-22,43.064090728759766,43.12554931640625,42.616329193115234,42.818260192871094,33.97208023071289,2106922
2011-11-23,42.5109748840332,42.53731155395508,41.94029998779297,42.01931381225586,33.33820343017578,2440535
2011-11-25,41.83494186401367,42.33538055419922,41.791046142578125,42.080772399902344,33.386962890625,1783674
2011-11-28,42.57243347167969,43.08164978027344,42.57243347167969,42.92361831665039,34.0556640625,3257540
2011-11-29,43.046531677246094,43.090431213378906,42.616329193115234,42.80948257446289,33.965126037597656,2555233
2011-11-30,43.88059616088867,44.916595458984375,43.722564697265625,44.85513687133789,35.5881462097168,3748563
2011-12-01,44.881473541259766,45.3292350769043,44.73221969604492,45.2150993347168,35.87373733520508,2393039
2011-12-02,45.645301818847656,45.75065612792969,44.85513687133789,45.03950881958008,35.73442459106445,2167631
2011-12-05,45.882354736328125,46.084285736083984,45.4433708190918,45.73310089111328,36.284706115722656,2898755
2011-12-06,45.77699661254883,46.057945251464844,45.72431945800781,45.77699661254883,36.31953811645508,2313423
2011-12-07,45.425811767578125,46.03160858154297,44.75856018066406,45.80333709716797,36.61785888671875,3547302
2011-12-08,45.60140609741211,45.91747283935547,45.223880767822266,45.311676025390625,36.224796295166016,2989306
2011-12-09,45.57506561279297,46.31255340576172,45.5575065612793,46.075504302978516,36.83544158935547,2094507
2011-12-12,45.77699661254883,45.847232818603516,45.17120361328125,45.452152252197266,36.33711242675781,2500788
2011-12-13,45.66286087036133,46.06672668457031,44.916595458984375,45.16242218017578,36.1054801940918,2687926
2011-12-14,45.04828643798828,45.46971130371094,44.75856018066406,44.87269592285156,35.87384796142578,2884745
2011-12-15,45.15364456176758,45.34679412841797,44.776119232177734,44.92537307739258,35.91596984863281,2084256
2011-12-16,45.18876266479492,45.71554183959961,44.95171356201172,45.417030334472656,36.309017181396484,5249195
2011-12-19,45.4433708190918,45.97892761230469,45.03072738647461,45.17120361328125,36.11248779296875,2001793
2011-12-20,45.90869140625,47.20807647705078,45.89113235473633,47.08516311645508,37.64262390136719,3346610
2011-12-21,47.19929885864258,47.30465316772461,46.365234375,47.10272216796875,37.65666198730469,3042383
2011-12-22,47.12906265258789,47.383670806884766,46.953468322753906,47.2607536315918,37.78300857543945,1791419
2011-12-23,47.41000747680664,47.7172966003418,47.243194580078125,47.699737548828125,38.13394546508789,1249141
2011-12-27,47.6031608581543,47.88410949707031,47.41878890991211,47.79631423950195,38.21116256713867,1380012
2011-12-28,47.8314323425293,47.84899139404297,47.050045013427734,47.23441696166992,37.761940002441406,1430470
2011-12-29,47.471466064453125,47.84899139404297,47.34855270385742,47.7172966003418,38.147987365722656,1539131
2011-12-30,47.673397064208984,47.954345703125,47.39244842529297,47.41878890991211,37.909358978271484,1908964
2012-01-03,48.1913948059082,48.27919387817383,47.761192321777344,47.813873291015625,38.225189208984375,2898755
2012-01-04,47.8314323425293,47.92800521850586,47.52414321899414,47.761192321777344,38.183082580566406,2141434
2012-01-05,47.79631423950195,48.25285339355469,47.63827896118164,48.11237716674805,38.46384811401367,2999101
2012-01-06,48.121158599853516,48.28797149658203,47.70851516723633,48.1826171875,38.519989013671875,2486551
2012-01-09,48.07726287841797,48.1913948059082,47.72607421875,47.99824523925781,38.372589111328125,2132891
2012-01-10,48.103599548339844,48.244075775146484,47.76997375488281,47.989463806152344,38.36556625366211,3083843
2012-01-11,47.93678665161133,48.08604049682617,47.761192321777344,47.94556427001953,38.330474853515625,2243488
2012-01-12,48.007022857666016,48.28797149658203,47.8314323425293,48.25285339355469,38.576148986816406,2344632
2012-01-13,47.919227600097656,48.261634826660156,47.72607421875,48.244075775146484,38.56913375854492,2039038
2012-01-17,48.28797149658203,49.03424072265625,48.20017623901367,48.867427825927734,39.067466735839844,2683598
2012-01-18,48.972782135009766,49.622474670410156,48.858646392822266,49.604915618896484,39.65705490112305,3069605
2012-01-19,49.745391845703125,50.01755905151367,49.47322082519531,49.95610046386719,39.93781280517578,2149635
2012-01-20,49.964881896972656,50.13169479370117,49.50834274291992,49.859527587890625,39.860618591308594,2924724
2012-01-23,49.97365951538086,50.10535430908203,49.402984619140625,49.7629508972168,39.783416748046875,2606032
2012-01-24,49.35030746459961,49.947322845458984,49.21861267089844,49.806846618652344,39.818485260009766,2738384
2012-01-25,49.402984619140625,50.035118103027344,49.22739028930664,49.97365951538086,39.951847076416016,3510512
2012-01-26,49.21861267089844,49.46444320678711,48.84986877441406,49.00790023803711,39.179786682128906,4397907
2012-01-27,48.99034118652344,49.22739028930664,48.551361083984375,48.58647918701172,38.842864990234375,3338523
2012-01-30,48.27919387817383,48.35820770263672,47.892887115478516,48.20017623901367,38.534034729003906,4139468
2012-01-31,48.349430084228516,48.525020599365234,47.82265090942383,48.094818115234375,38.44979476928711,3566095
2012-02-01,48.51624298095703,48.70939254760742,48.244075775146484,48.244075775146484,38.56913375854492,3673275
2012-02-02,48.36698913574219,48.51624298095703,48.129940032958984,48.129940032958984,38.477882385253906,3284193
2012-02-03,48.639156341552734,48.884986877441406,48.49868392944336,48.73573303222656,38.962196350097656,3307770
2012-02-06,48.4196662902832,48.577701568603516,48.208953857421875,48.40210723876953,38.695465087890625,2564231
2012-02-07,48.244075775146484,48.28797149658203,47.97190475463867,48.17383575439453,38.51297378540039,3391942
2012-02-08,48.103599548339844,48.22651290893555,47.84899139404297,47.92800521850586,38.316444396972656,2478920
2012-02-09,48.1826171875,48.20017623901367,47.778751373291016,47.91044616699219,38.30240249633789,3005252
2012-02-10,47.7172966003418,47.813873291015625,47.33977127075195,47.41878890991211,37.909358978271484,3571221
2012-02-13,47.690956115722656,47.98068618774414,47.39244842529297,47.6119384765625,38.063758850097656,2339164
2012-02-14,47.6119384765625,47.805091857910156,47.31343460083008,47.62950134277344,38.077796936035156,2378118
2012-02-15,47.497806549072266,47.70851516723633,47.12906265258789,47.22563552856445,37.75492858886719,2680067
2012-02-16,47.3748893737793,47.56804275512695,47.269535064697266,47.269535064697266,37.7900276184082,2881556
2012-02-17,47.40122985839844,47.82265090942383,47.33977127075195,47.62950134277344,38.077796936035156,3323146
2012-02-21,47.699737548828125,47.75241470336914,47.11149978637695,47.28709411621094,37.80406188964844,2704897
2012-02-22,47.19929885864258,47.62950134277344,47.19929885864258,47.243194580078125,37.76894760131836,2501586
2012-02-23,47.181739807128906,47.4890251159668,47.181739807128906,47.23441696166992,37.761940002441406,2112959
2012-02-24,47.3748893737793,47.3748893737793,47.07638168334961,47.251976013183594,37.7759895324707,2002818
2012-02-27,47.14662170410156,47.73485565185547,46.80421447753906,47.50658416748047,37.979522705078125,2343606
2012-02-28,47.7172966003418,47.919227600097656,47.41000747680664,47.88410949707031,38.28133773803711,2263649
2012-02-29,47.85776901245117,48.08604049682617,47.62071990966797,47.690956115722656,38.12693405151367,2581202
2012-03-01,47.93678665161133,48.331871032714844,47.805091857910156,48.17383575439453,38.51297378540039,2810027
2012-03-02,48.17383575439453,48.17383575439453,47.62950134277344,47.79631423950195,38.21116256713867,2047808
2012-03-05,47.74363327026367,47.94556427001953,47.55048370361328,47.8402099609375,38.24625015258789,2711503
2012-03-06,47.46268844604492,47.875328063964844,47.251976013183594,47.30465316772461,37.81808853149414,2562864
2012-03-07,47.2607536315918,47.82265090942383,47.09394073486328,47.64706039428711,38.37314987182617,3278042
2012-03-08,47.85776901245117,48.033363342285156,47.63827896118164,47.93678665161133,38.60649871826172,1889487
2012-03-09,47.64706039428711,48.35820770263672,47.64706039428711,48.244075775146484,38.853965759277344,2308867
2012-03-12,48.208953857421875,48.37576675415039,48.13871765136719,48.1826171875,38.80447769165039,1566695
2012-03-13,48.35820770263672,48.49868392944336,47.92800521850586,48.349430084228516,38.93882751464844,3189314
2012-03-14,48.244075775146484,48.639156341552734,48.02458190917969,48.45478439331055,39.0236701965332,2405112
2012-03-15,48.463565826416016,48.639156341552734,48.13871765136719,48.62159729003906,39.158023834228516,1901788
2012-03-16,48.50746154785156,48.726951599121094,48.20017623901367,48.37576675415039,38.960025787353516,4021923
2012-03-19,48.2967529296875,48.83230972290039,48.147499084472656,48.56892013549805,39.1155891418457,1975596
2012-03-20,48.20017623901367,48.542579650878906,48.1826171875,48.35820770263672,38.94589614868164,2049061
2012-03-21,48.25285339355469,48.51624298095703,48.20017623901367,48.35820770263672,38.94589614868164,1498810
2012-03-22,48.27919387817383,48.47234344482422,48.13871765136719,48.331871032714844,38.924678802490234,1998831
2012-03-23,48.36698913574219,48.542579650878906,48.0684814453125,48.27919387817383,38.88224792480469,1922518
2012-03-26,48.665496826171875,48.981563568115234,48.61281967163086,48.92888641357422,39.40549850463867,2343720
2012-03-27,48.83230972290039,49.02545928955078,48.68305587768555,48.93766403198242,39.412559509277344,1905889
2012-03-28,48.90254592895508,48.94644546508789,48.48990249633789,48.69183349609375,39.214576721191406,1949171
2012-03-29,48.47234344482422,48.62159729003906,48.02458190917969,48.31431198120117,38.91053009033203,2164442
2012-03-30,48.525020599365234,48.884986877441406,48.437225341796875,48.45478439331055,39.0236701965332,3396042
2012-04-02,48.37576675415039,49.33274841308594,48.103599548339844,49.113258361816406,39.55398178100586,3300366
2012-04-03,49.3064079284668,49.3064079284668,48.73573303222656,49.12203598022461,39.561058044433594,3532267
2012-04-04,48.955223083496094,48.955223083496094,48.56892013549805,48.71817398071289,39.23579025268555,2298160
2012-04-05,48.639156341552734,48.858646392822266,48.49868392944336,48.81475067138672,39.31356430053711,1487990
2012-04-09,48.103599548339844,48.261634826660156,47.84899139404297,47.91044616699219,38.58528518676758,2214444
2012-04-10,47.85776901245117,47.86655044555664,47.21685791015625,47.33977127075195,38.125694274902344,3036232
2012-04-11,47.6119384765625,48.007022857666016,47.383670806884766,47.954345703125,38.62063980102539,2826542
2012-04-12,47.98068618774414,48.2967529296875,47.8402099609375,48.27041244506836,38.87519073486328,1559861
2012-04-13,48.208953857421875,48.235294342041016,47.8402099609375,47.8402099609375,38.52871322631836,1817047
2012-04-16,47.96312713623047,48.217735290527344,47.8314323425293,48.02458190917969,38.677188873291016,1868757
2012-04-17,48.28797149658203,48.867427825927734,48.1913948059082,48.770851135253906,39.27821350097656,2097469
2012-04-18,48.37576675415039,48.47234344482422,47.94556427001953,47.96312713623047,38.62770462036133,2551930
2012-04-19,47.892887115478516,48.45478439331055,47.74363327026367,47.954345703125,38.62063980102539,2431082
2012-04-20,48.25285339355469,48.45478439331055,48.015804290771484,48.3055305480957,38.90346908569336,2381763
2012-04-23,47.91044616699219,48.11237716674805,47.54170227050781,47.88410949707031,38.56407165527344,1913292
2012-04-24,48.033363342285156,48.2967529296875,47.919227600097656,48.05092239379883,38.69841384887695,1628998
2012-04-25,48.28797149658203,48.63037872314453,48.103599548339844,48.56013870239258,39.108516693115234,2123096
2012-04-26,48.463565826416016,48.90254592895508,48.1913948059082,48.79719161987305,39.2994384765625,1858848
2012-04-27,48.753292083740234,49.15715408325195,48.73573303222656,49.00790023803711,39.4691276550293,1617380
2012-04-30,48.80596923828125,49.069358825683594,48.665496826171875,48.83230972290039,39.32772445678711,2091660
2012-05-01,48.542579650878906,49.03424072265625,47.84899139404297,48.47234344482422,39.03780746459961,2979738
2012-05-02,48.05970001220703,48.25285339355469,47.84899139404297,48.02458190917969,38.677188873291016,3360506
2012-05-03,48.1826171875,48.1826171875,47.673397064208984,47.82265090942383,38.51457977294922,2397709
2012-05-04,47.445125579833984,47.497806549072266,46.953468322753906,47.023704528808594,37.871124267578125,2577215
2012-05-07,46.927127838134766,47.17295837402344,46.593502044677734,47.023704528808594,37.871124267578125,2129702
2012-05-08,46.812992095947266,47.497806549072266,46.681297302246094,47.137840270996094,37.96305847167969,2334608
2012-05-09,46.681297302246094,47.067604064941406,46.40913009643555,46.77787399291992,37.67314529418945,2538945
2012-05-10,47.155399322509766,47.32221221923828,46.86567306518555,47.00614547729492,37.856990814208984,2006576
2012-05-11,46.935909271240234,47.480247497558594,46.80421447753906,47.14662170410156,37.97012710571289,1791761
2012-05-14,46.821773529052734,47.19051742553711,46.54082489013672,46.88323211669922,37.757999420166016,2024231
2012-05-15,46.88323211669922,47.10272216796875,46.45302963256836,46.62862014770508,37.55294418334961,3022564
2012-05-16,46.91835021972656,47.00614547729492,46.67251968383789,46.821773529052734,37.7085075378418,2803421
2012-05-17,46.80421447753906,46.88323211669922,46.11062240600586,46.11062240600586,37.13576126098633,3030423
2012-05-18,46.26865768432617,46.286216735839844,45.47848892211914,45.645301818847656,36.76101303100586,3923058
2012-05-21,45.60140609741211,46.34767150878906,45.38191223144531,46.26865768432617,37.26304244995117,2179590
2012-05-22,46.286216735839844,46.681297302246094,46.11940383911133,46.496925354003906,37.44688415527344,2009196
2012-05-23,46.26865768432617,46.496925354003906,45.93503189086914,46.391571044921875,37.36203384399414,2531541
2012-05-24,46.54082489013672,46.84811019897461,46.26865768432617,46.66373825073242,37.581233978271484,3180999
2012-05-25,46.532047271728516,46.733978271484375,46.1457405090332,46.2510986328125,37.248897552490234,1828778
2012-05-29,46.66373825073242,46.75153732299805,46.084285736083984,46.43547058105469,37.39738082885742,2166378
2012-05-30,46.198421478271484,46.42668914794922,45.92625045776367,46.101844787597656,37.12868881225586,1949626
2012-05-31,45.99648666381836,46.101844787597656,45.59262466430664,45.7857780456543,36.874149322509766,3156055
2012-06-01,45.118526458740234,45.46971130371094,44.679542541503906,44.70588302612305,36.00444793701172,3411419
2012-06-04,44.907814025878906,45.30289840698242,44.83757781982422,45.25899887084961,36.44990539550781,2721185
2012-06-05,45.092185974121094,45.5662841796875,44.978050231933594,45.48727035522461,36.63373947143555,2338481
2012-06-06,45.425811767578125,46.63740158081055,45.425811767578125,46.611061096191406,37.827205657958984,2664121
2012-06-07,47.137840270996094,47.137840270996094,46.58472442626953,46.66373825073242,37.86994171142578,3337726
2012-06-08,46.532047271728516,47.19051742553711,46.496925354003906,47.12906265258789,38.247589111328125,2153052
2012-06-11,47.41000747680664,47.41000747680664,46.64617919921875,46.69886016845703,37.89845275878906,2441447
2012-06-12,46.89200973510742,47.17295837402344,46.57594299316406,47.14662170410156,38.2618408203125,2203851
2012-06-13,47.07638168334961,47.30465316772461,46.69886016845703,46.84811019897461,38.01958465576172,2061818
2012-06-14,47.05882263183594,47.875328063964844,46.927127838134766,47.778751373291016,38.774845123291016,3153094
2012-06-15,47.92800521850586,48.37576675415039,47.75241470336914,48.323089599609375,39.21660232543945,3106964
2012-06-18,48.094818115234375,48.446006774902344,47.96312713623047,48.37576675415039,39.25934600830078,1810668
2012-06-19,48.577701568603516,48.92888641357422,48.437225341796875,48.70061492919922,39.522972106933594,2402721
2012-06-20,48.753292083740234,48.779632568359375,48.15627670288086,48.56013870239258,39.40898132324219,2439966
2012-06-21,48.7620735168457,48.79719161987305,47.8402099609375,47.88410949707031,38.86034393310547,2586669
2012-06-22,48.147499084472656,48.17383575439453,47.8402099609375,48.02458190917969,38.974327087402344,2899097
2012-06-25,47.52414321899414,47.787532806396484,47.21685791015625,47.33977127075195,38.41859436035156,2778363
2012-06-26,47.30465316772461,47.497806549072266,47.014923095703125,47.34855270385742,38.42571258544922,2095874
2012-06-27,47.6119384765625,48.129940032958984,47.53292465209961,47.8314323425293,38.81759262084961,2098608
2012-06-28,47.63827896118164,47.66461944580078,47.023704528808594,47.56804275512695,38.60383605957031,2749660
2012-06-29,48.323089599609375,48.867427825927734,48.15627670288086,48.867427825927734,39.65835952758789,3163231
2012-07-02,48.63037872314453,48.972782135009766,48.56013870239258,48.955223083496094,39.7296028137207,2184830
2012-07-03,49.095699310302734,49.16593551635742,48.753292083740234,49.16593551635742,39.900611877441406,1536169
2012-07-05,48.867427825927734,49.771728515625,48.770851135253906,49.57857894897461,40.23548889160156,2826429
2012-07-06,49.14837646484375,49.45566177368164,48.39332580566406,48.665496826171875,39.494476318359375,2239160
2012-07-09,48.73573303222656,48.779632568359375,48.35820770263672,48.74451446533203,39.5586051940918,1580476
2012-07-10,49.060577392578125,49.13959503173828,48.437225341796875,48.656715393066406,39.48735809326172,2254195
2012-07-11,48.69183349609375,48.87620544433594,48.38454818725586,48.68305587768555,39.50872039794922,2054187
2012-07-12,48.50746154785156,48.7620735168457,48.22651290893555,48.62159729003906,39.458858489990234,2410010
2012-07-13,48.577701568603516,49.16593551635742,48.525020599365234,49.02545928955078,39.78660202026367,2179135
2012-07-16,48.7620735168457,49.174713134765625,48.68305587768555,48.884986877441406,39.672611236572266,1835385
2012-07-17,49.20983123779297,49.38542556762695,48.58647918701172,49.201053619384766,39.929115295410156,1867618
2012-07-18,49.15715408325195,50.01755905151367,49.069358825683594,49.91220474243164,40.50624465942383,2154077
2012-07-19,49.824405670166016,49.99121856689453,49.35030746459961,49.604915618896484,40.25686264038086,2545779
2012-07-20,49.6488151550293,49.71027374267578,49.16593551635742,49.25373077392578,39.971866607666016,4483901
2012-07-23,48.51624298095703,48.91132736206055,48.17383575439453,48.74451446533203,39.5586051940918,1884476
2012-07-24,48.867427825927734,48.884986877441406,48.15627670288086,48.50746154785156,39.3662223815918,1764881
2012-07-25,48.80596923828125,48.96400451660156,48.39332580566406,48.6479377746582,39.4802360534668,2252145
2012-07-26,49.48200225830078,49.98244094848633,49.15715408325195,49.622474670410156,40.271121978759766,2709795
2012-07-27,49.95610046386719,50.67603302001953,49.79806900024414,50.570674896240234,41.04063415527344,2566167
2012-07-30,50.29850769042969,50.913082122802734,50.140472412109375,50.3424072265625,40.85538101196289,2246564
2012-07-31,50.254608154296875,50.368743896484375,49.631256103515625,49.6488151550293,40.2924919128418,2739637
2012-08-01,49.81562805175781,49.81562805175781,48.91132736206055,49.03424072265625,39.793731689453125,3251503
2012-08-02,48.89376449584961,49.12203598022461,48.5338020324707,48.94644546508789,39.72248458862305,2404201
2012-08-03,49.622474670410156,50.061458587646484,49.525901794433594,49.98244094848633,40.563236236572266,2033343
2012-08-06,50.04389953613281,50.193153381347656,49.81562805175781,49.859527587890625,40.463497161865234,1500633
2012-08-07,50.149253845214844,50.30728530883789,49.95610046386719,50.2370491027832,40.76987075805664,1610660
2012-08-08,50.21949005126953,50.54433822631836,50.15803146362305,50.456539154052734,40.947994232177734,1386960
2012-08-09,50.395084381103516,50.44776153564453,50.035118103027344,50.175594329833984,40.719993591308594,1187863
2012-08-10,50.04389953613281,50.605796813964844,49.98244094848633,50.5794563293457,41.047752380371094,1714765
2012-08-13,50.42142105102539,50.56189727783203,49.95610046386719,50.193153381347656,40.73424530029297,1756224
2012-08-14,50.51799774169922,50.72871017456055,50.228271484375,50.72871017456055,41.16888427734375,2211255
2012-08-15,50.597015380859375,50.913082122802734,50.52677917480469,50.78138732910156,41.211639404296875,1620455
2012-08-16,50.78138732910156,51.457420349121094,50.77260971069336,51.29938507080078,41.632015228271484,1765792
2012-08-17,51.50131607055664,51.50131607055664,51.08867263793945,51.36962127685547,41.68899154663086,1821261
2012-08-20,51.39596176147461,51.51009750366211,51.132572174072266,51.2379264831543,41.5821418762207,1362700
2012-08-21,51.16769027709961,51.41352081298828,50.930641174316406,51.07111358642578,41.44675064086914,1643008
2012-08-22,50.930641174316406,51.26426696777344,50.711151123046875,50.99209976196289,41.382625579833984,1594942
2012-08-23,50.84284591674805,51.027217864990234,50.570674896240234,50.89552307128906,41.304264068603516,1223969
2012-08-24,50.87796401977539,51.3520622253418,50.74626922607422,51.29060745239258,41.62488555908203,1981518
2012-08-27,51.360843658447266,51.61545181274414,51.246707916259766,51.36962127685547,41.68899154663086,1202328
2012-08-28,51.16769027709961,51.43986129760742,51.027217864990234,51.26426696777344,41.603515625,1528310
2012-08-29,51.20280838012695,51.360843658447266,50.96575927734375,51.25548553466797,41.596378326416016,960519
2012-08-30,51.05355453491211,51.16769027709961,50.816505432128906,50.86040496826172,41.27576446533203,1576262
2012-08-31,51.25548553466797,51.31694412231445,50.78138732910156,50.99209976196289,41.382625579833984,2274925
2012-09-04,50.798946380615234,51.12379455566406,50.42142105102539,51.00965881347656,41.396888732910156,2025484
2012-09-05,51.027217864990234,51.220367431640625,50.825286865234375,51.08867263793945,41.461002349853516,1329441
2012-09-06,51.40473937988281,52.15100860595703,51.40473937988281,52.11589050292969,42.29464340209961,2142117
2012-09-07,52.17734909057617,52.238807678222656,51.8173828125,52.01931381225586,42.216270446777344,2281075
2012-09-10,51.905181884765625,52.221248626708984,51.791046142578125,51.83494186401367,42.0666389465332,1298346
2012-09-11,51.7032470703125,51.9315185546875,51.57155227661133,51.65935134887695,41.92414474487305,2114098
2012-09-12,50.939422607421875,51.027217864990234,50.3424072265625,50.38630294799805,41.1673698425293,3341029
2012-09-13,50.079017639160156,50.99209976196289,50.079017639160156,50.72871017456055,41.44712829589844,3659265
2012-09-14,50.74626922607422,51.334503173828125,50.73748779296875,51.31694412231445,41.927730560302734,3247745
2012-09-17,51.20280838012695,51.422298431396484,51.08867263793945,51.28182601928711,41.89903259277344,1799164
2012-09-18,51.19403076171875,51.37840270996094,51.08867263793945,51.334503173828125,41.94207763671875,3408230
2012-09-19,51.457420349121094,51.553993225097656,51.29938507080078,51.31694412231445,41.927730560302734,2306247
2012-09-20,51.16769027709961,51.51009750366211,51.08867263793945,51.48375701904297,42.064022064208984,2433701
2012-09-21,51.7032470703125,51.95785903930664,51.474979400634766,51.48375701904297,42.064022064208984,3433402
2012-09-24,51.448638916015625,51.84372329711914,51.26426696777344,51.676910400390625,42.22184753417969,1490723
2012-09-25,50.798946380615234,51.457420349121094,50.79016876220703,51.26426696777344,41.884700775146484,2955819
2012-09-26,51.31694412231445,51.474979400634766,50.89552307128906,50.99209976196289,41.662315368652344,2904678
2012-09-27,51.06233596801758,51.51887512207031,50.97454071044922,51.29938507080078,41.91338348388672,1843130
2012-09-28,51.25548553466797,51.64179229736328,50.94820022583008,51.50131607055664,42.078369140625,2136878
2012-10-01,51.39596176147461,51.74714660644531,51.229148864746094,51.36962127685547,41.97075271606445,2293604
2012-10-02,51.38718032836914,51.5803337097168,51.246707916259766,51.3520622253418,41.95643615722656,2540540
2012-10-03,51.57155227661133,51.791046142578125,51.28182601928711,51.68568801879883,42.229007720947266,1536397
2012-10-04,51.79982376098633,51.878841400146484,51.54521560668945,51.71202850341797,42.25053024291992,2673916
2012-10-05,52.33538055419922,52.642669677734375,52.124671936035156,52.26514434814453,42.702449798583984,2931103
2012-10-08,52.080772399902344,52.08955383300781,51.77348709106445,51.992977142333984,42.48008346557617,1190483
2012-10-09,51.878841400146484,52.07199478149414,51.273048400878906,51.343284606933594,41.949249267578125,1731166
2012-10-10,51.474979400634766,51.474979400634766,51.05355453491211,51.09745407104492,41.748409271240234,1686176
2012-10-11,51.457420349121094,51.51887512207031,51.15013122558594,51.2379264831543,41.8631706237793,1993592
2012-10-12,51.38718032836914,51.59789276123047,51.16769027709961,51.20280838012695,41.834476470947266,2298388
2012-10-15,51.3520622253418,51.782264709472656,51.10623550415039,51.72080612182617,42.2577018737793,2220367
2012-10-16,51.79982376098633,52.186126708984375,51.72080612182617,52.00175476074219,42.487247467041016,1413841
2012-10-17,51.54521560668945,52.14223098754883,51.54521560668945,52.08955383300781,42.55898666381836,1875705
2012-10-18,52.11589050292969,52.124671936035156,51.764705657958984,51.896400451660156,42.40116500854492,2564003
2012-10-19,51.966636657714844,52.098331451416016,51.18524932861328,51.29060745239258,41.90621566772461,2677106
2012-10-22,51.09745407104492,51.52765655517578,50.79016876220703,51.09745407104492,41.748409271240234,1846091
2012-10-23,50.71992874145508,50.86040496826172,50.31606674194336,50.64969253540039,41.38256072998047,1974457
2012-10-24,51.09745407104492,51.18524932861328,50.56189727783203,50.798946380615234,41.5045166015625,1877414
2012-10-25,51.19403076171875,51.2379264831543,50.84284591674805,51.12379455566406,41.769920349121094,1609635
2012-10-26,51.05355453491211,51.246707916259766,50.74626922607422,51.08867263793945,41.7412223815918,1776612
2012-10-31,51.220367431640625,51.43107986450195,50.658470153808594,50.73748779296875,41.45429992675781,2351921
2012-11-01,51.553993225097656,52.194908142089844,50.74626922607422,52.11589050292969,42.58049392700195,3808474
2012-11-02,52.414398193359375,52.45829772949219,50.35996627807617,50.368743896484375,41.153011322021484,3309478
2012-11-05,50.166812896728516,50.175594329833984,49.02545928955078,49.517120361328125,40.45722579956055,4423420
2012-11-06,49.824405670166016,50.64969253540039,49.57857894897461,50.31606674194336,41.109981536865234,2321510
2012-11-07,49.806846618652344,49.964881896972656,49.060577392578125,49.48200225830078,40.428504943847656,2932469
2012-11-08,49.25373077392578,49.58735656738281,48.61281967163086,48.62159729003906,39.72554397583008,2240641
2012-11-09,48.42844772338867,48.99034118652344,48.1826171875,48.551361083984375,39.668155670166016,2263876
2012-11-12,48.525020599365234,48.92888641357422,48.463565826416016,48.656715393066406,39.754234313964844,1720573
2012-11-13,48.323089599609375,49.20983123779297,48.31431198120117,48.80596923828125,39.87617874145508,1836524
2012-11-14,48.87620544433594,48.94644546508789,47.96312713623047,48.08604049682617,39.28795623779297,2553296
2012-11-15,48.13871765136719,48.45478439331055,47.8402099609375,47.99824523925781,39.21623611450195,2960944
2012-11-16,47.919227600097656,48.103599548339844,47.42756652832031,48.05970001220703,39.266456604003906,3143071
2012-11-19,48.577701568603516,48.68305587768555,48.015804290771484,48.48112487792969,39.61075973510742,2456709
2012-11-20,48.47234344482422,48.56013870239258,47.98068618774414,48.34064865112305,39.495994567871094,1799734
2012-11-21,48.2967529296875,48.67427444458008,48.261634826660156,48.639156341552734,39.7398796081543,1423978
2012-11-23,48.83230972290039,49.288848876953125,48.726951599121094,49.27128982543945,40.25635528564453,866665
2012-11-26,49.060577392578125,49.15715408325195,48.665496826171875,48.87620544433594,39.93355178833008,1423750
2012-11-27,48.779632568359375,48.981563568115234,48.58647918701172,48.62159729003906,39.72554397583008,1374204
2012-11-28,48.45478439331055,49.086917877197266,48.331871032714844,49.069358825683594,40.091365814208984,1651664
2012-11-29,49.32396697998047,49.490779876708984,49.04301834106445,49.411766052246094,40.37113571166992,1966825
2012-11-30,49.517120361328125,49.920982360839844,49.46444320678711,49.81562805175781,40.701107025146484,2956502
2012-12-03,50.04389953613281,50.1229133605957,49.4205436706543,49.525901794433594,40.464385986328125,1679569
2012-12-04,49.604915618896484,49.84196853637695,49.402984619140625,49.75416946411133,40.650901794433594,1619430
2012-12-05,49.75416946411133,50.41264343261719,49.6575927734375,50.254608154296875,41.05975341796875,1649044
2012-12-06,50.2370491027832,50.702369689941406,50.228271484375,50.51799774169922,41.274959564208984,1702463
2012-12-07,50.54433822631836,50.83406448364258,49.98244094848633,50.31606674194336,41.109981536865234,1751668
2012-12-10,50.2370491027832,50.84284591674805,50.18437194824219,50.33362579345703,41.124324798583984,2162619
2012-12-11,50.53555679321289,51.25548553466797,50.40386199951172,50.94820022583008,41.62644958496094,2390419
2012-12-12,50.904300689697266,51.141353607177734,50.28972625732422,50.395084381103516,41.48552322387695,1561000
2012-12-13,50.43898010253906,50.825286865234375,50.29850769042969,50.55311584472656,41.6156005859375,1976621
2012-12-14,50.38630294799805,50.63213348388672,50.3424072265625,50.395084381103516,41.48552322387695,1549723
2012-12-17,50.32484436035156,51.027217864990234,50.09657669067383,50.87796401977539,41.88302230834961,2259320
2012-12-18,50.95698165893555,51.343284606933594,50.40386199951172,51.15013122558594,42.1070671081543,2735081
2012-12-19,51.28182601928711,51.41352081298828,50.87796401977539,51.027217864990234,42.00589370727539,3001037
2012-12-20,51.141353607177734,51.25548553466797,50.684810638427734,51.246707916259766,42.18657302856445,1975823
2012-12-21,50.4653205871582,51.115013122558594,50.24583053588867,50.55311584472656,41.6156005859375,4965129
2012-12-24,50.41264343261719,50.623355865478516,50.20193099975586,50.4653205871582,41.5433349609375,934208
2012-12-26,50.4653205871582,50.63213348388672,49.92976379394531,50.13169479370117,41.26869583129883,1128066
2012-12-27,50.140472412109375,50.21949005126953,49.394203186035156,49.947322845458984,41.11691665649414,2002248
2012-12-28,49.55223846435547,50.052677154541016,49.4205436706543,49.45566177368164,40.712181091308594,1728433
2012-12-31,49.15715408325195,50.052677154541016,49.15715408325195,49.98244094848633,41.14582061767578,2376865
2013-01-02,50.97454071044922,51.40473937988281,50.702369689941406,51.26426696777344,42.20104217529297,3217561
2013-01-03,51.457420349121094,51.650569915771484,50.702369689941406,51.4661979675293,42.36726760864258,2564459
2013-01-04,51.64179229736328,52.05443572998047,51.41352081298828,51.92273712158203,42.74308776855469,2113301
2013-01-07,51.64179229736328,51.878841400146484,51.29938507080078,51.72080612182617,42.57686233520508,1712828
2013-01-08,51.61545181274414,52.080772399902344,51.448638916015625,52.01931381225586,42.82258987426758,1924341
2013-01-09,52.15100860595703,52.1685676574707,51.68568801879883,51.88762283325195,42.71418762207031,2210457
2013-01-10,52.221248626708984,52.23002624511719,51.77348709106445,52.080772399902344,42.87319564819336,2071385
2013-01-11,52.616329193115234,52.67778778076172,51.966636657714844,52.1685676574707,42.945457458496094,1521704
2013-01-14,52.1685676574707,52.2827033996582,51.94907760620117,52.1597900390625,42.93821716308594,2016600
2013-01-15,52.06321334838867,52.07199478149414,51.72080612182617,51.92273712158203,42.74308776855469,2103619
2013-01-16,52.045654296875,52.11589050292969,51.61545181274414,51.650569915771484,42.519039154052734,1891765
2013-01-17,51.94029998779297,52.107112884521484,51.72080612182617,51.94907760620117,42.764766693115234,1383999
2013-01-18,51.95785903930664,52.440738677978516,51.870059967041016,52.43195724487305,43.16228485107422,2865382
2013-01-22,52.37049865722656,52.65144729614258,52.03687286376953,52.642669677734375,43.33574676513672,2477895
2013-01-23,52.65144729614258,52.65144729614258,52.1597900390625,52.29148483276367,43.0466423034668,2019105
2013-01-24,52.49341583251953,52.65144729614258,52.186126708984375,52.423179626464844,43.155059814453125,2066488
2013-01-25,52.66022872924805,52.67778778076172,52.27392578125,52.58121109008789,43.28514099121094,1653828
2013-01-28,52.67778778076172,52.67778778076172,52.34416198730469,52.36172103881836,43.104461669921875,1578312
2013-01-29,52.25636672973633,52.976295471191406,52.08955383300781,52.91483688354492,43.5598030090332,2663210
2013-01-30,52.818260192871094,52.89727783203125,52.098331451416016,52.212467193603516,42.981597900390625,2177768
2013-01-31,52.08955383300781,52.47585678100586,52.02809524536133,52.05443572998047,42.851505279541016,2961742
2013-02-01,52.57243347167969,53.30992126464844,52.48463439941406,53.24846267700195,43.83442687988281,2861282
2013-02-04,53.11676788330078,53.33626174926758,52.221248626708984,52.2827033996582,43.03941345214844,3206855
2013-02-05,52.53731155395508,53.77524185180664,52.29148483276367,53.75768280029297,44.253631591796875,3515182
2013-02-06,53.52941131591797,53.73134231567383,52.844600677490234,53.35382080078125,43.92116165161133,2229251
2013-02-07,53.23090362548828,53.32748031616211,52.528533935546875,53.11676788330078,43.72602462768555,2389508
2013-02-08,53.30113983154297,53.55575180053711,53.12554931640625,53.494293212890625,44.036808013916016,2065235
2013-02-11,53.37137985229492,53.53819274902344,52.92361831665039,52.976295471191406,43.610374450683594,1556330
2013-02-12,52.88850021362305,53.178226470947266,52.67778778076172,52.99385452270508,43.624839782714844,1528994
2013-02-13,53.16944885253906,53.37137985229492,52.72168731689453,53.072872161865234,43.689884185791016,2057148
2013-02-14,52.89727783203125,53.36259841918945,52.704124450683594,53.32748031616211,43.899478912353516,1941881
2013-02-15,53.784019470214844,53.784019470214844,53.33626174926758,53.7489013671875,44.24639892578125,2497599
2013-02-19,53.7489013671875,53.98595428466797,53.634765625,53.95961380004883,44.41986083984375,1892904
2013-02-20,53.93327331542969,54.22300338745117,53.66988754272461,53.7401237487793,44.239173889160156,2278911
2013-02-21,53.696224212646484,53.696224212646484,52.7392463684082,52.91483688354492,43.5598030090332,2625623
2013-02-22,53.30113983154297,53.57331085205078,52.976295471191406,53.56452941894531,44.09462356567383,1788344
2013-02-25,53.9771728515625,54.2054443359375,53.34503936767578,53.35382080078125,43.92116165161133,2936570
2013-02-26,53.66110610961914,53.88059616088867,53.30992126464844,53.6259880065918,44.14522171020508,2226517
2013-02-27,53.43283462524414,54.28445816040039,53.25724411010742,54.07374954223633,44.513816833496094,1890512
2013-02-28,54.170326232910156,54.18788528442383,53.87181854248047,53.87181854248047,44.347591400146484,2211938
2013-03-01,53.810359954833984,54.2142219543457,53.2835807800293,54.126426696777344,44.557186126708984,1940173
2013-03-04,53.836700439453125,54.33713912963867,53.64354705810547,54.29323959350586,44.69449234008789,2008968
2013-03-05,54.4337158203125,55.04828643798828,54.36347579956055,55.01316833496094,45.28714370727539,2061590
2013-03-06,54.907814025878906,54.92537307739258,54.460052490234375,54.69710159301758,45.34173583984375,1768070
2013-03-07,54.85513687133789,55.81211471557617,54.69710159301758,55.61018371582031,46.09864044189453,4031491
2013-03-08,55.539947509765625,55.93503189086914,55.452152252197266,55.61896514892578,46.105926513671875,2384838
2013-03-11,55.645301818847656,56.09306335449219,55.61018371582031,56.075504302978516,46.484378814697266,2049061
2013-03-12,56.101844787597656,56.172080993652344,55.970149993896484,56.163299560546875,46.55715560913086,2228454
2013-03-13,56.189640045166016,56.3740119934082,56.057945251464844,56.34767150878906,46.7099723815918,1623531
2013-03-14,56.365234375,57.09394073486328,56.365234375,57.08516311645508,47.32133483886719,2849550
2013-03-15,56.77787399291992,57.11149978637695,56.51448440551758,56.611061096191406,46.928321838378906,4055865
2013-03-18,56.075504302978516,56.6022834777832,56.01404571533203,56.38279342651367,46.73910140991211,1867732
2013-03-19,56.46180725097656,56.593502044677734,55.89113235473633,56.46180725097656,46.80459213256836,1792330
2013-03-20,56.76031494140625,56.909568786621094,56.33011245727539,56.56716537475586,46.891937255859375,1871491
2013-03-21,56.172080993652344,56.532047271728516,55.68920135498047,55.95259094238281,46.382476806640625,2528580
2013-03-22,56.189640045166016,56.38279342651367,55.882354736328125,56.2598762512207,46.637203216552734,1819780
2013-03-25,56.58472442626953,56.67251968383789,55.80333709716797,56.12818145751953,46.52804183959961,1950082
2013-03-26,56.22475814819336,56.89200973510742,56.22475814819336,56.88323211669922,47.1539421081543,2185969
2013-03-27,56.54082489013672,56.83055114746094,56.277435302734375,56.76909637451172,47.059329986572266,1721485
2013-03-28,56.62862014770508,57.17295837402344,56.479366302490234,57.09394073486328,47.32861328125,2521290
2013-04-01,56.76909637451172,57.22563552856445,56.62862014770508,56.78665542602539,47.07388687133789,1707247
2013-04-02,57.19929885864258,57.66461944580078,56.935909271240234,57.31343460083008,47.51057052612305,2197359
2013-04-03,57.295875549316406,57.497806549072266,56.681297302246094,56.84811019897461,47.12482452392578,1822514
2013-04-04,56.935909271240234,57.12028121948242,56.47058868408203,56.821773529052734,47.10300827026367,1374659
2013-04-05,56.277435302734375,56.286216735839844,55.57506561279297,55.987709045410156,46.41159439086914,1924568
2013-04-08,55.91747283935547,56.417911529541016,55.7857780456543,56.417911529541016,46.768218994140625,1238207
2013-04-09,56.496925354003906,56.821773529052734,56.04916763305664,56.593502044677734,46.91376876831055,1714195
2013-04-10,56.57594299316406,57.68217849731445,56.44424819946289,57.64706039428711,47.78712463378906,1586399
2013-04-11,57.62950134277344,58.129940032958984,57.480247497558594,58.04214096069336,48.1146354675293,1362814
2013-04-12,58.05970001220703,58.05970001220703,57.51536560058594,57.86655044555664,47.969085693359375,1722054
2013-04-15,57.76997375488281,57.85776901245117,56.57594299316406,56.593502044677734,46.91376876831055,2075258
2013-04-16,56.812992095947266,57.480247497558594,56.64617919921875,57.42756652832031,47.60517120361328,1753377
2013-04-17,56.909568786621094,57.43634796142578,56.172080993652344,57.3748893737793,47.561519622802734,3394562
2013-04-18,57.79631423950195,57.8314323425293,56.52326583862305,56.74275588989258,47.03750228881836,1656789
2013-04-19,56.51448440551758,57.445125579833984,56.51448440551758,57.269535064697266,47.47417449951172,2442927
2013-04-22,57.251976013183594,57.66461944580078,56.812992095947266,57.50658416748047,47.670677185058594,1575123
2013-04-23,57.892887115478516,58.28797149658203,57.42756652832031,58.261634826660156,48.29658508300781,1444822
2013-04-24,58.56013870239258,58.779632568359375,58.34064865112305,58.5338020324707,48.52220153808594,1460312
2013-04-25,58.7620735168457,58.80596923828125,58.37576675415039,58.62159729003906,48.5949821472168,1738456
2013-04-26,58.61281967163086,58.62159729003906,58.121158599853516,58.463565826416016,48.46397399902344,982046
2013-04-29,58.42844772338867,59.04301834106445,58.2967529296875,58.94644546508789,48.86426544189453,1081481
2013-04-30,58.81475067138672,59.13081741333008,58.70939254760742,59.12203598022461,49.009830474853516,1869896
2013-05-01,59.16593551635742,59.16593551635742,58.56013870239258,58.665496826171875,48.631378173828125,1755427
2013-05-02,58.67427444458008,59.47322082519531,58.47234344482422,59.16593551635742,49.04622268676758,1912951
2013-05-03,60.15803146362305,60.825286865234375,59.719051361083984,60.78138732910156,50.3853645324707,2141092
2013-05-06,60.71992874145508,60.71992874145508,60.166812896728516,60.29850769042969,49.98507308959961,1525121
2013-05-07,60.42142105102539,60.658470153808594,60.166812896728516,60.27216720581055,49.96323776245117,2227542
2013-05-08,60.263389587402344,60.40386199951172,60.061458587646484,60.193153381347656,49.89773941040039,2788272
2013-05-09,60.482879638671875,61.676910400390625,60.40386199951172,61.457420349121094,50.945762634277344,3489554
2013-05-10,61.562774658203125,61.6944694519043,61.08867263793945,61.48375701904297,50.96760177612305,1882767
2013-05-13,61.26426696777344,61.60667419433594,61.229148864746094,61.52765655517578,51.003990173339844,1545965
2013-05-14,61.63301086425781,62.25636672973633,61.62423324584961,62.1685676574707,51.53528594970703,2074005
2013-05-15,62.20368576049805,62.99385452270508,62.11589050292969,62.985076904296875,52.21214294433594,2558536
2013-05-16,62.79192352294922,63.13432693481445,62.23002624511719,62.31782150268555,51.65900421142578,2192461
2013-05-17,62.7392463684082,63.21334457397461,62.33538055419922,63.20456314086914,52.39407730102539,2910145
2013-05-20,63.21334457397461,63.21334457397461,62.17734909057617,62.37928009033203,51.709957122802734,2452153
2013-05-21,62.36172103881836,62.71290588378906,62.1685676574707,62.36172103881836,51.695396423339844,2231643
2013-05-22,62.414398193359375,62.49341583251953,61.474979400634766,61.68568801879883,51.13499069213867,3174621
2013-05-23,61.37840270996094,61.64179229736328,61.21158981323242,61.39596176147461,50.89482116699219,2207610
2013-05-24,61.16769027709961,61.32572555541992,60.83406448364258,61.32572555541992,50.83660125732422,1788116
2013-05-28,61.896400451660156,62.3880615234375,61.650569915771484,61.88762283325195,51.30237579345703,2093824
2013-05-29,61.457420349121094,61.63301086425781,61.018436431884766,61.25548553466797,50.77836608886719,1695857
2013-05-30,61.4661979675293,61.63301086425781,61.29060745239258,61.29060745239258,50.80748748779297,1700755
2013-05-31,60.95698165893555,61.59789276123047,60.21949005126953,60.33362579345703,50.01418685913086,3552769
2013-06-03,60.280948638916016,61.115013122558594,60.280948638916016,61.06233596801758,50.61825942993164,2462290
2013-06-04,60.97454071044922,61.343284606933594,60.24583053588867,60.55311584472656,50.196128845214844,2023320
2013-06-05,60.254608154296875,60.49165725708008,59.517120361328125,59.57857894897461,49.38828659057617,1976165
2013-06-06,59.4205436706543,59.72783279418945,59.069358825683594,59.6488151550293,49.446502685546875,2544070
2013-06-07,60.149253845214844,60.623355865478516,59.859527587890625,60.50043869018555,50.1524658203125,2335633
2013-06-10,60.54433822631836,60.66725158691406,60.21071243286133,60.38630294799805,50.057861328125,1297663
2013-06-11,59.99121856689453,60.30728530883789,59.68393325805664,59.79806900024414,49.57022476196289,1816705
2013-06-12,59.920982360839844,60.0,59.05179977416992,59.113258361816406,49.3175163269043,1646311
2013-06-13,59.113258361816406,60.13169479370117,58.96400451660156,59.947322845458984,50.01338195800781,1762375
2013-06-14,59.745391845703125,60.175594329833984,59.56979751586914,59.71027374267578,49.815616607666016,1620455
2013-06-17,60.193153381347656,60.658470153808594,60.04389953613281,60.31606674194336,50.32100296020508,1931402
2013-06-18,60.28972625732422,61.17647171020508,60.2370491027832,61.10623550415039,50.98024368286133,1458148
2013-06-19,60.64969253540039,61.43986129760742,60.509220123291016,60.61457443237305,50.57006072998047,2168998
2013-06-20,60.08779525756836,60.280948638916016,59.771728515625,59.8770866394043,49.95478057861328,2839413
2013-06-21,60.29850769042969,60.56189727783203,59.69271469116211,60.29850769042969,50.30636215209961,3641725
2013-06-24,60.07023620605469,60.51799774169922,59.79806900024414,60.035118103027344,50.08661651611328,2064210
2013-06-25,60.71992874145508,60.71992874145508,59.84196853637695,60.43898010253906,50.42355728149414,1499721
2013-06-26,61.018436431884766,61.2379264831543,60.711151123046875,60.886741638183594,50.797115325927734,1947121
2013-06-27,61.17647171020508,61.38718032836914,60.74626922607422,60.904300689697266,50.811763763427734,1571592
2013-06-28,60.50043869018555,60.904300689697266,60.140472412109375,60.456539154052734,50.43820571899414,3545479
2013-07-01,60.43020248413086,61.38718032836914,60.35996627807617,60.97454071044922,50.87037658691406,2221278
2013-07-02,61.273048400878906,61.88762283325195,60.75504684448242,61.52765655517578,51.33182144165039,2683484
2013-07-03,61.18524932861328,61.97541809082031,61.07111358642578,61.668128967285156,51.44902038574219,1200392
2013-07-05,62.01931381225586,62.48463439941406,61.457420349121094,62.11589050292969,51.82257843017578,1748023
2013-07-08,62.23002624511719,62.57243347167969,62.13344955444336,62.309043884277344,51.98371505737305,1546420
2013-07-09,62.33538055419922,62.633888244628906,62.238807678222656,62.37049865722656,52.03500747680664,1692668
2013-07-10,62.212467193603516,63.09920883178711,62.194908142089844,62.99385452270508,52.5550537109375,1924113
2013-07-11,63.406497955322266,63.73134231567383,62.99385452270508,63.08164978027344,52.6283073425293,2565939
2013-07-12,63.20456314086914,64.47761535644531,63.15188980102539,64.4512710571289,53.77096176147461,3199451
2013-07-15,64.31079864501953,64.37225341796875,63.406497955322266,63.52941131591797,53.001869201660156,2370942
2013-07-16,63.68744659423828,63.76646041870117,63.274803161621094,63.47673416137695,52.957923889160156,1484914
2013-07-17,63.801578521728516,63.95961380004883,63.44161605834961,63.494293212890625,52.972564697265625,2153052
2013-07-18,63.801578521728516,64.13520812988281,63.70500564575195,63.93327331542969,53.33879470825195,1459173
2013-07-19,64.21422576904297,64.24056243896484,63.44161605834961,63.98595428466797,53.382755279541016,2580291
2013-07-22,64.78489685058594,64.82001495361328,63.90693664550781,64.23178100585938,53.58784866333008,1826159
2013-07-23,64.24056243896484,64.38103485107422,63.634765625,63.64354705810547,53.097084045410156,1754971
2013-07-24,64.04740905761719,64.04740905761719,63.25724411010742,63.406497955322266,52.89932632446289,1464868
2013-07-25,63.37137985229492,63.56452941894531,62.91483688354492,63.36259841918945,52.862709045410156,1791191
2013-07-26,63.25724411010742,63.65232849121094,62.958736419677734,63.634765625,53.08976745605469,1624897
2013-07-29,63.35382080078125,63.64354705810547,63.08164978027344,63.30113983154297,52.81141662597656,1054828
2013-07-30,63.81914138793945,63.81914138793945,63.22212600708008,63.33626174926758,52.84072494506836,1426598
2013-07-31,63.75768280029297,63.898155212402344,63.24846267700195,63.292362213134766,52.804107666015625,2489285
2013-08-01,61.905181884765625,63.23090362548828,61.553993225097656,63.08164978027344,52.6283073425293,2633368
2013-08-02,62.528533935546875,62.87971878051758,62.212467193603516,62.844600677490234,52.43053436279297,2377890
2013-08-05,62.80070114135742,62.958736419677734,62.47585678100586,62.862159729003906,52.44518280029297,2314562
2013-08-06,62.756805419921875,63.54697036743164,62.423179626464844,63.42405700683594,52.91396713256836,1926960
2013-08-07,63.30992126464844,63.45917510986328,62.92361831665039,63.20456314086914,52.730857849121094,1663965
2013-08-08,63.52941131591797,63.784019470214844,63.16944885253906,63.5118522644043,52.98721694946289,1566581
2013-08-09,63.274803161621094,63.7401237487793,63.160667419433594,63.61720657348633,53.07510757446289,1410993
2013-08-12,63.22212600708008,63.942054748535156,63.12554931640625,63.915714263916016,53.324153900146484,1452681
2013-08-13,64.08252716064453,64.11764526367188,63.77524185180664,64.08252716064453,53.463314056396484,2841919
2013-08-14,63.95083236694336,64.16154479980469,63.77524185180664,63.810359954833984,53.23625946044922,1584805
2013-08-15,63.406497955322266,63.42405700683594,62.642669677734375,62.87093734741211,52.452518463134766,1769323
2013-08-16,62.748023986816406,63.2835807800293,62.66900634765625,63.11676788330078,52.65760040283203,2041771
2013-08-19,62.87093734741211,63.42405700683594,62.87093734741211,63.12554931640625,52.6649284362793,1581843
2013-08-20,63.02897262573242,63.66110610961914,62.99385452270508,63.5118522644043,52.98721694946289,1400970
2013-08-21,63.34503936767578,63.54697036743164,62.87093734741211,63.064090728759766,52.613651275634766,1781852
2013-08-22,63.22212600708008,63.77524185180664,63.12554931640625,63.599647521972656,53.06045913696289,922021
2013-08-23,63.634765625,63.70500564575195,63.22212600708008,63.45917510986328,52.943275451660156,1501658
2013-08-26,61.360843658447266,63.634765625,61.360843658447266,63.23968505859375,52.76014709472656,1251989
2013-08-27,62.528533935546875,62.844600677490234,62.24758529663086,62.2827033996582,51.961769104003906,1858620
2013-08-28,62.440738677978516,62.68656539916992,62.20368576049805,62.2827033996582,51.961769104003906,1810099
2013-08-29,62.14223098754883,62.89727783203125,61.82616424560547,62.59877014160156,52.225440979003906,1614760
2013-08-30,62.58999252319336,62.60755157470703,62.124671936035156,62.47585678100586,52.122901916503906,1715334
2013-09-03,63.19578552246094,63.608428955078125,62.33538055419922,62.69534683227539,52.3060188293457,2068652
2013-09-04,61.536434173583984,63.318702697753906,61.246707916259766,63.25724411010742,52.774810791015625,1904180
2013-09-05,63.064090728759766,63.54697036743164,63.02897262573242,63.5118522644043,52.98721694946289,1329896
2013-09-06,63.608428955078125,64.3371353149414,62.66022872924805,64.2054443359375,53.565879821777344,2637582
2013-09-09,64.21422576904297,64.91659545898438,64.21422576904297,64.78489685058594,54.04930114746094,1936642
2013-09-10,65.30289459228516,65.30289459228516,64.74099731445312,64.74099731445312,54.0126953125,3594684
2013-09-11,64.4073715209961,65.06584930419922,64.24934387207031,64.9780502319336,54.53214645385742,3492516
2013-09-12,64.8902587890625,65.41703033447266,64.7497787475586,65.12730407714844,54.65740966796875,1521818
2013-09-13,65.17120361328125,65.25900268554688,64.49517059326172,65.04828643798828,54.591087341308594,2144054
2013-09-16,65.71553802490234,65.78577423095703,64.99561309814453,65.05706787109375,54.59845733642578,2229934
2013-09-17,65.17998504638672,65.32923889160156,64.88147735595703,65.1097412109375,54.64265823364258,2614119
2013-09-18,65.11852264404297,65.72431945800781,64.7497787475586,65.61896514892578,55.07002639770508,1884020
2013-09-19,65.75065612792969,65.80333709716797,65.39069366455078,65.5662841796875,55.02581024169922,1887779
2013-09-20,65.63652038574219,65.74188232421875,65.28533935546875,65.34679412841797,54.84159469604492,2742598
2013-09-23,65.14486694335938,65.51361083984375,63.836700439453125,64.2054443359375,53.883750915527344,3461535
2013-09-24,63.608428955078125,64.35469818115234,63.467952728271484,64.04740905761719,53.75110626220703,2185399
2013-09-25,64.17032623291016,64.28446197509766,63.494293212890625,63.66988754272461,53.43428421020508,1334908
2013-09-26,63.942054748535156,64.26689910888672,63.713783264160156,64.02107238769531,53.72900390625,1366003
2013-09-27,63.827919006347656,63.8542594909668,62.87093734741211,63.70500564575195,53.46376037597656,1590044
2013-09-30,63.48551559448242,63.66110610961914,63.11676788330078,63.54697036743164,53.33112716674805,2005437
2013-10-01,63.722564697265625,63.722564697265625,63.11676788330078,63.35382080078125,53.16902160644531,1691757
2013-10-02,63.21334457397461,63.30992126464844,62.91483688354492,63.23090362548828,53.06585693359375,1970128
2013-10-03,62.958736419677734,63.21334457397461,62.238807678222656,62.423179626464844,52.38800048828125,1552001
2013-10-04,62.56365203857422,62.87093734741211,62.2827033996582,62.79192352294922,52.69745635986328,1413499
2013-10-07,62.238807678222656,62.642669677734375,61.91395950317383,62.35293960571289,52.32904815673828,1003003
2013-10-08,62.45829772949219,62.54609298706055,61.60667419433594,61.668128967285156,51.75432586669922,1712031
2013-10-09,61.676910400390625,61.984195709228516,61.37840270996094,61.7032470703125,51.78380584716797,1612141
2013-10-10,62.194908142089844,63.15188980102539,61.992977142333984,63.046531677246094,52.91112518310547,1597448
2013-10-11,62.56365203857422,63.67866516113281,62.528533935546875,63.66110610961914,53.426902770996094,1225564
2013-10-14,63.52941131591797,63.99473190307617,63.33626174926758,63.96839141845703,53.68479919433594,1124535
2013-10-15,63.68744659423828,63.836700439453125,63.37137985229492,63.494293212890625,53.28691482543945,2040177
2013-10-16,64.04740905761719,64.78489685058594,63.84547805786133,64.72344207763672,54.3184700012207,2066374
2013-10-17,64.4512710571289,65.10096740722656,64.31079864501953,65.03950500488281,54.583717346191406,1608838
2013-10-18,65.10096740722656,65.40825653076172,64.85513305664062,65.1360855102539,54.66477584838867,1962155
2013-10-21,64.96049499511719,65.62774658203125,64.87269592285156,65.58384704589844,55.040557861328125,1410765
2013-10-22,65.7770004272461,66.50570678710938,65.53116607666016,66.24231719970703,55.59315872192383,1556671
2013-10-23,66.05794525146484,66.11940002441406,65.69798278808594,65.94380950927734,55.34264373779297,1266112
2013-10-24,66.11062622070312,66.40913391113281,65.97014617919922,66.20719909667969,55.563697814941406,1583096
2013-10-25,66.11940002441406,66.47058868408203,65.81211853027344,66.29499816894531,55.63738250732422,1330124
2013-10-28,66.12818145751953,66.7954330444336,65.97892761230469,66.43547058105469,55.7552604675293,1877186
2013-10-29,66.76031494140625,67.30464935302734,66.34767150878906,67.03248596191406,56.256309509277344,1917393
2013-10-30,66.64617919921875,66.64617919921875,64.76734161376953,65.23265838623047,54.74580764770508,2471061
2013-10-31,65.19754028320312,66.06672668457031,64.9780502319336,65.87357330322266,55.2837028503418,3106053
2013-11-01,66.15452575683594,66.2686538696289,65.75065612792969,66.11940002441406,55.49000930786133,2109770
2013-11-04,66.4793701171875,66.64617919921875,65.80333709716797,66.29499816894531,55.63738250732422,1800873
2013-11-05,66.06672668457031,66.43547058105469,65.61896514892578,66.29499816894531,55.63738250732422,1329099
2013-11-06,66.14574432373047,66.76909637451172,66.12818145751953,66.57594299316406,55.8731575012207,1427737
2013-11-07,66.85689544677734,67.08515930175781,66.03160858154297,66.136962890625,55.50475311279297,1745745
2013-11-08,66.23353576660156,66.75153350830078,66.03160858154297,66.73397827148438,56.005794525146484,1570909
2013-11-11,66.57594299316406,66.76031494140625,66.28621673583984,66.51448822021484,55.821571350097656,1328871
2013-11-12,66.4530258178711,66.63739776611328,66.18963623046875,66.4793701171875,55.792110443115234,2064551
2013-11-13,66.41790771484375,67.16417694091797,66.05794525146484,67.12027740478516,56.329994201660156,2775629
2013-11-14,67.28709411621094,67.98068237304688,67.17295837402344,67.57682037353516,56.71312713623047,2494752
2013-11-15,67.48902130126953,67.954345703125,67.20807647705078,67.89289093017578,56.978389739990234,2674030
2013-11-18,67.91922760009766,68.21773529052734,67.72607421875,67.91922760009766,57.00049591064453,2006235
2013-11-19,69.1834945678711,70.62335205078125,68.7269515991211,69.9824447631836,58.73202896118164,7722648
2013-11-20,70.15803527832031,70.35118865966797,69.19227600097656,69.40298461914062,58.2457160949707,3275536
2013-11-21,69.6400375366211,70.12291717529297,69.47322082519531,70.04389953613281,58.78361892700195,2192575
2013-11-22,69.92976379394531,70.27217102050781,69.85074615478516,70.2458267211914,58.95305633544922,1765906
2013-11-25,70.23705291748047,70.5882339477539,70.18437194824219,70.3424072265625,59.03412628173828,1921721
2013-11-26,73.02897644042969,73.59086608886719,70.06145477294922,70.50921630859375,59.17411804199219,2641911
2013-11-27,70.50044250488281,70.69358825683594,70.20193481445312,70.52677917480469,59.18886947631836,1211213
2013-11-29,70.39508056640625,70.80772399902344,70.21949005126953,70.25460815429688,58.960426330566406,951065
2013-12-02,70.19315338134766,70.35118865966797,69.74539184570312,69.85952758789062,58.628875732421875,1557583
2013-12-03,70.5443344116211,70.95697784423828,69.97366333007812,70.53556060791016,59.19620895385742,3243075
2013-12-04,70.14047241210938,70.3599624633789,69.13081359863281,69.64881134033203,58.4520149230957,2120249
2013-12-05,69.315185546875,69.82440948486328,68.83230590820312,68.94644165039062,57.86256790161133,2527327
2013-12-06,69.7541732788086,70.03511810302734,69.47322082519531,69.93854522705078,58.6951789855957,2130727
2013-12-09,69.97366333007812,70.03511810302734,68.97278594970703,69.36786651611328,58.21625900268555,2705581
2013-12-10,69.23617553710938,69.40298461914062,68.79718780517578,68.92888641357422,57.84782791137695,2278456
2013-12-11,68.74451446533203,68.96400451660156,67.79631042480469,67.98068237304688,57.40302276611328,3309251
2013-12-12,67.78753662109375,68.26163482666016,67.69095611572266,67.73485565185547,57.1954460144043,3402421
2013-12-13,68.1826171875,68.27919006347656,67.58560180664062,67.62071990966797,57.09907913208008,1884817
2013-12-16,68.0684814453125,68.45478820800781,67.76997375488281,68.05970001220703,57.46974563598633,1548129
2013-12-17,67.42756652832031,68.05970001220703,67.26953125,67.8226547241211,57.26957702636719,1950082
2013-12-18,68.23529052734375,69.49078369140625,67.7085189819336,69.43810272216797,58.6336784362793,3256287
2013-12-19,69.66637420654297,70.10535430908203,69.24494934082031,69.73661041259766,58.885738372802734,2828365
2013-12-20,69.72782897949219,70.44776153564453,69.3415298461914,70.21070861816406,59.28605651855469,4040375
2013-12-23,70.50921630859375,70.5882339477539,69.99121856689453,70.18437194824219,59.263832092285156,1624442
2013-12-24,70.04389953613281,70.49166107177734,69.8858642578125,70.4301986694336,59.47139358520508,682944
2013-12-26,70.63213348388672,71.0008773803711,70.35118865966797,70.89552307128906,59.86431121826172,996967
2013-12-27,71.07989501953125,71.23793029785156,70.72870635986328,70.86918640136719,59.842071533203125,823497
2013-12-30,70.95697784423828,71.20281219482422,70.684814453125,71.18524932861328,60.10897445678711,818599
2013-12-31,71.32572174072266,71.59789276123047,70.80772399902344,70.93942260742188,59.901371002197266,1258139
2014-01-02,70.38630676269531,70.63213348388672,69.69271087646484,70.1141357421875,59.204498291015625,2239160
2014-01-03,70.42142486572266,71.43985748291016,70.23705291748047,70.87796020507812,59.84947967529297,2218886
2014-01-06,70.7726058959961,71.08867645263672,69.70149230957031,70.07023620605469,59.167442321777344,1748365
2014-01-07,70.21949005126953,71.132568359375,70.14047241210938,70.92185974121094,59.88655471801758,1567492
2014-01-08,70.50044250488281,70.8867416381836,70.15803527832031,70.5443344116211,59.56776428222656,2130044
2014-01-09,72.87094116210938,72.87094116210938,70.7023696899414,70.79016876220703,59.77534484863281,1645513
2014-01-10,71.16769409179688,71.21158599853516,70.20193481445312,70.5443344116211,59.56776428222656,1679228
2014-01-13,70.48287963867188,70.52677917480469,69.21861267089844,69.40298461914062,58.60401153564453,2377663
2014-01-14,69.63125610351562,70.26338958740234,69.30641174316406,70.19315338134766,59.271236419677734,1830487
2014-01-15,70.23705291748047,70.79894256591797,69.9824447631836,70.31607055664062,59.37501525878906,2306589
2014-01-16,70.27217102050781,70.46531677246094,69.9824447631836,70.07023620605469,59.167442321777344,1196178
2014-01-17,69.81562805175781,70.53556060791016,69.74539184570312,70.21070861816406,59.28605651855469,3122113
2014-01-21,70.60579681396484,70.93942260742188,70.07023620605469,70.51799774169922,59.545528411865234,1649386
2014-01-22,70.59701538085938,70.86918640136719,70.27217102050781,70.5706787109375,59.590023040771484,1485712
2014-01-23,71.9315185546875,72.43196105957031,69.23617553710938,69.63125610351562,58.79676818847656,1633098
2014-01-24,69.19227600097656,69.20105743408203,67.56803894042969,67.57682037353516,57.0620002746582,2400898
2014-01-27,67.03248596191406,68.0684814453125,67.03248596191406,67.16417694091797,56.713558197021484,1976279
2014-01-28,67.05882263183594,67.77875518798828,66.9095687866211,67.62950134277344,57.106475830078125,1775929
2014-01-29,67.11150360107422,67.81387329101562,66.88323211669922,67.19052124023438,56.735809326171875,1866138
2014-01-30,67.55926513671875,68.16505432128906,67.03248596191406,67.86654663085938,57.306644439697266,1592550
2014-01-31,66.7251968383789,67.72607421875,66.67252349853516,67.2519760131836,56.787696838378906,2120362
2014-02-03,67.26075744628906,67.4100112915039,64.78489685058594,65.03950500488281,54.91948318481445,3623501
2014-02-04,68.410888671875,68.410888671875,63.13432693481445,65.80333709716797,55.56446838378906,4449504
2014-02-05,67.00614929199219,67.00614929199219,63.81914138793945,64.55662536621094,54.51175308227539,3263349
2014-02-06,64.48638916015625,65.25900268554688,64.17910766601562,65.14486694335938,55.00844955444336,2685079
2014-02-07,65.3204574584961,65.81211853027344,64.92536926269531,65.75065612792969,55.51997756958008,1928783
2014-02-10,66.2686538696289,66.3827896118164,64.82001495361328,65.3643569946289,55.19379425048828,2286998
2014-02-11,65.07463073730469,65.75943756103516,64.9780502319336,65.5487289428711,55.34947204589844,2872672
2014-02-12,66.34767150878906,66.63739776611328,65.67163848876953,66.35645294189453,56.031524658203125,4587436
2014-02-13,66.06672668457031,66.97102355957031,66.0228271484375,66.9095687866211,56.498573303222656,2309323
2014-02-14,66.50570678710938,67.1553955078125,66.11062622070312,66.96224975585938,56.543052673339844,1944843
2014-02-18,67.12027740478516,67.22563934326172,66.51448822021484,67.1553955078125,56.70614242553711,2041771
2014-02-19,66.76031494140625,67.56803894042969,66.64617919921875,66.85689544677734,56.4540901184082,1825931
2014-02-20,66.93590545654297,67.50658416748047,66.60227966308594,67.17295837402344,56.72098922729492,1418283
2014-02-21,67.4100112915039,67.5943832397461,66.83055114746094,66.90078735351562,56.491146087646484,2227428
2014-02-24,66.99736785888672,68.02458190917969,66.90078735351562,67.42756652832031,56.935970306396484,1967281
2014-02-25,67.58560180664062,67.80509185791016,66.97102355957031,67.6119384765625,57.0916633605957,1770006
2014-02-26,67.99824523925781,68.05970001220703,67.43634796142578,67.97190856933594,57.395606994628906,2613322
2014-02-27,67.7085189819336,68.39332580566406,67.69095611572266,68.23529052734375,57.618011474609375,2288137
2014-02-28,68.37577056884766,68.89376831054688,67.77875518798828,68.28797149658203,57.66249465942383,2678245
2014-03-03,67.64705657958984,67.76997375488281,67.01492309570312,67.31343078613281,56.839599609375,1996325
2014-03-04,68.21773529052734,68.93766784667969,68.09481811523438,68.87620544433594,58.15920639038086,2941468
2014-03-05,68.48112487792969,68.63916015625,68.02458190917969,68.23529052734375,57.618011474609375,1894840
2014-03-06,68.37577056884766,68.68305206298828,68.16505432128906,68.50746154785156,57.84783172607422,1529221
2014-03-07,68.87620544433594,69.2976303100586,68.60404205322266,68.97278594970703,58.24074935913086,1830373
2014-03-10,68.9991226196289,69.1132583618164,68.27919006347656,68.66549682617188,57.98128890991211,1932427
2014-03-11,68.77963256835938,68.8849868774414,68.13871765136719,68.39332580566406,57.75144958496094,1555760
2014-03-12,67.8402099609375,68.27919006347656,67.60316467285156,68.20895385742188,57.952857971191406,1903497
2014-03-13,68.28797149658203,68.44600677490234,67.33099365234375,67.5943832397461,57.43070602416992,3153549
2014-03-14,68.07726287841797,68.3143081665039,67.43634796142578,68.0860366821289,57.848411560058594,2632115
2014-03-17,68.410888671875,68.92010498046875,68.22651672363281,68.91132354736328,58.549625396728516,2947390
2014-03-18,68.80596923828125,69.39420318603516,68.7269515991211,69.35030364990234,58.92259979248047,1994275
2014-03-19,69.4293212890625,69.4293212890625,68.30553436279297,68.73573303222656,58.40044021606445,1577287
2014-03-20,68.34942626953125,68.93766784667969,68.1826171875,68.77963256835938,58.43773651123047,1344020
2014-03-21,69.64881134033203,69.70149230957031,68.04214477539062,68.26163482666016,57.997623443603516,5281999
2014-03-24,68.35820770263672,68.48112487792969,66.86566925048828,67.12027740478516,57.027889251708984,2233010
2014-03-25,67.33099365234375,67.90166473388672,66.97980499267578,67.32221221923828,57.199462890625,1823197
2014-03-26,67.69095611572266,67.8226547241211,66.90078735351562,66.90078735351562,56.84138870239258,1611913
2014-03-27,66.76909637451172,67.35733032226562,66.33011627197266,67.31343078613281,57.19199752807617,2465593
2014-03-28,67.6119384765625,68.19139862060547,67.22563934326172,67.55926513671875,57.4008674621582,1505986
2014-03-31,67.72607421875,68.14749908447266,67.4100112915039,67.83142852783203,57.63211441040039,1653372
2014-04-01,67.64705657958984,68.0684814453125,67.28709411621094,68.04214477539062,57.81113052368164,2012841
2014-04-02,67.96312713623047,68.3845443725586,67.83142852783203,68.19139862060547,57.93794250488281,1898599
2014-04-03,68.46356201171875,68.48112487792969,67.62071990966797,67.92800903320312,57.714149475097656,1351537
2014-04-04,68.27919006347656,68.28797149658203,66.52326965332031,66.5671615600586,56.55793762207031,2304539
2014-04-07,66.69886016845703,66.89201354980469,65.86479187011719,66.08428192138672,56.14765548706055,1949854
2014-04-08,66.2510986328125,66.67252349853516,65.98770904541016,66.33889770507812,56.36399459838867,1896093
2014-04-09,66.25988006591797,66.69007873535156,65.89990997314453,66.61984252929688,56.602699279785156,1808276
2014-04-10,68.55136108398438,68.59526062011719,66.0403823852539,66.0403823852539,56.110355377197266,4243231
2014-04-11,65.55751037597656,66.10184478759766,64.69710540771484,64.73222351074219,54.9989013671875,3110040
2014-04-14,65.32923889160156,65.46971130371094,64.42493438720703,65.17998504638672,55.37933349609375,2255562
2014-04-15,65.23265838623047,65.96137237548828,64.7936782836914,65.91747283935547,56.00592803955078,2401923
2014-04-16,66.46180725097656,66.46180725097656,65.57506561279297,66.22476196289062,56.26701736450195,2195423
2014-04-17,66.05794525146484,67.12027740478516,66.0228271484375,66.99736785888672,56.92345428466797,2322877
2014-04-21,66.52326965332031,67.11150360107422,66.52326965332031,66.77787780761719,56.736961364746094,1054828
2014-04-22,66.8393325805664,67.26075744628906,66.51448822021484,67.01492309570312,56.93836975097656,1355068
2014-04-23,66.60227966308594,67.19929504394531,66.60227966308594,66.97980499267578,56.90852737426758,1582641
2014-04-24,67.46268463134766,67.62071990966797,67.00614929199219,67.26953125,57.154701232910156,1744948
2014-04-25,66.93590545654297,67.32221221923828,66.28621673583984,66.42668914794922,56.438575744628906,1637654
2014-04-28,66.76031494140625,67.19052124023438,65.83845520019531,66.44425201416016,56.4535026550293,2413655
2014-04-29,66.86566925048828,67.71729278564453,66.74275970458984,67.5943832397461,57.43070602416992,2152482
2014-04-30,66.76909637451172,68.78841400146484,66.76031494140625,68.44600677490234,58.15426254272461,2429487
2014-05-01,68.45478820800781,68.71817779541016,67.92800903320312,68.14749908447266,57.90065002441406,1468968
2014-05-02,68.21773529052734,68.6567153930664,67.86654663085938,68.07726287841797,57.840965270996094,2004640
2014-05-05,67.84899139404297,68.43722534179688,67.3836669921875,68.36698913574219,58.08713912963867,1389466
2014-05-06,67.98946380615234,68.12993621826172,67.57682037353516,67.65583801269531,57.48291015625,1924113
2014-05-07,67.8226547241211,68.05970001220703,67.12905883789062,68.00702667236328,57.78129577636719,2406365
2014-05-08,67.88410949707031,68.63037872314453,67.72607421875,68.34942626953125,58.072208404541016,2093026
2014-05-09,68.14749908447266,68.70939636230469,68.05091857910156,68.5425796508789,58.2363166809082,1540384
2014-05-12,68.47234344482422,69.46443939208984,68.47234344482422,69.26251220703125,58.84800338745117,1502797
2014-05-13,69.27129364013672,69.46443939208984,69.00790405273438,69.28884887695312,58.87036895751953,1416005
2014-05-14,69.37664794921875,69.44688415527344,68.4284439086914,68.56014251708984,58.25124740600586,1144467
2014-05-15,68.34942626953125,68.48112487792969,67.1378402709961,67.3836669921875,57.25165939331055,2406593
2014-05-16,67.5241470336914,68.34065246582031,67.12027740478516,68.3143081665039,58.04237747192383,2084142
2014-05-19,68.05970001220703,68.58647918701172,67.91922760009766,68.5250244140625,58.221405029296875,1277502
2014-05-20,68.6128158569336,68.6128158569336,67.92800903320312,68.09481811523438,57.855892181396484,1880489
2014-05-21,68.5425796508789,68.5425796508789,67.97190856933594,68.23529052734375,57.97523880004883,1481611
2014-05-22,68.3845443725586,68.7269515991211,68.05970001220703,68.55136108398438,58.24376678466797,1132166
2014-05-23,68.76206970214844,69.25373077392578,68.60404205322266,69.2273941040039,58.81815719604492,1103122
2014-05-27,69.36786651611328,69.62247467041016,69.23617553710938,69.62247467041016,59.15385055541992,1335364
2014-05-28,69.99121856689453,70.05268096923828,69.19227600097656,69.24494934082031,58.83308029174805,1426142
2014-05-29,69.51712036132812,69.85952758789062,69.27129364013672,69.85074615478516,59.34779357910156,1210529
2014-05-30,70.0175552368164,70.1316909790039,69.68392944335938,69.95610046386719,59.43729019165039,2530402
2014-06-02,69.92976379394531,70.16681671142578,69.49078369140625,69.69271087646484,59.21351623535156,1116676
2014-06-03,69.28884887695312,69.69271087646484,68.9552230834961,69.10447692871094,58.71373748779297,2615827
2014-06-04,68.7708511352539,69.21861267089844,68.55136108398438,69.20983123779297,58.803245544433594,2659109
2014-06-05,69.17471313476562,69.21861267089844,68.4986801147461,69.09569549560547,58.706275939941406,1725813
2014-06-06,69.50833892822266,69.94731903076172,69.1834945678711,69.89464569091797,59.385101318359375,1608724
2014-06-09,69.8683090209961,70.35118865966797,69.82440948486328,70.23705291748047,59.67599868774414,1460084
2014-06-10,69.99121856689453,70.56189727783203,69.68392944335938,69.71027374267578,59.22844314575195,2255448
2014-06-11,69.00790405273438,69.32396697998047,68.56891632080078,68.9552230834961,58.94324493408203,1827412
2014-06-12,68.55136108398438,69.03424072265625,68.43722534179688,68.70061492919922,58.7255973815918,1331947
2014-06-13,68.9552230834961,69.42054748535156,68.70061492919922,69.19227600097656,59.1458625793457,1233651
2014-06-16,68.89376831054688,69.47322082519531,68.87620544433594,69.05180358886719,59.02581024169922,1170095
2014-06-17,68.90254974365234,69.20105743408203,68.66549682617188,68.67427825927734,58.70309066772461,2226062
2014-06-18,68.67427825927734,69.09569549560547,68.410888671875,69.01667785644531,58.99578094482422,2551360
2014-06-19,69.25373077392578,69.28884887695312,68.78841400146484,68.8849868774414,58.88322067260742,1875591
2014-06-20,69.23617553710938,69.93854522705078,68.92010498046875,69.7541732788086,59.626190185546875,3984792
2014-06-23,69.67515563964844,69.87708282470703,69.23617553710938,69.55223846435547,59.45357894897461,1049247
2014-06-24,69.49078369140625,69.91220092773438,69.2273941040039,69.4117660522461,59.33349609375,1189572
2014-06-25,69.14837646484375,69.74539184570312,69.01667785644531,69.57857513427734,59.476078033447266,1182396
2014-06-26,69.60491943359375,69.60491943359375,69.03424072265625,69.4556655883789,59.371036529541016,1000156
2014-06-27,69.4117660522461,69.84196472167969,69.23617553710938,69.78050994873047,59.64870834350586,1553938
2014-06-30,69.47322082519531,69.78929138183594,69.20105743408203,69.60491943359375,59.49862289428711,1275452
2014-07-01,69.90342712402344,70.72870635986328,69.53468322753906,70.56189727783203,60.31664276123047,1871947
2014-07-02,70.2458267211914,70.5443344116211,69.89464569091797,70.4301986694336,60.204063415527344,1591069
2014-07-03,70.23705291748047,70.7726058959961,70.23705291748047,70.75505065917969,60.481754302978516,883295
2014-07-07,70.39508056640625,70.69358825683594,70.32484436035156,70.62335205078125,60.369171142578125,1255292
2014-07-08,70.55311584472656,70.93942260742188,70.3424072265625,70.64969635009766,60.391693115234375,1723763
2014-07-09,70.82528686523438,70.86918640136719,70.40386199951172,70.64969635009766,60.391693115234375,1074647
2014-07-10,70.93942260742188,70.93942260742188,70.03511810302734,70.36874389648438,60.15153121948242,1085695
2014-07-11,70.4740982055664,70.50044250488281,69.90342712402344,70.35118865966797,60.13651657104492,1217819
2014-07-14,70.57945251464844,70.67603302001953,70.37752532958984,70.53556060791016,60.29411315917969,913022
2014-07-15,70.5443344116211,70.86040496826172,70.14047241210938,70.53556060791016,60.29411315917969,1059612
2014-07-16,70.80772399902344,70.83406829833984,70.51799774169922,70.67603302001953,60.41422653198242,1121687
2014-07-17,70.27217102050781,70.7023696899414,70.1141357421875,70.20193481445312,60.00894546508789,1214857
2014-07-18,70.61457061767578,71.25548553466797,70.25460815429688,71.14134979248047,60.81196594238281,1583893
2014-07-21,70.75505065917969,71.17646789550781,70.59701538085938,71.09745025634766,60.774444580078125,1141848
2014-07-22,71.25548553466797,71.80860137939453,71.14134979248047,71.71202850341797,61.29978942871094,949129
2014-07-23,71.60667419433594,71.88761901855469,71.36962127685547,71.84371948242188,61.4123420715332,1188774
2014-07-24,71.64179229736328,72.44073486328125,71.63301086425781,72.37049865722656,61.862648010253906,1443796
2014-07-25,72.44951629638672,72.53731536865234,72.02809143066406,72.52853393554688,61.99774932861328,1364066
2014-07-28,72.4056167602539,72.52853393554688,71.9139633178711,72.42317962646484,61.90766906738281,1005168
2014-07-29,72.55487060546875,72.59877014160156,71.87883758544922,71.87883758544922,61.44234848022461,1505302
2014-07-30,72.28270721435547,72.39683532714844,71.73836517333984,72.12467193603516,61.65250778198242,1898941
2014-07-31,72.19490814208984,72.43196105957031,71.05355834960938,71.3871841430664,61.022098541259766,1865910
2014-08-01,71.0008773803711,71.84371948242188,71.0008773803711,71.589111328125,61.194705963134766,1922290
2014-08-04,71.39595794677734,71.55399322509766,70.75505065917969,71.29938507080078,60.947044372558594,2411377
2014-08-05,71.31694793701172,71.31694793701172,70.37752532958984,70.6584701538086,60.39920425415039,1750871
2014-08-06,70.60579681396484,70.82528686523438,70.3599624633789,70.55311584472656,60.30913162231445,1184218
2014-08-07,70.83406829833984,71.08867645263672,70.07023620605469,70.29850769042969,60.09151840209961,1504277
2014-08-08,70.41264343261719,71.36083984375,70.41264343261719,71.22036743164062,60.87950897216797,1463843
2014-08-11,71.29938507080078,71.76470947265625,71.25548553466797,71.41352081298828,61.044612884521484,1120320
2014-08-12,71.21158599853516,71.71202850341797,71.05355834960938,71.35206604003906,60.99209213256836,1165311
2014-08-13,71.76470947265625,72.05443572998047,71.26426696777344,71.99297332763672,61.53994369506836,1206315
2014-08-14,73.55574798583984,73.55574798583984,71.72080993652344,72.33538055419922,61.83262634277344,905619
2014-08-15,72.99385070800781,73.00263214111328,71.7032470703125,72.23002624511719,61.742557525634766,1885273
2014-08-18,72.53731536865234,73.1606674194336,72.44073486328125,73.0904312133789,62.4780387878418,1072369
2014-08-19,72.87972259521484,73.35382080078125,72.82704162597656,73.24846649169922,62.613136291503906,958127
2014-08-20,73.18700408935547,73.46795654296875,72.68656921386719,73.37137603759766,62.71818542480469,1227956
2014-08-21,73.37137603759766,73.81036376953125,73.10798645019531,73.65232849121094,62.958343505859375,923729
2014-08-22,73.79280090332031,73.92449188232422,73.11676788330078,73.30113983154297,62.65814208984375,1041616
2014-08-25,73.42405700683594,73.69622802734375,73.10798645019531,73.41527557373047,62.75572967529297,962797
2014-08-26,73.39772033691406,73.95083618164062,73.23968505859375,73.59086608886719,62.90581512451172,1217363
2014-08-27,73.52941131591797,73.72256469726562,73.24846649169922,73.45917510986328,62.79326629638672,983299
2014-08-28,72.89727783203125,73.5030746459961,72.89727783203125,73.30992126464844,62.6656494140625,947990
2014-08-29,73.70500183105469,73.70500183105469,72.79192352294922,73.2923583984375,62.650638580322266,1773309
2014-09-02,73.46795654296875,73.69622802734375,73.10798645019531,73.47673034667969,62.80824661254883,1374773
2014-09-03,73.82791900634766,73.88937377929688,73.39772033691406,73.55574798583984,62.87580871582031,1212693
2014-09-04,73.45917510986328,74.13520812988281,73.42405700683594,73.58209228515625,62.8983154296875,1006534
2014-09-05,73.47673034667969,74.07374572753906,73.41527557373047,74.04740905761719,63.29607391357422,1367939
2014-09-08,73.66988372802734,74.17032623291016,73.5206298828125,73.82791900634766,63.10844802856445,980223
2014-09-09,73.6172103881836,73.79280090332031,73.26602172851562,73.406494140625,62.74822998046875,1140936
2014-09-10,73.15188598632812,73.44161224365234,72.80070495605469,73.406494140625,63.110538482666016,1457351
2014-09-11,73.13433074951172,73.23090362548828,72.59877014160156,73.0465316772461,62.80105209350586,1534005
2014-09-12,73.09921264648438,73.2045669555664,72.28270721435547,72.88849639892578,62.665191650390625,1924796
2014-09-15,72.8182601928711,73.406494140625,72.4758529663086,73.2748031616211,62.99730682373047,1412360
2014-09-16,72.48463439941406,73.36260223388672,72.48463439941406,73.23090362548828,62.95954895019531,1582641
2014-09-17,73.28358459472656,73.3187026977539,72.7041244506836,73.17823028564453,62.91427230834961,1625125
2014-09-18,73.30113983154297,74.02107238769531,73.14310455322266,73.91571807861328,63.54832077026367,1835840
2014-09-19,74.23178100585938,74.34591674804688,73.36260223388672,73.64354705810547,63.31432342529297,2696355
2014-09-22,73.23968505859375,73.5469741821289,72.66900634765625,72.94995880126953,62.7180290222168,1242193
2014-09-23,72.8182601928711,72.94995880126953,72.51097869873047,72.52853393554688,62.3557243347168,1246522
2014-09-24,72.44951629638672,73.80158233642578,72.33538055419922,73.68744659423828,63.352054595947266,1355068
2014-09-25,73.406494140625,73.406494140625,72.27392578125,72.30904388427734,62.16702651977539,1730255
2014-09-26,72.20368957519531,72.66022491455078,71.8173828125,72.51097869873047,62.340606689453125,1662371
2014-09-29,72.045654296875,72.79192352294922,71.9139633178711,72.7041244506836,62.50666427612305,1688112
2014-09-30,73.16944885253906,73.26602172851562,72.60755157470703,72.94117736816406,62.71048355102539,2356135
2014-10-01,73.02999877929688,73.08000183105469,71.41000366210938,71.41999816894531,61.40265655517578,3540300
2014-10-02,71.70999908447266,72.62999725341797,71.51000213623047,72.5,62.33115768432617,3008000
2014-10-03,73.55999755859375,75.04000091552734,73.55000305175781,74.8499984741211,64.35155487060547,4475400
2014-10-06,74.95999908447266,75.04000091552734,74.29000091552734,74.5199966430664,64.06784057617188,2919500
2014-10-07,74.33999633789062,74.5,73.4800033569336,73.5199966430664,63.20812225341797,2233300
2014-10-08,73.5,74.9800033569336,73.26000213623047,74.77999877929688,64.29137420654297,2078800
2014-10-09,74.80000305175781,74.94999694824219,73.16000366210938,73.19000244140625,62.92441940307617,1972800
2014-10-10,73.25,73.81999969482422,72.6500015258789,72.66000366210938,62.4687385559082,2395900
2014-10-13,72.81999969482422,73.12000274658203,71.93000030517578,71.94999694824219,61.858314514160156,2058700
2014-10-14,72.55999755859375,72.9800033569336,72.25,72.63999938964844,62.451541900634766,2088100
2014-10-15,72.0,72.33999633789062,70.5,71.77999877929688,61.712154388427734,2482900
2014-10-16,70.79000091552734,72.1500015258789,70.69000244140625,71.62999725341797,61.583213806152344,2179300
2014-10-17,72.51000213623047,72.9800033569336,71.51000213623047,72.68000030517578,62.48591232299805,1700400
2014-10-20,72.54000091552734,73.38999938964844,72.3499984741211,73.3499984741211,63.06193923950195,2125400
2014-10-21,73.62999725341797,74.88999938964844,73.25,74.80999755859375,64.31715393066406,1565300
2014-10-22,75.01000213623047,75.18000030517578,74.55999755859375,74.61000061035156,64.14522552490234,1416100
2014-10-23,75.75,76.19999694824219,75.22000122070312,75.44000244140625,64.85881805419922,1462300
2014-10-24,75.77999877929688,76.25,75.47000122070312,76.19999694824219,65.51221466064453,1131800
2014-10-27,76.25,76.5999984741211,75.94999694824219,76.47000122070312,65.74433898925781,1103400
2014-10-28,76.94000244140625,77.31999969482422,76.22000122070312,77.26000213623047,66.42355346679688,2314800
2014-10-29,77.08999633789062,78.0999984741211,76.93000030517578,77.91999816894531,66.990966796875,1357100
2014-10-30,77.88999938964844,79.38999938964844,77.30000305175781,78.94999694824219,67.87648010253906,2113800
2014-10-31,80.61000061035156,81.98999786376953,79.86000061035156,81.77999877929688,70.30957794189453,3712300
2014-11-03,81.5,82.47000122070312,81.4800033569336,81.73999786376953,70.27519226074219,2707500
2014-11-04,82.3499984741211,83.36000061035156,82.0,83.1500015258789,71.4874038696289,2508300
2014-11-05,83.77999877929688,84.37999725341797,83.33000183105469,84.30000305175781,72.47612762451172,2325900
2014-11-06,84.66000366210938,85.0999984741211,84.1500015258789,84.75,72.86299133300781,2126500
2014-11-07,84.87000274658203,84.9800033569336,83.68000030517578,84.37999725341797,72.54487609863281,2441300
2014-11-10,84.30999755859375,85.27999877929688,84.05999755859375,85.12000274658203,73.18109893798828,1611400
2014-11-11,85.08999633789062,85.31999969482422,84.63999938964844,84.94999694824219,73.03492736816406,1267100
2014-11-12,84.7699966430664,85.54000091552734,84.62999725341797,85.20999908447266,73.25848388671875,1516200
2014-11-13,85.43000030517578,85.88999938964844,84.9800033569336,85.41000366210938,73.43043518066406,1451600
2014-11-14,85.41000366210938,85.52999877929688,84.45999908447266,84.75,72.86299133300781,1853100
2014-11-17,84.69999694824219,85.08000183105469,84.54000091552734,84.83999633789062,72.94037628173828,1531800
2014-11-18,84.8499984741211,85.12000274658203,84.44999694824219,84.75,72.86299133300781,1807300
2014-11-19,84.79000091552734,84.79000091552734,84.05999755859375,84.2699966430664,72.4503173828125,2362400
2014-11-20,84.27999877929688,84.41999816894531,83.5999984741211,84.12000274658203,72.32135009765625,2507400
2014-11-21,85.22000122070312,85.22000122070312,83.80999755859375,84.13999938964844,72.33853149414062,2692000
2014-11-24,84.51000213623047,84.91999816894531,84.43000030517578,84.79000091552734,72.89736938476562,2295400
2014-11-25,84.69000244140625,85.06999969482422,84.48999786376953,84.5199966430664,72.66524505615234,1852600
2014-11-26,84.72000122070312,84.95999908447266,84.36000061035156,84.86000061035156,72.95757293701172,1997100
2014-11-28,85.26000213623047,86.26000213623047,84.80999755859375,85.63999938964844,73.62815856933594,1267300
2014-12-01,85.18000030517578,86.5,85.0,86.06999969482422,73.99784088134766,2055000
2014-12-02,86.44999694824219,86.54000091552734,85.62000274658203,85.80000305175781,73.76571655273438,1676100
2014-12-03,85.48999786376953,86.0,84.98999786376953,85.94000244140625,73.88609313964844,1875800
2014-12-04,86.05999755859375,86.41999816894531,85.7300033569336,86.05999755859375,73.9892578125,1550900
2014-12-05,85.79000091552734,85.91999816894531,85.11000061035156,85.81999969482422,73.78291320800781,1792000
2014-12-08,85.36000061035156,86.01000213623047,85.05000305175781,85.58999633789062,73.58517456054688,1674200
2014-12-09,85.18000030517578,85.58999633789062,84.36000061035156,85.26000213623047,73.30145263671875,1941400
2014-12-10,84.55999755859375,85.54000091552734,83.9800033569336,84.12999725341797,72.74803924560547,2024900
2014-12-11,85.52999877929688,85.56999969482422,84.43000030517578,84.5999984741211,73.15445709228516,1976800
2014-12-12,83.47000122070312,84.6500015258789,82.5,82.5,71.33857727050781,2415600
2014-12-15,82.80999755859375,83.41999816894531,82.04000091552734,82.77999877929688,71.58069610595703,1841700
2014-12-16,82.7699966430664,84.06999969482422,82.43000030517578,82.91000366210938,71.693115234375,1986400
2014-12-17,82.62000274658203,84.86000061035156,82.62000274658203,84.69000244140625,73.2322998046875,1906200
2014-12-18,85.87000274658203,85.94000244140625,85.02999877929688,85.68000030517578,74.08834075927734,3535500
2014-12-19,85.44999694824219,86.1500015258789,84.66000366210938,84.70999908447266,73.24958038330078,4230500
2014-12-22,84.72000122070312,85.72000122070312,84.61000061035156,85.69999694824219,74.10562896728516,1672100
2014-12-23,86.30999755859375,86.47000122070312,85.13999938964844,85.16999816894531,73.64735412597656,2340700
2014-12-24,85.12999725341797,85.61000061035156,85.02999877929688,85.23999786376953,73.70787811279297,1060300
2014-12-26,85.56999969482422,85.91000366210938,85.12999725341797,85.19999694824219,73.67328643798828,1006300
2014-12-29,85.0199966430664,85.23999786376953,84.81999969482422,84.87000274658203,73.38793182373047,1242600
2014-12-30,84.73999786376953,84.91000366210938,84.01000213623047,84.11000061035156,72.73075866699219,1427700
2014-12-31,84.37999725341797,84.87000274658203,83.36000061035156,83.37000274658203,72.09086608886719,1798200
2015-01-02,82.9800033569336,84.18000030517578,82.5199966430664,83.29000091552734,72.02169799804688,1866600
2015-01-05,83.25,84.44000244140625,82.94999694824219,83.2300033569336,71.9698257446289,3270900
2015-01-06,83.30000305175781,83.73999786376953,81.95999908447266,82.54000091552734,71.37316131591797,2569700
2015-01-07,82.22000122070312,83.31999969482422,81.80000305175781,83.26000213623047,71.99573516845703,2079000
2015-01-08,83.95999908447266,85.18000030517578,83.63999938964844,85.16999816894531,73.64735412597656,3358700
2015-01-09,85.05000305175781,85.19000244140625,84.11000061035156,84.55999755859375,73.1198501586914,1751600
2015-01-12,84.72000122070312,85.04000091552734,83.80999755859375,84.1500015258789,72.76533508300781,1326100
2015-01-13,84.80000305175781,85.5,83.29000091552734,83.9800033569336,72.61833953857422,1924100
2015-01-14,83.08000183105469,83.98999786376953,82.97000122070312,83.73999786376953,72.41081237792969,1792200
2015-01-15,83.87000274658203,84.33999633789062,83.33000183105469,83.69999694824219,72.37623596191406,1434800
2015-01-16,83.55999755859375,84.63999938964844,83.16000366210938,84.56999969482422,73.12850952148438,2261500
2015-01-20,84.83000183105469,85.22000122070312,83.79000091552734,84.97000122070312,73.47440338134766,1572100
2015-01-21,84.55999755859375,85.1500015258789,84.0999984741211,84.55999755859375,73.1198501586914,1729500
2015-01-22,85.0,86.79000091552734,84.0,86.61000061035156,74.89253997802734,1980000
2015-01-23,86.6500015258789,87.18000030517578,86.38999938964844,86.8499984741211,75.10005950927734,2088000
2015-01-26,86.25,86.88999938964844,85.48999786376953,86.56999969482422,74.85794067382812,1527100
2015-01-27,85.70999908447266,86.44000244140625,84.77999877929688,85.62999725341797,74.04510498046875,1697300
2015-01-28,85.86000061035156,86.30000305175781,84.45999908447266,84.52999877929688,73.09393310546875,2137000
2015-01-29,84.44999694824219,84.81999969482422,83.5,84.3499984741211,72.93828582763672,2968900
2015-01-30,83.95999908447266,84.23999786376953,82.47000122070312,82.52999877929688,71.36450958251953,4076700
2015-02-02,81.81999969482422,83.5,81.70999908447266,83.44000244140625,72.15141296386719,2810200
2015-02-03,84.18000030517578,85.36000061035156,83.51000213623047,85.13999938964844,73.62140655517578,3449000
2015-02-04,87.13999938964844,87.18000030517578,85.66999816894531,86.58000183105469,74.86660766601562,3659200
2015-02-05,86.43000030517578,87.19000244140625,85.88999938964844,87.16999816894531,75.37676239013672,2151300
2015-02-06,87.1500015258789,87.3499984741211,86.2300033569336,86.44000244140625,74.74552917480469,2391200
2015-02-09,86.01000213623047,86.48999786376953,85.73999786376953,86.01000213623047,74.37370300292969,1700900
2015-02-10,86.19000244140625,86.75,85.6500015258789,86.5199966430664,74.81470489501953,2552200
2015-02-11,86.70999908447266,87.2300033569336,86.30000305175781,86.81999969482422,75.07411193847656,1816000
2015-02-12,87.19999694824219,87.79000091552734,86.9800033569336,87.75,75.87830352783203,1873000
2015-02-13,87.94999694824219,88.75,87.77999877929688,88.75,76.7430191040039,1936600
2015-02-17,87.76000213623047,88.06999969482422,86.55000305175781,87.11000061035156,75.32489776611328,3990400
2015-02-18,86.5999984741211,87.7300033569336,86.5999984741211,87.58999633789062,75.73995208740234,1764200
2015-02-19,87.61000061035156,87.83000183105469,86.86000061035156,87.7300033569336,75.86100006103516,1568100
2015-02-20,87.80999755859375,88.75,87.04000091552734,88.69000244140625,76.6911392211914,2010900
2015-02-23,88.7300033569336,89.23999786376953,88.2300033569336,89.16999816894531,77.10617065429688,1801400
2015-02-24,89.16999816894531,89.37999725341797,88.51000213623047,89.26000213623047,77.18402099609375,1418900
2015-02-25,89.33000183105469,89.69999694824219,88.79000091552734,89.06999969482422,77.01972198486328,1617900
2015-02-26,89.19000244140625,89.25,88.61000061035156,88.83999633789062,76.8208236694336,1426300
2015-02-27,88.8499984741211,89.44000244140625,88.44999694824219,88.83999633789062,76.8208236694336,1815900
2015-03-02,88.87999725341797,90.2300033569336,88.58000183105469,90.18000030517578,77.97955322265625,1771400
2015-03-03,89.55000305175781,89.98999786376953,88.33000183105469,88.69999694824219,76.6998062133789,3012200
2015-03-04,88.25,88.30000305175781,86.5199966430664,86.58000183105469,74.86660766601562,3306000
2015-03-05,86.58999633789062,86.91000366210938,86.26000213623047,86.75,75.0135726928711,2728600
2015-03-06,86.33000183105469,86.97000122070312,85.83999633789062,86.0,74.36505126953125,2011000
2015-03-09,86.4000015258789,87.0,85.86000061035156,86.83999633789062,75.09142303466797,1481000
2015-03-10,86.05999755859375,86.30999755859375,85.1500015258789,85.1500015258789,73.63006591796875,1915300
2015-03-11,84.98999786376953,85.44000244140625,84.63999938964844,84.98999786376953,73.91706085205078,1721800
2015-03-12,85.41000366210938,86.48999786376953,85.12000274658203,86.38999938964844,75.1346664428711,1190700
2015-03-13,86.08999633789062,86.47000122070312,85.31999969482422,85.87999725341797,74.69110107421875,1650600
2015-03-16,86.5199966430664,87.52999877929688,86.19999694824219,87.3499984741211,75.96959686279297,1663800
2015-03-17,86.91000366210938,87.31999969482422,86.55999755859375,86.63999938964844,75.35208129882812,1985500
2015-03-18,86.62999725341797,87.76000213623047,85.55999755859375,87.3499984741211,75.96959686279297,1927000
2015-03-19,87.37999725341797,87.79000091552734,87.2699966430664,87.37000274658203,75.98698425292969,2143900
2015-03-20,87.80000305175781,88.01000213623047,87.4800033569336,87.7699966430664,76.33486938476562,4119100
2015-03-23,88.0199966430664,88.0199966430664,87.29000091552734,87.30999755859375,75.9347915649414,1592900
2015-03-24,87.1500015258789,87.5999984741211,86.95999908447266,86.97000122070312,75.63910675048828,1167800
2015-03-25,87.12999725341797,87.16000366210938,84.73999786376953,84.73999786376953,73.69963836669922,1707100
2015-03-26,84.26000213623047,84.7699966430664,83.91000366210938,84.41000366210938,73.41263580322266,1598900
2015-03-27,84.33999633789062,84.91000366210938,84.19999694824219,84.62999725341797,73.60395812988281,1425000
2015-03-30,84.95999908447266,86.16999816894531,84.91999816894531,85.88999938964844,74.6998062133789,1139800
2015-03-31,85.3499984741211,86.33999633789062,85.18000030517578,85.63999938964844,74.48236846923828,1682200
2015-04-01,85.7300033569336,85.7300033569336,84.33000183105469,85.26000213623047,74.15190124511719,1502900
2015-04-02,85.8499984741211,86.58000183105469,85.47000122070312,85.91999816894531,74.72588348388672,1699900
2015-04-06,85.66000366210938,86.66000366210938,85.41999816894531,86.25,75.01289367675781,1449700
2015-04-07,86.2300033569336,86.62999725341797,85.81999969482422,85.86000061035156,74.6737060546875,1039600
2015-04-08,85.69000244140625,86.69999694824219,85.52999877929688,86.56999969482422,75.29121398925781,1328500
2015-04-09,86.44999694824219,86.73999786376953,85.66999816894531,86.5999984741211,75.31729125976562,1155400
2015-04-10,86.76000213623047,86.79000091552734,86.16000366210938,86.33999633789062,75.0911865234375,1857500
2015-04-13,86.12000274658203,86.69999694824219,85.76000213623047,85.91999816894531,74.72588348388672,1331700
2015-04-14,85.73999786376953,86.13999938964844,85.19999694824219,85.62000274658203,74.46498107910156,1366700
2015-04-15,85.9000015258789,86.08000183105469,85.61000061035156,85.76000213623047,74.58673858642578,1481200
2015-04-16,85.55999755859375,85.75,85.25,85.37999725341797,74.2562484741211,1463400
2015-04-17,84.63999938964844,85.01000213623047,83.30000305175781,83.52999877929688,72.64727783203125,1965600
2015-04-20,83.83999633789062,84.91000366210938,83.5999984741211,84.80000305175781,73.75181579589844,1412600
2015-04-21,85.16000366210938,86.12000274658203,84.80000305175781,85.0999984741211,74.0127182006836,1552500
2015-04-22,85.13999938964844,85.48999786376953,84.61000061035156,85.30999755859375,74.19537353515625,993600
2015-04-23,85.12000274658203,86.0999984741211,85.0199966430664,85.7699966430664,74.59544372558594,1000100
2015-04-24,85.6500015258789,85.6500015258789,84.31999969482422,85.0,73.9257583618164,1187100
2015-04-27,85.41999816894531,85.45999908447266,84.5199966430664,84.69999694824219,73.66483306884766,1467000
2015-04-28,84.80000305175781,85.6500015258789,84.37000274658203,85.61000061035156,74.45626068115234,1639400
2015-04-29,85.08000183105469,85.94000244140625,84.76000213623047,85.38999938964844,74.26495361328125,1914600
2015-04-30,85.22000122070312,86.0,84.31999969482422,84.54000091552734,73.52567291259766,2194400
2015-05-01,84.52999877929688,86.27999877929688,84.5199966430664,86.02999877929688,74.8215560913086,2086000
2015-05-04,86.45999908447266,86.98999786376953,86.12000274658203,86.5,75.2303237915039,1992500
2015-05-05,86.55999755859375,86.55999755859375,85.1500015258789,85.61000061035156,74.45626068115234,1534400
2015-05-06,85.72000122070312,86.16999816894531,84.79000091552734,85.41000366210938,74.28234100341797,1610400
2015-05-07,85.62000274658203,86.58999633789062,84.9800033569336,86.30000305175781,75.05638885498047,1656300
2015-05-08,86.81999969482422,87.80999755859375,86.7699966430664,87.3499984741211,75.96959686279297,1465100
2015-05-11,87.27999877929688,87.72000122070312,87.05999755859375,87.20999908447266,75.84780883789062,1701300
2015-05-12,86.83999633789062,87.19999694824219,85.8499984741211,86.76000213623047,75.4564437866211,1549800
2015-05-13,86.6500015258789,87.26000213623047,86.19999694824219,86.30999755859375,75.0650634765625,1950000
2015-05-14,86.97000122070312,88.02999877929688,86.5199966430664,87.98999786376953,76.52619171142578,1892400
2015-05-15,88.25,88.4000015258789,87.51000213623047,87.7699966430664,76.33486938476562,1606300
2015-05-18,87.37000274658203,87.80999755859375,87.01000213623047,87.4800033569336,76.08264923095703,1593300
2015-05-19,87.80000305175781,88.12000274658203,87.41999816894531,87.9000015258789,76.44792938232422,1875700
2015-05-20,88.05999755859375,88.05999755859375,87.41999816894531,87.43000030517578,76.03916931152344,1767700
2015-05-21,87.36000061035156,87.62000274658203,87.08000183105469,87.2699966430664,75.89999389648438,1517400
2015-05-22,87.19000244140625,87.44000244140625,86.80999755859375,86.81999969482422,75.50862884521484,1498400
2015-05-26,86.55000305175781,86.81999969482422,85.22000122070312,85.41999816894531,74.29104614257812,1867600
2015-05-27,85.45999908447266,86.02999877929688,85.27999877929688,85.91000366210938,74.71720123291016,2017400
2015-05-28,85.87000274658203,86.29000091552734,85.62000274658203,85.97000122070312,74.7693862915039,1297500
2015-05-29,85.95999908447266,86.0,85.08000183105469,85.51000213623047,74.36931610107422,2188900
2015-06-01,85.69999694824219,85.9800033569336,84.51000213623047,85.30000305175781,74.18665313720703,1617500
2015-06-02,84.7699966430664,85.68000030517578,84.33999633789062,85.44999694824219,74.3171157836914,2033000
2015-06-03,85.7699966430664,85.87999725341797,85.12000274658203,85.47000122070312,74.33451843261719,1738400
2015-06-04,84.93000030517578,85.31999969482422,83.93000030517578,84.08000183105469,73.1256332397461,1689600
2015-06-05,84.0999984741211,84.56999969482422,83.2300033569336,84.26000213623047,73.28218078613281,1353900
2015-06-08,83.94000244140625,84.48999786376953,83.41000366210938,83.5,72.62117767333984,1531900
2015-06-09,83.37000274658203,83.5999984741211,82.86000061035156,83.16000366210938,72.32548522949219,1569500
2015-06-10,82.95999908447266,84.63999938964844,82.83999633789062,84.18000030517578,73.64652252197266,1625400
2015-06-11,84.5,84.88999938964844,84.19999694824219,84.62000274658203,74.03147888183594,1438400
2015-06-12,84.1500015258789,84.44999694824219,83.6500015258789,83.8499984741211,73.35782623291016,1144600
2015-06-15,83.25,83.44999694824219,82.43000030517578,82.91999816894531,72.54420471191406,1679700
2015-06-16,82.83999633789062,83.41000366210938,82.5199966430664,83.27999877929688,72.8591537475586,1499900
2015-06-17,83.61000061035156,83.75,82.7699966430664,83.27999877929688,72.8591537475586,1134600
2015-06-18,83.62000274658203,84.80000305175781,83.37000274658203,84.58000183105469,73.99649047851562,1556500
2015-06-19,84.44999694824219,84.68000030517578,83.93000030517578,84.41000366210938,73.8477554321289,2906400
2015-06-22,84.61000061035156,85.45999908447266,84.61000061035156,85.0,74.36392974853516,1400900
2015-06-23,85.29000091552734,85.29000091552734,84.52999877929688,84.7699966430664,74.1626968383789,957800
2015-06-24,84.63999938964844,84.76000213623047,83.5999984741211,83.62999725341797,73.16536712646484,1548300
2015-06-25,83.70999908447266,83.88999938964844,83.22000122070312,83.3499984741211,72.92039489746094,1200100
2015-06-26,83.77999877929688,83.83999633789062,83.02999877929688,83.30999755859375,72.88540649414062,2889800
2015-06-29,82.80000305175781,82.80000305175781,80.8499984741211,80.91000366210938,70.78570556640625,1774200
2015-06-30,81.38999938964844,81.66000366210938,79.80000305175781,80.2300033569336,70.19081115722656,2688800
2015-07-01,79.51000213623047,81.19000244140625,79.51000213623047,80.88999938964844,70.76820373535156,1821000
2015-07-02,81.2300033569336,81.26000213623047,80.3499984741211,80.83000183105469,70.71574401855469,1792000
2015-07-06,80.0,80.94000244140625,80.0,80.83000183105469,70.71574401855469,1503600
2015-07-07,80.97000122070312,81.23999786376953,79.8499984741211,81.06999969482422,70.9256820678711,1747600
2015-07-08,80.72000122070312,80.80000305175781,79.9800033569336,80.02999877929688,70.01582336425781,1615800
2015-07-09,81.1500015258789,81.41000366210938,80.6500015258789,80.69000244140625,70.59324645996094,1587000
2015-07-10,81.86000061035156,81.87000274658203,81.08000183105469,81.5199966430664,71.31936645507812,1371100
2015-07-13,81.8499984741211,82.30000305175781,81.63999938964844,81.7300033569336,71.50310516357422,1337700
2015-07-14,81.72000122070312,82.01000213623047,81.4800033569336,81.88999938964844,71.64308166503906,1387100
2015-07-15,81.94999694824219,82.56999969482422,81.5,82.5,72.17676544189453,2390600
2015-07-16,82.88999938964844,83.04000091552734,82.31999969482422,82.9000015258789,72.52670288085938,1545800
2015-07-17,83.01000213623047,83.01000213623047,82.25,82.38999938964844,72.08052825927734,1846400
2015-07-20,82.26000213623047,82.38999938964844,81.91999816894531,82.16999816894531,71.88805389404297,1522500
2015-07-21,82.18000030517578,82.27999877929688,81.12999725341797,81.41000366210938,71.22313690185547,1964300
2015-07-22,81.62999725341797,82.11000061035156,81.45999908447266,81.69000244140625,71.46810913085938,1529100
2015-07-23,81.41999816894531,81.52999877929688,80.72000122070312,80.94000244140625,70.81194305419922,1368600
2015-07-24,81.02999877929688,81.05000305175781,79.66999816894531,79.77999877929688,69.79710388183594,1935600
2015-07-27,79.61000061035156,79.95999908447266,79.22000122070312,79.72000122070312,69.74461364746094,1649800
2015-07-28,79.76000213623047,80.69000244140625,79.41000366210938,80.58000183105469,70.49700164794922,1540100
2015-07-29,80.44999694824219,82.51000213623047,80.37999725341797,82.33999633789062,72.03678131103516,2744700
2015-07-30,80.0,81.9800033569336,78.36000061035156,80.12999725341797,70.10331726074219,4688100
2015-07-31,80.19999694824219,80.55000305175781,79.30999755859375,79.7699966430664,69.78834533691406,2984000
2015-08-03,78.58999633789062,80.12999725341797,78.51000213623047,80.11000061035156,70.08580780029297,2291300
2015-08-04,80.54000091552734,81.38999938964844,80.13999938964844,80.68000030517578,70.58448791503906,2749300
2015-08-05,81.77999877929688,82.06999969482422,81.0,81.83999633789062,71.5993423461914,1963200
2015-08-06,81.77999877929688,81.87999725341797,80.08000183105469,80.30000305175781,70.2520523071289,1505400
2015-08-07,80.18000030517578,80.45999908447266,79.70999908447266,80.29000091552734,70.2433090209961,1161900
2015-08-10,81.01000213623047,81.95999908447266,81.0,81.5999984741211,71.38936614990234,2032100
2015-08-11,81.26000213623047,81.9000015258789,80.75,81.33000183105469,71.15315246582031,1938400
2015-08-12,80.73999786376953,81.69999694824219,80.1500015258789,81.55000305175781,71.34563446044922,1871300
2015-08-13,81.5199966430664,82.98999786376953,81.31999969482422,82.44999694824219,72.13302612304688,2000800
2015-08-14,82.16000366210938,83.16999816894531,81.94000244140625,82.98999786376953,72.60543060302734,2018400
2015-08-17,82.81999969482422,84.7699966430664,82.58000183105469,84.69999694824219,74.10148620605469,3366600
2015-08-18,84.31999969482422,85.1500015258789,84.08000183105469,84.69000244140625,74.09272766113281,2615300
2015-08-19,84.38999938964844,85.20999908447266,84.05000305175781,84.47000122070312,73.90025329589844,1874300
2015-08-20,83.70999908447266,84.01000213623047,82.70999908447266,82.70999908447266,72.36048126220703,2275400
2015-08-21,81.83999633789062,82.33000183105469,79.2300033569336,79.2300033569336,69.31591796875,3103900
2015-08-24,75.20999908447266,77.77999877929688,64.29000091552734,76.27999877929688,66.73504638671875,6545600
2015-08-25,78.5,78.61000061035156,73.44999694824219,73.5199966430664,64.3204345703125,3565100
2015-08-26,75.62000274658203,77.88999938964844,74.95999908447266,77.80000305175781,68.06487274169922,4492900
2015-08-27,78.31999969482422,78.87000274658203,76.47000122070312,78.02999877929688,68.26609802246094,3004600
2015-08-28,77.76000213623047,78.80000305175781,77.75,78.41000366210938,68.59854125976562,2596700
2015-08-31,77.86000061035156,78.4000015258789,77.11000061035156,77.31999969482422,67.64493560791016,2364500
2015-09-01,75.45999908447266,76.11000061035156,74.66000366210938,75.0999984741211,65.70271301269531,2658300
2015-09-02,76.44999694824219,77.11000061035156,75.44999694824219,77.08999633789062,67.44369506835938,2689100
2015-09-03,77.0999984741211,78.08999633789062,77.0199966430664,77.55000305175781,67.84613037109375,1952100
2015-09-04,76.23999786376953,76.9000015258789,75.7300033569336,76.1500015258789,66.621337890625,1858800
2015-09-08,77.33999633789062,78.25,77.0199966430664,78.19999694824219,68.41480255126953,1764400
2015-09-09,78.48999786376953,78.97000122070312,77.33000183105469,77.51000213623047,68.23872375488281,3022700
2015-09-10,77.0999984741211,78.77999877929688,77.08000183105469,77.91999816894531,68.59968566894531,2214600
2015-09-11,77.27999877929688,78.37000274658203,77.20999908447266,78.30999755859375,68.94303894042969,1508900
2015-09-14,78.4800033569336,78.73999786376953,77.56999969482422,77.76000213623047,68.4588394165039,1411300
2015-09-15,77.91999816894531,79.29000091552734,77.69999694824219,78.88999938964844,69.45367431640625,1706300
2015-09-16,78.93000030517578,79.80000305175781,78.76000213623047,79.58999633789062,70.0699234008789,1739600
2015-09-17,79.68000030517578,80.66999816894531,79.20999908447266,79.43000030517578,69.9290771484375,2013100
2015-09-18,78.55999755859375,79.98999786376953,78.54000091552734,79.01000213623047,69.55931854248047,3876400
2015-09-21,79.37999725341797,80.37999725341797,79.05999755859375,79.9000015258789,70.3428726196289,1671200
2015-09-22,78.44000244140625,79.30999755859375,78.19000244140625,79.19000244140625,69.7177963256836,1753100
2015-09-23,79.36000061035156,79.77999877929688,78.87000274658203,79.37000274658203,69.87626647949219,1157600
2015-09-24,78.61000061035156,79.87000274658203,78.12000274658203,79.58000183105469,70.0611343383789,1793900
2015-09-25,80.44000244140625,81.47000122070312,79.37000274658203,80.30000305175781,70.69501495361328,2231800
2015-09-28,79.9800033569336,80.43000030517578,78.52999877929688,78.62000274658203,69.2159652709961,1835800
2015-09-29,78.55999755859375,79.27999877929688,78.30000305175781,79.08999633789062,69.62974548339844,2046200
2015-09-30,80.13999938964844,80.43000030517578,79.29000091552734,80.36000061035156,70.74781799316406,2674400
2015-10-01,80.91000366210938,81.18000030517578,80.0,80.88999938964844,71.21444702148438,2209100
2015-10-02,79.80000305175781,81.37999725341797,78.73999786376953,81.36000061035156,71.62821960449219,2738100
2015-10-05,82.19999694824219,83.02999877929688,81.88999938964844,82.69999694824219,72.80795288085938,1904600
2015-10-06,82.45999908447266,82.91000366210938,82.2300033569336,82.44000244140625,72.57904815673828,1860700
2015-10-07,82.58999633789062,83.86000061035156,82.58999633789062,83.6500015258789,73.64431762695312,1717700
2015-10-08,83.55999755859375,85.44000244140625,83.22000122070312,85.12000274658203,74.9384765625,2131300
2015-10-09,85.36000061035156,85.98999786376953,84.9800033569336,85.23999786376953,75.04414367675781,2190100
2015-10-12,85.02999877929688,85.7699966430664,85.02999877929688,85.68000030517578,75.43148803710938,1045300
2015-10-13,85.20999908447266,85.70999908447266,84.87000274658203,85.16000366210938,74.97368621826172,1402300
2015-10-14,85.30000305175781,85.9000015258789,84.94000244140625,85.13999938964844,74.95608520507812,1227600
2015-10-15,85.62000274658203,85.97000122070312,84.93000030517578,85.97000122070312,75.68679809570312,1233900
2015-10-16,86.30000305175781,86.9800033569336,85.91999816894531,86.69000244140625,76.32068634033203,1844500
2015-10-19,86.56999969482422,87.5999984741211,86.5,87.30000305175781,76.85771179199219,1439200
2015-10-20,87.05999755859375,87.62000274658203,86.94999694824219,87.41999816894531,76.96336364746094,1309200
2015-10-21,87.69999694824219,88.4800033569336,87.31999969482422,87.44999694824219,76.98977661132812,1607900
2015-10-22,87.93000030517578,89.81999969482422,87.72000122070312,89.69000244140625,78.96183013916016,2104400
2015-10-23,90.0,90.5999984741211,89.68000030517578,90.52999877929688,79.70135498046875,1833000
2015-10-26,90.2300033569336,90.66999816894531,89.7300033569336,90.11000061035156,79.33159637451172,2297400
2015-10-27,90.11000061035156,90.37999725341797,89.08999633789062,90.33000183105469,79.52530670166016,2031600
2015-10-28,88.31999969482422,89.25,86.9000015258789,87.91000366210938,77.3947525024414,3400800
2015-10-29,87.91000366210938,88.52999877929688,86.56999969482422,88.36000061035156,77.79092407226562,2476200
2015-10-30,88.36000061035156,88.6500015258789,86.95999908447266,86.98999786376953,76.58479309082031,3040200
2015-11-02,86.98999786376953,87.45999908447266,86.44000244140625,86.98999786376953,76.58479309082031,1903700
2015-11-03,86.87999725341797,87.19999694824219,86.47000122070312,86.7300033569336,76.35591125488281,1706100
2015-11-04,87.16000366210938,87.38999938964844,86.83000183105469,86.95999908447266,76.55839538574219,1593100
2015-11-05,87.30999755859375,87.38999938964844,86.5,86.9800033569336,76.57600402832031,1311700
2015-11-06,86.70999908447266,87.87999725341797,86.25,87.62999725341797,77.14824676513672,1686000
2015-11-09,87.04000091552734,87.19999694824219,86.19999694824219,86.76000213623047,76.38230895996094,1369800
2015-11-10,86.47000122070312,87.30000305175781,86.30999755859375,86.94999694824219,76.54959106445312,1547200
2015-11-11,87.37999725341797,87.94999694824219,86.80000305175781,87.18000030517578,76.75209045410156,1214700
2015-11-12,87.0,87.36000061035156,86.20999908447266,86.22000122070312,75.90689086914062,1189100
2015-11-13,85.87000274658203,86.66999816894531,85.0,85.05000305175781,74.8768539428711,1289400
2015-11-16,85.16000366210938,86.54000091552734,85.05999755859375,86.5199966430664,76.1710205078125,1133600
2015-11-17,86.44999694824219,86.62999725341797,85.58000183105469,85.88999938964844,75.61637115478516,1419300
2015-11-18,86.27999877929688,86.55000305175781,85.44999694824219,86.5,76.15340423583984,1390800
2015-11-19,86.61000061035156,86.7300033569336,86.26000213623047,86.38999938964844,76.05655670166016,1059400
2015-11-20,86.94000244140625,87.6500015258789,86.48999786376953,87.29000091552734,76.84890747070312,1800300
2015-11-23,87.26000213623047,87.62999725341797,87.0,87.3499984741211,76.9017333984375,1174400
2015-11-24,86.98999786376953,87.25,85.87999725341797,86.70999908447266,76.33828735351562,1100700
2015-11-25,86.73999786376953,86.87999725341797,86.36000061035156,86.41000366210938,76.07418823242188,752300
2015-11-27,86.4800033569336,87.04000091552734,86.2300033569336,86.69000244140625,76.32068634033203,488800
2015-11-30,86.97000122070312,87.08000183105469,86.18000030517578,86.26000213623047,75.9421157836914,2379400
2015-12-01,86.80999755859375,87.97000122070312,86.48999786376953,87.55999755859375,77.08660888671875,1391900
2015-12-02,87.33000183105469,87.9000015258789,86.80999755859375,86.91000366210938,76.51436614990234,1586400
2015-12-03,86.95999908447266,87.13999938964844,84.94000244140625,85.26000213623047,75.06173706054688,1584300
2015-12-04,85.44000244140625,87.54000091552734,85.44000244140625,87.43000030517578,76.97218322753906,1531100
2015-12-07,87.05000305175781,87.37000274658203,86.22000122070312,86.5999984741211,76.24144744873047,1295500
2015-12-08,85.77999877929688,86.66999816894531,85.37000274658203,86.31999969482422,75.99493408203125,1659800
2015-12-09,85.6500015258789,86.61000061035156,84.4800033569336,84.94999694824219,75.25084686279297,1486500
2015-12-10,85.08000183105469,86.30000305175781,84.69999694824219,85.45999908447266,75.7026138305664,1748700
2015-12-11,84.29000091552734,84.91000366210938,83.13999938964844,83.33000183105469,73.81581115722656,1945400
2015-12-14,83.66000366210938,84.7300033569336,83.23999786376953,84.5999984741211,74.9407958984375,1528500
2015-12-15,85.30999755859375,86.06999969482422,84.91000366210938,85.47000122070312,75.71147155761719,1830700
2015-12-16,86.05999755859375,86.36000061035156,84.7300033569336,86.19999694824219,76.35812377929688,1535100
2015-12-17,86.29000091552734,86.7300033569336,84.76000213623047,84.80999755859375,75.12681579589844,1756200
2015-12-18,84.12999725341797,84.68000030517578,83.20999908447266,83.27999877929688,73.77151489257812,3879400
2015-12-21,83.80999755859375,84.19000244140625,83.27999877929688,84.13999938964844,74.53331756591797,1432800
2015-12-22,84.76000213623047,85.2300033569336,83.66000366210938,84.86000061035156,75.17112731933594,1772400
2015-12-23,85.38999938964844,85.95999908447266,84.86000061035156,85.7300033569336,75.9417953491211,1056600
2015-12-24,85.91999816894531,86.31999969482422,85.66000366210938,85.94000244140625,76.12783813476562,640200
2015-12-28,85.44999694824219,85.91999816894531,85.0199966430664,85.75,75.95948791503906,968000
2015-12-29,86.5,87.25,86.44000244140625,86.83999633789062,76.9250717163086,975400
2015-12-30,86.73999786376953,87.0999984741211,86.33000183105469,86.37999725341797,76.517578125,744400
2015-12-31,85.77999877929688,86.33999633789062,84.55000305175781,84.72000122070312,75.04710388183594,1420100
2016-01-04,82.93000030517578,83.19000244140625,81.25,82.06999969482422,72.69966888427734,2246300
2016-01-05,82.66000366210938,83.20999908447266,81.81999969482422,82.2699966430664,72.87683868408203,2036700
2016-01-06,81.08000183105469,81.70999908447266,80.87999725341797,81.26000213623047,71.9821548461914,1511000
2016-01-07,79.63999938964844,80.3499984741211,78.45999908447266,78.77999877929688,69.7853012084961,5031300
2016-01-08,78.93000030517578,79.25,77.80000305175781,78.12999725341797,69.20951843261719,2487000
2016-01-11,78.44999694824219,79.02999877929688,77.70999908447266,78.51000213623047,69.54613494873047,2127300
2016-01-12,78.86000061035156,79.5,78.44000244140625,79.47000122070312,70.39651489257812,1975200
2016-01-13,79.33999633789062,79.80000305175781,77.12000274658203,77.33999633789062,68.50971984863281,1860000
2016-01-14,77.5999984741211,79.51000213623047,77.5,78.98999786376953,69.97132110595703,2864100
2016-01-15,76.83999633789062,78.4000015258789,76.6500015258789,77.91999816894531,69.02349090576172,2967800
2016-01-19,78.91999816894531,79.45999908447266,78.26000213623047,79.11000061035156,70.07762908935547,2523000
2016-01-20,78.08999633789062,79.04000091552734,76.9000015258789,78.22000122070312,69.28923034667969,3056500
2016-01-21,78.69000244140625,79.9800033569336,77.7699966430664,79.25,70.2016372680664,2672400
2016-01-22,80.83000183105469,81.18000030517578,79.81999969482422,81.11000061035156,71.8492660522461,1940200
2016-01-25,80.37000274658203,81.01000213623047,79.98999786376953,80.08999633789062,70.94574737548828,1798500
2016-01-26,80.08999633789062,81.44999694824219,80.05000305175781,80.88999938964844,71.65440368652344,1664500
2016-01-27,80.9800033569336,81.83000183105469,79.88999938964844,80.4800033569336,71.29121398925781,1719700
2016-01-28,81.0,81.5199966430664,80.48999786376953,80.75,71.53038024902344,2015100
2016-01-29,81.5199966430664,83.12000274658203,81.16999816894531,83.08999633789062,73.60320281982422,2836400
2016-02-01,80.72000122070312,83.41999816894531,80.54000091552734,82.97000122070312,73.49691772460938,2837500
2016-02-02,82.7300033569336,82.94999694824219,81.69999694824219,82.16999816894531,72.78825378417969,3690300
2016-02-03,83.12000274658203,83.23999786376953,80.80999755859375,82.1500015258789,72.77053833007812,3047800
2016-02-04,82.02999877929688,82.9000015258789,81.55000305175781,82.80000305175781,73.34632873535156,1822800
2016-02-05,82.80000305175781,82.98999786376953,80.94000244140625,81.30999755859375,72.02644348144531,2248300
2016-02-08,80.4000015258789,81.5,78.9800033569336,81.25,71.9732894897461,2347000
2016-02-09,80.94999694824219,81.83000183105469,80.3499984741211,80.66999816894531,71.45952606201172,2247500
2016-02-10,81.81999969482422,82.56999969482422,80.58999633789062,80.83000183105469,71.60125732421875,1872500
2016-02-11,79.37999725341797,80.55000305175781,79.08000183105469,80.20999908447266,71.05203247070312,2842400
2016-02-12,81.2699966430664,81.87999725341797,80.56999969482422,81.73999786376953,72.40733337402344,1518700
2016-02-16,83.05000305175781,84.0199966430664,82.58999633789062,83.77999877929688,74.21443939208984,2065400
2016-02-17,84.18000030517578,85.44000244140625,83.9000015258789,85.33000183105469,75.58745574951172,1907800
2016-02-18,85.4800033569336,85.69999694824219,84.76000213623047,84.91000366210938,75.21541595458984,1563100
2016-02-19,84.81999969482422,85.69000244140625,84.38999938964844,85.55999755859375,75.79120635986328,2065300
2016-02-22,85.98999786376953,86.76000213623047,85.94999694824219,86.4000015258789,76.5353012084961,1618600
2016-02-23,86.12000274658203,86.4800033569336,84.69000244140625,84.8499984741211,75.16226959228516,1863500
2016-02-24,83.91999816894531,85.47000122070312,83.08999633789062,85.26000213623047,75.52544403076172,1727200
2016-02-25,86.11000061035156,86.12000274658203,84.83000183105469,85.91999816894531,76.11011505126953,1426300
2016-02-26,86.54000091552734,86.56999969482422,85.22000122070312,85.66000366210938,75.8797836303711,1403000
2016-02-29,85.41000366210938,86.04000091552734,84.66999816894531,84.69000244140625,75.0205307006836,1925500
2016-03-01,85.62000274658203,86.7699966430664,85.26000213623047,86.7699966430664,76.86302947998047,1579900
2016-03-02,86.36000061035156,86.37000274658203,85.01000213623047,85.6500015258789,75.87092590332031,2059300
2016-03-03,84.8499984741211,85.72000122070312,84.8499984741211,85.6500015258789,75.87092590332031,1700500
2016-03-04,85.91000366210938,86.36000061035156,85.33000183105469,86.19000244140625,76.34927368164062,1582700
2016-03-07,85.4800033569336,86.45999908447266,85.4800033569336,86.08999633789062,76.26069641113281,1400000
2016-03-08,85.5999984741211,86.13999938964844,85.05000305175781,85.48999786376953,75.72919464111328,1758100
2016-03-09,85.33000183105469,85.7699966430664,85.02999877929688,85.72000122070312,76.4065933227539,1636300
2016-03-10,86.20999908447266,86.75,84.36000061035156,85.19999694824219,75.943115234375,1528400
2016-03-11,86.30999755859375,87.48999786376953,85.66999816894531,87.2699966430664,77.7882080078125,1863300
2016-03-14,86.80999755859375,87.44000244140625,86.56999969482422,87.2699966430664,77.7882080078125,1312000
2016-03-15,86.55000305175781,87.33999633789062,86.41000366210938,87.31999969482422,77.8327865600586,1194500
2016-03-16,86.98999786376953,87.87999725341797,86.70999908447266,87.66000366210938,78.1358413696289,1088000
2016-03-17,87.76000213623047,89.08999633789062,87.62000274658203,88.83999633789062,79.1876449584961,1481800
2016-03-18,89.23999786376953,89.23999786376953,88.0199966430664,88.63999938964844,79.00936126708984,3207900
2016-03-21,88.20999908447266,89.33000183105469,88.13999938964844,89.01000213623047,79.33916473388672,1575200
2016-03-22,88.79000091552734,89.01000213623047,88.41000366210938,88.63999938964844,79.00936126708984,1215600
2016-03-23,88.55999755859375,88.79000091552734,88.20999908447266,88.52999877929688,78.91130828857422,1189100
2016-03-24,88.2300033569336,88.7699966430664,87.7699966430664,88.75,79.107421875,1035400
2016-03-28,88.80000305175781,88.95999908447266,88.2300033569336,88.30000305175781,78.70630645751953,1325100
2016-03-29,88.41999816894531,89.45999908447266,88.25,89.43000030517578,79.71353912353516,1711500
2016-03-30,89.70999908447266,89.77999877929688,89.05999755859375,89.1500015258789,79.46395111083984,1506800
2016-03-31,89.06999969482422,90.0,89.06999969482422,89.70999908447266,79.96310424804688,1482400
2016-04-01,88.73999786376953,90.37000274658203,88.73999786376953,90.26000213623047,80.45333862304688,1626500
2016-04-04,90.08000183105469,90.4000015258789,89.47000122070312,89.70999908447266,79.96310424804688,1179100
2016-04-05,90.69000244140625,90.69000244140625,89.4000015258789,89.75,79.99877166748047,1783700
2016-04-06,89.69000244140625,90.94000244140625,89.33999633789062,90.83999633789062,80.97032928466797,1886300
2016-04-07,90.06999969482422,90.44999694824219,89.41000366210938,89.80000305175781,80.0433349609375,1655300
2016-04-08,90.31999969482422,90.68000030517578,89.94000244140625,90.33000183105469,80.5157470703125,1086700
2016-04-11,90.94999694824219,90.98999786376953,89.69000244140625,89.70999908447266,79.96310424804688,1561600
2016-04-12,89.93000030517578,90.16000366210938,89.41000366210938,90.11000061035156,80.31965637207031,1503800
2016-04-13,90.54000091552734,90.54000091552734,89.69999694824219,90.23999786376953,80.43550872802734,1663500
2016-04-14,90.52999877929688,90.6500015258789,89.95999908447266,90.26000213623047,80.45333862304688,1802500
2016-04-15,90.83000183105469,90.83000183105469,89.75,90.1500015258789,80.35531616210938,1750800
2016-04-18,89.95999908447266,90.76000213623047,89.70999908447266,90.69999694824219,80.84553527832031,1301000
2016-04-19,91.0,91.0,90.2699966430664,90.73999786376953,80.88118743896484,1910600
2016-04-20,90.68000030517578,90.79000091552734,90.0999984741211,90.12000274658203,80.32856750488281,1898900
2016-04-21,90.62000274658203,90.70999908447266,89.2300033569336,89.3499984741211,79.64221954345703,1538900
2016-04-22,89.11000061035156,89.80999755859375,88.88999938964844,89.6500015258789,79.90962219238281,1413800
2016-04-25,89.54000091552734,89.62999725341797,89.0,89.58000183105469,79.84723663330078,1143200
2016-04-26,89.81999969482422,90.33000183105469,89.31999969482422,89.79000091552734,80.03440856933594,1631900
2016-04-27,89.7300033569336,90.44999694824219,89.61000061035156,90.12000274658203,80.32856750488281,2406500
2016-04-28,87.83999633789062,90.88999938964844,87.4000015258789,89.0999984741211,79.41939544677734,2953700
2016-04-29,88.4000015258789,88.88999938964844,87.7699966430664,88.44000244140625,78.83110046386719,2293000
2016-05-02,88.23999786376953,89.5999984741211,88.20999908447266,89.43000030517578,79.71353912353516,2228300
2016-05-03,89.19000244140625,89.48999786376953,87.8499984741211,88.80999755859375,79.160888671875,3258700
2016-05-04,88.31999969482422,88.73999786376953,87.87000274658203,88.38999938964844,78.78650665283203,1192800
2016-05-05,86.66999816894531,87.91000366210938,86.27999877929688,86.44999694824219,77.05729675292969,5092700
2016-05-06,86.13999938964844,87.12000274658203,86.08999633789062,86.8499984741211,77.41385650634766,4489300
2016-05-09,87.1500015258789,87.69000244140625,86.7699966430664,87.16000366210938,77.69017028808594,3340900
2016-05-10,87.43000030517578,88.52999877929688,87.16000366210938,88.5,78.88458251953125,4131800
2016-05-11,88.19000244140625,88.48999786376953,86.66000366210938,86.66999816894531,77.25341033935547,1954800
2016-05-12,87.30999755859375,87.30999755859375,86.11000061035156,86.54000091552734,77.13752746582031,1692600
2016-05-13,86.41999816894531,86.87000274658203,85.73999786376953,85.76000213623047,76.4422607421875,1862000
2016-05-16,86.02999877929688,87.0,85.9000015258789,86.69999694824219,77.28015899658203,1731600
2016-05-17,86.33000183105469,86.8499984741211,85.08999633789062,85.3499984741211,76.07682037353516,1508500
2016-05-18,85.27999877929688,86.01000213623047,84.91000366210938,85.5999984741211,76.29967498779297,1269300
2016-05-19,84.76000213623047,85.26000213623047,84.36000061035156,85.13999938964844,75.8896255493164,1493900
2016-05-20,85.45999908447266,86.08000183105469,85.29000091552734,85.47000122070312,76.18378448486328,1382000
2016-05-23,85.48999786376953,85.69999694824219,85.19999694824219,85.25,75.98767852783203,1076000
2016-05-24,85.98999786376953,87.48999786376953,85.86000061035156,87.45999908447266,77.95757293701172,2163300
2016-05-25,87.66999816894531,88.01000213623047,87.43000030517578,87.5199966430664,78.01104736328125,1405100
2016-05-26,87.38999938964844,87.93000030517578,87.08999633789062,87.69999694824219,78.1714859008789,1042500
2016-05-27,87.73999786376953,88.08000183105469,87.52999877929688,88.04000091552734,78.47455596923828,1078000
2016-05-31,88.37000274658203,88.37000274658203,87.33000183105469,87.83999633789062,78.29627990722656,2035500
2016-06-01,87.5999984741211,88.18000030517578,87.44999694824219,88.12000274658203,78.5458755493164,1685800
2016-06-02,88.04000091552734,88.12000274658203,87.51000213623047,88.08999633789062,78.51913452148438,1092300
2016-06-03,87.6500015258789,87.6500015258789,86.72000122070312,87.33000183105469,77.84169006347656,1399900
2016-06-06,87.5199966430664,88.0,87.36000061035156,87.69000244140625,78.1625747680664,1392200
2016-06-07,87.69999694824219,87.97000122070312,86.79000091552734,86.87000274658203,77.43167877197266,2481000
2016-06-08,86.5999984741211,87.2300033569336,86.30999755859375,87.22000122070312,78.22087097167969,1797300
2016-06-09,87.02999877929688,87.66000366210938,86.87999725341797,87.62999725341797,78.58856964111328,1517700
2016-06-10,86.55000305175781,87.30999755859375,86.5199966430664,87.08999633789062,78.10426330566406,1635700
2016-06-13,87.0199966430664,87.66999816894531,86.91000366210938,87.16000366210938,78.16706848144531,3189400
2016-06-14,86.97000122070312,87.58000183105469,86.97000122070312,87.48999786376953,78.46302032470703,2348500
2016-06-15,87.52999877929688,88.01000213623047,87.2300033569336,87.61000061035156,78.57061767578125,2080500
2016-06-16,87.20999908447266,88.19000244140625,86.91999816894531,88.02999877929688,78.9472885131836,1469400
2016-06-17,88.08999633789062,88.1500015258789,86.93000030517578,87.61000061035156,78.57061767578125,2708700
2016-06-20,88.66999816894531,89.45999908447266,88.55999755859375,89.04000091552734,79.85309600830078,2061700
2016-06-21,89.30000305175781,89.5199966430664,88.91999816894531,89.33999633789062,80.12213134765625,1725600
2016-06-22,89.66000366210938,89.76000213623047,88.73999786376953,88.81999969482422,79.6557846069336,1504400
2016-06-23,89.73999786376953,89.94000244140625,89.12000274658203,89.94000244140625,80.66021728515625,1363900
2016-06-24,86.2300033569336,88.4800033569336,86.04000091552734,86.72000122070312,77.7724609375,4044500
2016-06-27,85.94000244140625,86.4000015258789,85.2300033569336,85.66000366210938,76.82181549072266,2606400
2016-06-28,86.30999755859375,87.94000244140625,85.94999694824219,87.91999816894531,78.84864807128906,2531100
2016-06-29,88.47000122070312,89.33999633789062,88.27999877929688,89.12999725341797,79.9338150024414,2274300
2016-06-30,89.37000274658203,91.87000274658203,88.7300033569336,91.87000274658203,82.3910903930664,2944800
2016-07-01,92.0,92.97000122070312,91.79000091552734,92.75,83.18030548095703,2456800
2016-07-05,92.52999877929688,93.6500015258789,92.33000183105469,93.30999755859375,83.6825180053711,2940500
2016-07-06,93.43000030517578,93.62999725341797,92.68000030517578,93.41999816894531,83.78117370605469,2298900
2016-07-07,93.16999816894531,93.68000030517578,92.87000274658203,93.5,83.85291290283203,1734900
2016-07-08,94.12000274658203,94.58999633789062,93.63999938964844,94.47000122070312,84.72284698486328,2148200
2016-07-11,95.0,95.63999938964844,94.83999633789062,95.13999938964844,85.32371520996094,1822500
2016-07-12,95.58000183105469,95.7300033569336,94.75,94.80999755859375,85.02775573730469,2262800
2016-07-13,95.29000091552734,95.38999938964844,94.66999816894531,95.13999938964844,85.32371520996094,1365500
2016-07-14,95.75,95.77999877929688,95.01000213623047,95.20999908447266,85.3864974975586,1330500
2016-07-15,95.69999694824219,95.7699966430664,94.93000030517578,95.05999755859375,85.25196075439453,1355900
2016-07-18,95.29000091552734,95.37999725341797,94.80999755859375,94.93000030517578,85.1353759765625,879700
2016-07-19,94.8499984741211,95.05000305175781,94.66000366210938,95.0199966430664,85.2160873413086,925500
2016-07-20,95.55999755859375,95.63999938964844,95.04000091552734,95.38999938964844,85.54792022705078,1090100
2016-07-21,95.0999984741211,95.41999816894531,94.38999938964844,94.87999725341797,85.09054565429688,1262400
2016-07-22,95.51000213623047,95.69000244140625,94.75,95.44000244140625,85.59275817871094,1221100
2016-07-25,95.16000366210938,95.36000061035156,94.87000274658203,95.29000091552734,85.4582290649414,1247900
2016-07-26,95.55999755859375,96.0,95.08000183105469,95.72000122070312,85.8438720703125,1412400
2016-07-27,95.66000366210938,95.7300033569336,94.75,94.93000030517578,85.1353759765625,2050400
2016-07-28,93.0,93.0,91.37000274658203,91.7300033569336,82.26554870605469,3609200
2016-07-29,91.37999725341797,91.37999725341797,88.93000030517578,88.94999694824219,79.77237701416016,3899700
2016-08-01,88.05999755859375,89.70999908447266,87.8499984741211,88.66999816894531,79.52124786376953,3353700
2016-08-02,88.69999694824219,88.94000244140625,87.86000061035156,87.97000122070312,78.89350128173828,2384300
2016-08-03,88.23999786376953,88.30000305175781,87.55000305175781,88.19000244140625,79.09080505371094,2249100
2016-08-04,88.11000061035156,88.66000366210938,88.02999877929688,88.41000366210938,79.28810119628906,1483500
2016-08-05,89.0,89.72000122070312,88.54000091552734,89.66999816894531,80.41808319091797,1959300
2016-08-08,89.58999633789062,89.87999725341797,89.19000244140625,89.44000244140625,80.21183013916016,1831000
2016-08-09,89.44000244140625,90.33999633789062,89.44000244140625,89.97000122070312,80.68712615966797,1332600
2016-08-10,89.93000030517578,90.12000274658203,89.51000213623047,90.04000091552734,80.74991607666016,1102000
2016-08-11,90.08999633789062,90.6500015258789,90.01000213623047,90.4000015258789,81.07276916503906,1375600
2016-08-12,90.02999877929688,90.4000015258789,90.01000213623047,90.12999725341797,80.83062744140625,929700
2016-08-15,90.4800033569336,90.66000366210938,90.16000366210938,90.3499984741211,81.0279312133789,919300
2016-08-16,90.04000091552734,90.25,89.55000305175781,89.55999755859375,80.3194351196289,939800
2016-08-17,89.80000305175781,89.86000061035156,88.79000091552734,89.33000183105469,80.1131591796875,1773400
2016-08-18,89.56999969482422,89.9000015258789,89.38999938964844,89.83000183105469,80.56158447265625,1025400
2016-08-19,89.5199966430664,89.97000122070312,89.0999984741211,89.8499984741211,80.57951354980469,1436600
2016-08-22,89.81999969482422,90.0199966430664,89.54000091552734,89.91000366210938,80.63333129882812,1110300
2016-08-23,90.08000183105469,90.19000244140625,89.77999877929688,89.9800033569336,80.69610595703125,1181900
2016-08-24,89.80999755859375,89.91000366210938,89.54000091552734,89.68000030517578,80.42706298828125,1121700
2016-08-25,89.72000122070312,89.9800033569336,89.30000305175781,89.7699966430664,80.50776672363281,1049000
2016-08-26,89.95999908447266,90.5999984741211,89.31999969482422,89.79000091552734,80.52571868896484,1365800
2016-08-29,89.83999633789062,90.30000305175781,89.48999786376953,89.58999633789062,80.34634399414062,1108800
2016-08-30,89.80999755859375,90.05999755859375,89.5,89.79000091552734,80.52571868896484,1322400
2016-08-31,89.68000030517578,90.02999877929688,89.41000366210938,89.80999755859375,80.54364013671875,1300700
2016-09-01,90.0199966430664,90.62999725341797,89.66000366210938,90.62999725341797,81.279052734375,1775600
2016-09-02,90.87999725341797,90.98999786376953,90.05999755859375,90.38999938964844,81.06380462646484,1737100
2016-09-06,89.72000122070312,90.13999938964844,89.44000244140625,89.86000061035156,80.5884780883789,1728800
2016-09-07,89.19999694824219,89.98999786376953,89.1500015258789,89.95999908447266,81.15682220458984,1228500
2016-09-08,89.70999908447266,90.06999969482422,89.33000183105469,89.47000122070312,80.71478271484375,1241800
2016-09-09,88.56999969482422,88.98999786376953,86.55000305175781,86.56999969482422,78.09856414794922,2013800
2016-09-12,86.45999908447266,88.23999786376953,86.33000183105469,88.13999938964844,79.51493835449219,1893700
2016-09-13,87.31999969482422,87.79000091552734,86.36000061035156,86.69000244140625,78.20682525634766,1939900
2016-09-14,86.86000061035156,87.23999786376953,86.44999694824219,86.69000244140625,78.20682525634766,1169800
2016-09-15,86.4800033569336,87.79000091552734,86.2300033569336,87.4800033569336,78.91952514648438,1452100
2016-09-16,87.1500015258789,87.18000030517578,86.20999908447266,86.75,78.26094818115234,2632000
2016-09-19,87.08999633789062,87.4000015258789,86.44999694824219,86.55999755859375,78.08955383300781,1690900
2016-09-20,87.12000274658203,88.08999633789062,86.93000030517578,87.79000091552734,79.19918823242188,1738700
2016-09-21,87.81999969482422,88.97000122070312,87.70999908447266,88.87999725341797,80.1825180053711,1797000
2016-09-22,89.52999877929688,89.80999755859375,89.16999816894531,89.45999908447266,80.70576477050781,1622500
2016-09-23,88.6500015258789,89.23999786376953,88.44999694824219,88.47000122070312,79.81265258789062,1432000
2016-09-26,87.91000366210938,88.44999694824219,87.86000061035156,88.19000244140625,79.56005859375,1102300
2016-09-27,88.27999877929688,89.06999969482422,88.0999984741211,88.94999694824219,80.24566650390625,1269400
2016-09-28,89.08999633789062,89.08999633789062,87.11000061035156,87.44999694824219,78.8924560546875,2094500
2016-09-29,87.41000366210938,88.16999816894531,87.19999694824219,87.20999908447266,78.6759262084961,1629000
2016-09-30,87.38999938964844,88.48999786376953,87.16999816894531,88.19999694824219,79.56905364990234,2689800
2016-10-03,88.16000366210938,88.16000366210938,87.55000305175781,87.62999725341797,79.0548324584961,1364000
2016-10-04,87.81999969482422,87.98999786376953,86.94999694824219,87.16999816894531,78.63985443115234,1529800
2016-10-05,87.63999938964844,87.77999877929688,87.08000183105469,87.58000183105469,79.00972747802734,1315500
2016-10-06,87.25,87.69999694824219,86.77999877929688,87.55999755859375,78.99168395996094,1341100
2016-10-07,87.79000091552734,87.79000091552734,86.86000061035156,87.37000274658203,78.82029724121094,1580100
2016-10-10,87.73999786376953,88.2300033569336,87.62999725341797,87.7699966430664,79.18113708496094,1021300
2016-10-11,87.66999816894531,87.66999816894531,85.72000122070312,86.08999633789062,77.66553497314453,1963500
2016-10-12,86.27999877929688,87.12999725341797,86.06999969482422,86.87000274658203,78.36921691894531,1139000
2016-10-13,86.43000030517578,87.19000244140625,85.94999694824219,86.88999938964844,78.38726043701172,1367100
2016-10-14,87.31999969482422,88.05000305175781,86.91000366210938,87.55999755859375,78.99168395996094,1381300
2016-10-17,87.58000183105469,87.69999694824219,86.9800033569336,87.23999786376953,78.7030029296875,1235300
2016-10-18,88.12000274658203,88.37000274658203,87.31999969482422,87.37999725341797,78.82931518554688,1109600
2016-10-19,87.58000183105469,87.7300033569336,87.33999633789062,87.43000030517578,78.87442016601562,906400
2016-10-20,87.19999694824219,87.55999755859375,86.48999786376953,86.83999633789062,78.34215545654297,1419900
2016-10-21,86.48999786376953,86.81999969482422,85.4800033569336,86.72000122070312,78.23389434814453,1277700
2016-10-24,87.33999633789062,87.80999755859375,87.19000244140625,87.66999816894531,79.09093475341797,1025500
2016-10-25,87.55000305175781,87.75,87.19999694824219,87.5,78.93756103515625,1299200
2016-10-26,87.26000213623047,87.73999786376953,87.0199966430664,87.19000244140625,78.65791320800781,1331500
2016-10-27,87.36000061035156,87.43000030517578,86.62999725341797,86.66000366210938,78.17976379394531,1773700
2016-10-28,86.73999786376953,87.6500015258789,86.5999984741211,87.16000366210938,78.63085174560547,2129300
2016-10-31,87.56999969482422,87.70999908447266,86.9800033569336,87.05999755859375,78.54061889648438,2488100
2016-11-01,87.30000305175781,87.5,86.52999877929688,86.91999816894531,78.4143295288086,3065600
2016-11-02,88.0999984741211,90.88999938964844,88.0999984741211,89.9800033569336,81.17488098144531,5356600
2016-11-03,89.97000122070312,90.0,88.91000366210938,89.33000183105469,80.5884780883789,2514200
2016-11-04,88.02999877929688,89.75,88.02999877929688,89.08000183105469,80.36294555664062,2093200
2016-11-07,90.3499984741211,90.86000061035156,89.94000244140625,90.5999984741211,81.73420715332031,2244800
2016-11-08,90.75,91.5999984741211,90.55000305175781,91.1500015258789,82.23040008544922,1668300
2016-11-09,87.88999938964844,91.19999694824219,87.58000183105469,90.9000015258789,82.00485229492188,2861300
2016-11-10,91.44000244140625,91.88999938964844,90.12999725341797,91.38999938964844,82.4468765258789,2555400
2016-11-11,90.94000244140625,91.94999694824219,90.44999694824219,91.08000183105469,82.16724395751953,2097600
2016-11-14,91.4000015258789,92.36000061035156,90.9000015258789,91.88999938964844,82.8979721069336,2961400
2016-11-15,92.12999725341797,92.62000274658203,91.87999725341797,92.33999633789062,83.303955078125,2034100
2016-11-16,92.33999633789062,93.3499984741211,91.5999984741211,93.2699966430664,84.14292907714844,1962000
2016-11-17,93.1500015258789,94.43000030517578,93.08999633789062,94.37999725341797,85.14431762695312,2031800
2016-11-18,94.30999755859375,94.5999984741211,93.94999694824219,94.38999938964844,85.15332794189453,1636600
2016-11-21,94.47000122070312,95.62000274658203,94.37999725341797,95.58999633789062,86.23590087890625,2252000
2016-11-22,95.6500015258789,96.58999633789062,95.33999633789062,96.38999938964844,86.9576416015625,2433500
2016-11-23,96.58999633789062,97.43000030517578,96.47000122070312,96.6500015258789,87.19217681884766,2968000
2016-11-25,96.68000030517578,97.1500015258789,96.5,96.91999816894531,87.4357681274414,724400
2016-11-28,96.62999725341797,96.94000244140625,96.0,96.56999969482422,87.12001037597656,1968300
2016-11-29,96.70999908447266,97.37000274658203,96.43000030517578,97.04000091552734,87.54401397705078,1590600
2016-11-30,97.13999938964844,97.54000091552734,96.01000213623047,96.0199966430664,86.62382507324219,2812500
2016-12-01,95.98999786376953,96.19999694824219,95.19999694824219,95.7699966430664,86.39828491210938,2056600
2016-12-02,95.45999908447266,96.0999984741211,94.98999786376953,95.23999786376953,85.92015075683594,1711200
2016-12-05,95.86000061035156,96.22000122070312,95.44999694824219,96.05000305175781,86.6509017944336,2485700
2016-12-06,96.1500015258789,96.44999694824219,95.1500015258789,96.0,86.60578155517578,1817800
2016-12-07,95.33000183105469,97.72000122070312,95.33000183105469,97.56999969482422,88.54788970947266,2245300
2016-12-08,97.52999877929688,98.36000061035156,97.36000061035156,98.19000244140625,89.11058807373047,2075600
2016-12-09,98.06999969482422,98.30000305175781,97.56999969482422,98.22000122070312,89.13780212402344,3350600
2016-12-12,98.12999725341797,98.55000305175781,97.83999633789062,98.05999755859375,88.99259185791016,1769800
2016-12-13,98.63999938964844,99.25,98.04000091552734,98.4000015258789,89.30115509033203,2093800
2016-12-14,98.4000015258789,98.8499984741211,97.5199966430664,97.69000244140625,88.65681457519531,1896900
2016-12-15,97.81999969482422,99.12999725341797,97.51000213623047,98.76000213623047,89.62786102294922,1718000
2016-12-16,100.31999969482422,101.58000183105469,99.33999633789062,100.8499984741211,91.52460479736328,5682600
2016-12-19,100.72000122070312,101.5999984741211,100.58000183105469,101.08999633789062,91.74240112304688,1993200
2016-12-20,101.73999786376953,102.66000366210938,101.4000015258789,102.33000183105469,92.86775970458984,2396900
2016-12-21,102.26000213623047,102.81999969482422,101.69000244140625,102.47000122070312,92.99480438232422,2042900
2016-12-22,102.63999938964844,102.80999755859375,101.88999938964844,102.5999984741211,93.11279296875,1567900
2016-12-23,102.5199966430664,102.95999908447266,102.51000213623047,102.93000030517578,93.41226196289062,778000
2016-12-27,102.86000061035156,103.77999877929688,102.77999877929688,103.30999755859375,93.75714111328125,930000
2016-12-28,103.52999877929688,103.87999725341797,103.0199966430664,103.05000305175781,93.52117919921875,1559100
2016-12-29,103.2699966430664,103.8499984741211,103.0,103.44999694824219,93.8841781616211,1264500
2016-12-30,103.37999725341797,103.44000244140625,102.0,102.77999877929688,93.2761459350586,2008400
2017-01-03,102.37999725341797,103.58000183105469,102.30999755859375,103.5,93.92958068847656,2227400
2017-01-04,103.41000366210938,103.9800033569336,103.25,103.66000366210938,94.07478332519531,2498500
2017-01-05,103.45999908447266,103.88999938964844,102.4000015258789,103.04000091552734,93.51209259033203,2215300
2017-01-06,103.2300033569336,103.2699966430664,102.2699966430664,103.11000061035156,93.57563018798828,2016500
2017-01-09,102.94999694824219,103.23999786376953,102.47000122070312,102.47000122070312,92.99480438232422,1379200
2017-01-10,102.25,103.04000091552734,102.04000091552734,102.19999694824219,92.74976348876953,1638700
2017-01-11,102.2699966430664,103.58000183105469,102.2699966430664,103.19999694824219,93.65731048583984,1783800
2017-01-12,102.9800033569336,103.91999816894531,102.23999786376953,103.80000305175781,94.20183563232422,1546400
2017-01-13,103.7699966430664,104.08999633789062,103.16999816894531,103.7699966430664,94.17459869384766,1627600
2017-01-17,103.31999969482422,103.54000091552734,102.88999938964844,103.06999969482422,93.5393295288086,1277000
2017-01-18,103.48999786376953,103.48999786376953,102.7300033569336,102.91000366210938,93.39411163330078,1485300
2017-01-19,102.79000091552734,103.2699966430664,102.69999694824219,102.97000122070312,93.44856262207031,1531000
2017-01-20,103.0,103.73999786376953,102.80000305175781,103.23999786376953,93.6936264038086,1653200
2017-01-23,102.80999755859375,103.0999984741211,101.86000061035156,102.19999694824219,92.74976348876953,1486700
2017-01-24,102.25,103.3499984741211,102.13999938964844,103.23999786376953,93.6936264038086,1687900
2017-01-25,103.45999908447266,103.6500015258789,102.37999725341797,102.69999694824219,93.20354461669922,1979300
2017-01-26,102.41000366210938,102.66000366210938,102.0,102.04000091552734,92.60456848144531,2119600
2017-01-27,101.44000244140625,102.1500015258789,101.18000030517578,101.70999908447266,92.30509185791016,1804500
2017-01-30,101.55999755859375,102.01000213623047,100.9000015258789,101.97000122070312,92.54105377197266,1648300
2017-01-31,101.79000091552734,102.12999725341797,100.7699966430664,100.98999786376953,91.65164947509766,2609800
2017-02-01,96.02999877929688,97.31999969482422,94.11000061035156,95.25,86.44243621826172,8013700
2017-02-02,95.2300033569336,97.19000244140625,95.02999877929688,96.31999969482422,87.4134750366211,3975500
2017-02-03,97.20999908447266,97.4000015258789,96.51000213623047,96.87000274658203,87.91263580322266,2936000
2017-02-06,96.68000030517578,97.06999969482422,96.06999969482422,96.47000122070312,87.54962921142578,1770600
2017-02-07,96.5,96.86000061035156,95.91000366210938,96.29000091552734,87.38626861572266,1521400
2017-02-08,96.19000244140625,97.05999755859375,96.05000305175781,96.58000183105469,87.64945983886719,1297300
2017-02-09,96.7699966430664,97.98999786376953,96.30999755859375,97.6500015258789,88.6205062866211,3380800
2017-02-10,97.69999694824219,98.30000305175781,97.45999908447266,97.81999969482422,88.77478790283203,1214700
2017-02-13,98.05999755859375,98.5999984741211,98.05999755859375,98.58000183105469,89.46451568603516,1500800
2017-02-14,98.41999816894531,99.5999984741211,98.31999969482422,99.44000244140625,90.24500274658203,1614900
2017-02-15,98.88999938964844,99.66000366210938,98.54000091552734,99.6500015258789,90.43557739257812,1579800
2017-02-16,99.58999633789062,99.87999725341797,99.19000244140625,99.87999725341797,90.6443099975586,1314700
2017-02-17,99.5999984741211,99.69999694824219,98.81999969482422,99.68000030517578,90.46277618408203,1577500
2017-02-21,99.38999938964844,99.58999633789062,98.75,99.22000122070312,90.04532623291016,2099400
2017-02-22,99.08999633789062,100.68000030517578,99.08999633789062,100.41999816894531,91.13436889648438,1677400
2017-02-23,100.79000091552734,101.77999877929688,100.48999786376953,101.63999938964844,92.24154663085938,1459300
2017-02-24,101.62999725341797,103.01000213623047,101.30000305175781,103.0,93.47579193115234,1774500
2017-02-27,102.93000030517578,103.13999938964844,102.47000122070312,102.69999694824219,93.20354461669922,1188300
2017-02-28,102.68000030517578,102.80999755859375,102.23999786376953,102.62000274658203,93.13093566894531,2060700
2017-03-01,103.66000366210938,104.70999908447266,103.2300033569336,104.52999877929688,94.86434173583984,1828200
2017-03-02,104.13999938964844,104.37000274658203,103.86000061035156,104.06999969482422,94.4468765258789,1697200
2017-03-03,103.94999694824219,104.61000061035156,103.62999725341797,104.5,94.83710479736328,1216400
2017-03-06,103.87999725341797,105.0,103.87999725341797,104.94999694824219,95.2454833984375,1678300
2017-03-07,104.54000091552734,104.8499984741211,103.9000015258789,104.2699966430664,94.62837219238281,1881500
2017-03-08,103.62000274658203,104.12999725341797,103.33999633789062,103.70999908447266,94.63749694824219,1577200
2017-03-09,103.56999969482422,104.08000183105469,102.91999816894531,103.4000015258789,94.35462188720703,1393800
2017-03-10,103.87000274658203,104.62999725341797,103.54000091552734,104.55000305175781,95.40401458740234,1556800
2017-03-13,104.48999786376953,104.9000015258789,104.13999938964844,104.83999633789062,95.66861724853516,1802700
2017-03-14,104.66000366210938,104.76000213623047,103.69000244140625,103.97000122070312,94.87474822998047,1848300
2017-03-15,104.2699966430664,104.79000091552734,103.66000366210938,104.66999816894531,95.51351165771484,1500200
2017-03-16,104.6500015258789,104.88999938964844,103.9000015258789,104.25,95.13026428222656,1231100
2017-03-17,104.30999755859375,105.19999694824219,104.02999877929688,105.11000061035156,95.91502380371094,2890300
2017-03-20,105.16999816894531,105.18000030517578,104.22000122070312,104.44999694824219,95.312744140625,1323400
2017-03-21,104.9000015258789,104.95999908447266,102.98999786376953,103.12000274658203,94.09911346435547,1612700
2017-03-22,103.3499984741211,103.73999786376953,102.88999938964844,103.68000030517578,94.61009979248047,2010300
2017-03-23,103.48999786376953,104.25,103.0999984741211,103.5199966430664,94.464111328125,1010200
2017-03-24,103.75,104.16999816894531,103.05999755859375,103.37999725341797,94.33635711669922,1359900
2017-03-27,102.7300033569336,103.26000213623047,102.37000274658203,102.91000366210938,93.90747833251953,1504500
2017-03-28,102.52999877929688,103.62000274658203,102.20999908447266,103.27999877929688,94.24510955810547,1485900
2017-03-29,102.91000366210938,103.02999877929688,101.87999725341797,102.12999725341797,93.1957015991211,2245100
2017-03-30,102.06999969482422,102.44999694824219,101.7699966430664,102.16999816894531,93.23222351074219,1225400
2017-03-31,102.13999938964844,102.62000274658203,101.9800033569336,102.38999938964844,93.43296813964844,1374500
2017-04-03,102.2300033569336,102.56999969482422,101.0199966430664,101.2699966430664,92.41094207763672,1637600
2017-04-04,101.33000183105469,101.52999877929688,100.86000061035156,101.44999694824219,92.57518005371094,1143300
2017-04-05,101.80999755859375,103.01000213623047,101.23999786376953,101.93000030517578,93.0132064819336,1693500
2017-04-06,101.88999938964844,101.91000366210938,101.44999694824219,101.75,92.84896087646484,1087100
2017-04-07,101.87000274658203,102.41999816894531,101.45999908447266,102.19000244140625,93.25047302246094,1600900
2017-04-10,102.16000366210938,102.68000030517578,101.79000091552734,102.13999938964844,93.204833984375,980000
2017-04-11,101.87999725341797,102.43000030517578,101.33000183105469,102.08999633789062,93.15921783447266,908700
2017-04-12,101.7300033569336,102.0999984741211,101.48999786376953,101.94999694824219,93.03145599365234,1811800
2017-04-13,102.26000213623047,102.26000213623047,101.23999786376953,101.26000213623047,92.4018325805664,1218700
2017-04-17,101.94999694824219,102.0,101.36000061035156,101.86000061035156,92.9493179321289,1215400
2017-04-18,101.56999969482422,102.47000122070312,100.08000183105469,101.93000030517578,93.0132064819336,1570800
2017-04-19,102.0999984741211,102.55999755859375,101.77999877929688,102.06999969482422,93.1409683227539,1113000
2017-04-20,102.33999633789062,103.31999969482422,102.2300033569336,103.04000091552734,94.02611541748047,1218200
2017-04-21,103.04000091552734,103.4800033569336,102.48999786376953,102.69000244140625,93.70673370361328,1528900
2017-04-24,104.0,104.19000244140625,103.0999984741211,104.13999938964844,95.0298843383789,1887100
2017-04-25,104.13999938964844,105.22000122070312,104.08999633789062,105.01000213623047,95.82379150390625,1306500
2017-04-26,104.51000213623047,105.1500015258789,104.30999755859375,104.86000061035156,95.68689727783203,1431100
2017-04-27,105.26000213623047,105.68000030517578,104.6500015258789,105.16000366210938,95.96064758300781,1505200
2017-04-28,105.02999877929688,105.27999877929688,104.29000091552734,104.48999786376953,95.34925079345703,1610900
2017-05-01,104.29000091552734,104.41000366210938,103.58999633789062,103.97000122070312,94.87474822998047,1406100
2017-05-02,104.19000244140625,104.43000030517578,103.5999984741211,104.01000213623047,94.9112548828125,2254100
2017-05-03,98.94999694824219,99.62000274658203,95.5,97.51000213623047,88.97989654541016,6336000
2017-05-04,98.30999755859375,99.12999725341797,97.58999633789062,99.0999984741211,90.43077087402344,3378000
2017-05-05,99.3499984741211,99.52999877929688,98.63999938964844,99.29000091552734,90.6041488647461,1858700
2017-05-08,99.5,99.6500015258789,96.41999816894531,96.69999694824219,88.24073028564453,4799800
2017-05-09,96.62999725341797,97.43000030517578,96.16999816894531,97.08000183105469,88.58748626708984,2625200
2017-05-10,96.97000122070312,97.5,95.8499984741211,96.62999725341797,88.1768569946289,2920000
2017-05-11,96.52999877929688,96.5999984741211,95.87000274658203,96.45999908447266,88.02172088623047,3029100
2017-05-12,96.56999969482422,97.30000305175781,96.25,97.16999816894531,88.66962432861328,1957300
2017-05-15,97.01000213623047,98.54000091552734,96.76000213623047,98.44999694824219,89.8376235961914,3364000
2017-05-16,98.38999938964844,98.76000213623047,98.1500015258789,98.31999969482422,89.71900939941406,2213300
2017-05-17,97.69999694824219,98.08000183105469,97.2300033569336,97.30000305175781,88.7882308959961,2802600
2017-05-18,97.1500015258789,98.6500015258789,96.80000305175781,98.3499984741211,89.74639129638672,2197300
2017-05-19,98.33999633789062,98.91999816894531,97.88999938964844,98.62000274658203,89.99276733398438,2790700
2017-05-22,98.4800033569336,99.55999755859375,98.44000244140625,99.44999694824219,90.7501449584961,2015200
2017-05-23,99.37000274658203,99.54000091552734,99.05999755859375,99.52999877929688,90.82315063476562,1398900
2017-05-24,99.48999786376953,100.05999755859375,99.43000030517578,99.9800033569336,91.23379516601562,1941400
2017-05-25,100.2699966430664,101.43000030517578,100.02999877929688,101.16000366210938,92.31056213378906,1832300
2017-05-26,101.2300033569336,101.52999877929688,100.91000366210938,101.3499984741211,92.48394775390625,1918600
2017-05-30,101.20999908447266,101.66000366210938,100.54000091552734,101.52999877929688,92.64820098876953,1728900
2017-05-31,101.69999694824219,102.5,101.51000213623047,102.37000274658203,93.41471862792969,3173100
2017-06-01,103.0,103.4000015258789,102.01000213623047,103.3499984741211,94.30897521972656,2432200
2017-06-02,100.12000274658203,101.08000183105469,98.5,100.9800033569336,92.14630889892578,8135700
2017-06-05,101.0999984741211,101.62999725341797,100.88999938964844,101.0999984741211,92.25580596923828,3138600
2017-06-06,101.0,101.72000122070312,100.6500015258789,101.19999694824219,92.3470687866211,1992200
2017-06-07,101.01000213623047,101.5,100.69000244140625,100.94000244140625,92.63153839111328,2359500
2017-06-08,101.11000061035156,101.2699966430664,100.44000244140625,100.7699966430664,92.47554779052734,2613100
2017-06-09,100.86000061035156,101.26000213623047,99.8499984741211,100.11000061035156,91.86986541748047,4274000
2017-06-12,100.37000274658203,101.55999755859375,100.0199966430664,101.54000091552734,93.18216705322266,2029600
2017-06-13,101.61000061035156,102.08000183105469,101.1500015258789,101.87000274658203,93.48501586914062,2358300
2017-06-14,102.19000244140625,102.30999755859375,100.83000183105469,101.25,92.9160385131836,2679100
2017-06-15,100.87999725341797,102.30000305175781,100.5999984741211,102.16999816894531,93.76031494140625,1618900
2017-06-16,101.6500015258789,103.72000122070312,101.6500015258789,103.48999786376953,94.9716567993164,3572700
2017-06-19,103.7300033569336,104.16000366210938,103.26000213623047,104.11000061035156,95.54063415527344,2019700
2017-06-20,102.5199966430664,103.38999938964844,102.44000244140625,102.4800033569336,94.04479217529297,3590300
2017-06-21,103.73999786376953,103.73999786376953,102.05000305175781,102.5,94.06314849853516,3087800
2017-06-22,102.69000244140625,102.69000244140625,101.37000274658203,101.91000366210938,93.5217056274414,2326400
2017-06-23,101.80999755859375,102.02999877929688,101.27999877929688,101.41000366210938,93.06287384033203,2835400
2017-06-26,101.66000366210938,102.27999877929688,101.44000244140625,102.20999908447266,93.7970199584961,2412600
2017-06-27,101.83999633789062,102.61000061035156,101.48999786376953,101.5,93.14546203613281,2882200
2017-06-28,101.80000305175781,102.83999633789062,100.55999755859375,102.68000030517578,94.22833251953125,2934100
2017-06-29,102.4000015258789,102.54000091552734,101.06999969482422,101.45999908447266,93.1087646484375,3799800
2017-06-30,102.19000244140625,102.80999755859375,101.76000213623047,102.45999908447266,94.02644348144531,2958600
2017-07-03,101.9800033569336,103.13999938964844,101.91000366210938,102.41999816894531,93.9897232055664,1591100
2017-07-05,102.80999755859375,104.12000274658203,101.87999725341797,104.06999969482422,95.50391387939453,2836700
2017-07-06,103.76000213623047,103.76000213623047,102.80000305175781,103.44000244140625,94.92577362060547,2724700
2017-07-07,103.75,105.41000366210938,103.41999816894531,105.13999938964844,96.48584747314453,2774100
2017-07-10,105.0,105.37000274658203,103.63999938964844,103.66000366210938,95.12767791748047,5423000
2017-07-11,103.2300033569336,103.61000061035156,101.1500015258789,101.83999633789062,93.45745849609375,5087700
2017-07-12,102.80000305175781,103.45999908447266,102.33000183105469,102.5,94.06314849853516,3085500
2017-07-13,102.48999786376953,102.68000030517578,101.41999816894531,101.62999725341797,93.26476287841797,4710200
2017-07-14,101.61000061035156,101.9000015258789,101.23999786376953,101.3499984741211,93.00780487060547,2837400
2017-07-17,101.37999725341797,101.80999755859375,101.22000122070312,101.69999694824219,93.3289794921875,3149500
2017-07-18,100.94000244140625,101.37999725341797,100.51000213623047,101.30999755859375,92.9710922241211,2377700
2017-07-19,101.5,103.06999969482422,101.19999694824219,102.75,94.29256439208984,3678500
2017-07-20,102.93000030517578,103.47000122070312,102.83000183105469,103.33999633789062,94.833984375,3110900
2017-07-21,102.68000030517578,104.94000244140625,102.68000030517578,104.58000183105469,95.97193145751953,3722200
2017-07-24,104.33999633789062,104.44000244140625,102.45999908447266,103.54000091552734,95.01754760742188,5402200
2017-07-25,103.69000244140625,104.05000305175781,102.70999908447266,103.18000030517578,94.68717956542969,3231300
2017-07-26,103.55999755859375,106.05999755859375,103.0199966430664,105.9800033569336,97.2567138671875,5618300
2017-07-27,103.5,120.0,103.5,115.62999725341797,106.11238861083984,29837600
2017-07-28,115.25,117.66000366210938,115.0,117.37999725341797,107.7183609008789,7880400
2017-07-31,118.0,121.7699966430664,117.87000274658203,118.91000366210938,109.12242889404297,8186000
2017-08-01,118.79000091552734,119.37999725341797,116.33000183105469,116.77999877929688,107.1677474975586,5612300
2017-08-02,115.6500015258789,116.44000244140625,114.12000274658203,115.25,105.763671875,9973100
2017-08-03,113.69000244140625,113.8499984741211,111.0,111.7699966430664,102.57012176513672,9003400
2017-08-04,113.5,113.91999816894531,110.0999984741211,111.38999938964844,102.22140502929688,8109400
2017-08-07,111.5,114.0,111.05000305175781,112.16999816894531,102.93720245361328,4012800
2017-08-08,112.19999694824219,112.55999755859375,108.06999969482422,108.51000213623047,99.57844543457031,9711200
2017-08-09,108.83999633789062,110.11000061035156,108.05999755859375,109.66000366210938,100.6338119506836,8389700
2017-08-10,108.80000305175781,109.83999633789062,107.9000015258789,108.9000015258789,99.93636322021484,4881500
2017-08-11,108.7699966430664,109.68000030517578,108.22000122070312,108.80999755859375,99.85375213623047,4639200
2017-08-14,109.33999633789062,109.93000030517578,108.9000015258789,109.69000244140625,100.6613540649414,10771800
2017-08-15,110.0199966430664,111.77999877929688,109.43000030517578,111.58000183105469,102.39575958251953,5796200
2017-08-16,111.81999969482422,111.88999938964844,110.54000091552734,111.0999984741211,101.95527648925781,2519000
2017-08-17,110.69000244140625,110.94999694824219,104.62000274658203,104.68000030517578,96.063720703125,12980900
2017-08-18,104.19999694824219,104.95999908447266,103.43000030517578,104.41000366210938,95.81593322753906,5300900
2017-08-21,104.5199966430664,104.83999633789062,102.83999633789062,102.88999938964844,94.4210433959961,4317200
2017-08-22,104.87000274658203,105.0999984741211,103.36000061035156,103.72000122070312,95.18273162841797,2975000
2017-08-23,103.43000030517578,103.91999816894531,102.80999755859375,103.45999908447266,94.94412231445312,13192900
2017-08-24,103.5999984741211,105.20999908447266,103.36000061035156,104.58999633789062,95.98110961914062,3041400
2017-08-25,104.87000274658203,105.43000030517578,104.45999908447266,104.58999633789062,95.98110961914062,3448700
2017-08-28,104.87999725341797,105.23999786376953,104.52999877929688,104.76000213623047,96.13712310791016,1656300
2017-08-29,103.98999786376953,105.33999633789062,103.76000213623047,105.12000274658203,96.46748352050781,2553900
2017-08-30,105.27999877929688,106.30999755859375,104.66000366210938,105.93000030517578,97.21080017089844,8831000
2017-08-31,106.48999786376953,106.80999755859375,105.95999908447266,106.47000122070312,97.70636749267578,2100300
2017-09-01,106.52999877929688,107.58000183105469,106.36000061035156,107.3499984741211,98.51393127441406,2195100
2017-09-05,106.63999938964844,107.55999755859375,105.94000244140625,106.43000030517578,97.6696548461914,5385700
2017-09-06,107.05000305175781,109.12999725341797,106.62000274658203,108.05000305175781,99.15631103515625,5174100
2017-09-07,108.41000366210938,109.48999786376953,108.12000274658203,108.91999816894531,100.48479461669922,3920500
2017-09-08,108.7699966430664,109.44000244140625,107.91000366210938,108.41000366210938,100.0143051147461,3124200
2017-09-11,108.83000183105469,109.0,106.8499984741211,107.5,99.17477416992188,5674600
2017-09-12,107.05000305175781,108.69000244140625,106.36000061035156,107.91999816894531,99.56224822998047,3076200
2017-09-13,107.87999725341797,107.97000122070312,107.16000366210938,107.19999694824219,98.89798736572266,1905500
2017-09-14,106.63999938964844,107.2300033569336,106.33000183105469,106.79000091552734,98.5197525024414,1924500
2017-09-15,106.88999938964844,107.79000091552734,106.25,106.77999877929688,98.51053619384766,3116700
2017-09-18,106.83000183105469,106.95999908447266,106.25,106.55000305175781,98.29834747314453,3541700
2017-09-19,106.94999694824219,107.70999908447266,106.69999694824219,107.4800033569336,99.15631103515625,1799600
2017-09-20,107.62999725341797,107.94000244140625,106.31999969482422,106.83000183105469,98.55664825439453,2471900
2017-09-21,107.08000183105469,107.37000274658203,106.70999908447266,106.79000091552734,98.5197525024414,1509600
2017-09-22,106.43000030517578,108.55000305175781,106.29000091552734,108.16000366210938,99.7836685180664,1804400
2017-09-25,107.91000366210938,108.9000015258789,107.41999816894531,108.81999969482422,100.39253234863281,5069500
2017-09-26,109.1500015258789,109.5199966430664,108.2300033569336,108.2699966430664,99.88513946533203,1540200
2017-09-27,108.52999877929688,109.94000244140625,108.12999725341797,109.63999938964844,101.14903259277344,3848800
2017-09-28,109.12999725341797,109.51000213623047,108.05000305175781,109.0199966430664,100.5770492553711,1939400
2017-09-29,109.11000061035156,109.73999786376953,109.0,109.31999969482422,100.85382080078125,1226300
2017-10-02,109.22000122070312,109.5,108.52999877929688,109.31999969482422,100.85382080078125,3536200
2017-10-03,109.66000366210938,110.9800033569336,109.3499984741211,110.70999908447266,102.13618469238281,1843500
2017-10-04,110.6500015258789,111.44000244140625,109.69999694824219,111.4000015258789,102.77275085449219,1906300
2017-10-05,111.91999816894531,113.62999725341797,111.4800033569336,113.56999969482422,104.77468872070312,1908900
2017-10-06,113.51000213623047,113.7300033569336,112.58999633789062,113.4800033569336,104.691650390625,1674500
2017-10-09,113.44999694824219,114.05999755859375,113.16000366210938,113.56999969482422,104.77468872070312,1884300
2017-10-10,113.62000274658203,114.13999938964844,113.19000244140625,114.11000061035156,105.27286529541016,1010900
2017-10-11,114.26000213623047,114.38999938964844,112.41000366210938,113.08999633789062,104.33185577392578,1655800
2017-10-12,112.98999786376953,113.63999938964844,112.91000366210938,113.58999633789062,104.79313659667969,1132700
2017-10-13,114.18000030517578,114.4000015258789,112.23999786376953,113.86000061035156,105.042236328125,1238700
2017-10-16,113.91000366210938,114.72000122070312,113.66000366210938,114.58000183105469,105.70646667480469,1060800
2017-10-17,114.0999984741211,114.12999725341797,113.23999786376953,113.72000122070312,104.9130630493164,1369600
2017-10-18,113.69000244140625,114.47000122070312,113.55000305175781,113.93000030517578,105.10680389404297,1406200
2017-10-19,113.94999694824219,114.6500015258789,113.29000091552734,114.62000274658203,105.74337005615234,1128500
2017-10-20,114.98999786376953,116.08000183105469,114.55999755859375,115.93000030517578,106.951904296875,1705100
2017-10-23,116.26000213623047,117.80000305175781,115.45999908447266,117.01000213623047,107.9482650756836,2090300
2017-10-24,116.69000244140625,117.30000305175781,116.05999755859375,116.45999908447266,107.44086456298828,2148500
2017-10-25,116.27999877929688,116.72000122070312,115.13999938964844,116.33999633789062,107.33016204833984,1807700
2017-10-26,117.26000213623047,117.8499984741211,116.70999908447266,117.30000305175781,108.2158203125,1606300
2017-10-27,116.9000015258789,118.47000122070312,116.27999877929688,118.25,109.09223937988281,1590600
2017-10-30,118.08999633789062,118.16999816894531,116.55000305175781,116.9800033569336,107.92060089111328,1381700
2017-10-31,116.87999725341797,117.13999938964844,116.01000213623047,116.26000213623047,107.25635528564453,1822700
2017-11-01,116.4000015258789,116.7699966430664,114.69000244140625,115.4000015258789,106.46295166015625,2751700
2017-11-02,115.0,115.48999786376953,112.12000274658203,114.33999633789062,105.48505401611328,3603900
2017-11-03,114.56999969482422,114.69999694824219,111.83999633789062,112.23999786376953,103.54768371582031,2906600
2017-11-06,111.72000122070312,112.19000244140625,110.2699966430664,111.33000183105469,102.70816040039062,2915200
2017-11-07,110.33000183105469,112.9000015258789,109.44000244140625,112.75,104.01818084716797,4406400
2017-11-08,112.93000030517578,113.41999816894531,112.5199966430664,112.58999633789062,103.87057495117188,1462800
2017-11-09,112.04000091552734,113.1500015258789,110.7699966430664,111.97000122070312,103.29859161376953,1515000
2017-11-10,111.70999908447266,112.12999725341797,110.94999694824219,111.08999633789062,102.48674011230469,2107900
2017-11-13,110.9800033569336,112.05999755859375,110.55000305175781,111.52999877929688,102.89265441894531,3716200
2017-11-14,111.30999755859375,112.2300033569336,110.94000244140625,112.08000183105469,103.40008544921875,1992000
2017-11-15,112.19999694824219,112.2300033569336,110.37999725341797,110.66000366210938,102.0900650024414,1555200
2017-11-16,111.0,111.4800033569336,110.47000122070312,111.02999877929688,102.43138122558594,1870200
2017-11-17,110.9800033569336,111.22000122070312,110.2699966430664,111.05999755859375,102.45907592773438,1969500
2017-11-20,111.18000030517578,111.37999725341797,110.4000015258789,110.52999877929688,101.97010803222656,1402800
2017-11-21,111.13999938964844,111.3499984741211,110.30999755859375,110.55999755859375,101.99778747558594,1725200
2017-11-22,110.41000366210938,110.7300033569336,109.79000091552734,110.20999908447266,101.67489624023438,2107600
2017-11-24,110.08999633789062,110.44000244140625,109.51000213623047,110.0199966430664,101.49960327148438,868600
2017-11-27,110.41000366210938,110.63999938964844,109.83999633789062,110.13999938964844,101.61031341552734,1466800
2017-11-28,110.19999694824219,111.44000244140625,110.13999938964844,111.22000122070312,102.606689453125,2225000
2017-11-29,111.13999938964844,114.4800033569336,110.81999969482422,113.33000183105469,104.55327606201172,3920900
2017-11-30,112.9800033569336,114.7699966430664,112.8499984741211,114.45999908447266,105.59576416015625,7299100
2017-12-01,113.94999694824219,115.36000061035156,112.26000213623047,113.75,104.94074249267578,2623300
2017-12-04,115.37999725341797,116.73999786376953,114.37000274658203,114.80999755859375,105.91865539550781,2913900
2017-12-05,117.29000091552734,117.29000091552734,115.27999877929688,115.68000030517578,106.7212905883789,2295500
2017-12-06,115.87000274658203,116.93000030517578,115.52999877929688,115.91999816894531,106.94268798828125,2092900
2017-12-07,115.80999755859375,116.25,115.33999633789062,115.87999725341797,107.48998260498047,2534000
2017-12-08,116.38999938964844,116.4000015258789,115.4800033569336,116.0199966430664,107.61982727050781,1013500
2017-12-11,118.0,118.61000061035156,116.22000122070312,117.81999969482422,109.28950500488281,1982500
2017-12-12,117.91999816894531,117.91999816894531,116.9000015258789,117.05000305175781,108.57525634765625,1324900
2017-12-13,117.29000091552734,117.62999725341797,116.69999694824219,117.0199966430664,108.54743957519531,1205700
2017-12-14,117.0199966430664,117.83999633789062,116.29000091552734,116.45999908447266,108.02799224853516,1662200
2017-12-15,117.75,118.69000244140625,116.33999633789062,118.19000244140625,109.63272857666016,3286900
2017-12-18,118.56999969482422,119.38999938964844,117.94999694824219,118.63999938964844,110.0501480102539,2433900
2017-12-19,119.26000213623047,119.26000213623047,118.08999633789062,118.33999633789062,109.77185821533203,1905100
2017-12-20,118.45999908447266,118.91000366210938,117.69999694824219,117.86000061035156,109.32661437988281,900600
2017-12-21,117.93000030517578,118.29000091552734,116.91000366210938,117.4000015258789,108.8999252319336,1245500
2017-12-22,117.31999969482422,117.95999908447266,116.61000061035156,116.87999725341797,108.41757202148438,1129600
2017-12-26,117.1500015258789,117.7300033569336,116.87999725341797,117.56999969482422,109.05760955810547,1616400
2017-12-27,117.77999877929688,117.80000305175781,116.91000366210938,117.26000213623047,108.77005767822266,826000
2017-12-28,117.58999633789062,117.58999633789062,116.62999725341797,117.30999755859375,108.81643676757812,711000
2017-12-29,116.63999938964844,117.62999725341797,116.63999938964844,117.19000244140625,108.70513153076172,1015700
2018-01-02,116.02999877929688,116.44999694824219,115.25,115.98999786376953,107.59201049804688,2453000
2018-01-03,116.18000030517578,117.69999694824219,115.5999984741211,117.25,108.76078033447266,1521500
2018-01-04,117.62999725341797,118.9000015258789,117.47000122070312,118.37000274658203,109.79971313476562,1236900
2018-01-05,118.55000305175781,118.7699966430664,117.26000213623047,118.30000305175781,109.73477172851562,1451100
2018-01-08,118.37000274658203,118.58000183105469,117.38999938964844,117.94000244140625,109.40084075927734,2683000
2018-01-09,117.73999786376953,119.02999877929688,117.5,118.76000213623047,110.16146087646484,2317200
2018-01-10,118.27999877929688,118.4000015258789,117.05000305175781,117.6500015258789,109.13182067871094,2037000
2018-01-11,117.76000213623047,117.77999877929688,116.27999877929688,117.18000030517578,108.69584655761719,1157000
2018-01-12,117.80999755859375,118.93000030517578,117.33999633789062,118.47000122070312,109.8924560546875,1644300
2018-01-16,118.5199966430664,119.79000091552734,118.16000366210938,119.38999938964844,110.74584197998047,2099200
2018-01-17,120.0,122.18000030517578,119.58000183105469,122.05000305175781,113.21324920654297,2093800
2018-01-18,121.58000183105469,122.9000015258789,120.55000305175781,120.9000015258789,112.1465072631836,1482700
2018-01-19,121.19000244140625,121.9800033569336,120.3499984741211,121.44000244140625,112.64741516113281,1963200
2018-01-22,121.6500015258789,122.8499984741211,121.55000305175781,122.7699966430664,113.88113403320312,1673500
2018-01-23,121.83999633789062,122.77999877929688,121.41000366210938,122.0999984741211,113.25962829589844,2588600
2018-01-24,122.69999694824219,122.69999694824219,120.68000030517578,120.86000061035156,112.10940551757812,1413700
2018-01-25,120.91000366210938,121.45999908447266,120.0999984741211,120.62999725341797,111.89606475830078,1319600
2018-01-26,121.31999969482422,122.63999938964844,120.69999694824219,122.33000183105469,113.47297668457031,1164900
2018-01-29,122.0199966430664,122.11000061035156,120.7300033569336,120.76000213623047,112.01664733886719,1339900
2018-01-30,121.11000061035156,121.7300033569336,119.61000061035156,120.80999755859375,112.06303405761719,1721400
2018-01-31,120.2699966430664,125.23999786376953,120.2699966430664,123.62999725341797,114.6788558959961,3415900
2018-02-01,122.58999633789062,122.58999633789062,119.19999694824219,120.41999816894531,111.7012710571289,2555700
2018-02-02,119.80000305175781,120.97000122070312,118.48999786376953,118.56999969482422,109.98522186279297,2903800
2018-02-05,118.9800033569336,119.63999938964844,113.61000061035156,114.06999969482422,105.81101989746094,2903800
2018-02-06,112.41000366210938,113.58000183105469,110.30000305175781,112.94999694824219,104.7720947265625,3379900
2018-02-07,112.08999633789062,115.68000030517578,111.69000244140625,113.55999755859375,105.33794403076172,2625900
2018-02-08,113.37000274658203,113.37000274658203,108.1500015258789,108.25,100.41241455078125,2858000
2018-02-09,109.37000274658203,112.38999938964844,107.61000061035156,111.43000030517578,103.36217498779297,3516100
2018-02-12,111.97000122070312,113.26000213623047,111.04000091552734,111.6500015258789,103.56623840332031,2040600
2018-02-13,110.9800033569336,112.12999725341797,110.33000183105469,111.81999969482422,103.72393035888672,1291500
2018-02-14,111.2699966430664,112.87000274658203,109.8499984741211,112.70999908447266,104.54949188232422,1619800
2018-02-15,113.48999786376953,115.62999725341797,112.75,115.51000213623047,107.14677429199219,1789000
2018-02-16,115.5,116.70999908447266,115.08000183105469,116.18000030517578,107.76825714111328,1450600
2018-02-20,115.69000244140625,116.63999938964844,114.83000183105469,115.41000366210938,107.05401611328125,1129900
2018-02-21,115.44000244140625,118.19000244140625,115.44000244140625,116.0999984741211,107.69405364990234,1817200
2018-02-22,116.41000366210938,117.2699966430664,115.06999969482422,115.43000030517578,107.07255554199219,1209100
2018-02-23,116.2699966430664,117.80999755859375,115.58000183105469,117.6500015258789,109.13182067871094,1558400
2018-02-26,117.87000274658203,118.9000015258789,117.61000061035156,117.9000015258789,109.36372375488281,1319000
2018-02-27,117.94999694824219,119.18000030517578,116.45999908447266,116.47000122070312,108.03726196289062,1175900
2018-02-28,117.04000091552734,117.3499984741211,115.30000305175781,115.31999969482422,106.97052001953125,1579900
2018-03-01,115.33000183105469,115.94000244140625,112.77999877929688,113.79000091552734,105.55130004882812,1746500
2018-03-02,113.1500015258789,113.91999816894531,112.19000244140625,113.5999984741211,105.37504577636719,1712600
2018-03-05,112.75,116.0999984741211,112.70999908447266,115.66000366210938,107.2859115600586,1968900
2018-03-06,115.61000061035156,116.0,114.2300033569336,115.41000366210938,107.05401611328125,1322600
2018-03-07,114.81999969482422,115.4000015258789,113.70999908447266,115.18000030517578,106.84065246582031,1403100
2018-03-08,115.0199966430664,117.01000213623047,114.69999694824219,116.95999908447266,109.08845520019531,1597100
2018-03-09,117.69999694824219,118.87000274658203,117.22000122070312,118.83000183105469,110.83261108398438,1824000
2018-03-12,118.80000305175781,119.16999816894531,117.41999816894531,117.52999877929688,109.62010192871094,1926300
2018-03-13,118.33999633789062,118.70999908447266,117.02999877929688,117.38999938964844,109.4895248413086,1575000
2018-03-14,117.61000061035156,117.97000122070312,115.4800033569336,116.0999984741211,108.28633117675781,1885000
2018-03-15,114.70999908447266,118.08000183105469,114.70999908447266,116.4800033569336,108.6407699584961,2425200
2018-03-16,117.05000305175781,117.83999633789062,116.66999816894531,117.16000366210938,109.2750015258789,2787200
2018-03-19,116.0999984741211,116.91000366210938,113.55000305175781,114.4800033569336,106.77536010742188,2133100
2018-03-20,114.98999786376953,116.04000091552734,114.68000030517578,115.55999755859375,107.78268432617188,1959900
2018-03-21,115.55000305175781,117.22000122070312,115.19999694824219,116.36000061035156,108.52884674072266,4032800
2018-03-22,115.11000061035156,115.68000030517578,113.06999969482422,113.13999938964844,105.52555847167969,2175400
2018-03-23,113.45999908447266,114.43000030517578,109.13999938964844,109.19999694824219,101.8507080078125,3457300
2018-03-26,110.94999694824219,114.36000061035156,110.94999694824219,114.05999755859375,106.3836441040039,8494400
2018-03-27,114.41000366210938,115.23999786376953,111.66000366210938,112.26000213623047,104.70477294921875,7447500
2018-03-28,112.63999938964844,113.19999694824219,111.29000091552734,111.76000213623047,104.2384262084961,2573800
2018-03-29,111.87999725341797,114.63999938964844,111.2300033569336,113.4800033569336,105.84266662597656,1914600
2018-04-02,115.25,115.72000122070312,111.77999877929688,113.30000305175781,105.67478942871094,3450700
2018-04-03,113.9800033569336,114.51000213623047,112.68000030517578,114.04000091552734,106.36497497558594,2544600
2018-04-04,112.95999908447266,117.04000091552734,112.58000183105469,116.72000122070312,108.86461639404297,8453400
2018-04-05,117.6500015258789,118.69999694824219,116.91999816894531,117.51000213623047,109.60144805908203,2809100
2018-04-06,116.41000366210938,116.87999725341797,113.3499984741211,113.69999694824219,106.0478515625,2334100
2018-04-09,114.48999786376953,116.26000213623047,113.97000122070312,114.44000244140625,106.7380599975586,2016400
2018-04-10,115.97000122070312,116.79000091552734,115.23999786376953,115.91000366210938,108.10913848876953,2720100
2018-04-11,114.63999938964844,115.94000244140625,114.36000061035156,115.58000183105469,107.80133819580078,1356200
2018-04-12,116.04000091552734,116.70999908447266,115.18000030517578,115.26000213623047,107.50287628173828,1694300
2018-04-13,115.94999694824219,116.19999694824219,114.4800033569336,115.2699966430664,107.51220703125,1565600
2018-04-16,116.44000244140625,117.51000213623047,115.80000305175781,116.91000366210938,109.04182434082031,2425300
2018-04-17,118.3499984741211,119.0,117.33000183105469,117.88999938964844,109.95587158203125,3523600
2018-04-18,118.0199966430664,119.58999633789062,117.5999984741211,118.61000061035156,110.6274185180664,2008100
2018-04-19,118.37999725341797,119.02999877929688,117.1500015258789,117.75,109.8252944946289,1955400
2018-04-20,117.5,118.11000061035156,115.97000122070312,116.83999633789062,108.97654724121094,2213900
2018-04-23,117.26000213623047,117.76000213623047,116.94999694824219,117.0999984741211,109.21903228759766,1725100
2018-04-24,118.05000305175781,118.69999694824219,115.44000244140625,116.31999969482422,108.4915542602539,1417600
2018-04-25,116.36000061035156,116.81999969482422,115.30000305175781,116.69999694824219,108.84595489501953,1656100
2018-04-26,116.9800033569336,118.70999908447266,116.5,118.69000244140625,110.7020263671875,1598200
2018-04-27,118.44000244140625,120.08999633789062,118.25,119.87999725341797,111.81193542480469,2079300
2018-04-30,120.0,120.13999938964844,118.05999755859375,118.08000183105469,110.13310241699219,2828000
2018-05-01,112.6500015258789,119.13999938964844,112.58000183105469,118.80000305175781,110.80462646484375,2527400
2018-05-02,123.01000213623047,123.98999786376953,120.27999877929688,122.05999755859375,113.84522247314453,5422000
2018-05-03,121.66999816894531,123.58999633789062,120.58000183105469,123.0999984741211,114.81522369384766,4370400
2018-05-04,122.5,125.93000030517578,121.97000122070312,125.36000061035156,116.92312622070312,2999500
2018-05-07,125.3499984741211,125.86000061035156,124.87999725341797,125.56999969482422,117.1189956665039,2677200
2018-05-08,125.5999984741211,126.02999877929688,124.8499984741211,125.7699966430664,117.30555725097656,2766700
2018-05-09,126.08999633789062,127.91999816894531,125.87000274658203,127.04000091552734,118.49007415771484,3047200
2018-05-10,127.48999786376953,127.69999694824219,126.77999877929688,127.38999938964844,118.8165054321289,2386400
2018-05-11,127.58000183105469,127.91000366210938,126.61000061035156,127.33999633789062,118.76986694335938,1578100
2018-05-14,127.55999755859375,127.72000122070312,126.22000122070312,126.68000030517578,118.154296875,1884000
2018-05-15,125.95999908447266,129.50999450683594,125.27999877929688,127.06999969482422,118.5180435180664,2413800
2018-05-16,127.19000244140625,128.57000732421875,126.94999694824219,128.02000427246094,119.40410614013672,1607800
2018-05-17,127.9000015258789,129.05999755859375,127.0,127.98999786376953,119.3761215209961,1610300
2018-05-18,128.25999450683594,129.25,127.68000030517578,128.91000366210938,120.23420715332031,1858900
2018-05-21,129.2100067138672,129.6999969482422,128.58999633789062,128.83999633789062,120.1689224243164,1412300
2018-05-22,129.0,129.47999572753906,127.95999908447266,128.3800048828125,119.73987579345703,1713200
2018-05-23,127.4000015258789,129.41000366210938,127.13999938964844,129.36000061035156,120.6539306640625,1635300
2018-05-24,129.27999877929688,130.44000244140625,128.44000244140625,130.27000427246094,121.502685546875,1265800
2018-05-25,130.27000427246094,131.02000427246094,129.72000122070312,130.64999389648438,121.85710144042969,1322900
2018-05-29,129.6999969482422,130.35000610351562,128.67999267578125,129.92999267578125,121.18556213378906,1685500
2018-05-30,130.57000732421875,132.0500030517578,130.25999450683594,130.6300048828125,121.8384780883789,1906000
2018-05-31,130.9199981689453,131.41000366210938,129.75,130.02000427246094,121.26951599121094,3318700
2018-06-01,130.6199951171875,132.7899932861328,130.6199951171875,132.72999572753906,123.79711151123047,2186800
2018-06-04,133.2100067138672,134.89999389648438,133.0500030517578,134.25,125.21484375,2920000
2018-06-05,134.25,135.1699981689453,133.89999389648438,134.07000732421875,125.04694366455078,2399700
2018-06-06,134.42999267578125,136.32000732421875,134.08999633789062,136.10000610351562,126.9403305053711,3151500
2018-06-07,135.32000732421875,135.67999267578125,133.6699981689453,134.5800018310547,126.1622314453125,2418100
2018-06-08,134.27000427246094,135.44000244140625,134.02999877929688,135.35000610351562,126.88406372070312,1235200
2018-06-11,134.89999389648438,135.05999755859375,133.97999572753906,134.0800018310547,125.69349670410156,1616800
2018-06-12,137.2899932861328,139.4499969482422,133.50999450683594,139.3000030517578,130.58700561523438,4683600
2018-06-13,139.38999938964844,140.91000366210938,138.5800018310547,140.33999633789062,131.5619354248047,2943300
2018-06-14,140.9499969482422,141.52000427246094,139.63999938964844,139.82000732421875,131.07449340820312,1819100
2018-06-15,139.52999877929688,139.97999572753906,137.9600067138672,139.57000732421875,130.8401336669922,3497000
2018-06-18,138.5399932861328,139.4199981689453,137.8000030517578,138.99000549316406,130.29641723632812,2031900
2018-06-19,138.1199951171875,138.85000610351562,137.44000244140625,138.60000610351562,129.93080139160156,2052200
2018-06-20,138.6300048828125,139.24000549316406,137.6999969482422,137.7899932861328,129.17141723632812,1919100
2018-06-21,137.7899932861328,138.5,136.5399932861328,138.2100067138672,129.56515502929688,2427600
2018-06-22,138.5500030517578,139.9499969482422,138.22000122070312,139.08999633789062,130.39013671875,1735600
2018-06-25,138.63999938964844,139.32000732421875,135.41000366210938,136.6300048828125,128.08399963378906,2170100
2018-06-26,136.5800018310547,137.11000061035156,134.83999633789062,135.08999633789062,126.64033508300781,2495200
2018-06-27,135.6699981689453,136.39999389648438,132.92999267578125,133.07000732421875,124.74669647216797,1967500
2018-06-28,133.42999267578125,135.25999450683594,133.42999267578125,134.25,125.8528823852539,2904900
2018-06-29,134.1199951171875,135.27999877929688,134.02000427246094,134.13999938964844,125.74976348876953,2353800
2018-07-02,132.66000366210938,134.9199981689453,132.64999389648438,134.86000061035156,126.42472839355469,2228800
2018-07-03,135.33999633789062,135.6699981689453,132.58999633789062,133.66000366210938,125.29977416992188,2794200
2018-07-05,134.58999633789062,134.58999633789062,133.13999938964844,133.7100067138672,125.34664916992188,2593400
2018-07-06,134.02999877929688,134.52000427246094,133.75,134.22000122070312,125.82474517822266,3895900
2018-07-09,134.32000732421875,134.60000610351562,133.2100067138672,134.52000427246094,126.10598754882812,2750300
2018-07-10,134.8800048828125,136.33999633789062,134.63999938964844,135.97000122070312,127.46528625488281,2635500
2018-07-11,134.77000427246094,136.0,134.27999877929688,135.3699951171875,126.90280151367188,2193600
2018-07-12,136.1199951171875,137.61000061035156,136.02000427246094,137.5,128.89959716796875,1361800
2018-07-13,137.30999755859375,138.00999450683594,136.85000610351562,137.33999633789062,128.74960327148438,1171200
2018-07-16,137.52000427246094,137.8000030517578,136.92999267578125,137.1199951171875,128.54336547851562,1021200
2018-07-17,136.72000122070312,137.61000061035156,136.4499969482422,137.36000061035156,128.76834106445312,1681900
2018-07-18,137.35000610351562,137.8699951171875,136.8699951171875,137.5,128.89959716796875,2239300
2018-07-19,134.86000061035156,137.5800018310547,134.86000061035156,137.05999755859375,128.48712158203125,1516600
2018-07-20,134.88999938964844,138.22999572753906,134.74000549316406,137.3300018310547,128.74024963378906,1749100
2018-07-23,136.99000549316406,137.75,136.82000732421875,137.6999969482422,129.0870819091797,1492100
2018-07-24,138.17999267578125,138.47999572753906,136.4199981689453,137.11000061035156,128.5340118408203,1687600
2018-07-25,137.49000549316406,139.3300018310547,137.1199951171875,139.14999389648438,130.44638061523438,1486100
2018-07-26,139.8000030517578,140.38999938964844,138.99000549316406,139.24000549316406,130.53074645996094,1392300
2018-07-27,139.44000244140625,139.64999389648438,136.83999633789062,137.41000366210938,128.815185546875,1444600
2018-07-30,136.75,137.33999633789062,133.39999389648438,134.2899932861328,125.8903579711914,2295500
2018-07-31,135.14999389648438,135.4600067138672,133.74000549316406,134.99000549316406,126.54656982421875,2643800
2018-08-01,130.2100067138672,133.07000732421875,129.2100067138672,132.61000061035156,124.31546020507812,4005500
2018-08-02,131.49000549316406,133.50999450683594,130.42999267578125,133.14999389648438,124.82167053222656,2427200
2018-08-03,133.75,134.39999389648438,133.0,134.25,125.8528823852539,2270500
2018-08-06,134.27999877929688,135.6300048828125,133.97999572753906,135.55999755859375,127.08094787597656,1592300
2018-08-07,135.5,138.22999572753906,135.05999755859375,137.91000366210938,129.28395080566406,1942000
2018-08-08,138.25,138.42999267578125,137.00999450683594,137.82000732421875,129.1995849609375,1351100
2018-08-09,138.2899932861328,139.13999938964844,138.0,138.3699951171875,129.71514892578125,2729800
2018-08-10,137.77000427246094,139.97999572753906,137.77000427246094,139.2899932861328,130.57763671875,2118400
2018-08-13,139.82000732421875,141.3000030517578,139.4199981689453,139.6699981689453,130.93386840820312,1721300
2018-08-14,139.8800048828125,141.44000244140625,139.4199981689453,141.14999389648438,132.3212890625,3567200
2018-08-15,140.05999755859375,141.72000122070312,139.44000244140625,141.24000549316406,132.40565490722656,2079300
2018-08-16,141.85000610351562,141.85000610351562,139.13999938964844,141.24000549316406,132.40565490722656,1758100
2018-08-17,141.1699981689453,142.9499969482422,140.99000549316406,142.5500030517578,133.6337127685547,1891400
2018-08-20,142.82000732421875,142.8699951171875,142.10000610351562,142.16000366210938,133.26809692382812,1524300
2018-08-21,142.85000610351562,143.49000549316406,142.6300048828125,143.0399932861328,134.09304809570312,2288000
2018-08-22,142.72999572753906,143.6199951171875,142.32000732421875,143.3000030517578,134.33680725097656,1355200
2018-08-23,143.1300048828125,143.92999267578125,142.82000732421875,143.35000610351562,134.38368225097656,1388300
2018-08-24,143.86000061035156,144.0399932861328,142.86000061035156,143.58999633789062,134.60867309570312,1087500
2018-08-27,144.3300018310547,144.3300018310547,143.1999969482422,143.60000610351562,134.61805725097656,1398600
2018-08-28,143.75999450683594,144.27999877929688,143.27999877929688,143.8300018310547,134.83367919921875,3101000
2018-08-29,144.4499969482422,146.67999267578125,143.8699951171875,146.35000610351562,137.19601440429688,2282800
2018-08-30,146.0,146.7899932861328,144.92999267578125,145.49000549316406,136.3898162841797,1503200
2018-08-31,145.1699981689453,146.9600067138672,145.00999450683594,146.75,137.5709991455078,1432700
2018-09-04,144.35000610351562,146.13999938964844,144.19000244140625,145.80999755859375,136.68983459472656,3445900
2018-09-05,145.52000427246094,146.3000030517578,144.44000244140625,146.13999938964844,136.99917602539062,1966900
2018-09-06,145.77999877929688,147.33999633789062,145.00999450683594,147.27999877929688,138.06787109375,1647700
2018-09-07,146.44000244140625,147.72999572753906,146.24000549316406,146.72999572753906,137.55224609375,1837300
2018-09-10,147.42999267578125,147.57000732421875,146.42999267578125,147.02000427246094,137.8241424560547,1066700
2018-09-11,147.17999267578125,147.4499969482422,146.44000244140625,147.0,137.8053436279297,946000
2018-09-12,146.99000549316406,147.42999267578125,146.47999572753906,147.1300048828125,137.92724609375,1484600
2018-09-13,146.99000549316406,147.4199981689453,146.5,146.9199981689453,138.3793487548828,1058200
2018-09-14,147.0,147.94000244140625,146.6199951171875,147.4600067138672,138.88795471191406,1061800
2018-09-17,147.67999267578125,148.3000030517578,146.86000061035156,147.0399932861328,138.49234008789062,1173300
2018-09-18,147.27000427246094,148.11000061035156,147.0399932861328,147.55999755859375,138.9821319580078,1127600
2018-09-19,147.6999969482422,147.9600067138672,146.55999755859375,146.97000122070312,138.42645263671875,1206000
2018-09-20,147.60000610351562,149.08999633789062,147.3699951171875,148.8800048828125,140.22540283203125,1068000
2018-09-21,149.67999267578125,151.00999450683594,148.7899932861328,150.67999267578125,141.9207763671875,4234300
2018-09-24,149.58999633789062,150.11000061035156,148.7100067138672,149.07000732421875,140.40435791015625,1320700
2018-09-25,149.66000366210938,150.58999633789062,146.5,148.88999938964844,140.2348175048828,2763700
2018-09-26,149.0500030517578,150.97999572753906,148.8800048828125,149.6199951171875,140.92237854003906,1723600
2018-09-27,149.77999877929688,150.25999450683594,149.3699951171875,149.91000366210938,141.19554138183594,957100
2018-09-28,149.82000732421875,151.32000732421875,149.7100067138672,150.66000366210938,141.9019317626953,1686400
2018-10-01,151.3800048828125,152.47000122070312,150.30999755859375,150.74000549316406,141.97731018066406,1252300
2018-10-02,151.11000061035156,152.27999877929688,150.1199951171875,151.77000427246094,142.9474334716797,1279100
2018-10-03,151.89999389648438,153.50999450683594,151.33999633789062,151.58999633789062,142.7778778076172,1425500
2018-10-04,151.36000061035156,151.58999633789062,148.92999267578125,150.22000122070312,141.48751831054688,1364800
2018-10-05,150.4199981689453,151.5500030517578,149.83999633789062,150.99000549316406,142.21275329589844,1306500
2018-10-08,150.1199951171875,151.30999755859375,148.0500030517578,149.3000030517578,140.62098693847656,1626900
2018-10-09,149.5,152.36000061035156,149.22000122070312,150.13999938964844,141.41217041015625,1398600
2018-10-10,150.25999450683594,150.4600067138672,141.57000732421875,141.77999877929688,133.5381317138672,2834900
2018-10-11,141.7100067138672,143.02000427246094,137.0500030517578,138.17999267578125,130.14739990234375,3402000
2018-10-12,140.32000732421875,141.3000030517578,138.5500030517578,140.72000122070312,132.53977966308594,2477100
2018-10-15,140.02000427246094,141.5399932861328,139.0399932861328,140.25,132.0970916748047,1387500
2018-10-16,140.60000610351562,143.92999267578125,140.27999877929688,143.27999877929688,134.950927734375,1966000
2018-10-17,143.42999267578125,144.1300048828125,142.0399932861328,143.66000366210938,135.30886840820312,1069400
2018-10-18,143.75999450683594,144.60000610351562,141.05999755859375,142.9199981689453,134.6118927001953,1863900
2018-10-19,143.77999877929688,145.14999389648438,142.7100067138672,143.41000366210938,135.0734100341797,1793200
2018-10-22,143.85000610351562,144.91000366210938,143.0,143.99000549316406,135.61968994140625,1147100
2018-10-23,141.63999938964844,143.44000244140625,140.3000030517578,142.44000244140625,134.15977478027344,1819000
2018-10-24,142.00999450683594,143.02000427246094,137.27000427246094,137.64999389648438,129.64822387695312,2291500
2018-10-25,139.64999389648438,141.39999389648438,137.4499969482422,140.49000549316406,132.32313537597656,2192900
2018-10-26,137.24000549316406,138.66000366210938,135.52000427246094,136.35000610351562,128.42376708984375,2968900
2018-10-29,138.8000030517578,139.75999450683594,133.1300048828125,135.3000030517578,127.43486785888672,3272000
2018-10-30,135.8699951171875,137.25999450683594,134.47000122070312,137.25999450683594,129.2808837890625,2884500
2018-10-31,141.3699951171875,145.6199951171875,139.97999572753906,144.0800018310547,135.70443725585938,3522800
2018-11-01,143.75,144.0,139.9600067138672,140.91000366210938,132.71868896484375,2559300
2018-11-02,141.1199951171875,142.5500030517578,139.02000427246094,140.72000122070312,132.53977966308594,1920900
2018-11-05,141.32000732421875,141.8000030517578,139.72000122070312,141.41000366210938,133.1896209716797,1787800
2018-11-06,141.52000427246094,144.02999877929688,141.50999450683594,143.9199981689453,135.55372619628906,2094400
2018-11-07,145.55999755859375,148.4499969482422,144.97000122070312,148.3000030517578,139.67910766601562,2616300
2018-11-08,147.6300048828125,148.6699981689453,147.1699981689453,147.88999938964844,139.29296875,2082100
2018-11-09,147.0800018310547,147.66000366210938,146.0,147.19000244140625,138.63365173339844,2371400
2018-11-12,146.67999267578125,147.10000610351562,143.9499969482422,144.1699981689453,135.78921508789062,1665200
2018-11-13,144.9600067138672,145.86000061035156,143.0399932861328,144.72000122070312,136.3072509765625,2087300
2018-11-14,145.8300018310547,146.41000366210938,142.5,142.72000122070312,134.42352294921875,2248700
2018-11-15,141.36000061035156,147.2899932861328,140.8000030517578,147.25,138.69017028808594,2564000
2018-11-16,147.22000122070312,147.82000732421875,145.42999267578125,146.5500030517578,138.03086853027344,5416700
2018-11-19,146.41000366210938,147.00999450683594,141.22000122070312,143.44000244140625,135.10165405273438,2264900
2018-11-20,142.8300018310547,147.3800048828125,140.1300048828125,140.52000427246094,132.3513946533203,2995300
2018-11-21,141.47999572753906,142.6300048828125,139.4499969482422,141.0800018310547,132.8788299560547,1500700
2018-11-23,139.5399932861328,141.91000366210938,139.5399932861328,140.88999938964844,132.69985961914062,676600
2018-11-26,142.8300018310547,144.74000549316406,142.02000427246094,144.64999389648438,136.24131774902344,1643500
2018-11-27,143.92999267578125,145.3300018310547,142.83999633789062,145.32000732421875,136.87237548828125,1442300
2018-11-28,145.88999938964844,148.66000366210938,145.49000549316406,148.61000061035156,139.97109985351562,3159300
2018-11-29,147.6999969482422,148.13999938964844,145.7100067138672,145.85000610351562,137.37152099609375,1750200
2018-11-30,146.2100067138672,147.55999755859375,145.8000030517578,147.4199981689453,138.85028076171875,4150800
2018-12-03,149.19000244140625,149.6699981689453,145.3800048828125,147.41000366210938,138.84085083007812,4110800
2018-12-04,147.0399932861328,147.6999969482422,143.17999267578125,143.61000061035156,135.26174926757812,4018800
2018-12-06,141.88999938964844,143.22999572753906,138.2899932861328,143.17999267578125,134.85675048828125,3299500
2018-12-07,142.1999969482422,143.50999450683594,138.6999969482422,139.3300018310547,131.23056030273438,2830000
2018-12-10,139.6300048828125,140.2899932861328,136.69000244140625,139.72999572753906,131.6072998046875,1660300
2018-12-11,141.7100067138672,142.35000610351562,138.7100067138672,139.99000549316406,131.85218811035156,2190000
2018-12-12,142.49000549316406,142.6300048828125,139.4499969482422,139.57000732421875,131.4566192626953,2566200
2018-12-13,139.57000732421875,139.57000732421875,136.75,138.1999969482422,130.9072265625,1871600
2018-12-14,136.7100067138672,137.39999389648438,134.60000610351562,134.82000732421875,127.70558166503906,1967100
2018-12-17,134.6699981689453,135.9199981689453,131.6300048828125,132.47000122070312,125.4795913696289,3749200
2018-12-18,133.75999450683594,134.49000549316406,129.39999389648438,130.0,123.13993835449219,6609500
2018-12-19,129.9199981689453,134.13999938964844,128.85000610351562,130.3300018310547,123.4525146484375,3496600
2018-12-20,129.72999572753906,131.1300048828125,128.25999450683594,130.2899932861328,123.41462707519531,3757400
2018-12-21,129.75,131.9600067138672,125.16999816894531,125.37000274658203,118.75426483154297,4349900
2018-12-24,125.0199966430664,126.25,121.83000183105469,121.94999694824219,115.51472473144531,1345700
2018-12-26,123.27999877929688,127.77999877929688,121.4000015258789,127.69999694824219,120.9613037109375,2321000
2018-12-27,125.56999969482422,129.75999450683594,124.47000122070312,129.72999572753906,122.8841781616211,2152600
2018-12-28,130.08999633789062,131.25999450683594,127.76000213623047,129.22999572753906,122.41055297851562,1665800
2018-12-31,130.0800018310547,131.17999267578125,129.35000610351562,131.1199951171875,124.20081329345703,2509100
2019-01-02,129.16000366210938,130.77999877929688,128.61000061035156,130.13999938964844,123.27252960205078,2190100
2019-01-03,128.50999450683594,129.3000030517578,126.05999755859375,126.20999908447266,119.54994201660156,3854000
2019-01-04,128.38999938964844,131.38999938964844,127.54000091552734,131.24000549316406,124.31450653076172,2161300
2019-01-07,130.99000549316406,132.14999389648438,129.5,130.52999877929688,123.64196014404297,3455800
2019-01-08,131.47999572753906,132.42999267578125,129.05999755859375,131.3000030517578,124.37130737304688,2275600
2019-01-09,131.86000061035156,131.86000061035156,129.47000122070312,131.4199981689453,124.4849853515625,1844500
2019-01-10,130.52000427246094,132.5800018310547,130.50999450683594,132.4600067138672,125.47013854980469,2051900
2019-01-11,131.8000030517578,132.0,130.6699981689453,131.64999389648438,124.70285034179688,1185700
2019-01-14,130.16000366210938,131.64999389648438,130.0,130.89999389648438,123.99242401123047,1787800
2019-01-15,130.9499969482422,133.22000122070312,130.9499969482422,132.3300018310547,125.34696197509766,3286100
2019-01-16,132.66000366210938,133.5500030517578,131.83999633789062,132.75999450683594,125.75428771972656,2081000
2019-01-17,132.1300048828125,133.75,132.0500030517578,132.94000244140625,125.92478942871094,2194800
2019-01-18,134.25,135.3800048828125,133.0399932861328,135.17999267578125,128.0465850830078,2281000
2019-01-22,133.99000549316406,134.52000427246094,132.0399932861328,133.1699981689453,126.14263153076172,2908900
2019-01-23,133.6199951171875,134.6300048828125,132.64999389648438,134.4199981689453,127.32669067382812,1923000
2019-01-24,134.66000366210938,135.72000122070312,133.8699951171875,134.75,127.63926696777344,1903200
2019-01-25,136.02000427246094,136.74000549316406,135.25999450683594,136.41000366210938,129.211669921875,1712000
2019-01-28,134.9600067138672,135.72999572753906,134.2899932861328,135.5,128.3496856689453,1930600
2019-01-29,135.3699951171875,135.8800048828125,133.75999450683594,134.0,126.9288558959961,1726500
2019-01-30,137.0,140.7899932861328,135.00999450683594,139.41000366210938,132.0533447265625,3734300
2019-01-31,138.8300018310547,141.14999389648438,138.1300048828125,139.83999633789062,132.460693359375,5836600
2019-02-01,139.7100067138672,141.69000244140625,139.7100067138672,141.6199951171875,134.146728515625,2940900
2019-02-04,141.72999572753906,143.69000244140625,141.38999938964844,143.6300048828125,136.05068969726562,2848000
2019-02-05,145.02000427246094,145.49000549316406,144.1199951171875,145.2899932861328,137.62306213378906,2802400
2019-02-06,145.0,146.08999633789062,144.60000610351562,145.5399932861328,137.85987854003906,2039600
2019-02-07,144.02000427246094,145.88999938964844,143.92999267578125,145.67999267578125,137.99249267578125,2638200
2019-02-08,144.32000732421875,146.85000610351562,144.0399932861328,146.80999755859375,139.06288146972656,1712000
2019-02-11,147.19000244140625,147.74000549316406,146.7899932861328,147.50999450683594,139.72593688964844,1949600
2019-02-12,148.7100067138672,149.92999267578125,148.27000427246094,149.5,141.61093139648438,2181800
2019-02-13,150.0,151.35000610351562,149.88999938964844,150.4600067138672,142.520263671875,2136700
2019-02-14,149.6300048828125,150.0,148.07000732421875,148.14999389648438,140.33213806152344,2656900
2019-02-15,149.5500030517578,150.32000732421875,148.44000244140625,149.6699981689453,141.77195739746094,2862900
2019-02-19,149.02000427246094,150.5500030517578,149.02000427246094,150.30999755859375,142.378173828125,1354800
2019-02-20,150.66000366210938,150.7100067138672,149.47000122070312,150.55999755859375,142.61497497558594,1622000
2019-02-21,150.13999938964844,151.5,149.61000061035156,150.97999572753906,143.01280212402344,1309200
2019-02-22,151.6199951171875,153.2100067138672,151.22000122070312,153.17999267578125,145.09671020507812,1608800
2019-02-25,154.05999755859375,154.5500030517578,152.22999572753906,152.49000549316406,144.4431610107422,1560900
2019-02-26,152.5399932861328,153.4199981689453,152.25,152.8800048828125,144.81259155273438,1400600
2019-02-27,152.0800018310547,153.39999389648438,151.66000366210938,152.97999572753906,144.9072723388672,1479000
2019-02-28,152.67999267578125,153.55999755859375,152.3000030517578,153.02999877929688,144.95462036132812,2241300
2019-03-01,154.25,154.41000366210938,153.14999389648438,153.89999389648438,145.77874755859375,1773300
2019-03-04,153.88999938964844,154.32000732421875,151.41000366210938,153.25999450683594,145.17250061035156,3966800
2019-03-05,153.4499969482422,153.60000610351562,152.35000610351562,152.66000366210938,144.6041717529297,2914000
2019-03-06,152.47000122070312,153.32000732421875,152.1699981689453,152.52999877929688,144.48101806640625,1643000
2019-03-07,151.35000610351562,151.97999572753906,150.1199951171875,150.4199981689453,143.2241668701172,2915300
2019-03-08,149.00999450683594,149.5800018310547,148.14999389648438,149.24000549316406,142.1006317138672,1928100
2019-03-11,149.8800048828125,151.19000244140625,149.02999877929688,151.08999633789062,143.8621063232422,1817100
2019-03-12,151.75,152.80999755859375,151.10000610351562,151.99000549316406,144.7190704345703,1796500
2019-03-13,152.7100067138672,153.97999572753906,152.2100067138672,152.83999633789062,145.52841186523438,1539300
2019-03-14,153.33999633789062,153.6699981689453,152.27000427246094,153.50999450683594,146.16635131835938,1840900
2019-03-15,153.00999450683594,155.36000061035156,152.66000366210938,155.30999755859375,147.88023376464844,5612200
2019-03-18,155.30999755859375,155.8000030517578,154.0399932861328,154.69000244140625,147.28993225097656,1716600
2019-03-19,155.0,155.17999267578125,153.82000732421875,154.6300048828125,147.2327880859375,1439800
2019-03-20,154.42999267578125,154.99000549316406,153.5,154.02000427246094,146.6519317626953,1974900
2019-03-21,153.44000244140625,156.0399932861328,153.44000244140625,155.33999633789062,147.9088134765625,1848300
2019-03-22,154.92999267578125,155.3000030517578,153.64999389648438,153.80999755859375,146.4519805908203,1659700
2019-03-25,153.47999572753906,154.2100067138672,152.75999450683594,153.75,146.39488220214844,1235200
2019-03-26,155.11000061035156,156.27000427246094,154.24000549316406,156.1999969482422,148.7276611328125,1473900
2019-03-27,156.4199981689453,157.25999450683594,154.99000549316406,156.7899932861328,149.28941345214844,1481400
2019-03-28,157.02999877929688,158.52999877929688,156.8800048828125,158.3699951171875,150.79385375976562,1412400
2019-03-29,159.49000549316406,159.91000366210938,158.61000061035156,159.74000549316406,152.0983123779297,2333900
2019-04-01,161.1999969482422,162.32000732421875,159.97999572753906,162.07000732421875,154.31686401367188,2489500
2019-04-02,162.5399932861328,162.7100067138672,160.8300018310547,161.44000244140625,153.71697998046875,987800
2019-04-03,162.4499969482422,162.4499969482422,160.49000549316406,161.10000610351562,153.3932647705078,1374700
2019-04-04,161.3699951171875,161.3699951171875,158.17999267578125,159.33999633789062,151.71746826171875,1682400
2019-04-05,160.07000732421875,160.4199981689453,159.14999389648438,160.33999633789062,152.6696014404297,1497800
2019-04-08,159.9499969482422,160.60000610351562,158.88999938964844,160.4600067138672,152.78387451171875,952100
2019-04-09,159.8300018310547,160.66000366210938,159.1300048828125,159.67999267578125,152.0411834716797,1238600
2019-04-10,160.1300048828125,160.82000732421875,159.6699981689453,160.4199981689453,152.7458038330078,998900
2019-04-11,161.02999877929688,161.75999450683594,160.4199981689453,161.6699981689453,153.9359588623047,1526000
2019-04-12,162.16000366210938,163.3800048828125,160.94000244140625,163.30999755859375,155.49752807617188,1014300
2019-04-15,163.02999877929688,163.86000061035156,162.61000061035156,163.67999267578125,155.8498077392578,987100
2019-04-16,164.41000366210938,164.41000366210938,161.52999877929688,162.13999938964844,154.38351440429688,1080800
2019-04-17,162.52999877929688,162.97000122070312,161.5500030517578,162.85000610351562,155.05955505371094,1145400
2019-04-18,163.72999572753906,163.72999572753906,162.0800018310547,162.44000244140625,154.66915893554688,1423800
2019-04-22,161.64999389648438,162.41000366210938,161.33999633789062,161.91000366210938,154.16452026367188,813900
2019-04-23,162.00999450683594,165.1300048828125,161.80999755859375,165.0399932861328,157.144775390625,1467300
2019-04-24,165.24000549316406,165.5,163.47999572753906,163.5,155.67843627929688,1771000
2019-04-25,162.67999267578125,164.1699981689453,161.49000549316406,163.86000061035156,156.02120971679688,1406400
2019-04-26,164.42999267578125,164.42999267578125,162.69000244140625,163.6999969482422,155.86888122558594,911900
2019-04-29,163.86000061035156,164.25,162.5800018310547,162.99000549316406,155.19284057617188,1270000
2019-04-30,163.27999877929688,164.55999755859375,161.00999450683594,164.38999938964844,156.5258331298828,2007200
2019-05-01,161.0,161.1999969482422,154.7100067138672,157.47999572753906,149.9464111328125,3333900
2019-05-02,157.4600067138672,159.17999267578125,155.8000030517578,158.4199981689453,150.84146118164062,2178100
2019-05-03,159.69000244140625,160.6300048828125,158.50999450683594,160.19000244140625,152.5268096923828,1431500
2019-05-06,157.3800048828125,160.69000244140625,157.3800048828125,160.25,152.58392333984375,1328200
2019-05-07,158.16000366210938,160.9499969482422,157.33999633789062,158.35000610351562,150.77481079101562,2132300
2019-05-08,158.0,159.97999572753906,157.57000732421875,159.19000244140625,151.5746307373047,1410200
2019-05-09,158.0,161.02000427246094,157.77999877929688,160.57000732421875,152.8885955810547,1604800
2019-05-10,159.8699951171875,161.39999389648438,157.91000366210938,161.02999877929688,153.3266143798828,1661500
2019-05-13,158.41000366210938,159.72999572753906,157.0,157.25999450683594,149.7369384765625,1898900
2019-05-14,157.55999755859375,159.80999755859375,157.35000610351562,158.50999450683594,150.92713928222656,1905000
2019-05-15,157.6699981689453,159.77000427246094,157.10000610351562,159.3699951171875,151.74600219726562,2042200
2019-05-16,159.25,162.4499969482422,158.72999572753906,161.52999877929688,153.80270385742188,2243800
2019-05-17,160.38999938964844,162.0800018310547,159.85000610351562,161.72000122070312,153.98358154296875,2101100
2019-05-20,160.10000610351562,162.75,160.10000610351562,161.33999633789062,153.62176513671875,1593500
2019-05-21,162.44000244140625,163.5399932861328,161.5,163.0,155.2023468017578,1171800
2019-05-22,162.67999267578125,164.02999877929688,162.22999572753906,163.3699951171875,155.55465698242188,1098300
2019-05-23,161.74000549316406,162.3000030517578,160.1199951171875,161.1300048828125,153.4218292236328,1453800
2019-05-24,162.1199951171875,163.0399932861328,161.16000366210938,161.85000610351562,154.10739135742188,911900
2019-05-28,161.97000122070312,163.74000549316406,161.57000732421875,161.88999938964844,154.14549255371094,1425300
2019-05-29,161.08999633789062,161.19000244140625,158.94000244140625,159.8699951171875,152.2220916748047,1046100
2019-05-30,160.47000122070312,161.41000366210938,159.74000549316406,160.91000366210938,153.21234130859375,743500
2019-05-31,159.32000732421875,161.0800018310547,159.32000732421875,160.1199951171875,152.4601593017578,1091900
2019-06-03,160.5500030517578,161.4199981689453,155.25999450683594,156.0,148.53724670410156,2066900
2019-06-04,157.55999755859375,159.66000366210938,156.05999755859375,159.4499969482422,151.8221893310547,1550800
2019-06-05,160.11000061035156,162.77999877929688,160.10000610351562,162.64999389648438,154.8690948486328,1451700
2019-06-06,162.6699981689453,164.35000610351562,161.64999389648438,164.3000030517578,156.440185546875,1280800
2019-06-07,165.00999450683594,167.8699951171875,164.94000244140625,166.9199981689453,158.93484497070312,1419300
2019-06-10,167.30999755859375,168.42999267578125,166.6300048828125,167.69000244140625,159.66799926757812,1283200
2019-06-11,168.52999877929688,168.8699951171875,164.36000061035156,165.11000061035156,157.21142578125,1361600
2019-06-12,165.30999755859375,166.1699981689453,164.57000732421875,165.22000122070312,157.31617736816406,1076000
2019-06-13,165.2100067138672,165.6199951171875,163.3300018310547,164.4499969482422,157.33529663085938,1205200
2019-06-14,164.47000122070312,166.36000061035156,164.05999755859375,165.5399932861328,158.3781280517578,1458600
2019-06-17,166.08999633789062,166.49000549316406,165.2899932861328,165.94000244140625,158.76083374023438,1213200
2019-06-18,167.57000732421875,169.1999969482422,166.7899932861328,168.22000122070312,160.9421844482422,1716500
2019-06-19,168.27999877929688,168.8699951171875,166.69000244140625,168.25,160.97088623046875,1153100
2019-06-20,169.97000122070312,170.10000610351562,168.13999938964844,169.61000061035156,162.2720489501953,1192100
2019-06-21,169.39999389648438,170.4499969482422,168.02000427246094,168.16000366210938,160.88479614257812,2437000
2019-06-24,168.75999450683594,169.25,167.6999969482422,167.75999450683594,160.5020751953125,1514800
2019-06-25,168.05999755859375,168.05999755859375,165.10000610351562,165.52000427246094,158.35902404785156,1555800
2019-06-26,165.74000549316406,166.2100067138672,162.7100067138672,162.82000732421875,155.77584838867188,1271600
2019-06-27,163.69000244140625,164.22000122070312,162.10000610351562,164.00999450683594,156.91432189941406,1417900
2019-06-28,164.3300018310547,165.7100067138672,163.5500030517578,165.3300018310547,158.17721557617188,1947000
2019-07-01,167.6199951171875,167.82000732421875,165.52000427246094,166.38999938964844,159.19137573242188,1623600
2019-07-02,159.67999267578125,162.0399932861328,158.9199981689453,161.9600067138672,154.95301818847656,17110800
2019-07-03,163.0,164.17999267578125,161.52999877929688,164.08999633789062,156.9908447265625,1938800
2019-07-05,162.99000549316406,165.10000610351562,162.36000061035156,164.83999633789062,157.7084197998047,2001700
2019-07-08,164.5800018310547,164.6999969482422,163.69000244140625,164.07000732421875,156.97174072265625,1108700
2019-07-09,163.16000366210938,163.74000549316406,162.5,163.5399932861328,156.4646453857422,1703000
2019-07-10,164.27999877929688,164.6999969482422,162.66000366210938,164.5399932861328,157.42141723632812,1730000
2019-07-11,164.8800048828125,165.58999633789062,164.11000061035156,165.2100067138672,158.0624237060547,1958500
2019-07-12,164.9499969482422,165.4499969482422,163.97999572753906,165.1300048828125,157.9858856201172,2239500
2019-07-15,165.47999572753906,166.16000366210938,164.69000244140625,165.00999450683594,157.87106323242188,2064500
2019-07-16,165.0500030517578,165.85000610351562,164.02999877929688,164.1999969482422,157.0961151123047,1898700
2019-07-17,164.4600067138672,166.14999389648438,164.33999633789062,165.38999938964844,158.234619140625,1885100
2019-07-18,165.3300018310547,167.9199981689453,164.7100067138672,167.77000427246094,160.51165771484375,1500700
2019-07-19,168.6699981689453,168.97000122070312,166.3699951171875,166.4600067138672,159.25836181640625,1434600
2019-07-22,166.97999572753906,168.3699951171875,166.25999450683594,167.13999938964844,159.90892028808594,1423100
2019-07-23,168.27999877929688,169.0,166.7100067138672,167.91000366210938,160.64561462402344,934600
2019-07-24,167.47000122070312,167.47000122070312,166.07000732421875,167.2100067138672,159.97589111328125,2063300
2019-07-25,166.9499969482422,167.97000122070312,166.6199951171875,167.05999755859375,159.83238220214844,1305100
2019-07-26,167.61000061035156,169.5800018310547,167.30999755859375,169.27000427246094,161.94676208496094,1035500
2019-07-29,169.1300048828125,169.1300048828125,167.6699981689453,167.91000366210938,160.64561462402344,1066000
2019-07-30,167.3300018310547,167.83999633789062,164.89999389648438,165.0,157.86151123046875,1934100
2019-07-31,172.0,172.0,164.9499969482422,166.52000427246094,159.31573486328125,4170900
2019-08-01,165.25,166.6300048828125,163.6999969482422,164.3000030517578,157.19180297851562,4099000
2019-08-02,163.99000549316406,165.61000061035156,161.7899932861328,164.27000427246094,157.1630859375,2873700
2019-08-05,162.7100067138672,163.42999267578125,158.72999572753906,159.75,152.83863830566406,4644800
2019-08-06,160.02999877929688,163.89999389648438,159.80999755859375,163.38999938964844,156.32118225097656,2113900
2019-08-07,161.88999938964844,165.47000122070312,160.52000427246094,164.47000122070312,157.35443115234375,2139100
2019-08-08,166.00999450683594,170.38999938964844,165.5399932861328,170.32000732421875,162.9513397216797,2306700
2019-08-09,169.9499969482422,169.9499969482422,166.4199981689453,167.72999572753906,160.47340393066406,2105800
2019-08-12,167.41000366210938,167.60000610351562,165.1199951171875,165.8699951171875,158.69386291503906,1633200
2019-08-13,165.3300018310547,169.17999267578125,165.25,168.7100067138672,161.4110107421875,1303000
2019-08-14,166.4600067138672,167.61000061035156,163.74000549316406,163.83999633789062,156.75167846679688,2204500
2019-08-15,164.17999267578125,166.36000061035156,162.50999450683594,165.07000732421875,157.92848205566406,1670300
2019-08-16,166.82000732421875,168.05999755859375,166.4199981689453,167.02000427246094,159.79412841796875,1339600
2019-08-19,169.02999877929688,169.3800048828125,167.5500030517578,168.9600067138672,161.65017700195312,1125000
2019-08-20,168.58999633789062,169.7899932861328,167.63999938964844,167.8800048828125,160.61691284179688,1143400
2019-08-21,168.88999938964844,169.69000244140625,168.42999267578125,169.69000244140625,162.3485870361328,1235100
2019-08-22,169.5500030517578,170.7100067138672,167.2899932861328,169.52999877929688,162.19552612304688,1174400
2019-08-23,169.05999755859375,170.1699981689453,164.1999969482422,164.8000030517578,157.67013549804688,1685100
2019-08-26,166.64999389648438,166.97999572753906,164.99000549316406,166.80999755859375,159.59320068359375,1197500
2019-08-27,168.13999938964844,168.13999938964844,166.0800018310547,166.85000610351562,159.63145446777344,1595100
2019-08-28,165.9499969482422,167.49000549316406,164.72000122070312,167.22000122070312,159.98545837402344,1532100
2019-08-29,169.30999755859375,170.80999755859375,168.75999450683594,169.44000244140625,162.10940551757812,1186800
2019-08-30,170.7100067138672,170.9199981689453,169.02999877929688,169.83999633789062,162.4921112060547,1586200
2019-09-03,167.75,169.5,166.60000610351562,167.2100067138672,159.97589111328125,1528200
2019-09-04,168.52999877929688,170.08999633789062,168.5,169.7100067138672,162.3677215576172,1359900
2019-09-05,171.14999389648438,173.5399932861328,170.8000030517578,173.27000427246094,165.77371215820312,1742600
2019-09-06,173.74000549316406,174.5,173.02000427246094,173.25,165.7545928955078,4866000
2019-09-09,173.55999755859375,173.69000244140625,167.1300048828125,168.0500030517578,160.779541015625,1670200
2019-09-10,166.94000244140625,168.02999877929688,161.61000061035156,164.3300018310547,157.2205047607422,2010100
2019-09-11,163.13999938964844,164.9199981689453,160.39999389648438,161.13999938964844,154.1685028076172,2659400
2019-09-12,161.16000366210938,162.7899932861328,160.14999389648438,160.41000366210938,154.22618103027344,2209200
2019-09-13,161.0399932861328,161.50999450683594,158.9499969482422,159.74000549316406,153.58201599121094,1906900
2019-09-16,158.89999389648438,159.74000549316406,157.75,158.1699981689453,152.07252502441406,2427900
2019-09-17,158.39999389648438,159.24000549316406,157.60000610351562,158.8300018310547,152.7070770263672,2600700
2019-09-18,158.3300018310547,158.86000061035156,156.0399932861328,157.77000427246094,151.68795776367188,1711900
2019-09-19,159.27000427246094,159.97999572753906,158.50999450683594,159.35000610351562,153.20706176757812,1854400
2019-09-20,159.22000122070312,160.80999755859375,158.75,159.3000030517578,153.15896606445312,2651100
2019-09-23,158.77000427246094,160.63999938964844,158.5,159.6999969482422,153.54356384277344,1732600
2019-09-24,160.1199951171875,162.44000244140625,158.77000427246094,160.02999877929688,153.86082458496094,2724800
2019-09-25,160.0800018310547,161.9499969482422,158.82000732421875,161.67999267578125,155.4472198486328,2361500
2019-09-26,162.24000549316406,163.9499969482422,161.6999969482422,163.27000427246094,156.97593688964844,2092900
2019-09-27,163.7899932861328,163.97000122070312,158.94000244140625,160.42999267578125,154.2454071044922,2067400
2019-09-30,160.8300018310547,162.10000610351562,160.75,161.4199981689453,155.19725036621094,1489400
2019-10-01,162.30999755859375,162.94000244140625,160.0800018310547,160.42999267578125,154.2454071044922,1809300
2019-10-02,158.97000122070312,159.24000549316406,155.47999572753906,156.6199951171875,150.582275390625,2669100
2019-10-03,156.36000061035156,157.60000610351562,153.72000122070312,157.5399932861328,151.46682739257812,1620400
2019-10-04,158.1300048828125,159.4199981689453,157.89999389648438,159.1699981689453,153.0339813232422,1363400
2019-10-07,158.9499969482422,159.80999755859375,157.97999572753906,158.88999938964844,152.76480102539062,1006300
2019-10-08,157.5500030517578,158.35000610351562,155.83999633789062,156.32000732421875,150.29385375976562,1477600
2019-10-09,157.63999938964844,158.94000244140625,156.60000610351562,158.4600067138672,152.3513641357422,1657100
2019-10-10,157.92999267578125,160.97000122070312,157.86000061035156,160.72000122070312,154.52423095703125,1571200
2019-10-11,162.41000366210938,163.83999633789062,161.0,162.52000427246094,156.25486755371094,1989500
2019-10-14,162.64999389648438,163.80999755859375,162.1199951171875,162.4600067138672,156.19717407226562,1282500
2019-10-15,162.5399932861328,164.4499969482422,162.49000549316406,164.1199951171875,157.7931671142578,1327800
2019-10-16,163.74000549316406,164.4499969482422,162.05999755859375,164.16000366210938,157.83160400390625,1661500
2019-10-17,164.5399932861328,165.1999969482422,163.61000061035156,163.8300018310547,157.51434326171875,1091700
2019-10-18,164.3300018310547,164.4499969482422,162.9199981689453,163.5399932861328,157.23553466796875,1661800
2019-10-21,164.0800018310547,164.49000549316406,161.3000030517578,162.02999877929688,155.78372192382812,1714300
2019-10-22,162.35000610351562,163.2899932861328,159.4600067138672,159.49000549316406,153.34164428710938,1322400
2019-10-23,159.27000427246094,160.75999450683594,159.08999633789062,160.0399932861328,153.8704376220703,1707400
2019-10-24,160.9499969482422,162.63999938964844,160.10000610351562,162.5399932861328,156.27406311035156,1093200
2019-10-25,162.00999450683594,163.36000061035156,161.57000732421875,161.9600067138672,155.7164306640625,2200000
2019-10-28,162.5800018310547,162.9199981689453,160.92999267578125,162.47999572753906,156.2163848876953,1378500
2019-10-29,162.6300048828125,164.36000061035156,162.4600067138672,162.8300018310547,156.55291748046875,1557200
2019-10-30,158.8000030517578,164.3300018310547,158.25999450683594,164.14999389648438,157.82200622558594,2878300
2019-10-31,163.4199981689453,164.41000366210938,160.67999267578125,162.22999572753906,155.9760284423828,6511300
2019-11-01,163.39999389648438,163.75,162.1300048828125,162.97999572753906,156.69711303710938,1375900
2019-11-04,164.2100067138672,164.61000061035156,161.7100067138672,161.8800048828125,155.63949584960938,2542900
2019-11-05,161.35000610351562,161.74000549316406,156.88999938964844,157.00999450683594,150.95726013183594,3924600
2019-11-06,157.8699951171875,160.17999267578125,157.35000610351562,159.66000366210938,153.5050811767578,2142900
2019-11-07,160.5399932861328,163.5800018310547,159.8800048828125,162.10000610351562,155.85105895996094,2166800
2019-11-08,161.72999572753906,163.0800018310547,161.17999267578125,162.72999572753906,156.4567413330078,1787500
2019-11-11,162.0,163.9199981689453,161.63999938964844,163.4199981689453,157.12014770507812,1417900
2019-11-12,164.14999389648438,166.49000549316406,163.75999450683594,166.36000061035156,159.94680786132812,1921700
2019-11-13,166.97999572753906,169.52000427246094,166.47000122070312,168.97999572753906,162.46580505371094,2325600
2019-11-14,168.77000427246094,170.47999572753906,167.7899932861328,170.13999938964844,163.5811004638672,2367900
2019-11-15,171.19000244140625,171.19000244140625,169.07000732421875,171.1699981689453,164.57139587402344,1611200
2019-11-18,170.63999938964844,171.3300018310547,170.0,170.72999572753906,164.14833068847656,1444500
2019-11-19,171.5,172.72999572753906,170.91000366210938,171.08999633789062,164.4944610595703,1284000
2019-11-20,170.5399932861328,171.5800018310547,169.0,170.5800018310547,164.00413513183594,1286900
2019-11-21,170.22999572753906,170.74000549316406,169.14999389648438,169.86000061035156,163.31187438964844,1184800
2019-11-22,171.1199951171875,171.5,169.07000732421875,169.64999389648438,163.1099853515625,1279100
2019-11-25,170.27000427246094,170.94000244140625,169.77999877929688,170.1999969482422,163.63876342773438,1259500
2019-11-26,170.2100067138672,171.9199981689453,170.14999389648438,171.6199951171875,165.00401306152344,2021000
2019-11-27,171.8000030517578,171.89999389648438,170.9600067138672,171.47999572753906,164.8694305419922,1093400
2019-11-29,170.82000732421875,171.5,170.24000549316406,170.77999877929688,164.1964111328125,706200
2019-12-02,170.52999877929688,170.8699951171875,168.14999389648438,168.58999633789062,162.09083557128906,1341500
2019-12-03,166.77000427246094,167.44000244140625,166.22000122070312,167.1300048828125,160.68711853027344,2930100
2019-12-04,167.1199951171875,168.8699951171875,166.83999633789062,168.57000732421875,162.07162475585938,1863700
2019-12-05,168.88999938964844,169.00999450683594,167.52000427246094,168.36000061035156,161.8697052001953,1748200
2019-12-06,169.61000061035156,170.58999633789062,169.50999450683594,169.97999572753906,163.42727661132812,1300100
2019-12-09,169.67999267578125,170.11000061035156,168.80999755859375,169.07000732421875,162.55233764648438,1500800
2019-12-10,169.07000732421875,169.22999572753906,168.16000366210938,168.42999267578125,161.93699645996094,1523400
2019-12-11,168.05999755859375,168.30999755859375,166.50999450683594,167.24000549316406,160.7928924560547,1245800
2019-12-12,166.25999450683594,167.5500030517578,165.22999572753906,167.16000366210938,161.59527587890625,1931100
2019-12-13,166.69000244140625,168.38999938964844,166.00999450683594,168.25999450683594,162.65863037109375,1308400
2019-12-16,169.16000366210938,169.66000366210938,168.47999572753906,168.58999633789062,162.9776611328125,2404000
2019-12-17,168.80999755859375,169.44000244140625,168.0399932861328,168.32000732421875,162.7166748046875,1838800
2019-12-18,168.3800048828125,169.74000549316406,167.25,167.55999755859375,161.98193359375,2069900
2019-12-19,167.25999450683594,169.38999938964844,166.74000549316406,168.74000549316406,163.1226806640625,1924800
2019-12-20,170.27999877929688,171.32000732421875,168.22999572753906,171.08999633789062,165.3944091796875,3947200
2019-12-23,171.27000427246094,171.36000061035156,169.74000549316406,170.02000427246094,164.36004638671875,1139900
2019-12-24,169.9499969482422,170.30999755859375,169.35000610351562,169.91000366210938,164.2537078857422,350200
2019-12-26,170.35000610351562,170.82000732421875,169.5800018310547,170.35000610351562,164.67906188964844,1713700
2019-12-27,170.77000427246094,170.9499969482422,169.75,170.77000427246094,165.08509826660156,821400
2019-12-30,170.50999450683594,170.85000610351562,169.02999877929688,169.58999633789062,163.94435119628906,867100
2019-12-31,169.22000122070312,170.66000366210938,169.22000122070312,170.5,164.82408142089844,903000
2020-01-02,171.9600067138672,172.0,169.1999969482422,170.32000732421875,164.6500701904297,1364600
2020-01-03,168.05999755859375,170.4499969482422,168.05999755859375,169.9600067138672,164.3020477294922,1000100
2020-01-06,169.0800018310547,170.33999633789062,168.8300018310547,170.19000244140625,164.52439880371094,1205900
2020-01-07,169.2899932861328,169.4600067138672,167.9499969482422,168.1300048828125,162.53297424316406,1878900
2020-01-08,168.7899932861328,170.50999450683594,168.1699981689453,169.7100067138672,164.0603790283203,1675500
2020-01-09,170.3800048828125,171.33999633789062,170.1199951171875,171.2100067138672,165.51043701171875,1189600
2020-01-10,172.0,172.0,170.63999938964844,171.08999633789062,165.3944091796875,968700
2020-01-13,171.52000427246094,172.47000122070312,171.10000610351562,172.36000061035156,166.62216186523438,926700
2020-01-14,172.1199951171875,172.35000610351562,170.5,171.22999572753906,165.52975463867188,1688100
2020-01-15,172.07000732421875,174.49000549316406,171.80999755859375,172.80999755859375,167.0571746826172,2114600
2020-01-16,173.86000061035156,174.94000244140625,172.94000244140625,174.8800048828125,169.05825805664062,2281200
2020-01-17,176.02999877929688,176.91000366210938,175.10000610351562,176.8699951171875,170.98202514648438,2818200
2020-01-21,174.9499969482422,177.60000610351562,174.9499969482422,176.1999969482422,170.33433532714844,2016400
2020-01-22,178.32000732421875,179.88999938964844,177.19000244140625,178.3300018310547,172.39340209960938,2060100
2020-01-23,177.77000427246094,178.4600067138672,177.00999450683594,177.8300018310547,171.91004943847656,1520300
2020-01-24,178.8300018310547,178.92999267578125,176.17999267578125,177.2100067138672,171.31069946289062,1676700
2020-01-27,175.19000244140625,176.6300048828125,174.49000549316406,175.74000549316406,169.88961791992188,1622500
2020-01-28,176.02999877929688,178.9600067138672,175.89999389648438,178.3000030517578,172.36441040039062,1642000
2020-01-29,171.85000610351562,174.27999877929688,170.94000244140625,171.0399932861328,165.34609985351562,3842800
2020-01-30,168.9600067138672,175.0800018310547,168.33999633789062,175.00999450683594,169.18394470214844,2731700
2020-01-31,174.5,175.44000244140625,170.83999633789062,171.38999938964844,165.68446350097656,3316700
2020-02-03,173.8800048828125,175.1699981689453,173.0,173.94000244140625,168.14955139160156,2162800
2020-02-04,176.6699981689453,178.07000732421875,174.8000030517578,175.9199981689453,170.0636444091797,3423400
2020-02-05,178.3699951171875,179.00999450683594,176.80999755859375,178.6199951171875,172.6737518310547,2675200
2020-02-06,179.75,180.47000122070312,178.8000030517578,180.25999450683594,174.25914001464844,1600800
2020-02-07,179.77999877929688,179.89999389648438,178.49000549316406,179.10000610351562,173.13780212402344,2311500
2020-02-10,178.66000366210938,179.82000732421875,178.30999755859375,179.36000061035156,173.38912963867188,2153800
2020-02-11,180.25,180.25,177.7899932861328,177.97000122070312,172.04537963867188,1584200
2020-02-12,178.69000244140625,180.85000610351562,176.89999389648438,178.02999877929688,172.1033935546875,2622500
2020-02-13,177.47000122070312,180.99000549316406,177.07000732421875,180.11000061035156,174.11415100097656,1913900
2020-02-14,180.16000366210938,181.27999877929688,179.39999389648438,181.25,175.21621704101562,1566500
2020-02-18,181.36000061035156,182.32000732421875,179.74000549316406,179.92999267578125,173.9401397705078,1512200
2020-02-19,180.5,181.74000549316406,180.19000244140625,181.25,175.21621704101562,1651500
2020-02-20,180.6699981689453,181.75,178.5,180.77000427246094,174.75216674804688,1501600
2020-02-21,179.8000030517578,180.42999267578125,177.35000610351562,178.5800018310547,172.6350860595703,3538400
2020-02-24,175.77999877929688,177.17999267578125,173.89999389648438,174.5399932861328,168.7295684814453,2084100
2020-02-25,174.64999389648438,175.49000549316406,166.89999389648438,167.17999267578125,161.61459350585938,2606400
2020-02-26,169.0,170.8000030517578,166.22999572753906,166.3300018310547,160.7928924560547,2319700
2020-02-27,164.05999755859375,165.97000122070312,157.4600067138672,157.52999877929688,152.2858428955078,2843300
2020-02-28,153.41000366210938,159.4499969482422,150.52999877929688,154.74000549316406,149.58871459960938,4583100
2020-03-02,155.5500030517578,163.08999633789062,154.24000549316406,163.0,157.57374572753906,3194400
2020-03-03,161.6300048828125,164.44000244140625,154.0,155.24000549316406,150.0720672607422,3095200
2020-03-04,158.4199981689453,164.6199951171875,156.80999755859375,164.38999938964844,158.91746520996094,2847600
2020-03-05,159.44000244140625,163.14999389648438,158.92999267578125,160.6699981689453,155.32130432128906,3359700
2020-03-06,153.4199981689453,160.11000061035156,153.00999450683594,159.14999389648438,153.85189819335938,3137400
2020-03-09,149.10000610351562,155.22000122070312,146.27999877929688,150.9199981689453,145.89588928222656,4551300
2020-03-10,156.9499969482422,157.1199951171875,147.2100067138672,154.4199981689453,149.2793731689453,4152200
2020-03-11,149.64999389648438,151.9199981689453,145.69000244140625,148.00999450683594,143.082763671875,2751000
2020-03-12,137.5500030517578,137.8699951171875,125.86000061035156,130.27999877929688,126.72209930419922,5497200
2020-03-13,136.99000549316406,144.52999877929688,129.27000427246094,144.5,140.5537567138672,3604900
2020-03-16,128.05999755859375,131.72000122070312,122.05000305175781,122.45999908447266,119.11566162109375,4415900
2020-03-17,124.44999694824219,130.52999877929688,118.43000030517578,129.38999938964844,125.85639953613281,4274800
2020-03-18,120.86000061035156,122.58999633789062,103.11000061035156,117.5999984741211,114.38838958740234,5108600
2020-03-19,117.80000305175781,123.16999816894531,110.0,117.37000274658203,114.16468048095703,4022100
2020-03-20,118.91999816894531,119.47000122070312,107.0999984741211,112.05999755859375,108.99968719482422,6257600
2020-03-23,108.52999877929688,112.05999755859375,104.88999938964844,109.06999969482422,106.09133911132812,4794500
2020-03-24,114.66000366210938,122.04000091552734,114.30000305175781,120.95999908447266,117.65662384033203,4884100
2020-03-25,120.76000213623047,130.0,116.48999786376953,122.58999633789062,119.24210357666016,3941600
2020-03-26,123.05999755859375,138.13999938964844,122.5999984741211,137.05999755859375,133.3169403076172,4041000
2020-03-27,130.36000061035156,136.0,128.9199981689453,131.3800048828125,127.79206085205078,2997800
2020-03-30,132.39999389648438,138.5399932861328,131.77000427246094,137.82000732421875,134.05621337890625,2522300
2020-03-31,134.97999572753906,139.39999389648438,134.22000122070312,136.67999267578125,132.9473114013672,3513000
2020-04-01,129.97999572753906,133.41000366210938,128.08999633789062,129.72000122070312,126.17739868164062,2905400
2020-04-02,127.72000122070312,132.61000061035156,127.43000030517578,131.5500030517578,127.95744323730469,3808200
2020-04-03,130.6999969482422,132.52999877929688,126.69000244140625,128.57000732421875,125.05880737304688,1567500
2020-04-06,135.0,140.4499969482422,134.35000610351562,139.64999389648438,135.83621215820312,3664100
2020-04-07,145.5399932861328,147.1699981689453,136.75,136.9600067138672,133.21966552734375,2870600
2020-04-08,138.0,139.60000610351562,136.35000610351562,138.52999877929688,134.7467803955078,2726600
2020-04-09,140.22999572753906,143.80999755859375,139.91000366210938,142.52000427246094,138.62783813476562,2683400
2020-04-13,140.22999572753906,140.9199981689453,136.02000427246094,139.52999877929688,135.71949768066406,1728700
2020-04-14,140.72000122070312,143.99000549316406,140.47000122070312,143.8699951171875,139.94094848632812,2404400
2020-04-15,140.13999938964844,140.66000366210938,137.17999267578125,137.63999938964844,133.88111877441406,2146300
2020-04-16,138.52000427246094,138.9499969482422,134.4199981689453,136.9199981689453,133.18075561523438,1949100
2020-04-17,141.50999450683594,142.1199951171875,138.6999969482422,141.0800018310547,137.22715759277344,3179500
2020-04-20,138.52999877929688,141.64999389648438,138.0,139.82000732421875,136.0015869140625,2521400
2020-04-21,137.2100067138672,137.63999938964844,133.1999969482422,133.61000061035156,129.96116638183594,2178100
2020-04-22,136.75,139.75,135.0399932861328,138.6999969482422,134.91217041015625,1558400
2020-04-23,138.85000610351562,141.14999389648438,135.4499969482422,135.9199981689453,132.2080841064453,2345000
2020-04-24,136.52999877929688,139.72999572753906,135.3800048828125,139.22999572753906,135.4276885986328,2000300
2020-04-27,139.80999755859375,142.32000732421875,139.47000122070312,142.22000122070312,138.33602905273438,1779500
2020-04-28,143.22999572753906,146.19000244140625,142.60000610351562,143.00999450683594,139.1044464111328,2129400
2020-04-29,146.75999450683594,146.75999450683594,141.60000610351562,145.83999633789062,141.85716247558594,2644300
2020-04-30,144.49000549316406,147.32000732421875,143.57000732421875,146.69000244140625,142.6839599609375,2592300
2020-05-01,143.1699981689453,144.6999969482422,139.4600067138672,140.4199981689453,136.58517456054688,2617000
2020-05-04,139.36000061035156,144.63999938964844,138.38999938964844,144.47999572753906,140.5343017578125,2614300
2020-05-05,145.55999755859375,147.77000427246094,144.82000732421875,145.82000732421875,141.83770751953125,1672000
2020-05-06,143.1300048828125,147.6300048828125,143.1300048828125,144.55999755859375,140.61212158203125,1780200
2020-05-07,147.38999938964844,149.32000732421875,146.6699981689453,147.77000427246094,143.73446655273438,1900200
2020-05-08,149.57000732421875,149.77999877929688,144.72000122070312,146.0,142.01278686523438,1738400
2020-05-11,144.08999633789062,145.8000030517578,143.6999969482422,144.61000061035156,140.66075134277344,1762700
2020-05-12,144.85000610351562,145.63999938964844,141.38999938964844,141.72999572753906,137.85940551757812,2014200
2020-05-13,141.72999572753906,141.72999572753906,132.8000030517578,134.5800018310547,130.90467834472656,2963900
2020-05-14,133.97000122070312,135.16000366210938,130.63999938964844,134.9499969482422,131.26455688476562,2164900
2020-05-15,133.77000427246094,134.97999572753906,131.85000610351562,134.85000610351562,131.1673126220703,4047700
2020-05-18,135.32000732421875,137.47999572753906,134.50999450683594,136.39999389648438,132.6749725341797,3753600
2020-05-19,136.2100067138672,137.6199951171875,133.0500030517578,133.10000610351562,129.46510314941406,2523000
2020-05-20,134.63999938964844,136.08999633789062,133.99000549316406,134.77999877929688,131.09921264648438,5466000
2020-05-21,134.0800018310547,135.0500030517578,132.6999969482422,133.32000732421875,129.67909240722656,2856300
2020-05-22,133.0,135.72000122070312,131.89999389648438,134.8699951171875,131.18675231933594,2201100
2020-05-26,138.0,139.55999755859375,136.6999969482422,138.9199981689453,135.1261444091797,3080400
2020-05-27,141.3000030517578,145.1300048828125,139.5399932861328,144.6699981689453,140.71910095214844,3439600
2020-05-28,145.6699981689453,146.50999450683594,143.52000427246094,144.8000030517578,140.84556579589844,2547000
2020-05-29,145.3699951171875,146.97999572753906,142.1699981689453,146.49000549316406,142.4894256591797,3239500
2020-06-01,146.00999450683594,146.97999572753906,144.55999755859375,145.5500030517578,141.57508850097656,2374100
2020-06-02,145.41000366210938,148.32000732421875,145.00999450683594,148.25,144.20135498046875,2880900
2020-06-03,149.8000030517578,152.25,148.9600067138672,151.67999267578125,147.5376739501953,2100300
2020-06-04,149.8800048828125,151.9499969482422,149.14999389648438,149.97000122070312,145.8743896484375,2086400
2020-06-05,154.3000030517578,161.0500030517578,153.57000732421875,160.1300048828125,155.7569122314453,3344600
2020-06-08,159.36000061035156,161.3000030517578,158.2899932861328,161.14999389648438,156.74905395507812,2270400
2020-06-09,160.75,160.75,157.02000427246094,157.69000244140625,153.383544921875,1885700
2020-06-10,157.72999572753906,158.2100067138672,153.9499969482422,156.0399932861328,151.77859497070312,1690800
2020-06-11,152.9600067138672,154.2100067138672,142.80999755859375,142.99000549316406,139.90089416503906,2922100
2020-06-12,147.5,148.97999572753906,143.08999633789062,147.00999450683594,143.8340301513672,2726000
2020-06-15,142.80999755859375,148.4499969482422,142.44000244140625,147.2899932861328,144.10797119140625,1754700
2020-06-16,152.2100067138672,153.30999755859375,149.0500030517578,151.77999877929688,148.5009765625,1662100
2020-06-17,151.58999633789062,152.5800018310547,150.08999633789062,150.67999267578125,147.42474365234375,1231100
2020-06-18,149.74000549316406,151.82000732421875,148.91000366210938,151.72999572753906,148.45205688476562,1234300
2020-06-19,154.3300018310547,155.0,148.6300048828125,149.0,145.78103637695312,2251200
2020-06-22,148.5,150.57000732421875,147.33999633789062,150.47999572753906,147.22906494140625,1736800
2020-06-23,151.6199951171875,152.14999389648438,150.11000061035156,150.52000427246094,147.26820373535156,1744100
2020-06-24,148.88999938964844,149.58999633789062,144.27999877929688,144.83999633789062,141.71090698242188,1837000
2020-06-25,144.5,147.7100067138672,143.83999633789062,147.4499969482422,144.26451110839844,1156200
2020-06-26,147.25999450683594,147.4499969482422,143.91000366210938,144.72000122070312,141.59352111816406,2566900
2020-06-29,146.25999450683594,147.0,144.22999572753906,146.3800048828125,143.2176513671875,1025000
2020-06-30,147.4499969482422,149.57000732421875,146.10000610351562,148.88999938964844,145.67340087890625,1656000
2020-07-01,149.22000122070312,150.4499969482422,148.6300048828125,149.11000061035156,145.888671875,1381300
2020-07-02,150.80999755859375,152.1300048828125,149.9600067138672,150.5399932861328,147.2877655029297,1216800
2020-07-06,152.44000244140625,152.66000366210938,150.05999755859375,150.72999572753906,147.47364807128906,1469700
2020-07-07,149.97999572753906,150.99000549316406,146.7100067138672,147.0,143.82423400878906,1298900
2020-07-08,147.0,148.22000122070312,146.27000427246094,148.10000610351562,144.90049743652344,1291900
2020-07-09,147.5800018310547,147.5800018310547,144.11000061035156,145.72999572753906,142.5816650390625,1347100
2020-07-10,145.0,147.3000030517578,144.6300048828125,147.1699981689453,143.9905548095703,928500
2020-07-13,147.5,149.1300048828125,145.07000732421875,145.47999572753906,142.3370819091797,1576900
2020-07-14,142.67999267578125,145.58999633789062,142.11000061035156,145.47999572753906,142.3370819091797,2524600
2020-07-15,145.94000244140625,149.3000030517578,145.75999450683594,148.60000610351562,145.38967895507812,1675100
2020-07-16,147.33999633789062,147.66000366210938,145.3800048828125,146.17999267578125,143.02195739746094,1199800
2020-07-17,147.25999450683594,148.39999389648438,145.80999755859375,147.60000610351562,144.41128540039062,1050300
2020-07-20,147.5800018310547,148.30999755859375,145.66000366210938,147.4499969482422,144.26451110839844,1246600
2020-07-21,147.86000061035156,149.33999633789062,146.42999267578125,147.10000610351562,143.92210388183594,1157700
2020-07-22,148.1999969482422,148.1999969482422,146.74000549316406,147.67999267578125,144.4895477294922,1096100
2020-07-23,147.57000732421875,148.97000122070312,146.27999877929688,146.97000122070312,143.79490661621094,1055900
2020-07-24,147.5800018310547,148.0,144.89999389648438,145.42999267578125,142.2881622314453,988300
2020-07-27,145.25,146.63999938964844,144.16000366210938,145.72000122070312,142.57191467285156,1432600
2020-07-28,145.85000610351562,147.8000030517578,145.3699951171875,146.64999389648438,143.4818115234375,2038100
2020-07-29,139.92999267578125,141.35000610351562,135.35000610351562,137.1199951171875,134.15769958496094,5228500
2020-07-30,134.27000427246094,134.74000549316406,132.27000427246094,132.88999938964844,130.01907348632812,8449300
2020-07-31,133.66000366210938,134.52999877929688,129.83999633789062,132.91000366210938,130.03866577148438,3408400
2020-08-03,133.36000061035156,134.99000549316406,132.22000122070312,134.4600067138672,131.55516052246094,2962200
2020-08-04,133.9499969482422,136.7899932861328,133.94000244140625,136.74000549316406,133.78591918945312,2415100
2020-08-05,136.60000610351562,138.24000549316406,134.50999450683594,134.77000427246094,131.8584747314453,2362800
2020-08-06,134.47000122070312,136.9600067138672,134.4499969482422,136.52000427246094,133.57066345214844,2158300
2020-08-07,136.97999572753906,138.97999572753906,136.6300048828125,137.99000549316406,135.00889587402344,3090800
2020-08-10,137.8800048828125,138.8699951171875,136.42999267578125,138.1699981689453,135.1850128173828,2507900
2020-08-11,137.91000366210938,140.0399932861328,136.7899932861328,138.10000610351562,135.11651611328125,2412500
2020-08-12,138.86000061035156,140.27999877929688,138.6699981689453,139.5800018310547,136.5645294189453,2686100
2020-08-13,139.02999877929688,140.5399932861328,138.99000549316406,139.25999450683594,136.25146484375,2363900
2020-08-14,139.25999450683594,140.10000610351562,137.97000122070312,138.9600067138672,135.9579620361328,2214900
2020-08-17,139.25,140.74000549316406,139.08999633789062,139.66000366210938,136.64283752441406,1559000
2020-08-18,140.5,140.7899932861328,138.94000244140625,139.9499969482422,136.9265594482422,2078000
2020-08-19,139.88999938964844,140.50999450683594,138.22000122070312,138.89999389648438,135.89923095703125,1478900
2020-08-20,137.58999633789062,139.47999572753906,137.36000061035156,139.14999389648438,136.1438446044922,1310300
2020-08-21,139.0500030517578,139.0500030517578,137.10000610351562,138.0800018310547,135.09695434570312,1795700
2020-08-24,138.6300048828125,140.72000122070312,137.6300048828125,140.66000366210938,137.6212158203125,1387600
2020-08-25,141.0800018310547,142.85000610351562,140.16000366210938,141.05999755859375,138.0125732421875,1917300
2020-08-26,141.02000427246094,141.8699951171875,139.07000732421875,139.61000061035156,136.59388732910156,1804100
2020-08-27,141.49000549316406,142.4600067138672,140.02999877929688,141.00999450683594,137.96365356445312,1738100
2020-08-28,140.94000244140625,141.44000244140625,139.3800048828125,141.33999633789062,138.28651428222656,1079200
2020-08-31,140.80999755859375,140.9600067138672,138.36000061035156,139.08999633789062,136.08514404296875,2893600
2020-09-01,138.7899932861328,138.8699951171875,137.35000610351562,138.52999877929688,135.5372314453125,1615700
2020-09-02,138.17999267578125,143.0500030517578,137.5,142.47999572753906,139.4019012451172,2220000
2020-09-03,142.92999267578125,144.25,137.72000122070312,139.13999938964844,136.13406372070312,2033400
2020-09-04,139.22000122070312,141.72999572753906,137.5,138.52999877929688,135.5372314453125,2924200
2020-09-08,136.47999572753906,137.85000610351562,134.8000030517578,135.88999938964844,132.9542694091797,2618000
2020-09-09,136.67999267578125,138.52999877929688,135.1199951171875,137.25999450683594,134.29466247558594,1961800
2020-09-10,136.42999267578125,136.72000122070312,131.27999877929688,131.89999389648438,129.9117431640625,2463700
2020-09-11,132.5,133.8000030517578,131.3800048828125,133.44000244140625,131.4285430908203,1862200
2020-09-14,134.64999389648438,137.27999877929688,134.32000732421875,136.57000732421875,134.5113525390625,4143000
2020-09-15,137.08999633789062,138.10000610351562,136.14999389648438,136.97000122070312,134.90533447265625,2034300
2020-09-16,137.6199951171875,140.13999938964844,137.16000366210938,137.7100067138672,135.63417053222656,1512900
2020-09-17,134.77000427246094,137.97000122070312,134.1999969482422,137.8699951171875,135.791748046875,1575300
2020-09-18,137.77000427246094,137.8800048828125,133.8699951171875,135.08999633789062,133.05364990234375,3148600
2020-09-21,132.2100067138672,132.7899932861328,129.11000061035156,131.02999877929688,129.05487060546875,2033400
2020-09-22,131.41000366210938,133.3000030517578,130.4499969482422,132.91000366210938,130.9065399169922,1314000
2020-09-23,132.30999755859375,132.9199981689453,128.3699951171875,128.72000122070312,126.7796859741211,1616600
2020-09-24,128.25,131.33999633789062,127.30999755859375,130.8000030517578,128.82833862304688,1940000
2020-09-25,129.22999572753906,134.94000244140625,129.22999572753906,134.5399932861328,132.51194763183594,2310000
2020-09-28,136.72000122070312,138.0399932861328,136.0800018310547,137.30999755859375,135.24020385742188,2593200
2020-09-29,137.5500030517578,138.50999450683594,136.5,137.5399932861328,135.46673583984375,1954200
2020-09-30,137.9499969482422,140.97000122070312,137.77000427246094,139.49000549316406,137.38734436035156,2856800
2020-10-01,141.6199951171875,141.6699981689453,136.69000244140625,137.6999969482422,135.6243133544922,2023100
2020-10-02,135.17999267578125,139.32000732421875,135.11000061035156,138.6699981689453,136.57969665527344,2226500
2020-10-05,139.2899932861328,141.8699951171875,138.92999267578125,140.9600067138672,138.83518981933594,1957600
2020-10-06,141.22000122070312,145.5800018310547,140.00999450683594,142.25999450683594,140.11557006835938,2206000
2020-10-07,143.3699951171875,144.4199981689453,142.0,143.72999572753906,141.5634307861328,2422200
2020-10-08,145.2100067138672,147.32000732421875,144.91000366210938,147.00999450683594,144.79397583007812,1975800
2020-10-09,148.0,150.0800018310547,146.8699951171875,149.85000610351562,147.5911865234375,2693300
2020-10-12,151.5,152.13999938964844,150.0500030517578,150.5800018310547,148.3101806640625,2955200
2020-10-13,151.5500030517578,152.14999389648438,148.72000122070312,149.69000244140625,147.43359375,1972200
2020-10-14,149.99000549316406,150.9499969482422,148.0399932861328,148.50999450683594,146.2713623046875,2246300
2020-10-15,146.52000427246094,147.7899932861328,146.0,147.38999938964844,145.1682586669922,1706700
2020-10-16,148.2100067138672,149.63999938964844,147.5,148.4199981689453,146.18272399902344,1145600
2020-10-19,148.10000610351562,148.99000549316406,144.6999969482422,145.0500030517578,142.863525390625,2198800
2020-10-20,146.42999267578125,147.5399932861328,145.77000427246094,146.6199951171875,144.40985107421875,1195600
2020-10-21,146.9199981689453,148.07000732421875,145.85000610351562,146.85000610351562,144.63641357421875,1174600
2020-10-22,147.05999755859375,149.5,146.08999633789062,148.85000610351562,146.60626220703125,1494500
2020-10-23,150.07000732421875,150.39999389648438,148.3300018310547,149.1999969482422,146.9509735107422,1082900
2020-10-26,147.39999389648438,147.41000366210938,144.58999633789062,145.77000427246094,143.5726776123047,2823300
2020-10-27,146.1199951171875,147.19000244140625,145.57000732421875,146.02999877929688,143.82875061035156,2032000
2020-10-28,155.1999969482422,159.35000610351562,153.8800048828125,155.0800018310547,152.74234008789062,4716600
2020-10-29,154.6699981689453,159.4600067138672,153.49000549316406,158.19000244140625,155.8054656982422,2225100
2020-10-30,156.8800048828125,159.4199981689453,155.7899932861328,157.9600067138672,155.57891845703125,2894400
2020-11-02,159.44000244140625,162.0800018310547,158.5,161.4600067138672,159.0261688232422,2742500
2020-11-03,163.60000610351562,167.3699951171875,163.07000732421875,166.47999572753906,163.97048950195312,2136200
2020-11-04,167.8800048828125,168.6699981689453,163.85000610351562,164.5800018310547,162.09913635253906,2478700
2020-11-05,165.64999389648438,166.8699951171875,161.94000244140625,162.7100067138672,160.25732421875,2740200
2020-11-06,164.8000030517578,166.5800018310547,163.55999755859375,166.22999572753906,163.72425842285156,1902300
2020-11-09,173.47000122070312,174.7899932861328,169.64999389648438,169.88999938964844,167.3291015625,2298000
2020-11-10,169.1199951171875,173.38999938964844,168.17999267578125,171.07000732421875,168.49130249023438,1669800
2020-11-11,172.0,173.3300018310547,170.55999755859375,171.8699951171875,169.27923583984375,1821400
2020-11-12,170.85000610351562,171.85000610351562,168.47000122070312,169.42999267578125,166.8760223388672,1346300
2020-11-13,171.0,171.92999267578125,169.6300048828125,171.6300048828125,169.04287719726562,1095200
2020-11-16,174.0,177.19000244140625,172.4499969482422,177.0500030517578,174.38116455078125,2322400
2020-11-17,175.0,176.5800018310547,174.25,176.14999389648438,173.49472045898438,1249000
2020-11-18,176.14999389648438,176.17999267578125,172.8800048828125,173.16000366210938,170.5498046875,1326000
2020-11-19,171.85000610351562,174.35000610351562,171.36000061035156,173.6300048828125,171.01271057128906,1110600
2020-11-20,173.5,173.77999877929688,171.25,171.27000427246094,168.6883087158203,1477300
2020-11-23,172.13999938964844,173.5399932861328,170.25,172.05999755859375,169.4663848876953,1260100
2020-11-24,173.5399932861328,175.5800018310547,172.25,175.27000427246094,172.6280059814453,1599300
2020-11-25,176.6999969482422,176.6999969482422,173.4199981689453,174.0800018310547,171.4559326171875,910500
2020-11-27,174.66000366210938,175.42999267578125,174.2100067138672,175.25,172.60830688476562,588300
2020-11-30,174.13999938964844,175.10000610351562,171.3300018310547,173.8800048828125,171.25894165039062,2846400
2020-12-01,175.16000366210938,176.41000366210938,173.63999938964844,174.6699981689453,172.0370330810547,2270500
2020-12-02,174.67999267578125,175.05999755859375,171.00999450683594,171.5800018310547,168.9936065673828,2365000
2020-12-03,171.25,173.3300018310547,170.8800048828125,172.08999633789062,169.49594116210938,1423100
2020-12-04,172.36000061035156,175.6300048828125,171.7100067138672,174.7899932861328,172.15521240234375,1022600
2020-12-07,174.0,174.72999572753906,172.85000610351562,174.57000732421875,171.9385528564453,1115300
2020-12-08,174.42999267578125,174.9499969482422,173.33999633789062,174.52999877929688,171.89915466308594,1022400
2020-12-09,175.1199951171875,175.1699981689453,172.77000427246094,173.83999633789062,171.2195281982422,1535400
2020-12-10,172.72000122070312,172.85000610351562,171.2100067138672,172.0,170.31845092773438,1811900
2020-12-11,171.42999267578125,173.67999267578125,171.0800018310547,173.52999877929688,171.83349609375,1200900
2020-12-14,173.3300018310547,175.80999755859375,172.2899932861328,173.14999389648438,171.4571990966797,3068800
2020-12-15,174.25999450683594,175.7899932861328,172.8699951171875,175.75,174.0317840576172,1227100
2020-12-16,175.91000366210938,176.5500030517578,174.27999877929688,175.58999633789062,173.8733367919922,1119900
2020-12-17,176.58999633789062,179.02999877929688,175.9199981689453,177.33999633789062,175.60623168945312,1165100
2020-12-18,178.47000122070312,179.4600067138672,177.47000122070312,179.24000549316406,177.4876708984375,3298900
2020-12-21,176.0,177.83999633789062,174.41000366210938,177.49000549316406,175.75477600097656,1457200
2020-12-22,176.6999969482422,177.0399932861328,175.4600067138672,176.33999633789062,174.6160125732422,946600
2020-12-23,177.5,178.25999450683594,174.99000549316406,175.19000244140625,173.47726440429688,934700
2020-12-24,176.1199951171875,176.57000732421875,174.92999267578125,176.55999755859375,174.8338623046875,371600
2020-12-28,177.5500030517578,178.16000366210938,176.47000122070312,176.61000061035156,174.88339233398438,770500
2020-12-29,177.4600067138672,177.80999755859375,174.57000732421875,174.8699951171875,173.16038513183594,797100
2020-12-30,175.60000610351562,176.25,173.32000732421875,173.80999755859375,172.11074829101562,787500
2020-12-31,174.13999938964844,176.4499969482422,173.3300018310547,176.1999969482422,174.47738647460938,1142800
2021-01-04,175.97000122070312,176.57000732421875,167.72999572753906,168.9600067138672,167.30816650390625,2266700
2021-01-05,168.67999267578125,170.17999267578125,167.3699951171875,168.49000549316406,166.8427734375,1491600
2021-01-06,166.1300048828125,169.44000244140625,166.02999877929688,167.89999389648438,166.25852966308594,1646100
2021-01-07,168.05999755859375,169.9499969482422,167.44000244140625,168.85000610351562,167.19924926757812,1596700
2021-01-08,168.97000122070312,172.3800048828125,168.30999755859375,171.0500030517578,169.3777313232422,2638700
2021-01-11,170.92999267578125,171.5800018310547,168.1199951171875,168.50999450683594,166.86256408691406,1235900
2021-01-12,168.64999389648438,169.5399932861328,167.02000427246094,169.05999755859375,167.4071807861328,1641300
2021-01-13,162.0,165.69000244140625,161.0,164.66000366210938,163.0502166748047,3146400
2021-01-14,164.67999267578125,165.0,161.5,161.91000366210938,160.32708740234375,2591100
2021-01-15,161.58999633789062,161.7100067138672,159.30999755859375,161.1199951171875,159.54481506347656,2885000
2021-01-19,161.1300048828125,162.22000122070312,160.13999938964844,161.97999572753906,160.3964080810547,1703500
2021-01-20,162.0399932861328,162.8300018310547,160.6199951171875,162.35000610351562,160.76280212402344,1441900
2021-01-21,162.1999969482422,162.35000610351562,160.10000610351562,161.02999877929688,159.45570373535156,1867200
2021-01-22,161.14999389648438,162.44000244140625,159.80999755859375,161.97999572753906,160.3964080810547,1895000
2021-01-25,161.36000061035156,164.07000732421875,160.8300018310547,163.67999267578125,162.0797882080078,1850400
2021-01-26,164.35000610351562,165.8300018310547,163.00999450683594,164.52999877929688,162.92147827148438,2864200
2021-01-27,162.6999969482422,172.8699951171875,162.5800018310547,165.6699981689453,164.0503387451172,3536000
2021-01-28,169.85000610351562,172.57000732421875,166.61000061035156,166.75,165.11978149414062,2189100
2021-01-29,167.7100067138672,169.4499969482422,164.44000244140625,165.1199951171875,163.50570678710938,3212000
2021-02-01,165.27999877929688,168.47000122070312,165.1699981689453,166.35000610351562,164.72369384765625,1720800
2021-02-02,167.2899932861328,169.1199951171875,165.52999877929688,168.3800048828125,166.73385620117188,1863300
2021-02-03,167.07000732421875,167.85000610351562,166.25,166.8300018310547,165.19898986816406,1811800
2021-02-04,168.07000732421875,170.66000366210938,166.3699951171875,170.55999755859375,168.89251708984375,1409100
2021-02-05,170.72999572753906,171.55999755859375,167.1699981689453,167.27999877929688,165.64459228515625,1536300
2021-02-08,167.9600067138672,168.72999572753906,166.5,167.9199981689453,166.27833557128906,1755100
2021-02-09,167.8699951171875,168.4199981689453,166.42999267578125,167.3800048828125,165.74362182617188,1748700
2021-02-10,168.39999389648438,168.66000366210938,166.24000549316406,166.94000244140625,165.3079071044922,1607800
2021-02-11,168.38999938964844,168.44000244140625,166.5800018310547,166.8000030517578,165.16928100585938,1189300
2021-02-12,166.00999450683594,167.1999969482422,164.24000549316406,167.02999877929688,165.39703369140625,1828400
2021-02-16,165.85000610351562,167.74000549316406,165.02999877929688,166.16000366210938,164.53553771972656,2024400
2021-02-17,164.91000366210938,167.42999267578125,164.52000427246094,167.1300048828125,165.49606323242188,1270900
2021-02-18,167.22000122070312,173.02000427246094,166.25999450683594,172.60000610351562,170.91259765625,2226000
2021-02-19,172.8300018310547,173.39999389648438,169.0,169.2899932861328,167.6349334716797,2000800
2021-02-22,168.67999267578125,171.55999755859375,167.1300048828125,170.82000732421875,169.14999389648438,1465200
2021-02-23,170.8300018310547,174.60000610351562,170.16000366210938,172.07000732421875,170.3877716064453,1880400
2021-02-24,170.10000610351562,176.85000610351562,169.00999450683594,176.6199951171875,174.89328002929688,1969700
2021-02-25,174.77000427246094,177.6199951171875,174.4600067138672,175.52999877929688,173.81393432617188,2485600
2021-02-26,176.39999389648438,177.5399932861328,173.72000122070312,174.02000427246094,172.31869506835938,2644900
2021-03-01,175.77000427246094,178.4600067138672,174.5800018310547,177.5,175.76467895507812,1690200
2021-03-02,177.50999450683594,177.99000549316406,173.86000061035156,174.94000244140625,173.22970581054688,2088400
2021-03-03,173.52000427246094,175.08999633789062,172.32000732421875,174.49000549316406,172.78411865234375,1716900
2021-03-04,174.3300018310547,175.8699951171875,169.92999267578125,171.00999450683594,169.33811950683594,2013000
2021-03-05,171.8300018310547,179.0,171.5,178.25999450683594,176.51724243164062,2535900
2021-03-08,179.27000427246094,183.63999938964844,177.74000549316406,180.4199981689453,178.6561279296875,2550400
2021-03-09,182.02000427246094,184.2899932861328,181.1199951171875,183.05999755859375,181.27032470703125,2250000
2021-03-10,183.72000122070312,184.58999633789062,181.27000427246094,182.07000732421875,180.2899932861328,1968400
2021-03-11,180.47999572753906,183.99000549316406,180.2100067138672,181.55999755859375,180.70802307128906,1362400
2021-03-12,180.72000122070312,183.0800018310547,180.5500030517578,182.77000427246094,181.912353515625,1360500
2021-03-15,182.77000427246094,189.32000732421875,182.77000427246094,189.0800018310547,188.1927490234375,2792300
2021-03-16,188.75,190.5,187.94000244140625,188.27999877929688,187.39649963378906,2017100
2021-03-17,187.25999450683594,188.50999450683594,185.75999450683594,187.8800048828125,186.99838256835938,1982000
2021-03-18,185.77000427246094,188.38999938964844,185.4199981689453,186.05999755859375,185.18690490722656,1622400
2021-03-19,186.0399932861328,187.1300048828125,182.2100067138672,183.92999267578125,183.06689453125,10171500
2021-03-22,182.9600067138672,184.8800048828125,182.52000427246094,184.38999938964844,183.52474975585938,2151000
2021-03-23,185.67999267578125,185.77999877929688,183.0800018310547,184.0399932861328,183.1763916015625,1664100
2021-03-24,183.30999755859375,187.94000244140625,183.30999755859375,185.27000427246094,184.40061950683594,2020300
2021-03-25,187.1300048828125,188.14999389648438,186.00999450683594,187.0,186.12249755859375,2138900
2021-03-26,187.13999938964844,192.97999572753906,186.8300018310547,192.69000244140625,191.7858123779297,2088200
2021-03-29,191.75999450683594,192.99000549316406,190.0399932861328,192.5,191.59669494628906,1432200
2021-03-30,192.72999572753906,193.44000244140625,187.2100067138672,187.88999938964844,187.00833129882812,1774300
2021-03-31,187.89999389648438,189.57000732421875,187.0500030517578,188.47000122070312,187.58560180664062,1848600
2021-04-01,190.22000122070312,190.22000122070312,188.1300048828125,189.39999389648438,188.51123046875,1326900
2021-04-05,189.82000732421875,193.77000427246094,189.77999877929688,193.07000732421875,192.16403198242188,1605600
2021-04-06,192.75,192.75,188.77000427246094,189.41000366210938,188.5211944580078,1532600
2021-04-07,188.8300018310547,189.25999450683594,185.61000061035156,185.80999755859375,184.93807983398438,1703500
2021-04-08,186.82000732421875,188.4600067138672,186.0500030517578,188.1999969482422,187.31686401367188,1972300
2021-04-09,188.11000061035156,189.8300018310547,187.0,189.44000244140625,188.55105590820312,1128500
2021-04-12,188.72000122070312,190.2100067138672,188.42999267578125,189.75999450683594,188.8695526123047,1398000
2021-04-13,189.86000061035156,192.22000122070312,189.5500030517578,191.9199981689453,191.0194091796875,1979000
2021-04-14,191.4199981689453,193.2899932861328,190.69000244140625,191.14999389648438,190.25302124023438,1651600
2021-04-15,192.55999755859375,193.32000732421875,191.3800048828125,191.88999938964844,190.98956298828125,1173400
2021-04-16,192.61000061035156,193.52000427246094,191.75999450683594,192.94000244140625,192.03463745117188,1612900
2021-04-19,192.00999450683594,193.16000366210938,191.6699981689453,192.75,191.84552001953125,1226300
2021-04-20,193.3699951171875,193.97000122070312,192.07000732421875,192.80999755859375,191.90524291992188,1258000
2021-04-21,193.50999450683594,194.55999755859375,193.0,194.30999755859375,193.398193359375,1413500
2021-04-22,193.92999267578125,195.9199981689453,193.22000122070312,194.8300018310547,193.91575622558594,1360500
2021-04-23,195.0,197.27999877929688,193.6199951171875,195.86000061035156,194.94093322753906,1342900
2021-04-26,195.57000732421875,196.5399932861328,194.6999969482422,195.13999938964844,194.22430419921875,1398900
2021-04-27,194.9600067138672,196.0,193.83999633789062,195.88999938964844,194.9707794189453,1589700
2021-04-28,191.19000244140625,191.5,186.02999877929688,186.6199951171875,185.74427795410156,3129100
2021-04-29,186.9600067138672,189.25999450683594,185.64999389648438,188.39999389648438,187.51593017578125,1746200
2021-04-30,186.5,188.32000732421875,184.85000610351562,186.99000549316406,186.112548828125,2316700
2021-05-03,189.1699981689453,191.57000732421875,188.8699951171875,191.4600067138672,190.56158447265625,1514200
2021-05-04,190.64999389648438,194.3800048828125,189.5800018310547,193.97000122070312,193.05979919433594,2246700
2021-05-05,189.99000549316406,194.57000732421875,189.3000030517578,193.66000366210938,192.75125122070312,2759100
2021-05-06,195.2899932861328,195.3699951171875,192.86000061035156,195.32000732421875,194.40347290039062,1317000
2021-05-07,196.57000732421875,196.57000732421875,191.92999267578125,194.88999938964844,193.97547912597656,1968300
2021-05-10,195.99000549316406,196.6699981689453,194.25999450683594,194.39999389648438,193.48777770996094,2561200
2021-05-11,194.9199981689453,196.61000061035156,193.00999450683594,194.47000122070312,193.5574493408203,1637000
2021-05-12,193.57000732421875,193.57000732421875,188.9600067138672,189.44000244140625,188.55105590820312,2235700
2021-05-13,189.6999969482422,193.92999267578125,189.58999633789062,192.52000427246094,191.61660766601562,1440000
2021-05-14,194.35000610351562,195.6699981689453,192.88999938964844,194.63999938964844,193.72665405273438,1047200
2021-05-17,194.05999755859375,195.1699981689453,192.3699951171875,194.57000732421875,193.656982421875,1353400
2021-05-18,194.66000366210938,196.42999267578125,192.3800048828125,192.5399932861328,191.63650512695312,1509000
2021-05-19,190.32000732421875,191.99000549316406,187.2899932861328,190.83999633789062,189.94447326660156,1668200
2021-05-20,191.08999633789062,195.16000366210938,190.82000732421875,194.13999938964844,193.22900390625,1312100
2021-05-21,194.8000030517578,196.7899932861328,194.25999450683594,195.27999877929688,194.3636474609375,1223600
2021-05-24,196.4600067138672,198.35000610351562,196.17999267578125,197.0399932861328,196.11538696289062,1233400
2021-05-25,197.1699981689453,197.22000122070312,194.88999938964844,195.1999969482422,194.28402709960938,1648700
2021-05-26,195.9199981689453,196.16000366210938,193.60000610351562,194.3800048828125,193.46788024902344,1165800
2021-05-27,195.1699981689453,197.94000244140625,194.38999938964844,197.24000549316406,196.314453125,5650500
2021-05-28,197.6199951171875,197.97999572753906,195.6300048828125,196.02000427246094,195.1001739501953,1285100
2021-06-01,197.75,198.1999969482422,195.58999633789062,196.7100067138672,195.7869415283203,1302800
2021-06-02,196.88999938964844,199.52999877929688,196.6300048828125,198.44000244140625,197.50881958007812,1282100
2021-06-03,196.42999267578125,197.6300048828125,195.2100067138672,196.99000549316406,196.0656280517578,1449800
2021-06-04,198.75999450683594,198.75999450683594,197.08999633789062,197.72000122070312,196.79220581054688,1353100
2021-06-07,198.0399932861328,198.22000122070312,196.1199951171875,196.72000122070312,195.79689025878906,1270700
2021-06-08,197.1300048828125,199.19000244140625,196.52000427246094,198.8800048828125,197.94676208496094,1098900
2021-06-09,199.9499969482422,200.50999450683594,198.08999633789062,198.19000244140625,197.25999450683594,1622500
2021-06-10,198.17999267578125,200.1199951171875,197.27999877929688,200.05999755859375,200.05999755859375,1415000
2021-06-11,200.3300018310547,200.36000061035156,198.99000549316406,199.64999389648438,199.64999389648438,1360000
2021-06-14,198.57000732421875,199.6300048828125,197.1999969482422,199.1699981689453,199.1699981689453,1436100
2021-06-15,199.1699981689453,199.61000061035156,197.8699951171875,199.02999877929688,199.02999877929688,1030200
2021-06-16,198.49000549316406,199.5500030517578,196.00999450683594,197.22999572753906,197.22999572753906,1865300
2021-06-17,196.89999389648438,198.5800018310547,196.5,197.5,197.5,1402300
2021-06-18,195.92999267578125,196.17999267578125,192.17999267578125,192.89999389648438,192.89999389648438,2926600
2021-06-21,193.77999877929688,196.9199981689453,193.64999389648438,196.47000122070312,196.47000122070312,1174100
2021-06-22,195.82000732421875,196.9499969482422,195.05999755859375,196.7899932861328,196.7899932861328,979600
2021-06-23,196.22999572753906,196.22999572753906,194.75999450683594,195.22999572753906,195.22999572753906,873500
2021-06-24,196.10000610351562,196.6999969482422,195.2100067138672,196.0800018310547,196.0800018310547,1055400
2021-06-25,195.97000122070312,198.05999755859375,195.50999450683594,197.36000061035156,197.36000061035156,1798900
2021-06-28,197.55999755859375,198.1999969482422,195.69000244140625,196.6300048828125,196.6300048828125,1279400
2021-06-29,196.9600067138672,198.58999633789062,196.1699981689453,197.6199951171875,197.6199951171875,912200
2021-06-30,197.5800018310547,199.17999267578125,197.38999938964844,198.6199951171875,198.6199951171875,1433200
2021-07-01,198.6199951171875,199.97999572753906,198.41000366210938,199.80999755859375,199.80999755859375,1130300
2021-07-02,201.89999389648438,201.94000244140625,200.05999755859375,201.47999572753906,201.47999572753906,1012100
2021-07-06,202.32000732421875,202.5,199.32000732421875,201.11000061035156,201.11000061035156,1032400
2021-07-07,201.44000244140625,203.5500030517578,200.8800048828125,203.33999633789062,203.33999633789062,1091500
2021-07-08,201.94000244140625,203.08999633789062,200.75,201.86000061035156,201.86000061035156,1262800
2021-07-09,202.0,203.97000122070312,201.8300018310547,203.72000122070312,203.72000122070312,1746800
2021-07-12,201.89999389648438,203.94000244140625,200.91000366210938,203.75,203.75,1325200
2021-07-13,203.89999389648438,204.83999633789062,203.30999755859375,203.91000366210938,203.91000366210938,1025100
2021-07-14,204.7899932861328,205.41000366210938,203.9199981689453,204.5,204.5,1558900
2021-07-15,204.2899932861328,207.35000610351562,204.0,207.02999877929688,207.02999877929688,1518200
2021-07-16,207.10000610351562,208.5800018310547,205.33999633789062,205.60000610351562,205.60000610351562,1652100
2021-07-19,204.24000549316406,205.3699951171875,200.5,201.67999267578125,201.67999267578125,1841600
2021-07-20,202.77999877929688,205.75999450683594,202.16000366210938,203.13999938964844,203.13999938964844,2097200
2021-07-21,203.13999938964844,204.60000610351562,202.72999572753906,204.47000122070312,204.47000122070312,1408700
2021-07-22,204.55999755859375,205.1199951171875,202.72000122070312,203.2899932861328,203.2899932861328,1075700
2021-07-23,204.2899932861328,206.5399932861328,203.47000122070312,206.0800018310547,206.0800018310547,1105200
2021-07-26,205.74000549316406,206.47999572753906,204.35000610351562,206.27000427246094,206.27000427246094,1118800
2021-07-27,206.41000366210938,208.58999633789062,205.6999969482422,207.88999938964844,207.88999938964844,2074900
2021-07-28,207.27000427246094,207.5,203.22000122070312,206.8800048828125,206.8800048828125,2065500
2021-07-29,208.0,209.8699951171875,207.0800018310547,208.8300018310547,208.8300018310547,1236900
2021-07-30,208.41000366210938,210.32000732421875,208.41000366210938,209.6300048828125,209.6300048828125,1533800
2021-08-02,210.5399932861328,211.27000427246094,209.22999572753906,209.4499969482422,209.4499969482422,1459000
2021-08-03,209.60000610351562,213.72000122070312,208.72000122070312,213.44000244140625,213.44000244140625,1412200
2021-08-04,213.0399932861328,213.64999389648438,211.9199981689453,212.0,212.0,1634600
2021-08-05,213.10000610351562,213.5800018310547,212.08999633789062,213.2899932861328,213.2899932861328,1010900
2021-08-06,213.4199981689453,213.94000244140625,212.52999877929688,213.0,213.0,1342900
2021-08-09,213.42999267578125,213.9600067138672,212.2899932861328,213.6999969482422,213.6999969482422,1322000
2021-08-10,214.05999755859375,217.14999389648438,213.42999267578125,216.72000122070312,216.72000122070312,2574700
2021-08-11,214.82000732421875,217.0399932861328,214.82000732421875,216.25,216.25,1883600
2021-08-12,216.67999267578125,216.69000244140625,214.60000610351562,214.89999389648438,214.89999389648438,1449300
2021-08-13,215.1699981689453,216.02000427246094,214.7100067138672,215.1699981689453,215.1699981689453,1003500
2021-08-16,213.92999267578125,216.6699981689453,213.66000366210938,216.55999755859375,216.55999755859375,1233600
2021-08-17,215.3800048828125,216.39999389648438,213.75,214.8000030517578,214.8000030517578,1248800
2021-08-18,213.97000122070312,213.97000122070312,208.25999450683594,208.47000122070312,208.47000122070312,3061100
2021-08-19,207.75999450683594,211.77000427246094,207.5,211.1199951171875,211.1199951171875,1582400
2021-08-20,211.8000030517578,212.0,209.88999938964844,211.5800018310547,211.5800018310547,1777700
2021-08-23,212.1999969482422,212.6300048828125,210.38999938964844,211.72999572753906,211.72999572753906,1139200
2021-08-24,210.7899932861328,211.6300048828125,208.02999877929688,208.19000244140625,208.19000244140625,1663100
2021-08-25,208.8000030517578,209.1699981689453,206.88999938964844,208.19000244140625,208.19000244140625,1202800
2021-08-26,207.77000427246094,208.38999938964844,206.1999969482422,207.0800018310547,207.0800018310547,1207100
2021-08-27,207.61000061035156,209.61000061035156,207.19000244140625,208.9600067138672,208.9600067138672,1370000
2021-08-30,209.08999633789062,210.8300018310547,208.99000549316406,209.07000732421875,209.07000732421875,885600
2021-08-31,209.8800048828125,209.8800048828125,207.0800018310547,209.0399932861328,209.0399932861328,2237100
2021-09-01,207.5,207.5,205.74000549316406,206.86000061035156,206.86000061035156,1397600
2021-09-02,205.49000549316406,207.35000610351562,205.49000549316406,206.52999877929688,206.52999877929688,1174400
2021-09-03,204.5,207.77999877929688,204.3699951171875,207.3800048828125,207.3800048828125,1115900
2021-09-07,206.86000061035156,207.3300018310547,201.83999633789062,202.22999572753906,202.22999572753906,1342300
2021-09-08,202.6699981689453,205.27000427246094,202.35000610351562,205.1300048828125,205.1300048828125,1259200
2021-09-09,204.75999450683594,206.49000549316406,203.0500030517578,203.16000366210938,203.16000366210938,1295700
2021-09-10,204.39999389648438,204.42999267578125,200.64999389648438,200.8300018310547,200.8300018310547,1843800
2021-09-13,202.49000549316406,204.25999450683594,199.10000610351562,200.0,200.0,1894800
2021-09-14,201.38999938964844,201.47999572753906,199.2100067138672,199.74000549316406,199.74000549316406,1906300
2021-09-15,199.32000732421875,200.88999938964844,198.94000244140625,200.52000427246094,200.52000427246094,1661800
2021-09-16,200.67999267578125,201.52999877929688,198.1999969482422,198.39999389648438,198.39999389648438,1430600
2021-09-17,198.3699951171875,199.77999877929688,197.4199981689453,198.6699981689453,198.6699981689453,3083600
2021-09-20,196.8800048828125,199.52999877929688,196.10000610351562,198.80999755859375,198.80999755859375,1915900
2021-09-21,199.25,199.38999938964844,196.35000610351562,197.0500030517578,197.0500030517578,985600
2021-09-22,198.13999938964844,199.0,196.7899932861328,198.30999755859375,198.30999755859375,968500
2021-09-23,198.85000610351562,202.4600067138672,198.52000427246094,201.38999938964844,201.38999938964844,1041200
2021-09-24,200.9499969482422,202.88999938964844,200.72000122070312,202.22000122070312,202.22000122070312,884100
2021-09-27,201.38999938964844,203.1699981689453,201.1300048828125,201.72000122070312,201.72000122070312,1357500
2021-09-28,199.7899932861328,200.50999450683594,196.77999877929688,197.27999877929688,197.27999877929688,1245900
2021-09-29,198.00999450683594,200.6999969482422,197.8800048828125,199.5800018310547,199.5800018310547,1001500
2021-09-30,200.47000122070312,204.33999633789062,199.7100067138672,199.9199981689453,199.9199981689453,1739700
2021-10-01,200.50999450683594,203.22000122070312,197.00999450683594,202.0,202.0,1379000
2021-10-04,200.38999938964844,202.6699981689453,199.2100067138672,199.97000122070312,199.97000122070312,1453500
2021-10-05,200.07000732421875,204.7100067138672,199.3300018310547,203.75999450683594,203.75999450683594,1039000
2021-10-06,202.3300018310547,205.2100067138672,202.13999938964844,204.99000549316406,204.99000549316406,1486100
2021-10-07,206.52000427246094,208.80999755859375,206.02999877929688,207.57000732421875,207.57000732421875,1439600
2021-10-08,207.9199981689453,208.22000122070312,205.94000244140625,206.16000366210938,206.16000366210938,1002500
2021-10-11,205.55999755859375,205.75999450683594,203.6300048828125,203.75,203.75,816900
2021-10-12,204.07000732421875,204.63999938964844,203.00999450683594,203.83999633789062,203.83999633789062,1132600
2021-10-13,205.1699981689453,205.75999450683594,202.25,205.19000244140625,205.19000244140625,1129800
2021-10-14,206.36000061035156,208.9499969482422,206.2100067138672,208.52000427246094,208.52000427246094,1361900
2021-10-15,210.0,213.0500030517578,209.13999938964844,212.97999572753906,212.97999572753906,1747200
2021-10-18,211.57000732421875,213.64999389648438,210.5,212.57000732421875,212.57000732421875,1310700
2021-10-19,213.25,214.0800018310547,211.72999572753906,213.97999572753906,213.97999572753906,834300
2021-10-20,214.99000549316406,215.30999755859375,212.5,213.0500030517578,213.0500030517578,1048700
2021-10-21,213.0800018310547,215.0,212.07000732421875,214.7100067138672,214.7100067138672,939700
2021-10-22,215.5,218.75999450683594,215.1699981689453,217.75,217.75,1361400
2021-10-25,217.83999633789062,219.25999450683594,217.30999755859375,218.07000732421875,218.07000732421875,863300
2021-10-26,218.14999389648438,220.13999938964844,217.82000732421875,218.8000030517578,218.8000030517578,1819500
2021-10-27,223.16000366210938,224.75999450683594,220.5399932861328,221.9499969482422,221.9499969482422,2043500
2021-10-28,222.3800048828125,223.7899932861328,221.14999389648438,222.94000244140625,222.94000244140625,1428700
2021-10-29,222.08999633789062,225.0,222.08999633789062,224.49000549316406,224.49000549316406,1609700
2021-11-01,224.11000061035156,224.6199951171875,221.05999755859375,222.13999938964844,222.13999938964844,1173000
2021-11-02,223.24000549316406,225.24000549316406,222.1199951171875,225.1699981689453,225.1699981689453,1249000
2021-11-03,222.3300018310547,226.08999633789062,222.16000366210938,225.75,225.75,1079300
2021-11-04,225.6699981689453,227.30999755859375,225.07000732421875,226.19000244140625,226.19000244140625,1190400
2021-11-05,229.25999450683594,230.1199951171875,227.77999877929688,229.60000610351562,229.60000610351562,1394700
2021-11-08,230.1999969482422,230.1999969482422,226.6999969482422,227.49000549316406,227.49000549316406,1366200
2021-11-09,228.0399932861328,229.50999450683594,225.69000244140625,229.1999969482422,229.1999969482422,1093100
2021-11-10,229.9499969482422,231.6999969482422,228.3699951171875,229.63999938964844,229.63999938964844,1081000
2021-11-11,228.83999633789062,229.72999572753906,227.67999267578125,228.5500030517578,228.5500030517578,709700
2021-11-12,229.60000610351562,231.8699951171875,228.67999267578125,230.92999267578125,230.92999267578125,1207600
2021-11-15,231.8000030517578,233.24000549316406,229.77000427246094,233.05999755859375,233.05999755859375,1028800
2021-11-16,234.02999877929688,237.05999755859375,234.0,235.25,235.25,1454500
2021-11-17,234.1199951171875,237.14999389648438,233.60000610351562,236.8800048828125,236.8800048828125,1080300
2021-11-18,236.9600067138672,238.25,235.02000427246094,237.9499969482422,237.9499969482422,1151000
2021-11-19,239.0800018310547,239.25999450683594,236.92999267578125,237.91000366210938,237.91000366210938,1301700
2021-11-22,237.47999572753906,241.17999267578125,235.92999267578125,236.82000732421875,236.82000732421875,1080600
2021-11-23,235.6199951171875,236.52999877929688,234.08999633789062,236.13999938964844,236.13999938964844,1456800
2021-11-24,234.9600067138672,235.8000030517578,232.47000122070312,234.3699951171875,234.3699951171875,1511100
2021-11-26,233.74000549316406,234.3000030517578,229.07000732421875,229.6199951171875,229.6199951171875,1366700
2021-11-29,231.11000061035156,237.17999267578125,230.11000061035156,235.89999389648438,235.89999389648438,2094300
2021-11-30,236.50999450683594,236.5500030517578,229.3300018310547,230.88999938964844,230.88999938964844,4374200
2021-12-01,229.91000366210938,232.22999572753906,224.5500030517578,226.8699951171875,226.8699951171875,2391600
2021-12-02,228.38999938964844,234.10000610351562,228.38999938964844,232.42999267578125,232.42999267578125,2121700
2021-12-03,232.1999969482422,233.14999389648438,227.75999450683594,229.88999938964844,229.88999938964844,1561700
2021-12-06,232.3800048828125,233.32000732421875,230.67999267578125,232.1999969482422,232.1999969482422,2289600
2021-12-07,234.9499969482422,236.13999938964844,233.24000549316406,235.1300048828125,235.1300048828125,1753400
2021-12-08,233.27000427246094,235.64999389648438,232.1999969482422,234.3000030517578,234.3000030517578,1045700
2021-12-09,233.25999450683594,233.91000366210938,231.58999633789062,232.74000549316406,232.74000549316406,1326200
2021-12-10,234.0399932861328,236.86000061035156,233.4499969482422,236.72999572753906,236.72999572753906,1276100
2021-12-13,236.33999633789062,237.2899932861328,234.7899932861328,235.02000427246094,235.02000427246094,1638900
2021-12-14,233.85000610351562,234.6999969482422,227.67999267578125,229.72000122070312,229.72000122070312,1501300
2021-12-15,229.4499969482422,234.05999755859375,229.39999389648438,233.9199981689453,233.9199981689453,1536400
2021-12-16,233.9199981689453,234.5500030517578,231.0399932861328,231.85000610351562,231.85000610351562,1597200
2021-12-17,230.14999389648438,232.85000610351562,228.72999572753906,229.41000366210938,229.41000366210938,2452100
2021-12-20,226.47999572753906,229.6199951171875,225.14999389648438,229.36000061035156,229.36000061035156,1137800
2021-12-21,231.22999572753906,232.17999267578125,229.25999450683594,231.9499969482422,231.9499969482422,1105400
2021-12-22,231.8300018310547,237.75999450683594,231.66000366210938,237.6199951171875,237.6199951171875,1340600
2021-12-23,237.9199981689453,243.75999450683594,237.8699951171875,242.0,242.0,1532500
2021-12-27,243.10000610351562,246.7100067138672,242.50999450683594,246.2899932861328,246.2899932861328,1020700
2021-12-28,246.27000427246094,246.91000366210938,245.42999267578125,246.07000732421875,246.07000732421875,924400
2021-12-29,247.5399932861328,248.9600067138672,244.6999969482422,248.00999450683594,248.00999450683594,936800
2021-12-30,248.25,248.3300018310547,245.36000061035156,245.55999755859375,245.55999755859375,753300
2021-12-31,245.4499969482422,247.75,244.58999633789062,246.5800018310547,246.5800018310547,884200
2022-01-03,245.05999755859375,247.47000122070312,241.42999267578125,244.00999450683594,244.00999450683594,1397000
2022-01-04,243.17999267578125,247.0399932861328,243.17999267578125,245.14999389648438,245.14999389648438,2124400
2022-01-05,244.5800018310547,246.49000549316406,242.8300018310547,243.05999755859375,243.05999755859375,2181200
2022-01-06,242.4600067138672,244.69000244140625,240.6300048828125,241.38999938964844,241.38999938964844,1946500
2022-01-07,240.77999877929688,241.24000549316406,238.72999572753906,238.83999633789062,238.83999633789062,1462000
2022-01-10,236.33999633789062,237.9199981689453,231.92999267578125,232.88999938964844,232.88999938964844,1929300
2022-01-11,233.66000366210938,235.4199981689453,230.10000610351562,235.27999877929688,235.27999877929688,1293000
2022-01-12,235.1300048828125,236.1300048828125,233.2100067138672,234.6300048828125,234.6300048828125,1202500
2022-01-13,234.86000061035156,236.0500030517578,231.30999755859375,231.92999267578125,231.92999267578125,1110600
2022-01-14,229.94000244140625,231.33999633789062,226.92999267578125,228.75,228.75,1562900
2022-01-18,226.0,227.82000732421875,222.75999450683594,226.44000244140625,226.44000244140625,1939500
2022-01-19,227.63999938964844,229.4499969482422,224.72999572753906,224.8300018310547,224.8300018310547,1613900
2022-01-20,226.60000610351562,228.3800048828125,219.72999572753906,220.30999755859375,220.30999755859375,2051800
2022-01-21,220.57000732421875,221.72999572753906,216.8300018310547,217.1300048828125,217.1300048828125,2164400
2022-01-24,215.8800048828125,219.3699951171875,211.02999877929688,218.24000549316406,218.24000549316406,2981600
2022-01-25,213.08999633789062,218.69000244140625,212.74000549316406,216.8800048828125,216.8800048828125,2487300
2022-01-26,205.49000549316406,208.27000427246094,196.5399932861328,197.4600067138672,197.4600067138672,5686900
2022-01-27,198.25,200.5800018310547,194.55999755859375,196.4199981689453,196.4199981689453,3526600
2022-01-28,196.94000244140625,199.2899932861328,192.69000244140625,199.27000427246094,199.27000427246094,2261800
2022-01-31,199.33999633789062,207.36000061035156,198.08999633789062,206.1699981689453,206.1699981689453,3113300
2022-02-01,206.47999572753906,207.25999450683594,202.5800018310547,205.55999755859375,205.55999755859375,2122700
2022-02-02,205.55999755859375,208.32000732421875,205.22000122070312,207.89999389648438,207.89999389648438,2149900
2022-02-03,204.3300018310547,207.64999389648438,203.86000061035156,205.1300048828125,205.1300048828125,1938000
2022-02-04,203.88999938964844,207.3300018310547,201.22999572753906,206.25,206.25,2016400
2022-02-07,206.88999938964844,207.97999572753906,205.24000549316406,205.97999572753906,205.97999572753906,1581900
2022-02-08,204.7100067138672,208.89999389648438,204.0,208.41000366210938,208.41000366210938,1503800
2022-02-09,210.47000122070312,211.38999938964844,209.27000427246094,211.16000366210938,211.16000366210938,2078700
2022-02-10,207.25,208.30999755859375,204.17999267578125,205.5399932861328,205.5399932861328,2270600
2022-02-11,206.39999389648438,207.39999389648438,203.69000244140625,203.7899932861328,203.7899932861328,2678700
2022-02-14,204.3800048828125,204.6999969482422,199.69000244140625,201.97999572753906,201.97999572753906,1899600
2022-02-15,204.47999572753906,204.80999755859375,202.5500030517578,204.02000427246094,204.02000427246094,1412000
2022-02-16,203.41000366210938,205.22999572753906,201.33999633789062,204.24000549316406,204.24000549316406,1833900
2022-02-17,202.91000366210938,203.72999572753906,199.99000549316406,200.4600067138672,200.4600067138672,1600700
2022-02-18,200.0500030517578,202.0800018310547,199.1999969482422,200.4499969482422,200.4499969482422,2744400
2022-02-22,200.4499969482422,202.4499969482422,198.4499969482422,199.89999389648438,199.89999389648438,1690200
2022-02-23,200.99000549316406,202.0800018310547,195.8800048828125,196.2899932861328,196.2899932861328,1646700
2022-02-24,193.5,200.7100067138672,192.25999450683594,200.22000122070312,200.22000122070312,1965400
2022-02-25,201.02999877929688,204.5399932861328,199.82000732421875,204.36000061035156,204.36000061035156,1336400
2022-02-28,203.42999267578125,204.8699951171875,201.19000244140625,204.44000244140625,204.44000244140625,2234600
2022-03-01,203.5399932861328,204.5500030517578,201.14999389648438,202.30999755859375,202.30999755859375,1503200
2022-03-02,202.9499969482422,207.3300018310547,202.22000122070312,206.2899932861328,206.2899932861328,1674600
2022-03-03,208.86000061035156,209.61000061035156,203.97000122070312,204.6999969482422,204.6999969482422,2192200
2022-03-04,203.57000732421875,208.61000061035156,202.6199951171875,208.4600067138672,208.4600067138672,1492300
2022-03-07,207.72000122070312,211.8000030517578,206.47000122070312,208.38999938964844,208.38999938964844,2535500
2022-03-08,207.83999633789062,213.05999755859375,204.94000244140625,205.3800048828125,205.3800048828125,2326300
2022-03-09,210.3300018310547,211.13999938964844,206.07000732421875,209.6999969482422,209.6999969482422,1791600
2022-03-10,206.50999450683594,210.1199951171875,205.00999450683594,209.42999267578125,209.42999267578125,2399300
2022-03-11,210.6300048828125,212.35000610351562,206.6999969482422,207.27000427246094,207.27000427246094,1664800
2022-03-14,207.57000732421875,209.72000122070312,206.2100067138672,207.0,207.0,2064100
2022-03-15,210.0,212.8800048828125,208.6199951171875,212.30999755859375,212.30999755859375,2220200
2022-03-16,212.99000549316406,214.55999755859375,207.86000061035156,212.4600067138672,212.4600067138672,2086300
2022-03-17,211.72000122070312,214.0,211.35000610351562,213.9199981689453,213.9199981689453,1453700
2022-03-18,213.9199981689453,217.47000122070312,212.22999572753906,214.69000244140625,214.69000244140625,6168400
2022-03-21,214.25,215.27999877929688,210.36000061035156,212.52999877929688,212.52999877929688,2064500
2022-03-22,212.66000366210938,215.5500030517578,211.3699951171875,215.2100067138672,215.2100067138672,1893900
2022-03-23,215.77999877929688,215.7899932861328,212.47000122070312,212.57000732421875,212.57000732421875,1120200
2022-03-24,213.83999633789062,217.08999633789062,212.7100067138672,216.9499969482422,216.9499969482422,1153300
2022-03-25,217.7100067138672,219.07000732421875,216.52999877929688,219.0399932861328,219.0399932861328,1249800
2022-03-28,219.08999633789062,220.6699981689453,218.1199951171875,220.64999389648438,220.64999389648438,1202800
2022-03-29,222.86000061035156,225.44000244140625,222.0,224.9499969482422,224.9499969482422,1560800
2022-03-30,223.67999267578125,228.52000427246094,222.63999938964844,227.75999450683594,227.75999450683594,1628800
2022-03-31,229.17999267578125,232.07000732421875,227.52999877929688,227.5399932861328,227.5399932861328,3306800
2022-04-01,228.27000427246094,233.89999389648438,227.08999633789062,233.5,233.5,1934800
2022-04-04,233.75999450683594,236.1300048828125,233.3699951171875,235.17999267578125,235.17999267578125,1962700
2022-04-05,234.92999267578125,240.6300048828125,234.5500030517578,238.0,238.0,2519300
2022-04-06,235.69000244140625,239.0500030517578,235.3800048828125,237.7899932861328,237.7899932861328,2308600
2022-04-07,236.5800018310547,239.55999755859375,236.5500030517578,238.5,238.5,2141700
2022-04-08,238.3800048828125,239.67999267578125,236.77000427246094,237.7100067138672,237.7100067138672,1469300
2022-04-11,237.72999572753906,238.72000122070312,230.5800018310547,230.9600067138672,230.9600067138672,2087400
2022-04-12,234.25999450683594,234.92999267578125,230.60000610351562,231.05999755859375,231.05999755859375,1703600
2022-04-13,231.85000610351562,234.1699981689453,231.77999877929688,233.74000549316406,233.74000549316406,1566200
2022-04-14,233.74000549316406,234.6699981689453,228.6199951171875,229.1999969482422,229.1999969482422,2213600
2022-04-18,228.0,229.77999877929688,225.3000030517578,227.1999969482422,227.1999969482422,2253000
2022-04-19,227.1999969482422,230.4600067138672,225.38999938964844,229.60000610351562,229.60000610351562,2263300
2022-04-20,231.77000427246094,233.1199951171875,231.08999633789062,232.6199951171875,232.6199951171875,1545700
2022-04-21,233.3699951171875,235.25,229.57000732421875,230.17999267578125,230.17999267578125,1343100
2022-04-22,230.58999633789062,232.1999969482422,223.3000030517578,223.52000427246094,223.52000427246094,1622300
2022-04-25,223.1699981689453,227.41000366210938,221.7100067138672,227.05999755859375,227.05999755859375,1810300
2022-04-26,224.63999938964844,227.22000122070312,222.1699981689453,222.27999877929688,222.27999877929688,2175600
2022-04-27,225.0,232.77999877929688,223.47999572753906,228.0,228.0,2292300
2022-04-28,229.22000122070312,231.69000244140625,227.5800018310547,229.67999267578125,229.67999267578125,2248200
2022-04-29,228.67999267578125,229.16000366210938,217.47999572753906,218.17999267578125,218.17999267578125,2621400
2022-05-02,219.7899932861328,222.0399932861328,215.1300048828125,219.32000732421875,219.32000732421875,2283200
2022-05-03,219.97000122070312,222.9499969482422,219.1300048828125,221.5399932861328,221.5399932861328,1957300
2022-05-04,221.82000732421875,229.4199981689453,220.30999755859375,228.8800048828125,228.8800048828125,1631500
2022-05-05,228.2899932861328,228.2899932861328,216.14999389648438,218.55999755859375,218.55999755859375,2103500
2022-05-06,217.1699981689453,218.1999969482422,213.91000366210938,216.94000244140625,216.94000244140625,1581600
2022-05-09,214.0399932861328,215.22999572753906,209.13999938964844,209.7899932861328,209.7899932861328,2602600
2022-05-10,212.6699981689453,214.8699951171875,209.35000610351562,212.33999633789062,212.33999633789062,2527400
2022-05-11,210.63999938964844,214.02999877929688,207.77000427246094,208.52999877929688,208.52999877929688,2111100
2022-05-12,207.33999633789062,208.8699951171875,204.32000732421875,207.47999572753906,207.47999572753906,1912600
2022-05-13,209.27000427246094,209.97999572753906,206.8699951171875,208.7899932861328,208.7899932861328,2390800
2022-05-16,208.6199951171875,209.9199981689453,205.75999450683594,208.60000610351562,208.60000610351562,1941200
2022-05-17,211.8000030517578,215.5800018310547,210.86000061035156,214.9600067138672,214.9600067138672,1836500
2022-05-18,213.47999572753906,213.5800018310547,207.8000030517578,208.5,208.5,1628800
2022-05-19,208.0800018310547,209.5500030517578,205.5399932861328,206.85000610351562,206.85000610351562,1617900
2022-05-20,208.86000061035156,209.8699951171875,203.6300048828125,208.63999938964844,208.63999938964844,2651300
2022-05-23,211.2899932861328,213.08999633789062,209.72999572753906,212.9600067138672,212.9600067138672,1488200
2022-05-24,212.00999450683594,213.60000610351562,209.77999877929688,212.72999572753906,212.72999572753906,1863700
2022-05-25,212.17999267578125,214.6999969482422,211.33999633789062,213.89999389648438,213.89999389648438,1339500
2022-05-26,215.0,219.91000366210938,214.57000732421875,218.27999877929688,218.27999877929688,1348300
2022-05-27,220.0,224.7100067138672,219.63999938964844,224.66000366210938,224.66000366210938,1464600
2022-05-31,224.16000366210938,225.22999572753906,221.32000732421875,222.94000244140625,222.94000244140625,3007200
2022-06-01,224.02999877929688,224.6999969482422,218.92999267578125,219.32000732421875,219.32000732421875,1398700
2022-06-02,219.6300048828125,223.8699951171875,217.57000732421875,223.7100067138672,223.7100067138672,1412200
2022-06-03,222.6699981689453,222.88999938964844,219.5,220.67999267578125,220.67999267578125,1445000
2022-06-06,222.49000549316406,224.22000122070312,219.10000610351562,219.50999450683594,219.50999450683594,1408700
2022-06-07,217.82000732421875,222.74000549316406,217.82000732421875,222.27999877929688,222.27999877929688,1081000
2022-06-08,220.8800048828125,221.80999755859375,218.5800018310547,219.99000549316406,219.99000549316406,1030700
2022-06-09,218.47999572753906,221.00999450683594,215.55999755859375,215.6999969482422,215.6999969482422,1080400
2022-06-10,212.9499969482422,214.22000122070312,210.4600067138672,211.6199951171875,211.6199951171875,1839000
2022-06-13,206.8800048828125,208.94000244140625,204.10000610351562,204.75999450683594,204.75999450683594,1796100
2022-06-14,205.52000427246094,205.52000427246094,201.99000549316406,204.1300048828125,204.1300048828125,1780400
2022-06-15,205.97999572753906,210.13999938964844,203.66000366210938,207.14999389648438,207.14999389648438,1784500
2022-06-16,203.5800018310547,205.17999267578125,198.5500030517578,199.94000244140625,199.94000244140625,1796000
2022-06-17,199.44000244140625,201.47999572753906,196.61000061035156,200.27999877929688,200.27999877929688,3328300
2022-06-21,203.42999267578125,207.42999267578125,202.91000366210938,206.83999633789062,206.83999633789062,1769300
2022-06-22,204.50999450683594,209.77999877929688,203.97999572753906,207.39999389648438,207.39999389648438,1505600
2022-06-23,209.50999450683594,211.1699981689453,208.19000244140625,210.5800018310547,210.5800018310547,1357600
2022-06-24,212.08999633789062,218.85000610351562,211.97000122070312,218.7899932861328,218.7899932861328,1912000
2022-06-27,218.27000427246094,220.5,215.97999572753906,218.30999755859375,218.30999755859375,1619000
2022-06-28,218.72000122070312,220.39999389648438,213.91000366210938,214.05999755859375,214.05999755859375,1412800
2022-06-29,214.1199951171875,215.72999572753906,210.1699981689453,212.19000244140625,212.19000244140625,1534700
2022-06-30,210.3300018310547,213.0500030517578,209.17999267578125,210.0399932861328,210.0399932861328,2227000
2022-07-01,209.94000244140625,213.52000427246094,209.10000610351562,213.22999572753906,213.22999572753906,1552900
2022-07-05,210.63999938964844,212.50999450683594,205.61000061035156,212.47999572753906,212.47999572753906,1455600
2022-07-06,213.97000122070312,218.85000610351562,213.3800048828125,217.25999450683594,217.25999450683594,1351300
2022-07-07,217.35000610351562,218.32000732421875,215.74000549316406,216.52000427246094,216.52000427246094,1710100
2022-07-08,215.10000610351562,217.85000610351562,214.7100067138672,217.27000427246094,217.27000427246094,1153300
2022-07-11,216.88999938964844,217.42999267578125,214.25,214.88999938964844,214.88999938964844,1136700
2022-07-12,215.75999450683594,217.25999450683594,211.3000030517578,212.2899932861328,212.2899932861328,1262500
2022-07-13,209.07000732421875,213.0500030517578,208.10000610351562,211.07000732421875,211.07000732421875,1079100
2022-07-14,208.61000061035156,211.7899932861328,206.8699951171875,211.1999969482422,211.1999969482422,954200
2022-07-15,213.33999633789062,215.02999877929688,212.97999572753906,214.1300048828125,214.1300048828125,1139500
2022-07-18,214.27999877929688,215.61000061035156,210.5,211.30999755859375,211.30999755859375,1237000
2022-07-19,214.25,219.38999938964844,213.22000122070312,218.9499969482422,218.9499969482422,1702600
2022-07-20,218.4600067138672,219.05999755859375,214.64999389648438,216.0500030517578,216.0500030517578,2229600
2022-07-21,215.74000549316406,218.3800048828125,214.72000122070312,218.08999633789062,218.08999633789062,2369000
2022-07-22,219.11000061035156,222.3699951171875,218.77000427246094,220.33999633789062,220.33999633789062,1647800
2022-07-25,221.0,221.22000122070312,216.85000610351562,218.3800048828125,218.3800048828125,872700
2022-07-26,218.14999389648438,220.0,216.36000061035156,217.91000366210938,217.91000366210938,1559500
2022-07-27,219.94000244140625,234.69000244140625,218.58999633789062,234.0399932861328,234.0399932861328,2880100
2022-07-28,235.0,240.27000427246094,233.02999877929688,239.47999572753906,239.47999572753906,1834700
2022-07-29,239.75999450683594,242.0399932861328,237.80999755859375,241.1199951171875,241.1199951171875,1815600
2022-08-01,240.11000061035156,242.50999450683594,239.55999755859375,241.32000732421875,241.32000732421875,1214400
2022-08-02,241.75999450683594,242.58999633789062,238.6999969482422,240.6199951171875,240.6199951171875,1127300
2022-08-03,241.22999572753906,245.57000732421875,240.05999755859375,244.32000732421875,244.32000732421875,1247800
2022-08-04,244.69000244140625,244.99000549316406,242.2899932861328,243.99000549316406,243.99000549316406,1195400
2022-08-05,241.0800018310547,247.44000244140625,241.0800018310547,247.1999969482422,247.1999969482422,1168800
2022-08-08,249.6199951171875,251.3800048828125,247.27000427246094,248.61000061035156,248.61000061035156,1094000
2022-08-09,248.74000549316406,251.57000732421875,247.36000061035156,249.8000030517578,249.8000030517578,1070400
2022-08-10,254.9499969482422,255.0,251.00999450683594,252.47000122070312,252.47000122070312,1608900
2022-08-11,252.64999389648438,253.3000030517578,249.97999572753906,250.22999572753906,250.22999572753906,1577400
2022-08-12,251.8000030517578,257.1600036621094,251.0,256.7799987792969,256.7799987792969,1258400
2022-08-15,255.47000122070312,259.9200134277344,255.0399932861328,259.7099914550781,259.7099914550781,1069000
2022-08-16,258.2300109863281,260.6499938964844,257.7200012207031,260.0400085449219,260.0400085449219,1100900
2022-08-17,258.4599914550781,261.5400085449219,257.92999267578125,260.69000244140625,260.69000244140625,1186600
2022-08-18,260.3699951171875,261.5899963378906,259.54998779296875,260.94000244140625,260.94000244140625,1048900
2022-08-19,259.29998779296875,260.3500061035156,258.70001220703125,259.82000732421875,259.82000732421875,2210100
2022-08-22,259.0,259.0,255.4499969482422,256.3800048828125,256.3800048828125,1373400
2022-08-23,256.1499938964844,257.07000732421875,255.0,255.77000427246094,255.77000427246094,1052500
2022-08-24,256.19000244140625,257.3399963378906,255.25,256.1400146484375,256.1400146484375,864300
2022-08-25,256.67999267578125,258.3599853515625,255.75,258.2099914550781,258.2099914550781,942600
2022-08-26,258.5,258.7799987792969,250.1999969482422,250.47999572753906,250.47999572753906,1718800
2022-08-29,248.9600067138672,250.9199981689453,247.52999877929688,248.8800048828125,248.8800048828125,1177900
2022-08-30,248.77999877929688,248.89999389648438,244.1300048828125,245.58999633789062,245.58999633789062,1254400
2022-08-31,248.1699981689453,248.35000610351562,243.55999755859375,244.41000366210938,244.41000366210938,2088300
2022-09-01,243.08999633789062,246.10000610351562,242.1300048828125,245.9600067138672,245.9600067138672,1298200
2022-09-02,245.27999877929688,247.0,237.08999633789062,238.47999572753906,238.47999572753906,2449100
2022-09-06,238.38999938964844,240.42999267578125,236.72999572753906,238.13999938964844,238.13999938964844,2179500
2022-09-07,237.07000732421875,242.3000030517578,236.75999450683594,241.72000122070312,241.72000122070312,2055800
2022-09-08,236.69000244140625,242.07000732421875,235.77999877929688,241.94000244140625,241.94000244140625,1702700
2022-09-09,243.1699981689453,245.0800018310547,241.11000061035156,244.3000030517578,244.3000030517578,2076100
2022-09-12,245.0800018310547,245.75,243.30999755859375,243.9499969482422,243.9499969482422,1651200
2022-09-13,239.94000244140625,241.10000610351562,234.22000122070312,235.05999755859375,235.05999755859375,2602600
2022-09-14,236.0,236.7100067138672,232.63999938964844,234.47999572753906,234.47999572753906,2532200
2022-09-15,233.5500030517578,234.75999450683594,229.58999633789062,230.7100067138672,230.7100067138672,2096500
2022-09-16,229.9199981689453,234.27999877929688,228.24000549316406,233.63999938964844,233.63999938964844,2719700
2022-09-19,230.82000732421875,235.82000732421875,230.80999755859375,235.72000122070312,235.72000122070312,1471700
2022-09-20,234.47000122070312,234.69000244140625,231.6300048828125,233.5399932861328,233.5399932861328,1746600
2022-09-21,235.61000061035156,237.08999633789062,230.33999633789062,230.4199981689453,230.4199981689453,1430500
2022-09-22,229.85000610351562,232.49000549316406,228.85000610351562,230.47000122070312,230.47000122070312,1628300
2022-09-23,230.24000549316406,230.8800048828125,227.69000244140625,230.27999877929688,230.27999877929688,1952500
2022-09-26,229.97000122070312,232.39999389648438,227.82000732421875,228.63999938964844,228.63999938964844,1686600
2022-09-27,230.41000366210938,231.9499969482422,225.52999877929688,227.6199951171875,227.6199951171875,1872700
2022-09-28,229.22999572753906,233.33999633789062,227.1300048828125,231.9499969482422,231.9499969482422,2337900
2022-09-29,230.80999755859375,230.8300018310547,225.3300018310547,227.75,227.75,2020500
2022-09-30,227.77000427246094,229.69000244140625,225.94000244140625,226.19000244140625,226.19000244140625,2875300
2022-10-03,228.35000610351562,233.47000122070312,227.69000244140625,232.25,232.25,1784200
2022-10-04,234.97000122070312,237.9600067138672,234.41000366210938,236.6199951171875,236.6199951171875,1941000
2022-10-05,235.42999267578125,241.1300048828125,234.0500030517578,239.0500030517578,239.0500030517578,1659100
2022-10-06,239.3800048828125,240.97000122070312,234.60000610351562,234.88999938964844,234.88999938964844,1497700
2022-10-07,231.9499969482422,232.72000122070312,225.91000366210938,227.1199951171875,227.1199951171875,2068400
2022-10-10,227.86000061035156,230.3000030517578,226.1699981689453,228.69000244140625,228.69000244140625,1081300
2022-10-11,228.17999267578125,228.69000244140625,225.11000061035156,226.27000427246094,226.27000427246094,1449600
2022-10-12,227.25999450683594,227.4199981689453,224.02000427246094,224.11000061035156,224.11000061035156,1215200
2022-10-13,219.5800018310547,231.30999755859375,218.8000030517578,229.89999389648438,229.89999389648438,1919300
2022-10-14,232.60000610351562,233.2100067138672,225.4199981689453,225.91000366210938,225.91000366210938,2166300
2022-10-17,230.3300018310547,233.55999755859375,229.8800048828125,233.0800018310547,233.0800018310547,2123100
2022-10-18,236.75,239.25999450683594,232.77000427246094,235.02000427246094,235.02000427246094,1619100
2022-10-19,231.24000549316406,234.19000244140625,230.22000122070312,233.24000549316406,233.24000549316406,1631000
2022-10-20,233.60000610351562,234.6999969482422,228.8800048828125,229.47999572753906,229.47999572753906,1314300
2022-10-21,228.94000244140625,233.1699981689453,227.4199981689453,232.74000549316406,232.74000549316406,2112100
2022-10-24,235.3000030517578,238.3800048828125,233.4499969482422,236.91000366210938,236.91000366210938,1731700
2022-10-25,235.32000732421875,238.39999389648438,235.32000732421875,237.75999450683594,237.75999450683594,2216200
2022-10-26,246.02999877929688,246.3000030517578,233.8800048828125,235.13999938964844,235.13999938964844,2942400
2022-10-27,235.3300018310547,238.25999450683594,233.7100067138672,234.97000122070312,234.97000122070312,1806100
2022-10-28,236.0500030517578,243.22000122070312,235.57000732421875,242.63999938964844,242.63999938964844,1589200
2022-10-31,240.58999633789062,242.38999938964844,239.4600067138672,241.6999969482422,241.6999969482422,1711400
2022-11-01,242.33999633789062,244.30999755859375,240.8800048828125,243.63999938964844,243.63999938964844,1522600
2022-11-02,243.63999938964844,247.75,237.33999633789062,237.44000244140625,237.44000244140625,1592400
2022-11-03,234.52999877929688,239.86000061035156,233.38999938964844,236.10000610351562,236.10000610351562,1987000
2022-11-04,238.82000732421875,239.5800018310547,232.0800018310547,236.86000061035156,236.86000061035156,1468600
2022-11-07,238.52000427246094,241.22999572753906,236.32000732421875,240.41000366210938,240.41000366210938,1250400
2022-11-08,240.94000244140625,248.4499969482422,240.1199951171875,245.0399932861328,245.0399932861328,1724200
2022-11-09,243.64999389648438,245.60000610351562,240.00999450683594,240.3800048828125,240.3800048828125,1242900
2022-11-10,251.17999267578125,255.6699981689453,247.5800018310547,254.8800048828125,254.8800048828125,2672800
2022-11-11,254.2100067138672,255.9600067138672,247.42999267578125,249.22999572753906,249.22999572753906,2126800
2022-11-14,248.99000549316406,252.75999450683594,248.36000061035156,250.0800018310547,250.0800018310547,1556600
2022-11-15,250.69000244140625,254.94000244140625,248.89999389648438,253.32000732421875,253.32000732421875,1517300
2022-11-16,254.64999389648438,256.7200012207031,253.0500030517578,253.6199951171875,253.6199951171875,1430800
2022-11-17,250.94000244140625,255.0,249.75,253.5500030517578,253.5500030517578,1116700
2022-11-18,256.3999938964844,257.82000732421875,253.82000732421875,256.0199890136719,256.0199890136719,1806600
2022-11-21,257.8999938964844,260.42999267578125,256.1499938964844,257.6000061035156,257.6000061035156,1243600
2022-11-22,259.8299865722656,262.5400085449219,258.05999755859375,261.9700012207031,261.9700012207031,1267400
2022-11-23,261.9599914550781,264.0,260.239990234375,262.5799865722656,262.5799865722656,1386300
2022-11-25,263.6000061035156,264.94000244140625,261.9599914550781,263.95001220703125,263.95001220703125,594700
2022-11-28,263.489990234375,264.3500061035156,257.6000061035156,258.3299865722656,258.3299865722656,1465700
2022-11-29,257.1499938964844,258.7099914550781,255.42999267578125,257.05999755859375,257.05999755859375,1131700
2022-11-30,257.0799865722656,264.95001220703125,254.63999938964844,264.1400146484375,264.1400146484375,4155500
2022-12-01,267.05999755859375,269.3999938964844,263.9100036621094,267.95001220703125,267.95001220703125,1449900
2022-12-02,263.1099853515625,270.8800048828125,263.1099853515625,269.8999938964844,269.8999938964844,1807000
2022-12-05,266.54998779296875,267.0,263.4599914550781,264.3900146484375,264.3900146484375,1256000
2022-12-06,264.2799987792969,264.6700134277344,257.04998779296875,258.5299987792969,258.5299987792969,1371300
2022-12-07,259.2300109863281,259.80999755859375,257.3299865722656,259.2200012207031,259.2200012207031,1265500
2022-12-08,258.3699951171875,261.0199890136719,258.20001220703125,260.04998779296875,260.04998779296875,1197200
2022-12-09,260.1700134277344,260.3800048828125,256.95001220703125,257.20001220703125,257.20001220703125,1991400
2022-12-12,258.6600036621094,264.9800109863281,256.8699951171875,264.42999267578125,264.42999267578125,1277600
2022-12-13,273.8900146484375,274.9200134277344,261.1000061035156,262.20001220703125,262.20001220703125,2086100
2022-12-14,262.489990234375,265.4599914550781,258.67999267578125,260.0799865722656,260.0799865722656,1863100
2022-12-15,256.9599914550781,257.70001220703125,248.0800018310547,248.7899932861328,248.7899932861328,1843200
2022-12-16,246.25,247.9199981689453,244.44000244140625,247.0500030517578,247.0500030517578,4051700
2022-12-19,245.30999755859375,247.10000610351562,243.66000366210938,245.05999755859375,245.05999755859375,1810400
2022-12-20,244.8800048828125,245.30999755859375,241.63999938964844,243.91000366210938,243.91000366210938,1445900
2022-12-21,245.9199981689453,247.55999755859375,244.1300048828125,247.0399932861328,247.0399932861328,1341300
2022-12-22,244.47999572753906,244.7100067138672,236.74000549316406,239.16000366210938,239.16000366210938,2369700
2022-12-23,237.9199981689453,241.64999389648438,236.58999633789062,240.94000244140625,240.94000244140625,1049600
2022-12-27,241.3699951171875,242.19000244140625,239.33999633789062,241.02999877929688,241.02999877929688,926700
2022-12-28,241.35000610351562,242.74000549316406,237.72000122070312,237.85000610351562,237.85000610351562,1045300
2022-12-29,238.17999267578125,241.8300018310547,238.17999267578125,240.6199951171875,240.6199951171875,975200
2022-12-30,239.6999969482422,240.1999969482422,236.0500030517578,238.86000061035156,238.86000061035156,1042600
2023-01-03,240.7899932861328,241.50999450683594,235.27000427246094,237.66000366210938,237.66000366210938,1749800
2023-01-04,240.1699981689453,241.3699951171875,236.9199981689453,238.77999877929688,238.77999877929688,1368100
2023-01-05,237.5,238.05999755859375,232.17999267578125,233.6300048828125,233.6300048828125,1575000
2023-01-06,235.97999572753906,242.50999450683594,235.0500030517578,240.16000366210938,240.16000366210938,1771700
2023-01-09,241.1199951171875,243.52000427246094,239.27000427246094,239.50999450683594,239.50999450683594,1963500
2023-01-10,239.00999450683594,241.00999450683594,237.4600067138672,240.77999877929688,240.77999877929688,969400
2023-01-11,241.9600067138672,245.22000122070312,241.47999572753906,245.0500030517578,245.0500030517578,1364100
2023-01-12,244.36000061035156,245.92999267578125,242.5800018310547,244.25999450683594,244.25999450683594,1170000
2023-01-13,243.8000030517578,246.6699981689453,242.67999267578125,245.36000061035156,245.36000061035156,1712800
2023-01-17,243.7899932861328,244.35000610351562,236.13999938964844,236.77999877929688,236.77999877929688,2972800
2023-01-18,237.69000244140625,237.89999389648438,234.2100067138672,234.25,234.25,2095700
2023-01-19,232.8000030517578,234.92999267578125,232.1999969482422,233.32000732421875,233.32000732421875,1646100
2023-01-20,232.5,237.7100067138672,232.25999450683594,237.1699981689453,237.1699981689453,1715600
2023-01-23,236.47999572753906,241.86000061035156,235.44000244140625,240.9600067138672,240.9600067138672,1654700
2023-01-24,241.02000427246094,241.02000427246094,238.13999938964844,239.14999389648438,239.14999389648438,1425400
2023-01-25,234.25,234.25,223.66000366210938,228.00999450683594,228.00999450683594,3694900
2023-01-26,226.80999755859375,228.85000610351562,225.1199951171875,225.42999267578125,225.42999267578125,3021300
2023-01-27,224.5,225.8800048828125,220.2100067138672,220.8000030517578,220.8000030517578,4945200
2023-01-30,220.0500030517578,223.3000030517578,218.49000549316406,222.35000610351562,222.35000610351562,3594000
2023-01-31,223.72999572753906,226.52999877929688,222.99000549316406,225.80999755859375,225.80999755859375,2788700
2023-02-01,225.7100067138672,228.10000610351562,221.50999450683594,226.72999572753906,226.72999572753906,1981800
2023-02-02,226.86000061035156,229.14999389648438,224.57000732421875,228.99000549316406,228.99000549316406,2953500
2023-02-03,226.3300018310547,227.8699951171875,220.80999755859375,225.30999755859375,225.30999755859375,2328900
2023-02-06,223.6300048828125,226.02999877929688,222.8000030517578,223.47000122070312,223.47000122070312,1375800
2023-02-07,223.0500030517578,227.57000732421875,221.8800048828125,226.77000427246094,226.77000427246094,1995700
2023-02-08,224.85000610351562,226.9600067138672,222.99000549316406,223.97999572753906,223.97999572753906,1643600
2023-02-09,225.94000244140625,228.33999633789062,223.7899932861328,223.91000366210938,223.91000366210938,2699100
2023-02-10,223.02999877929688,226.74000549316406,223.02999877929688,225.82000732421875,225.82000732421875,2278200
2023-02-13,226.66000366210938,227.83999633789062,225.7100067138672,227.36000061035156,227.36000061035156,1720600
2023-02-14,226.8300018310547,227.36000061035156,223.1199951171875,224.58999633789062,224.58999633789062,1581400
2023-02-15,224.36000061035156,227.89999389648438,223.61000061035156,227.85000610351562,227.85000610351562,1732400
2023-02-16,226.0,228.82000732421875,225.02000427246094,227.47999572753906,227.47999572753906,1992900
2023-02-17,226.66000366210938,228.94000244140625,226.08999633789062,228.6999969482422,228.6999969482422,1659500
2023-02-21,226.69000244140625,228.33999633789062,223.66000366210938,224.67999267578125,224.67999267578125,1896900
2023-02-22,225.8000030517578,226.47999572753906,221.99000549316406,222.92999267578125,222.92999267578125,1690700
2023-02-23,223.91000366210938,224.0399932861328,220.36000061035156,222.77999877929688,222.77999877929688,1435700
2023-02-24,219.69000244140625,222.02999877929688,219.69000244140625,221.5800018310547,221.5800018310547,1812800
2023-02-27,223.0,224.24000549316406,221.1699981689453,221.60000610351562,221.60000610351562,1254200
2023-02-28,220.91000366210938,222.27000427246094,219.39999389648438,219.82000732421875,219.82000732421875,2052400
2023-03-01,220.14999389648438,220.8800048828125,217.82000732421875,219.55999755859375,219.55999755859375,1387800
2023-03-02,219.82000732421875,223.25,219.35000610351562,222.5500030517578,222.5500030517578,2053100
2023-03-03,223.1199951171875,225.1300048828125,222.75,224.75,224.75,2013000
2023-03-06,224.77000427246094,226.42999267578125,224.41000366210938,225.52000427246094,225.52000427246094,2480600
2023-03-07,224.39999389648438,225.5800018310547,220.44000244140625,221.27999877929688,221.27999877929688,1923300
2023-03-08,221.83999633789062,222.66000366210938,220.24000549316406,221.97000122070312,221.97000122070312,1294000
2023-03-09,221.74000549316406,222.3800048828125,218.80999755859375,218.97999572753906,218.97999572753906,1772600
2023-03-10,217.9499969482422,218.94000244140625,213.3300018310547,213.55999755859375,213.55999755859375,1652700
2023-03-13,212.82000732421875,217.50999450683594,212.27000427246094,213.5500030517578,213.5500030517578,2236200
2023-03-14,215.05999755859375,216.55999755859375,210.7100067138672,213.58999633789062,213.58999633789062,2478600
2023-03-15,212.07000732421875,213.30999755859375,210.0399932861328,213.25,213.25,2538000
2023-03-16,213.0399932861328,216.50999450683594,211.80999755859375,215.8000030517578,215.8000030517578,2193600
2023-03-17,216.3000030517578,217.02999877929688,212.5800018310547,213.22000122070312,213.22000122070312,8927500
2023-03-20,213.91000366210938,216.33999633789062,212.5800018310547,215.8699951171875,215.8699951171875,2400300
2023-03-21,216.52000427246094,218.55999755859375,215.17999267578125,218.10000610351562,218.10000610351562,2230500
2023-03-22,218.5399932861328,219.16000366210938,213.13999938964844,213.25999450683594,213.25999450683594,1723100
2023-03-23,213.6999969482422,216.91000366210938,212.13999938964844,213.6199951171875,213.6199951171875,1893900
2023-03-24,213.9199981689453,214.49000549316406,211.41000366210938,214.1300048828125,214.1300048828125,1720500
2023-03-27,214.9499969482422,216.30999755859375,214.10000610351562,214.36000061035156,214.36000061035156,1627100
2023-03-28,214.5800018310547,215.9199981689453,212.85000610351562,214.14999389648438,214.14999389648438,1130100
2023-03-29,216.11000061035156,220.75,215.0,219.89999389648438,219.89999389648438,1724400
2023-03-30,220.57000732421875,221.8000030517578,218.74000549316406,219.49000549316406,219.49000549316406,1408600
2023-03-31,220.9199981689453,222.77000427246094,219.80999755859375,222.6300048828125,222.6300048828125,1782800
2023-04-03,218.5399932861328,219.0500030517578,215.13999938964844,216.80999755859375,216.80999755859375,2592000
2023-04-04,216.16000366210938,216.97000122070312,212.19000244140625,214.0399932861328,214.0399932861328,2384900
2023-04-05,213.41000366210938,214.55999755859375,211.32000732421875,213.1699981689453,213.1699981689453,2223900
2023-04-06,213.17999267578125,216.3699951171875,212.5800018310547,216.11000061035156,216.11000061035156,1966600
2023-04-10,214.11000061035156,214.75999450683594,213.02000427246094,214.22000122070312,214.22000122070312,1181400
2023-04-11,214.33999633789062,215.4600067138672,213.2899932861328,215.2100067138672,215.2100067138672,1370800
2023-04-12,215.8000030517578,217.1999969482422,214.88999938964844,215.61000061035156,215.61000061035156,1654700
2023-04-13,215.8699951171875,217.63999938964844,214.47999572753906,217.25,217.25,1293900
2023-04-14,216.22000122070312,218.0,213.7899932861328,215.6999969482422,215.6999969482422,1224100
2023-04-17,216.22999572753906,218.22999572753906,215.72999572753906,218.16000366210938,218.16000366210938,1648300
2023-04-18,218.67999267578125,219.47000122070312,216.6199951171875,217.32000732421875,217.32000732421875,932100
2023-04-19,216.92999267578125,218.1199951171875,216.6699981689453,217.0399932861328,217.0399932861328,863000
2023-04-20,215.74000549316406,216.57000732421875,214.36000061035156,215.6199951171875,215.6199951171875,1117800
2023-04-21,215.97999572753906,215.97999572753906,213.80999755859375,215.2100067138672,215.2100067138672,1093000
2023-04-24,215.8800048828125,216.7899932861328,214.7899932861328,215.47000122070312,215.47000122070312,1332200
2023-04-25,214.8800048828125,214.8800048828125,211.63999938964844,211.69000244140625,211.69000244140625,2161700
2023-04-26,203.1300048828125,212.66000366210938,201.4600067138672,210.8300018310547,210.8300018310547,3217600
2023-04-27,211.99000549316406,216.9600067138672,211.39999389648438,216.16000366210938,216.16000366210938,2180900
2023-04-28,216.49000549316406,220.05999755859375,215.8000030517578,220.0,220.0,2427800
2023-05-01,219.22999572753906,222.5500030517578,218.85000610351562,221.1199951171875,221.1199951171875,1699700
2023-05-02,220.74000549316406,221.52999877929688,214.74000549316406,216.5399932861328,216.5399932861328,1775500
2023-05-03,218.0500030517578,219.61000061035156,215.9600067138672,215.97999572753906,215.97999572753906,1604900
2023-05-04,216.5399932861328,216.6699981689453,213.11000061035156,213.80999755859375,213.80999755859375,1241500
2023-05-05,215.14999389648438,217.5500030517578,213.94000244140625,215.47999572753906,215.47999572753906,1455100
2023-05-08,216.3699951171875,216.49000549316406,213.55999755859375,214.27000427246094,214.27000427246094,1001600
2023-05-09,213.92999267578125,214.25999450683594,212.14999389648438,213.66000366210938,213.66000366210938,1204400
2023-05-10,215.0399932861328,215.97999572753906,212.05999755859375,215.00999450683594,215.00999450683594,1007900
2023-05-11,213.75999450683594,214.52000427246094,209.13999938964844,209.80999755859375,209.80999755859375,1935100
2023-05-12,210.75999450683594,212.9499969482422,210.75,212.74000549316406,212.74000549316406,1257000
2023-05-15,212.24000549316406,214.57000732421875,212.0,214.38999938964844,214.38999938964844,893400
2023-05-16,213.50999450683594,213.8699951171875,211.88999938964844,212.33999633789062,212.33999633789062,1706800
2023-05-17,213.74000549316406,214.99000549316406,212.3699951171875,213.9600067138672,213.9600067138672,1257300
2023-05-18,213.3000030517578,215.7899932861328,213.00999450683594,215.42999267578125,215.42999267578125,1598100
2023-05-19,216.63999938964844,217.5399932861328,215.25999450683594,216.17999267578125,216.17999267578125,1504200
2023-05-22,216.86000061035156,217.39999389648438,215.2100067138672,216.52999877929688,216.52999877929688,1521600
2023-05-23,216.0,216.5,215.0399932861328,215.5500030517578,215.5500030517578,1942900
2023-05-24,215.72999572753906,215.99000549316406,213.91000366210938,214.0,214.0,1434100
2023-05-25,211.80999755859375,212.10000610351562,208.80999755859375,210.39999389648438,210.39999389648438,2066000
2023-05-26,211.41000366210938,212.9600067138672,209.9199981689453,212.47999572753906,212.47999572753906,2143600
2023-05-30,212.66000366210938,213.0,207.72000122070312,210.1199951171875,210.1199951171875,1916600
2023-05-31,210.4499969482422,210.50999450683594,206.1699981689453,208.99000549316406,208.99000549316406,7408400
2023-06-01,210.38999938964844,212.1699981689453,208.66000366210938,211.80999755859375,211.80999755859375,1963200
2023-06-02,212.6999969482422,216.94000244140625,211.41000366210938,216.52000427246094,216.52000427246094,1449200
2023-06-05,217.0500030517578,217.27000427246094,215.61000061035156,216.24000549316406,216.24000549316406,1205400
2023-06-06,217.1999969482422,217.9600067138672,215.22999572753906,216.74000549316406,216.74000549316406,1252600
2023-06-07,216.25,216.6300048828125,214.72000122070312,216.47000122070312,216.47000122070312,1652500
2023-06-08,215.38999938964844,215.6999969482422,213.47999572753906,215.19000244140625,215.19000244140625,1338700
2023-06-09,214.3300018310547,215.67999267578125,213.47999572753906,215.22000122070312,215.22000122070312,1295900
2023-06-12,215.22999572753906,218.60000610351562,214.47999572753906,218.36000061035156,218.36000061035156,1348200
2023-06-13,218.92999267578125,220.61000061035156,218.5399932861328,220.49000549316406,220.49000549316406,1345100
2023-06-14,221.5,222.14999389648438,215.3000030517578,216.08999633789062,216.08999633789062,2116800
2023-06-15,216.30999755859375,221.55999755859375,215.60000610351562,220.97000122070312,220.97000122070312,1911100
2023-06-16,222.2899932861328,222.74000549316406,220.74000549316406,221.32000732421875,221.32000732421875,3337400
2023-06-20,221.47000122070312,222.27999877929688,219.89999389648438,220.27999877929688,220.27999877929688,1779400
2023-06-21,219.42999267578125,221.80999755859375,218.3300018310547,220.55999755859375,220.55999755859375,1602700
2023-06-22,220.14999389648438,222.27000427246094,218.8300018310547,220.39999389648438,220.39999389648438,1279700
2023-06-23,218.4499969482422,218.86000061035156,213.2100067138672,213.8300018310547,213.8300018310547,2189700
2023-06-26,212.9199981689453,216.3000030517578,212.82000732421875,215.5399932861328,215.5399932861328,1169600
2023-06-27,215.7100067138672,216.36000061035156,214.0500030517578,215.61000061035156,215.61000061035156,1313300
2023-06-28,215.14999389648438,216.47999572753906,213.72999572753906,215.61000061035156,215.61000061035156,1725600
2023-06-29,216.10000610351562,219.47999572753906,214.2899932861328,216.4600067138672,216.4600067138672,1539700
2023-06-30,217.52000427246094,220.5500030517578,217.47000122070312,219.7899932861328,219.7899932861328,1781800
2023-07-03,218.22000122070312,219.22999572753906,216.25,218.72999572753906,218.72999572753906,848300
2023-07-05,218.11000061035156,220.1999969482422,217.22000122070312,219.6999969482422,219.6999969482422,1113000
2023-07-06,218.08999633789062,222.16000366210938,218.08999633789062,221.64999389648438,221.64999389648438,1889300
2023-07-07,219.82000732421875,221.35000610351562,218.52000427246094,218.74000549316406,218.74000549316406,1678400
2023-07-10,219.24000549316406,225.72999572753906,219.2100067138672,224.25999450683594,224.25999450683594,1788300
2023-07-11,224.83999633789062,226.63999938964844,223.6199951171875,226.3800048828125,226.3800048828125,1278200
2023-07-12,228.8800048828125,228.97000122070312,224.3699951171875,224.99000549316406,224.99000549316406,1368800
2023-07-13,225.24000549316406,227.61000061035156,224.61000061035156,227.16000366210938,227.16000366210938,1192100
2023-07-14,227.1999969482422,229.7100067138672,226.6199951171875,229.47000122070312,229.47000122070312,1185500
2023-07-17,228.25999450683594,234.44000244140625,228.25999450683594,233.72000122070312,233.72000122070312,1700800
2023-07-18,233.38999938964844,237.08999633789062,233.0,235.89999389648438,235.89999389648438,1718400
2023-07-19,235.17999267578125,238.52999877929688,235.11000061035156,237.3300018310547,237.3300018310547,1818800
2023-07-20,236.47999572753906,238.3300018310547,235.2899932861328,237.0800018310547,237.0800018310547,1453900
2023-07-21,238.69000244140625,239.82000732421875,237.52999877929688,237.69000244140625,237.69000244140625,4660700
2023-07-24,237.3800048828125,239.61000061035156,236.97999572753906,239.5,239.5,1564600
2023-07-25,238.61000061035156,241.07000732421875,238.13999938964844,240.47999572753906,240.47999572753906,1936500
2023-07-26,244.0,256.1499938964844,244.0,253.4499969482422,253.4499969482422,3397900
2023-07-27,254.75,256.8399963378906,249.63999938964844,250.8800048828125,250.8800048828125,2677400
2023-07-28,254.07000732421875,254.99000549316406,249.55999755859375,250.61000061035156,250.61000061035156,1788600
2023-07-31,250.60000610351562,250.60000610351562,245.83999633789062,247.25999450683594,247.25999450683594,2052000
2023-08-01,247.25999450683594,248.77000427246094,245.02000427246094,248.32000732421875,248.32000732421875,1305500
2023-08-02,245.0500030517578,248.32000732421875,245.0500030517578,247.36000061035156,247.36000061035156,1809100
2023-08-03,247.9499969482422,248.80999755859375,246.11000061035156,248.0,248.0,1129000
2023-08-04,249.07000732421875,249.25999450683594,245.3699951171875,245.75999450683594,245.75999450683594,1237800
2023-08-07,246.88999938964844,251.02000427246094,246.3800048828125,250.82000732421875,250.82000732421875,1266800
2023-08-08,249.49000549316406,250.6999969482422,247.25999450683594,248.33999633789062,248.33999633789062,1068600
2023-08-09,248.8000030517578,251.3000030517578,248.30999755859375,250.30999755859375,250.30999755859375,1145000
2023-08-10,251.6699981689453,254.1300048828125,249.77999877929688,250.55999755859375,250.55999755859375,1153700
2023-08-11,250.25999450683594,253.3699951171875,250.0800018310547,252.82000732421875,252.82000732421875,926400
2023-08-14,253.14999389648438,254.30999755859375,250.99000549316406,251.9600067138672,251.9600067138672,1113200
2023-08-15,250.77000427246094,252.22999572753906,250.1199951171875,250.97000122070312,250.97000122070312,1092800
2023-08-16,250.9199981689453,252.97999572753906,250.35000610351562,250.89999389648438,250.89999389648438,1275300
2023-08-17,252.42999267578125,252.83999633789062,249.44000244140625,250.27999877929688,250.27999877929688,1394500
2023-08-18,249.16000366210938,251.75999450683594,248.6300048828125,251.0500030517578,251.0500030517578,2044300
2023-08-21,250.3699951171875,252.33999633789062,249.91000366210938,251.11000061035156,251.11000061035156,1205300
2023-08-22,250.8800048828125,252.02999877929688,248.91000366210938,249.52999877929688,249.52999877929688,926100
2023-08-23,250.1300048828125,251.52000427246094,249.86000061035156,250.9199981689453,250.9199981689453,1027800
2023-08-24,251.8699951171875,253.6300048828125,249.67999267578125,249.8000030517578,249.8000030517578,1132600
2023-08-25,251.3699951171875,254.14999389648438,250.6300048828125,253.0500030517578,253.0500030517578,1039500
2023-08-28,254.89999389648438,255.77999877929688,253.33999633789062,254.38999938964844,254.38999938964844,813600
2023-08-29,253.8800048828125,255.60000610351562,252.94000244140625,254.35000610351562,254.35000610351562,1139600
2023-08-30,254.77999877929688,256.19000244140625,253.63999938964844,254.92999267578125,254.92999267578125,1587500
2023-08-31,255.85000610351562,256.42999267578125,254.0,254.61000061035156,254.61000061035156,2400100
2023-09-01,254.7899932861328,256.760009765625,254.0500030517578,255.75,255.75,1491300
2023-09-05,254.8800048828125,255.57000732421875,250.32000732421875,252.85000610351562,252.85000610351562,1616500
2023-09-06,252.5800018310547,252.6699981689453,249.89999389648438,251.0500030517578,251.0500030517578,1311000
2023-09-07,250.80999755859375,251.58999633789062,249.80999755859375,250.1199951171875,250.1199951171875,1021600
2023-09-08,251.27999877929688,251.38999938964844,248.86000061035156,249.3699951171875,249.3699951171875,1191000
2023-09-11,249.27999877929688,249.88999938964844,246.88999938964844,248.1999969482422,248.1999969482422,1297200
2023-09-12,247.0500030517578,248.67999267578125,246.89999389648438,248.02000427246094,248.02000427246094,1303300
2023-09-13,247.44000244140625,249.1300048828125,246.9499969482422,247.80999755859375,247.80999755859375,1364400
2023-09-14,248.42999267578125,248.74000549316406,246.35000610351562,248.2899932861328,248.2899932861328,1350200
2023-09-15,248.44000244140625,248.91000366210938,244.69000244140625,245.30999755859375,245.30999755859375,2898800
2023-09-18,246.16000366210938,248.13999938964844,245.6999969482422,247.27999877929688,247.27999877929688,1218500
2023-09-19,246.44000244140625,247.0500030517578,243.97000122070312,245.83999633789062,245.83999633789062,1030700
2023-09-20,247.2100067138672,247.2100067138672,243.8000030517578,243.8699951171875,243.8699951171875,1364700
2023-09-21,242.6300048828125,243.08999633789062,238.6199951171875,238.72000122070312,238.72000122070312,1260100
2023-09-22,237.6199951171875,240.92999267578125,237.6199951171875,239.35000610351562,239.35000610351562,1026200
2023-09-25,239.86000061035156,240.52999877929688,238.0399932861328,240.02000427246094,240.02000427246094,1077200
2023-09-26,238.7899932861328,239.30999755859375,236.1300048828125,237.24000549316406,237.24000549316406,1557700
2023-09-27,238.0,243.60000610351562,236.8300018310547,242.6300048828125,242.6300048828125,2256300
2023-09-28,242.2899932861328,244.39999389648438,241.86000061035156,243.30999755859375,243.30999755859375,1391000
2023-09-29,244.0,244.0,239.6300048828125,240.5800018310547,240.5800018310547,1337000
2023-10-02,240.5800018310547,240.9499969482422,238.0500030517578,239.3699951171875,239.3699951171875,1206400
2023-10-03,238.91000366210938,240.55999755859375,238.27999877929688,240.4199981689453,240.4199981689453,1216600
2023-10-04,241.2899932861328,244.35000610351562,239.8800048828125,243.97999572753906,243.97999572753906,1388600
2023-10-05,244.50999450683594,244.9199981689453,241.10000610351562,243.36000061035156,243.36000061035156,935300
2023-10-06,242.14999389648438,247.64999389648438,240.27999877929688,246.3800048828125,246.3800048828125,1574900
2023-10-09,245.77999877929688,250.4199981689453,245.3000030517578,250.17999267578125,250.17999267578125,1022800
2023-10-10,250.17999267578125,251.3000030517578,247.69000244140625,249.14999389648438,249.14999389648438,1648900
2023-10-11,249.66000366210938,249.9199981689453,247.4199981689453,249.4600067138672,249.4600067138672,1134400
2023-10-12,250.61000061035156,250.82000732421875,246.3000030517578,247.64999389648438,247.64999389648438,1400800
2023-10-13,248.5,249.5399932861328,245.33999633789062,247.5,247.5,1443800
2023-10-16,248.91000366210938,250.11000061035156,247.6699981689453,249.25999450683594,249.25999450683594,1037900
2023-10-17,250.39999389648438,250.41000366210938,248.0500030517578,249.3300018310547,249.3300018310547,1054600
2023-10-18,249.57000732421875,250.33999633789062,247.85000610351562,248.25999450683594,248.25999450683594,1074800
2023-10-19,248.0800018310547,249.5,245.63999938964844,246.0800018310547,246.0800018310547,1156800
2023-10-20,246.3000030517578,246.60000610351562,241.4499969482422,241.67999267578125,241.67999267578125,1562200
2023-10-23,241.67999267578125,243.6300048828125,240.82000732421875,241.16000366210938,241.16000366210938,1162400
2023-10-24,241.00999450683594,242.5800018310547,237.9199981689453,240.4499969482422,240.4499969482422,1562100
2023-10-25,229.64999389648438,230.05999755859375,217.0,218.3300018310547,218.3300018310547,4914400
2023-10-26,218.3000030517578,222.4600067138672,217.1199951171875,218.83999633789062,218.83999633789062,2603800
2023-10-27,218.3300018310547,218.5800018310547,213.89999389648438,214.83999633789062,214.83999633789062,2070000
2023-10-30,215.67999267578125,217.11000061035156,213.25999450683594,216.0800018310547,216.0800018310547,1704200
2023-10-31,216.6699981689453,218.9499969482422,215.25,218.22000122070312,218.22000122070312,2557200
2023-11-01,215.0,215.0,205.52999877929688,210.3699951171875,210.3699951171875,3416600
2023-11-02,211.6300048828125,218.75,211.52000427246094,218.55999755859375,218.55999755859375,2262700
2023-11-03,221.02999877929688,222.32000732421875,216.4199981689453,219.30999755859375,219.30999755859375,2455300
2023-11-06,219.42999267578125,220.9600067138672,218.6300048828125,220.5399932861328,220.5399932861328,1127100
2023-11-07,221.02000427246094,223.41000366210938,219.2100067138672,222.25,222.25,1668400
2023-11-08,224.05999755859375,226.47000122070312,223.27999877929688,225.47999572753906,225.47999572753906,1389200
2023-11-09,226.42999267578125,227.11000061035156,225.3800048828125,226.52000427246094,226.52000427246094,1513200
2023-11-10,228.1199951171875,229.19000244140625,226.33999633789062,228.49000549316406,228.49000549316406,1429600
2023-11-13,227.4499969482422,227.52999877929688,226.08999633789062,226.35000610351562,226.35000610351562,1229200
2023-11-14,229.63999938964844,231.22000122070312,228.77999877929688,230.4199981689453,230.4199981689453,1297600
2023-11-15,230.44000244140625,232.47999572753906,230.1300048828125,230.4600067138672,230.4600067138672,1553600
2023-11-16,231.7100067138672,233.3000030517578,227.25,229.91000366210938,229.91000366210938,1588400
2023-11-17,230.9600067138672,230.9600067138672,228.0,229.38999938964844,229.38999938964844,1664600
2023-11-20,228.63999938964844,232.44000244140625,228.44000244140625,231.7100067138672,231.7100067138672,1403700
2023-11-21,231.80999755859375,232.14999389648438,230.07000732421875,231.2100067138672,231.2100067138672,1715600
2023-11-22,232.6999969482422,233.75,229.8000030517578,231.14999389648438,231.14999389648438,1439200
2023-11-24,231.52000427246094,231.97999572753906,229.10000610351562,230.66000366210938,230.66000366210938,659800
2023-11-27,230.1999969482422,230.3699951171875,228.19000244140625,229.16000366210938,229.16000366210938,1551600
2023-11-28,229.41000366210938,230.2899932861328,228.44000244140625,228.99000549316406,228.99000549316406,1162300
2023-11-29,229.83999633789062,231.05999755859375,228.83999633789062,229.16000366210938,229.16000366210938,1291200
2023-11-30,229.5,230.0,227.47999572753906,229.9199981689453,229.9199981689453,4351800
2023-12-01,229.63999938964844,233.30999755859375,229.22999572753906,232.94000244140625,232.94000244140625,1647700
2023-12-04,231.39999389648438,233.2899932861328,231.1699981689453,232.5800018310547,232.5800018310547,2795100
2023-12-05,232.52999877929688,232.88999938964844,229.86000061035156,231.55999755859375,231.55999755859375,1665900
2023-12-06,232.19000244140625,232.99000549316406,230.22999572753906,232.35000610351562,232.35000610351562,1676900
2023-12-07,231.5,232.72000122070312,229.39999389648438,229.99000549316406,229.99000549316406,1758400
2023-12-08,229.19000244140625,232.58999633789062,228.27000427246094,229.27000427246094,229.27000427246094,1772400
2023-12-11,231.32000732421875,235.25999450683594,230.86000061035156,233.2899932861328,233.2899932861328,1981500
2023-12-12,235.0,236.69000244140625,233.16000366210938,236.67999267578125,236.67999267578125,1905100
2023-12-13,237.27000427246094,239.25999450683594,235.57000732421875,239.22000122070312,239.22000122070312,1579800
2023-12-14,240.19000244140625,240.22000122070312,235.2899932861328,235.97000122070312,235.97000122070312,2361000
2023-12-15,235.88999938964844,237.17999267578125,233.69000244140625,234.13999938964844,234.13999938964844,5260500
2023-12-18,236.33999633789062,236.47999572753906,233.99000549316406,234.85000610351562,234.85000610351562,1492600
2023-12-19,234.9600067138672,235.85000610351562,233.39999389648438,233.6999969482422,233.6999969482422,1394000
2023-12-20,233.50999450683594,235.4600067138672,232.00999450683594,232.22999572753906,232.22999572753906,1654400
2023-12-21,232.0,232.0,227.1199951171875,228.99000549316406,228.99000549316406,1744800
2023-12-22,228.99000549316406,231.6300048828125,228.5,230.97000122070312,230.97000122070312,1231900
2023-12-26,231.58999633789062,233.02000427246094,230.3800048828125,232.5399932861328,232.5399932861328,1028900
2023-12-27,231.88999938964844,232.75,230.9600067138672,231.61000061035156,231.61000061035156,925600
2023-12-28,232.1199951171875,233.3699951171875,231.3800048828125,232.49000549316406,232.49000549316406,1141000
2023-12-29,232.42999267578125,233.44000244140625,231.86000061035156,232.97000122070312,232.97000122070312,1020200
2024-01-02,233.3800048828125,233.85000610351562,231.88999938964844,233.4199981689453,233.4199981689453,1955400
2024-01-03,233.6300048828125,234.22000122070312,231.6699981689453,232.50999450683594,232.50999450683594,1831500
2024-01-04,233.99000549316406,235.35000610351562,233.41000366210938,233.66000366210938,233.66000366210938,2145400
2024-01-05,232.63999938964844,235.42999267578125,232.4499969482422,235.2100067138672,235.2100067138672,1765400
2024-01-08,235.5500030517578,237.16000366210938,234.94000244140625,236.75999450683594,236.75999450683594,1678500
2024-01-09,235.0,236.99000549316406,234.72999572753906,235.22000122070312,235.22000122070312,1135000
2024-01-10,234.9600067138672,236.1199951171875,234.44000244140625,235.2899932861328,235.2899932861328,1218000
2024-01-11,235.35000610351562,235.8000030517578,232.35000610351562,235.33999633789062,235.33999633789062,1545200
2024-01-12,236.64999389648438,237.39999389648438,234.05999755859375,235.9499969482422,235.9499969482422,932200
2024-01-16,235.1300048828125,235.88999938964844,233.2899932861328,235.27999877929688,235.27999877929688,1288800
2024-01-17,236.13999938964844,237.25999450683594,234.4499969482422,235.38999938964844,235.38999938964844,1409300
2024-01-18,235.05999755859375,236.67999267578125,234.16000366210938,236.0800018310547,236.0800018310547,1182700
2024-01-19,236.6999969482422,239.22000122070312,234.63999938964844,238.24000549316406,238.24000549316406,1822100
2024-01-22,238.0800018310547,240.25999450683594,237.9199981689453,239.39999389648438,239.39999389648438,1761200
2024-01-23,239.39999389648438,240.5,238.42999267578125,240.36000061035156,240.36000061035156,1245100
2024-01-24,241.41000366210938,241.58999633789062,238.17999267578125,238.44000244140625,238.44000244140625,1744500
2024-01-25,239.24000549316406,240.75,236.25999450683594,236.72000122070312,236.72000122070312,1993300
2024-01-26,237.75999450683594,237.75999450683594,235.5,236.10000610351562,236.10000610351562,1677900
2024-01-29,234.44000244140625,237.7100067138672,234.3800048828125,237.7100067138672,237.7100067138672,2165100
2024-01-30,235.92999267578125,238.83999633789062,235.11000061035156,238.58999633789062,238.58999633789062,2024100
2024-01-31,246.41000366210938,251.22000122070312,244.0,245.77999877929688,245.77999877929688,4436100
2024-02-01,245.0,247.25,241.97000122070312,247.0800018310547,247.0800018310547,2008000
2024-02-02,247.5800018310547,249.8300018310547,246.72999572753906,248.80999755859375,248.80999755859375,2223000
2024-02-05,248.58999633789062,248.83999633789062,246.08999633789062,248.27999877929688,248.27999877929688,1733200
2024-02-06,249.39999389648438,251.8000030517578,248.52000427246094,250.80999755859375,250.80999755859375,1690500
2024-02-07,251.8300018310547,252.3699951171875,249.6999969482422,250.27000427246094,250.27000427246094,1460700
2024-02-08,249.99000549316406,251.19000244140625,248.39999389648438,251.0800018310547,251.0800018310547,1330900
2024-02-09,250.88999938964844,251.0,248.8699951171875,249.99000549316406,249.99000549316406,1243300
2024-02-12,249.75,250.77999877929688,249.39999389648438,250.07000732421875,250.07000732421875,1260500
2024-02-13,250.4499969482422,250.5,247.8699951171875,249.58999633789062,249.58999633789062,1827900
2024-02-14,250.10000610351562,251.25999450683594,249.05999755859375,250.89999389648438,250.89999389648438,1131500
2024-02-15,251.60000610351562,252.82000732421875,251.1300048828125,252.0500030517578,252.0500030517578,1387600
2024-02-16,251.75,254.36000061035156,250.63999938964844,252.97000122070312,252.97000122070312,2098800
2024-02-20,253.39999389648438,254.52000427246094,252.5399932861328,252.94000244140625,252.94000244140625,1439300
2024-02-21,253.39999389648438,253.55999755859375,251.52999877929688,252.25999450683594,252.25999450683594,499621
