Date,Open,High,Low,Close,Adj Close,Volume
2006-09-22,16.0,17.139999389648438,14.739999771118164,17.0,17.0,8587700
2006-09-25,16.950000762939453,16.950000762939453,16.200000762939453,16.5,16.5,1085800
2006-09-26,16.350000381469727,16.75,15.550000190734863,16.25,16.25,707900
2006-09-27,15.880000114440918,16.649999618530273,15.880000114440918,16.25,16.25,305400
2006-09-28,16.489999771118164,17.25,15.960000038146973,16.799999237060547,16.799999237060547,354100
2006-09-29,17.209999084472656,18.149999618530273,16.700000762939453,18.0,18.0,598000
2006-10-02,18.25,18.25,17.309999465942383,17.829999923706055,17.829999923706055,232200
2006-10-03,17.40999984741211,18.0,17.229999542236328,17.75,17.75,164300
2006-10-04,17.15999984741211,18.200000762939453,17.15999984741211,18.0,18.0,205900
2006-10-05,17.940000534057617,17.969999313354492,17.5,17.610000610351562,17.610000610351562,59900
2006-10-06,17.600000381469727,17.799999237060547,17.5,17.639999389648438,17.639999389648438,106000
2006-10-09,17.700000762939453,18.899999618530273,17.579999923706055,18.469999313354492,18.469999313354492,196700
2006-10-10,18.5,19.34000015258789,18.079999923706055,19.0,19.0,619600
2006-10-11,18.90999984741211,19.389999389648438,18.68000030517578,18.84000015258789,18.84000015258789,161900
2006-10-12,18.520000457763672,19.1200008392334,18.520000457763672,18.850000381469727,18.850000381469727,325000
2006-10-13,18.850000381469727,18.959999084472656,18.5,18.59000015258789,18.59000015258789,234500
2006-10-16,18.719999313354492,19.440000534057617,18.600000381469727,19.229999542236328,19.229999542236328,337800
2006-10-17,19.149999618530273,19.290000915527344,18.700000762939453,19.25,19.25,100300
2006-10-18,19.350000381469727,19.959999084472656,19.350000381469727,19.75,19.75,121000
2006-10-19,19.75,19.950000762939453,19.3700008392334,19.459999084472656,19.459999084472656,95900
2006-10-20,19.25,19.639999389648438,18.899999618530273,19.170000076293945,19.170000076293945,45100
2006-10-23,18.860000610351562,19.0,18.360000610351562,18.579999923706055,18.579999923706055,120700
2006-10-24,18.579999923706055,18.579999923706055,17.75,18.059999465942383,18.059999465942383,111500
2006-10-25,17.920000076293945,18.18000030517578,17.299999237060547,17.299999237060547,17.299999237060547,305700
2006-10-26,17.479999542236328,18.5,17.329999923706055,18.020000457763672,18.020000457763672,373000
2006-10-27,18.0,18.139999389648438,17.600000381469727,17.760000228881836,17.760000228881836,144600
2006-10-30,17.559999465942383,17.719999313354492,17.190000534057617,17.350000381469727,17.350000381469727,143000
2006-10-31,17.40999984741211,17.8700008392334,16.25,17.8700008392334,17.8700008392334,584800
2006-11-01,18.709999084472656,19.219999313354492,17.8700008392334,18.239999771118164,18.239999771118164,616600
2006-11-02,17.530000686645508,18.549999237060547,17.399999618530273,18.350000381469727,18.350000381469727,100900
2006-11-03,18.350000381469727,18.8700008392334,18.149999618530273,18.75,18.75,168400
2006-11-06,18.979999542236328,19.229999542236328,18.670000076293945,19.059999465942383,19.059999465942383,131600
2006-11-07,19.75,19.75,18.1299991607666,18.270000457763672,18.270000457763672,409200
2006-11-08,18.25,18.260000228881836,17.81999969482422,17.899999618530273,17.899999618530273,224400
2006-11-09,18.0,18.040000915527344,17.559999465942383,17.799999237060547,17.799999237060547,121700
2006-11-10,18.0,18.059999465942383,17.5,17.59000015258789,17.59000015258789,51200
2006-11-13,17.540000915527344,18.049999237060547,17.510000228881836,17.600000381469727,17.600000381469727,96800
2006-11-14,17.600000381469727,17.809999465942383,17.280000686645508,17.399999618530273,17.399999618530273,178700
2006-11-15,17.31999969482422,17.959999084472656,17.25,17.5,17.5,169600
2006-11-16,17.540000915527344,18.149999618530273,17.389999389648438,17.690000534057617,17.690000534057617,278700
2006-11-17,18.0,18.0,17.760000228881836,17.850000381469727,17.850000381469727,82000
2006-11-20,17.610000610351562,18.0,17.209999084472656,17.450000762939453,17.450000762939453,122400
2006-11-21,17.59000015258789,17.59000015258789,17.100000381469727,17.219999313354492,17.219999313354492,69100
2006-11-22,18.450000762939453,18.65999984741211,17.969999313354492,18.530000686645508,18.530000686645508,630700
2006-11-24,18.469999313354492,19.229999542236328,18.399999618530273,19.09000015258789,19.09000015258789,127600
2006-11-27,19.18000030517578,19.25,18.520000457763672,18.649999618530273,18.649999618530273,238500
2006-11-28,18.200000762939453,18.5,18.18000030517578,18.3799991607666,18.3799991607666,97300
2006-11-29,18.649999618530273,19.360000610351562,18.31999969482422,19.100000381469727,19.100000381469727,185400
2006-11-30,19.450000762939453,20.739999771118164,18.5,19.959999084472656,19.959999084472656,326400
2006-12-01,19.959999084472656,20.190000534057617,19.459999084472656,19.639999389648438,19.639999389648438,204500
2006-12-04,19.530000686645508,19.739999771118164,19.15999984741211,19.559999465942383,19.559999465942383,104200
2006-12-05,19.75,20.469999313354492,19.510000228881836,20.170000076293945,20.170000076293945,115700
2006-12-06,19.950000762939453,20.09000015258789,19.829999923706055,20.049999237060547,20.049999237060547,85700
2006-12-07,20.0,20.15999984741211,19.75,20.0,20.0,115000
2006-12-08,19.81999969482422,20.299999237060547,19.81999969482422,20.15999984741211,20.15999984741211,149700
2006-12-11,20.31999969482422,20.479999542236328,19.84000015258789,20.100000381469727,20.100000381469727,70500
2006-12-12,19.950000762939453,20.149999618530273,19.649999618530273,19.950000762939453,19.950000762939453,164600
2006-12-13,19.90999984741211,20.190000534057617,19.739999771118164,19.989999771118164,19.989999771118164,215800
2006-12-14,19.75,20.0,19.68000030517578,19.899999618530273,19.899999618530273,222500
2006-12-15,20.0,20.239999771118164,19.020000457763672,19.649999618530273,19.649999618530273,1111400
2006-12-18,19.729999542236328,20.270000457763672,19.579999923706055,19.690000534057617,19.690000534057617,301200
2006-12-19,19.469999313354492,19.75,19.209999084472656,19.600000381469727,19.600000381469727,142200
2006-12-20,19.549999237060547,19.889999389648438,19.25,19.75,19.75,140600
2006-12-21,19.68000030517578,19.68000030517578,19.290000915527344,19.579999923706055,19.579999923706055,88800
2006-12-22,19.649999618530273,19.709999084472656,19.479999542236328,19.610000610351562,19.610000610351562,108200
2006-12-26,19.700000762939453,19.940000534057617,19.43000030517578,19.75,19.75,98300
2006-12-27,19.68000030517578,19.989999771118164,19.290000915527344,19.75,19.75,49100
2006-12-28,19.690000534057617,19.75,19.520000457763672,19.700000762939453,19.700000762939453,34300
2006-12-29,19.709999084472656,20.06999969482422,19.3799991607666,20.010000228881836,20.010000228881836,108400
2007-01-03,20.0,20.389999389648438,17.6200008392334,18.979999542236328,18.979999542236328,735400
2007-01-04,19.040000915527344,19.25,18.479999542236328,19.020000457763672,19.020000457763672,159200
2007-01-05,18.950000762939453,19.18000030517578,18.649999618530273,18.959999084472656,18.959999084472656,136500
2007-01-08,19.0,19.549999237060547,18.459999084472656,19.5,19.5,119900
2007-01-09,19.43000030517578,19.5,18.809999465942383,18.979999542236328,18.979999542236328,169500
2007-01-10,18.899999618530273,19.290000915527344,18.43000030517578,19.290000915527344,19.290000915527344,279700
2007-01-11,19.270000457763672,19.760000228881836,19.209999084472656,19.6200008392334,19.6200008392334,120000
2007-01-12,19.549999237060547,19.8700008392334,19.270000457763672,19.84000015258789,19.84000015258789,102400
2007-01-16,19.90999984741211,19.950000762939453,19.059999465942383,19.209999084472656,19.209999084472656,157800
2007-01-17,19.239999771118164,19.739999771118164,19.059999465942383,19.40999984741211,19.40999984741211,245000
2007-01-18,19.34000015258789,19.3700008392334,18.850000381469727,19.0,19.0,244400
2007-01-19,19.0,19.329999923706055,18.860000610351562,18.989999771118164,18.989999771118164,108200
2007-01-22,18.989999771118164,19.079999923706055,18.889999389648438,19.030000686645508,19.030000686645508,162700
2007-01-23,18.979999542236328,19.25,18.979999542236328,19.079999923706055,19.079999923706055,100500
2007-01-24,19.190000534057617,19.530000686645508,19.059999465942383,19.420000076293945,19.420000076293945,256900
2007-01-25,19.489999771118164,19.950000762939453,19.420000076293945,19.709999084472656,19.709999084472656,134600
2007-01-26,19.670000076293945,19.81999969482422,19.600000381469727,19.799999237060547,19.799999237060547,108500
2007-01-29,20.0,20.360000610351562,19.899999618530273,20.360000610351562,20.360000610351562,684100
2007-01-30,20.450000762939453,20.850000381469727,19.93000030517578,20.049999237060547,20.049999237060547,444800
2007-01-31,19.6299991607666,19.829999923706055,17.889999389648438,17.90999984741211,17.90999984741211,603400
2007-02-01,17.8799991607666,18.5,17.719999313354492,17.8700008392334,17.8700008392334,277500
2007-02-02,17.940000534057617,18.049999237060547,17.670000076293945,17.979999542236328,17.979999542236328,106800
2007-02-05,17.940000534057617,18.030000686645508,17.6200008392334,17.93000030517578,17.93000030517578,79900
2007-02-06,18.0,18.059999465942383,17.690000534057617,17.950000762939453,17.950000762939453,51200
2007-02-07,17.940000534057617,18.1299991607666,17.68000030517578,17.8700008392334,17.8700008392334,75700
2007-02-08,17.75,17.979999542236328,17.639999389648438,17.809999465942383,17.809999465942383,107700
2007-02-09,17.729999542236328,17.889999389648438,16.649999618530273,17.489999771118164,17.489999771118164,228800
2007-02-12,17.360000610351562,17.360000610351562,16.829999923706055,16.989999771118164,16.989999771118164,148200
2007-02-13,16.940000534057617,17.139999389648438,15.930000305175781,16.260000228881836,16.260000228881836,246600
2007-02-14,16.459999084472656,17.329999923706055,16.299999237060547,17.280000686645508,17.280000686645508,208200
2007-02-15,17.34000015258789,17.639999389648438,17.030000686645508,17.6200008392334,17.6200008392334,185200
2007-02-16,17.670000076293945,17.93000030517578,17.219999313354492,17.8799991607666,17.8799991607666,80900
2007-02-20,17.8700008392334,18.18000030517578,17.5,18.1200008392334,18.1200008392334,39800
2007-02-21,18.049999237060547,18.110000610351562,17.600000381469727,18.079999923706055,18.079999923706055,59300
2007-02-22,18.1200008392334,18.350000381469727,17.850000381469727,18.329999923706055,18.329999923706055,46100
2007-02-23,18.270000457763672,18.280000686645508,17.760000228881836,17.850000381469727,17.850000381469727,179600
2007-02-26,17.920000076293945,17.920000076293945,16.81999969482422,17.540000915527344,17.540000915527344,181300
2007-02-27,17.43000030517578,17.43000030517578,16.450000762939453,16.829999923706055,16.829999923706055,235900
2007-02-28,15.850000381469727,16.75,15.800000190734863,16.6299991607666,16.6299991607666,836300
2007-03-01,16.110000610351562,16.81999969482422,15.0,16.649999618530273,16.649999618530273,293400
2007-03-02,16.649999618530273,17.020000457763672,16.309999465942383,16.850000381469727,16.850000381469727,176700
2007-03-05,16.719999313354492,16.93000030517578,16.25,16.829999923706055,16.829999923706055,106200
2007-03-06,16.780000686645508,17.34000015258789,16.350000381469727,17.34000015258789,17.34000015258789,181700
2007-03-07,17.34000015258789,17.34000015258789,16.75,17.110000610351562,17.110000610351562,112100
2007-03-08,17.25,17.25,16.65999984741211,16.700000762939453,16.700000762939453,100600
2007-03-09,16.799999237060547,17.09000015258789,16.459999084472656,17.0,17.0,164500
2007-03-12,16.829999923706055,17.290000915527344,16.739999771118164,16.90999984741211,16.90999984741211,254000
2007-03-13,16.93000030517578,16.940000534057617,16.239999771118164,16.270000457763672,16.270000457763672,223000
2007-03-14,16.209999084472656,16.90999984741211,16.209999084472656,16.639999389648438,16.639999389648438,162200
2007-03-15,16.760000228881836,16.760000228881836,16.270000457763672,16.450000762939453,16.450000762939453,482100
2007-03-16,16.440000534057617,16.600000381469727,16.440000534057617,16.520000457763672,16.520000457763672,366200
2007-03-19,16.59000015258789,17.18000030517578,16.59000015258789,17.170000076293945,17.170000076293945,514800
2007-03-20,17.1299991607666,17.5,17.1299991607666,17.479999542236328,17.479999542236328,224300
2007-03-21,16.540000915527344,16.989999771118164,16.530000686645508,16.989999771118164,16.989999771118164,3629300
2007-03-22,16.809999465942383,17.020000457763672,16.760000228881836,16.899999618530273,16.899999618530273,1947300
2007-03-23,16.780000686645508,16.889999389648438,15.569999694824219,16.06999969482422,16.06999969482422,2145900
2007-03-26,16.1299991607666,16.440000534057617,15.930000305175781,16.229999542236328,16.229999542236328,358300
2007-03-27,16.219999313354492,16.459999084472656,16.0,16.43000030517578,16.43000030517578,382900
2007-03-28,16.3799991607666,16.549999237060547,16.040000915527344,16.270000457763672,16.270000457763672,131600
2007-03-29,16.299999237060547,16.43000030517578,15.979999542236328,16.299999237060547,16.299999237060547,131000
2007-03-30,16.200000762939453,16.350000381469727,15.579999923706055,16.200000762939453,16.200000762939453,240200
2007-04-02,16.100000381469727,16.479999542236328,15.8100004196167,16.440000534057617,16.440000534057617,841900
2007-04-03,16.360000610351562,16.850000381469727,16.1200008392334,16.389999389648438,16.389999389648438,375900
2007-04-04,16.3700008392334,16.809999465942383,16.260000228881836,16.6299991607666,16.6299991607666,167200
2007-04-05,16.59000015258789,16.989999771118164,16.459999084472656,16.979999542236328,16.979999542236328,133900
2007-04-09,16.920000076293945,17.190000534057617,16.790000915527344,17.1299991607666,17.1299991607666,247500
2007-04-10,17.06999969482422,17.25,16.8700008392334,17.170000076293945,17.170000076293945,474500
2007-04-11,17.049999237060547,17.239999771118164,16.84000015258789,16.950000762939453,16.950000762939453,269500
2007-04-12,16.889999389648438,17.010000228881836,16.790000915527344,16.899999618530273,16.899999618530273,298800
2007-04-13,16.940000534057617,16.950000762939453,16.75,16.799999237060547,16.799999237060547,45600
2007-04-16,16.649999618530273,16.959999084472656,16.639999389648438,16.899999618530273,16.899999618530273,156500
2007-04-17,16.950000762939453,17.110000610351562,16.8700008392334,17.100000381469727,17.100000381469727,441700
2007-04-18,16.899999618530273,17.600000381469727,16.899999618530273,17.530000686645508,17.530000686645508,403500
2007-04-19,17.389999389648438,17.829999923706055,17.34000015258789,17.540000915527344,17.540000915527344,286200
2007-04-20,17.729999542236328,17.729999542236328,17.149999618530273,17.290000915527344,17.290000915527344,86600
2007-04-23,17.18000030517578,17.260000228881836,16.81999969482422,17.09000015258789,17.09000015258789,283400
2007-04-24,17.0,17.40999984741211,16.739999771118164,16.950000762939453,16.950000762939453,424900
2007-04-25,17.0,17.510000228881836,16.969999313354492,17.34000015258789,17.34000015258789,289500
2007-04-26,17.43000030517578,17.5,16.850000381469727,17.09000015258789,17.09000015258789,183900
2007-04-27,17.040000915527344,17.25,16.75,17.229999542236328,17.229999542236328,191900
2007-04-30,16.920000076293945,17.399999618530273,16.790000915527344,16.959999084472656,16.959999084472656,246000
2007-05-01,16.90999984741211,16.90999984741211,16.219999313354492,16.360000610351562,16.360000610351562,271700
2007-05-02,16.34000015258789,16.5,15.800000190734863,16.0,16.0,327000
2007-05-03,15.979999542236328,16.34000015258789,15.9399995803833,16.049999237060547,16.049999237060547,349100
2007-05-04,16.059999465942383,16.200000762939453,15.8100004196167,16.1200008392334,16.1200008392334,384700
2007-05-07,16.139999389648438,16.190000534057617,15.65999984741211,15.720000267028809,15.720000267028809,270500
2007-05-08,15.6899995803833,15.800000190734863,15.319999694824219,15.510000228881836,15.510000228881836,427800
2007-05-09,15.399999618530273,15.5,14.970000267028809,15.390000343322754,15.390000343322754,356100
2007-05-10,15.300000190734863,15.380000114440918,15.109999656677246,15.350000381469727,15.350000381469727,133700
2007-05-11,15.399999618530273,15.619999885559082,15.350000381469727,15.529999732971191,15.529999732971191,377600
2007-05-14,15.520000457763672,15.84000015258789,15.470000267028809,15.729999542236328,15.729999542236328,451500
2007-05-15,15.90999984741211,15.960000038146973,15.670000076293945,15.800000190734863,15.800000190734863,455800
2007-05-16,17.399999618530273,18.229999542236328,16.790000915527344,17.389999389648438,17.389999389648438,3669600
2007-05-17,17.489999771118164,17.5,16.899999618530273,17.290000915527344,17.290000915527344,276800
2007-05-18,17.239999771118164,17.25,16.770000457763672,16.940000534057617,16.940000534057617,350600
2007-05-21,16.75,17.290000915527344,16.75,16.989999771118164,16.989999771118164,418600
2007-05-22,17.0,17.040000915527344,16.700000762939453,16.75,16.75,224900
2007-05-23,16.739999771118164,16.799999237060547,16.309999465942383,16.3700008392334,16.3700008392334,237300
2007-05-24,16.31999969482422,16.56999969482422,16.25,16.3700008392334,16.3700008392334,188900
2007-05-25,16.360000610351562,16.75,16.049999237060547,16.559999465942383,16.559999465942383,365700
2007-05-29,16.600000381469727,16.899999618530273,16.520000457763672,16.790000915527344,16.790000915527344,329400
2007-05-30,16.6299991607666,16.969999313354492,16.59000015258789,16.899999618530273,16.899999618530273,413600
2007-05-31,16.270000457763672,16.889999389648438,16.270000457763672,16.760000228881836,16.760000228881836,623700
2007-06-01,16.850000381469727,17.0,16.610000610351562,16.809999465942383,16.809999465942383,185900
2007-06-04,16.780000686645508,16.940000534057617,16.399999618530273,16.719999313354492,16.719999313354492,165400
2007-06-05,16.770000457763672,16.850000381469727,16.450000762939453,16.84000015258789,16.84000015258789,163300
2007-06-06,16.850000381469727,16.850000381469727,16.420000076293945,16.65999984741211,16.65999984741211,118800
2007-06-07,16.56999969482422,16.670000076293945,15.800000190734863,15.920000076293945,15.920000076293945,132000
2007-06-08,15.859999656677246,16.229999542236328,15.720000267028809,16.219999313354492,16.219999313354492,79800
2007-06-11,16.170000076293945,16.549999237060547,16.170000076293945,16.3700008392334,16.3700008392334,155000
2007-06-12,16.3700008392334,16.489999771118164,16.170000076293945,16.360000610351562,16.360000610351562,116900
2007-06-13,16.360000610351562,17.6200008392334,16.280000686645508,17.600000381469727,17.600000381469727,824200
2007-06-14,17.93000030517578,18.270000457763672,17.170000076293945,17.25,17.25,3991700
2007-06-15,17.5,17.649999618530273,16.59000015258789,17.3700008392334,17.3700008392334,1017500
2007-06-18,17.34000015258789,17.510000228881836,16.989999771118164,17.469999313354492,17.469999313354492,297000
2007-06-19,17.3799991607666,17.81999969482422,17.06999969482422,17.540000915527344,17.540000915527344,335900
2007-06-20,17.540000915527344,17.979999542236328,17.360000610351562,17.549999237060547,17.549999237060547,281700
2007-06-21,17.229999542236328,17.440000534057617,16.799999237060547,17.100000381469727,17.100000381469727,763100
2007-06-22,16.969999313354492,17.079999923706055,16.920000076293945,16.920000076293945,16.920000076293945,2768000
2007-06-25,16.760000228881836,16.899999618530273,16.43000030517578,16.579999923706055,16.579999923706055,405000
2007-06-26,16.760000228881836,17.1200008392334,16.530000686645508,17.010000228881836,17.010000228881836,388700
2007-06-27,16.809999465942383,17.31999969482422,16.469999313354492,17.290000915527344,17.290000915527344,201200
2007-06-28,17.309999465942383,17.530000686645508,17.010000228881836,17.420000076293945,17.420000076293945,351900
2007-06-29,17.549999237060547,17.56999969482422,17.049999237060547,17.270000457763672,17.270000457763672,364700
2007-07-02,17.0,17.670000076293945,16.889999389648438,17.540000915527344,17.540000915527344,570900
2007-07-03,17.540000915527344,18.1200008392334,17.540000915527344,17.860000610351562,17.860000610351562,583700
2007-07-05,17.770000457763672,17.90999984741211,17.489999771118164,17.799999237060547,17.799999237060547,217100
2007-07-06,17.760000228881836,18.290000915527344,17.479999542236328,18.239999771118164,18.239999771118164,255200
2007-07-09,18.239999771118164,18.56999969482422,17.90999984741211,18.059999465942383,18.059999465942383,372200
2007-07-10,17.860000610351562,18.1200008392334,17.639999389648438,17.690000534057617,17.690000534057617,288100
2007-07-11,17.649999618530273,17.850000381469727,17.260000228881836,17.780000686645508,17.780000686645508,317900
2007-07-12,17.84000015258789,18.350000381469727,17.809999465942383,18.149999618530273,18.149999618530273,274400
2007-07-13,17.979999542236328,18.09000015258789,17.729999542236328,17.920000076293945,17.920000076293945,233100
2007-07-16,17.899999618530273,18.0,17.600000381469727,17.6299991607666,17.6299991607666,268000
2007-07-17,17.68000030517578,17.889999389648438,17.59000015258789,17.610000610351562,17.610000610351562,335100
2007-07-18,17.510000228881836,17.84000015258789,17.229999542236328,17.829999923706055,17.829999923706055,174800
2007-07-19,18.25,19.1200008392334,18.15999984741211,18.899999618530273,18.899999618530273,692100
2007-07-20,18.75,18.899999618530273,18.520000457763672,18.65999984741211,18.65999984741211,246100
2007-07-23,18.84000015258789,18.959999084472656,18.579999923706055,18.739999771118164,18.739999771118164,227000
2007-07-24,18.56999969482422,18.75,17.860000610351562,18.059999465942383,18.059999465942383,427100
2007-07-25,18.25,18.950000762939453,17.940000534057617,18.479999542236328,18.479999542236328,386800
2007-07-26,18.329999923706055,18.489999771118164,16.989999771118164,17.760000228881836,17.760000228881836,430300
2007-07-27,17.8799991607666,18.040000915527344,17.190000534057617,17.200000762939453,17.200000762939453,232400
2007-07-30,17.209999084472656,17.280000686645508,16.56999969482422,17.030000686645508,17.030000686645508,252800
2007-07-31,16.899999618530273,17.260000228881836,16.56999969482422,16.979999542236328,16.979999542236328,244800
2007-08-01,17.010000228881836,17.389999389648438,16.639999389648438,17.350000381469727,17.350000381469727,258200
2007-08-02,17.459999084472656,17.760000228881836,16.8700008392334,17.200000762939453,17.200000762939453,460200
2007-08-03,17.209999084472656,17.690000534057617,16.93000030517578,17.0,17.0,612100
2007-08-06,17.110000610351562,17.610000610351562,16.860000610351562,17.530000686645508,17.530000686645508,384500
2007-08-07,17.3799991607666,17.6299991607666,17.010000228881836,17.59000015258789,17.59000015258789,335700
2007-08-08,17.520000457763672,18.25,17.479999542236328,18.190000534057617,18.190000534057617,502200
2007-08-09,17.670000076293945,18.190000534057617,17.31999969482422,17.760000228881836,17.760000228881836,605900
2007-08-10,17.010000228881836,18.350000381469727,17.010000228881836,17.93000030517578,17.93000030517578,298600
2007-08-13,18.0,18.09000015258789,17.579999923706055,18.0,18.0,242900
2007-08-14,17.940000534057617,18.229999542236328,17.270000457763672,17.610000610351562,17.610000610351562,233100
2007-08-15,17.3700008392334,18.020000457763672,16.700000762939453,17.0,17.0,384200
2007-08-16,16.940000534057617,17.940000534057617,16.670000076293945,17.84000015258789,17.84000015258789,427800
2007-08-17,18.200000762939453,18.75,17.969999313354492,18.43000030517578,18.43000030517578,306400
2007-08-20,18.469999313354492,18.899999618530273,18.309999465942383,18.899999618530273,18.899999618530273,108600
2007-08-21,18.459999084472656,19.040000915527344,18.350000381469727,18.700000762939453,18.700000762939453,250000
2007-08-22,18.899999618530273,18.940000534057617,18.540000915527344,18.690000534057617,18.690000534057617,97700
2007-08-23,18.84000015258789,18.84000015258789,17.959999084472656,18.290000915527344,18.290000915527344,92100
2007-08-24,18.290000915527344,18.950000762939453,17.809999465942383,18.920000076293945,18.920000076293945,130300
2007-08-27,18.65999984741211,18.829999923706055,18.200000762939453,18.329999923706055,18.329999923706055,92800
2007-08-28,18.170000076293945,18.700000762939453,18.100000381469727,18.34000015258789,18.34000015258789,118600
2007-08-29,18.479999542236328,19.049999237060547,18.43000030517578,19.040000915527344,19.040000915527344,431100
2007-08-30,18.81999969482422,19.700000762939453,18.75,19.06999969482422,19.06999969482422,354600
2007-08-31,19.389999389648438,19.649999618530273,19.0,19.049999237060547,19.049999237060547,96600
2007-09-04,19.0,19.15999984741211,18.649999618530273,18.829999923706055,18.829999923706055,225200
2007-09-05,18.540000915527344,19.0,18.3799991607666,18.690000534057617,18.690000534057617,266700
2007-09-06,18.790000915527344,19.010000228881836,18.610000610351562,19.010000228881836,19.010000228881836,83100
2007-09-07,18.700000762939453,19.450000762939453,18.31999969482422,18.809999465942383,18.809999465942383,203900
2007-09-10,18.850000381469727,18.979999542236328,18.18000030517578,18.43000030517578,18.43000030517578,159300
2007-09-11,18.5,18.899999618530273,18.420000076293945,18.719999313354492,18.719999313354492,125900
2007-09-12,18.700000762939453,18.700000762939453,18.299999237060547,18.520000457763672,18.520000457763672,77000
2007-09-13,18.56999969482422,19.34000015258789,18.420000076293945,19.0,19.0,219600
2007-09-14,17.979999542236328,18.489999771118164,17.68000030517578,18.260000228881836,18.260000228881836,407000
2007-09-17,18.170000076293945,18.68000030517578,17.93000030517578,18.540000915527344,18.540000915527344,319000
2007-09-18,18.899999618530273,19.0,18.43000030517578,18.989999771118164,18.989999771118164,304000
2007-09-19,19.1200008392334,19.489999771118164,18.81999969482422,19.049999237060547,19.049999237060547,316400
2007-09-20,18.989999771118164,19.5,18.700000762939453,19.170000076293945,19.170000076293945,142800
2007-09-21,19.34000015258789,19.34000015258789,18.600000381469727,18.670000076293945,18.670000076293945,278800
2007-09-24,18.6299991607666,18.969999313354492,18.030000686645508,18.059999465942383,18.059999465942383,179200
2007-09-25,17.920000076293945,18.559999465942383,17.799999237060547,18.469999313354492,18.469999313354492,144000
2007-09-26,18.6200008392334,18.920000076293945,18.520000457763672,18.889999389648438,18.889999389648438,290500
2007-09-27,18.90999984741211,18.940000534057617,18.649999618530273,18.760000228881836,18.760000228881836,107900
2007-09-28,18.899999618530273,19.0,18.280000686645508,18.520000457763672,18.520000457763672,411700
2007-10-01,18.520000457763672,18.950000762939453,18.40999984741211,18.8700008392334,18.8700008392334,177400
2007-10-02,18.889999389648438,18.969999313354492,18.6299991607666,18.969999313354492,18.969999313354492,174700
2007-10-03,18.989999771118164,19.649999618530273,18.889999389648438,19.389999389648438,19.389999389648438,733400
2007-10-04,19.5,20.0,19.290000915527344,19.729999542236328,19.729999542236328,515400
2007-10-05,19.989999771118164,20.389999389648438,19.889999389648438,20.34000015258789,20.34000015258789,437000
2007-10-08,20.399999618530273,20.489999771118164,20.059999465942383,20.299999237060547,20.299999237060547,163000
2007-10-09,20.420000076293945,21.0,20.020000457763672,20.329999923706055,20.329999923706055,671800
2007-10-10,20.209999084472656,20.40999984741211,19.979999542236328,20.229999542236328,20.229999542236328,167700
2007-10-11,20.200000762939453,20.239999771118164,19.06999969482422,19.520000457763672,19.520000457763672,494000
2007-10-12,19.0,19.8700008392334,18.81999969482422,19.549999237060547,19.549999237060547,435700
2007-10-15,19.479999542236328,19.510000228881836,18.56999969482422,18.709999084472656,18.709999084472656,346700
2007-10-16,18.700000762939453,18.780000686645508,17.649999618530273,18.020000457763672,18.020000457763672,803100
2007-10-17,18.260000228881836,19.1200008392334,18.260000228881836,18.809999465942383,18.809999465942383,806000
2007-10-18,18.65999984741211,18.81999969482422,18.170000076293945,18.3700008392334,18.3700008392334,217200
2007-10-19,18.350000381469727,18.84000015258789,17.889999389648438,18.020000457763672,18.020000457763672,240300
2007-10-22,17.760000228881836,18.309999465942383,17.56999969482422,18.190000534057617,18.190000534057617,203700
2007-10-23,18.3700008392334,18.5,17.979999542236328,18.329999923706055,18.329999923706055,125400
2007-10-24,18.139999389648438,18.299999237060547,17.93000030517578,18.200000762939453,18.200000762939453,369400
2007-10-25,18.25,18.670000076293945,17.649999618530273,18.100000381469727,18.100000381469727,578000
2007-10-26,18.25,18.290000915527344,17.729999542236328,17.90999984741211,17.90999984741211,488400
2007-10-29,17.90999984741211,18.079999923706055,17.6200008392334,17.6299991607666,17.6299991607666,657900
2007-10-30,17.6299991607666,17.809999465942383,17.510000228881836,17.579999923706055,17.579999923706055,446700
2007-10-31,19.280000686645508,21.190000534057617,19.0,20.34000015258789,20.34000015258789,2283900
2007-11-01,20.100000381469727,20.440000534057617,19.8700008392334,20.149999618530273,20.149999618530273,634300
2007-11-02,20.389999389648438,20.649999618530273,20.059999465942383,20.59000015258789,20.59000015258789,489500
2007-11-05,20.329999923706055,21.1299991607666,20.149999618530273,21.1200008392334,21.1200008392334,623200
2007-11-06,21.149999618530273,23.040000915527344,21.09000015258789,22.8700008392334,22.8700008392334,948800
2007-11-07,22.600000381469727,22.600000381469727,21.350000381469727,21.68000030517578,21.68000030517578,717700
2007-11-08,21.489999771118164,22.0,20.600000381469727,20.950000762939453,20.950000762939453,491900
2007-11-09,20.559999465942383,20.610000610351562,19.56999969482422,19.899999618530273,19.899999618530273,755300
2007-11-12,19.860000610351562,20.100000381469727,19.540000915527344,19.68000030517578,19.68000030517578,279100
2007-11-13,19.829999923706055,20.75,19.829999923706055,20.5,20.5,369400
2007-11-14,20.639999389648438,20.809999465942383,20.059999465942383,20.530000686645508,20.530000686645508,210000
2007-11-15,20.329999923706055,20.700000762939453,19.969999313354492,20.290000915527344,20.290000915527344,129900
2007-11-16,20.34000015258789,20.649999618530273,19.790000915527344,20.40999984741211,20.40999984741211,217600
2007-11-19,20.110000610351562,20.579999923706055,19.989999771118164,20.09000015258789,20.09000015258789,309000
2007-11-20,20.1299991607666,20.68000030517578,19.93000030517578,20.450000762939453,20.450000762939453,700800
2007-11-21,20.3700008392334,20.59000015258789,19.8700008392334,20.170000076293945,20.170000076293945,364800
2007-11-23,20.3700008392334,20.3700008392334,20.010000228881836,20.229999542236328,20.229999542236328,47300
2007-11-26,20.209999084472656,20.469999313354492,19.989999771118164,20.25,20.25,313000
2007-11-27,20.299999237060547,20.579999923706055,20.010000228881836,20.329999923706055,20.329999923706055,262300
2007-11-28,20.450000762939453,21.0,20.299999237060547,21.0,21.0,250500
2007-11-29,20.989999771118164,22.1200008392334,20.579999923706055,21.579999923706055,21.579999923706055,524500
2007-11-30,21.690000534057617,22.540000915527344,21.399999618530273,22.270000457763672,22.270000457763672,501500
2007-12-03,22.110000610351562,22.110000610351562,21.3799991607666,21.3799991607666,21.3799991607666,434100
2007-12-04,21.25,21.670000076293945,20.799999237060547,20.860000610351562,20.860000610351562,185900
2007-12-05,21.25,21.649999618530273,21.0,21.450000762939453,21.450000762939453,176200
2007-12-06,21.440000534057617,22.469999313354492,21.110000610351562,21.989999771118164,21.989999771118164,313600
2007-12-07,22.0,22.280000686645508,21.639999389648438,22.280000686645508,22.280000686645508,249300
2007-12-10,22.290000915527344,22.479999542236328,21.790000915527344,22.06999969482422,22.06999969482422,203600
2007-12-11,22.219999313354492,22.75,21.610000610351562,21.6299991607666,21.6299991607666,311600
2007-12-12,22.059999465942383,22.790000915527344,21.450000762939453,22.15999984741211,22.15999984741211,309800
2007-12-13,22.010000228881836,22.360000610351562,21.549999237060547,22.270000457763672,22.270000457763672,125200
2007-12-14,21.93000030517578,22.020000457763672,21.3700008392334,21.3700008392334,21.3700008392334,115100
2007-12-17,21.299999237060547,21.3799991607666,20.3700008392334,20.3700008392334,20.3700008392334,214900
2007-12-18,20.65999984741211,20.760000228881836,19.969999313354492,20.700000762939453,20.700000762939453,405800
2007-12-19,20.579999923706055,20.93000030517578,20.25,20.770000457763672,20.770000457763672,167500
2007-12-20,21.049999237060547,21.510000228881836,20.440000534057617,21.5,21.5,215100
2007-12-21,21.81999969482422,22.489999771118164,21.329999923706055,22.399999618530273,22.399999618530273,506600
2007-12-24,22.520000457763672,22.520000457763672,21.760000228881836,22.1299991607666,22.1299991607666,53100
2007-12-26,21.940000534057617,22.459999084472656,21.719999313354492,21.950000762939453,21.950000762939453,200800
2007-12-27,21.889999389648438,22.329999923706055,20.989999771118164,20.989999771118164,20.989999771118164,156900
2007-12-28,21.229999542236328,21.549999237060547,21.0,21.309999465942383,21.309999465942383,77700
2007-12-31,21.200000762939453,21.31999969482422,20.850000381469727,21.18000030517578,21.18000030517578,124400
2008-01-02,20.950000762939453,21.149999618530273,20.149999618530273,20.420000076293945,20.420000076293945,295700
2008-01-03,20.5,20.809999465942383,20.219999313354492,20.260000228881836,20.260000228881836,195100
2008-01-04,20.219999313354492,20.260000228881836,19.600000381469727,19.639999389648438,19.639999389648438,340500
2008-01-07,19.75,19.84000015258789,18.459999084472656,19.18000030517578,19.18000030517578,372200
2008-01-08,19.209999084472656,19.889999389648438,18.899999618530273,19.049999237060547,19.049999237060547,235400
2008-01-09,19.010000228881836,19.790000915527344,18.809999465942383,19.229999542236328,19.229999542236328,502800
2008-01-10,19.059999465942383,19.56999969482422,18.739999771118164,19.190000534057617,19.190000534057617,297700
2008-01-11,19.18000030517578,19.3700008392334,18.8700008392334,19.010000228881836,19.010000228881836,324600
2008-01-14,19.170000076293945,19.170000076293945,17.920000076293945,18.239999771118164,18.239999771118164,468900
2008-01-15,17.950000762939453,18.139999389648438,17.639999389648438,17.780000686645508,17.780000686645508,442100
2008-01-16,17.719999313354492,17.850000381469727,16.770000457763672,16.809999465942383,16.809999465942383,525900
2008-01-17,16.940000534057617,17.75,16.940000534057617,17.489999771118164,17.489999771118164,412200
2008-01-18,17.479999542236328,17.950000762939453,17.270000457763672,17.829999923706055,17.829999923706055,449400
2008-01-22,17.739999771118164,18.360000610351562,17.040000915527344,17.709999084472656,17.709999084472656,439800
2008-01-23,17.3799991607666,17.719999313354492,16.56999969482422,17.239999771118164,17.239999771118164,378400
2008-01-24,17.3700008392334,18.3700008392334,17.360000610351562,18.0,18.0,313900
2008-01-25,18.219999313354492,19.139999389648438,18.049999237060547,18.989999771118164,18.989999771118164,706700
2008-01-28,19.049999237060547,19.049999237060547,18.360000610351562,18.649999618530273,18.649999618530273,269300
2008-01-29,18.950000762939453,19.479999542236328,18.610000610351562,18.760000228881836,18.760000228881836,401200
2008-01-30,18.59000015258789,19.100000381469727,18.049999237060547,18.469999313354492,18.469999313354492,224500
2008-01-31,18.149999618530273,19.0,17.8799991607666,18.6200008392334,18.6200008392334,399200
2008-02-01,18.729999542236328,19.40999984741211,18.389999389648438,19.309999465942383,19.309999465942383,447100
2008-02-04,19.299999237060547,19.299999237060547,18.59000015258789,19.149999618530273,19.149999618530273,347300
2008-02-05,19.1299991607666,19.600000381469727,18.700000762939453,19.350000381469727,19.350000381469727,596300
2008-02-06,17.729999542236328,17.729999542236328,13.40999984741211,14.550000190734863,14.550000190734863,4093100
2008-02-07,14.800000190734863,14.800000190734863,14.180000305175781,14.430000305175781,14.430000305175781,1406300
2008-02-08,14.420000076293945,14.989999771118164,14.34000015258789,14.720000267028809,14.720000267028809,524600
2008-02-11,14.720000267028809,15.25,14.699999809265137,15.09000015258789,15.09000015258789,428900
2008-02-12,15.199999809265137,15.390000343322754,14.779999732971191,14.899999618530273,14.899999618530273,341300
2008-02-13,15.119999885559082,15.989999771118164,14.930000305175781,15.880000114440918,15.880000114440918,304600
2008-02-14,15.920000076293945,16.020000457763672,15.520000457763672,15.699999809265137,15.699999809265137,264200
2008-02-15,15.569999694824219,15.600000381469727,15.300000190734863,15.489999771118164,15.489999771118164,311000
2008-02-19,15.479999542236328,15.880000114440918,15.199999809265137,15.319999694824219,15.319999694824219,166200
2008-02-20,15.239999771118164,15.5600004196167,15.109999656677246,15.470000267028809,15.470000267028809,223800
2008-02-21,15.550000190734863,15.640000343322754,15.149999618530273,15.25,15.25,197300
2008-02-22,15.300000190734863,15.34000015258789,14.880000114440918,15.100000381469727,15.100000381469727,181000
2008-02-25,15.100000381469727,15.470000267028809,14.880000114440918,15.130000114440918,15.130000114440918,322300
2008-02-26,15.029999732971191,15.649999618530273,14.949999809265137,15.270000457763672,15.270000457763672,389900
2008-02-27,15.149999618530273,15.319999694824219,14.710000038146973,15.010000228881836,15.010000228881836,331000
2008-02-28,14.920000076293945,14.979999542236328,14.479999542236328,14.489999771118164,14.489999771118164,333600
2008-02-29,14.430000305175781,14.489999771118164,13.90999984741211,14.0,14.0,1299700
2008-03-03,13.970000267028809,14.010000228881836,13.600000381469727,13.710000038146973,13.710000038146973,515900
2008-03-04,13.579999923706055,13.579999923706055,13.050000190734863,13.270000457763672,13.270000457763672,1153800
2008-03-05,13.359999656677246,13.899999618530273,13.300000190734863,13.59000015258789,13.59000015258789,464600
2008-03-06,13.489999771118164,13.760000228881836,13.210000038146973,13.260000228881836,13.260000228881836,326500
2008-03-07,13.1899995803833,13.760000228881836,13.09000015258789,13.489999771118164,13.489999771118164,278600
2008-03-10,13.510000228881836,13.649999618530273,12.59000015258789,12.640000343322754,12.640000343322754,293000
2008-03-11,13.069999694824219,13.279999732971191,12.789999961853027,13.1899995803833,13.1899995803833,192900
2008-03-12,13.229999542236328,13.859999656677246,13.229999542236328,13.59000015258789,13.59000015258789,372500
2008-03-13,13.40999984741211,13.989999771118164,13.25,13.8100004196167,13.8100004196167,129700
2008-03-14,13.960000038146973,13.960000038146973,13.449999809265137,13.619999885559082,13.619999885559082,207100
2008-03-17,13.289999961853027,13.670000076293945,13.260000228881836,13.5,13.5,242100
2008-03-18,13.829999923706055,14.220000267028809,13.5600004196167,14.180000305175781,14.180000305175781,208700
2008-03-19,14.329999923706055,14.479999542236328,13.5,13.739999771118164,13.739999771118164,1437600
2008-03-20,13.890000343322754,13.890000343322754,13.5,13.770000457763672,13.770000457763672,581600
2008-03-24,13.8100004196167,15.0600004196167,13.65999984741211,14.529999732971191,14.529999732971191,324200
2008-03-25,14.59000015258789,14.8100004196167,14.15999984741211,14.390000343322754,14.390000343322754,318600
2008-03-26,14.229999542236328,14.510000228881836,13.989999771118164,14.449999809265137,14.449999809265137,226000
2008-03-27,14.489999771118164,14.489999771118164,13.510000228881836,13.539999961853027,13.539999961853027,278400
2008-03-28,13.550000190734863,13.5600004196167,13.039999961853027,13.079999923706055,13.079999923706055,812000
2008-03-31,13.079999923706055,13.260000228881836,12.369999885559082,12.399999618530273,12.399999618530273,492900
2008-04-01,12.5,12.5,11.350000381469727,11.890000343322754,11.890000343322754,1589100
2008-04-02,11.90999984741211,11.90999984741211,10.960000038146973,11.199999809265137,11.199999809265137,854300
2008-04-03,11.149999618530273,12.119999885559082,11.100000381469727,11.949999809265137,11.949999809265137,751700
2008-04-04,11.979999542236328,12.75,11.710000038146973,12.699999809265137,12.699999809265137,645500
2008-04-07,12.760000228881836,13.1899995803833,12.649999618530273,12.930000305175781,12.930000305175781,507100
2008-04-08,12.800000190734863,12.850000381469727,12.420000076293945,12.539999961853027,12.539999961853027,486900
2008-04-09,12.529999732971191,12.630000114440918,12.039999961853027,12.170000076293945,12.170000076293945,243700
2008-04-10,12.1899995803833,12.539999961853027,12.109999656677246,12.430000305175781,12.430000305175781,246100
2008-04-11,12.3100004196167,12.3100004196167,11.819999694824219,11.869999885559082,11.869999885559082,122900
2008-04-14,11.819999694824219,12.050000190734863,11.729999542236328,11.869999885559082,11.869999885559082,157400
2008-04-15,11.930000305175781,12.0600004196167,11.770000457763672,11.989999771118164,11.989999771118164,150900
2008-04-16,12.100000381469727,12.220000267028809,11.880000114440918,12.079999923706055,12.079999923706055,245900
2008-04-17,12.09000015258789,12.140000343322754,11.829999923706055,11.930000305175781,11.930000305175781,129700
2008-04-18,12.199999809265137,12.640000343322754,12.09000015258789,12.350000381469727,12.350000381469727,235300
2008-04-21,12.270000457763672,12.670000076293945,12.229999542236328,12.579999923706055,12.579999923706055,207200
2008-04-22,12.5,12.59000015258789,12.0,12.130000114440918,12.130000114440918,236300
2008-04-23,12.1899995803833,12.5,12.130000114440918,12.430000305175781,12.430000305175781,171200
2008-04-24,12.430000305175781,12.75,12.390000343322754,12.5600004196167,12.5600004196167,173800
2008-04-25,12.59000015258789,12.720000267028809,12.40999984741211,12.529999732971191,12.529999732971191,261000
2008-04-28,12.5,12.720000267028809,12.25,12.520000457763672,12.520000457763672,431500
2008-04-29,12.5,12.600000381469727,12.289999961853027,12.449999809265137,12.449999809265137,374300
2008-04-30,12.5,12.5,12.25,12.300000190734863,12.300000190734863,411400
2008-05-01,12.319999694824219,12.720000267028809,12.300000190734863,12.569999694824219,12.569999694824219,474500
2008-05-02,12.680000305175781,12.680000305175781,12.300000190734863,12.350000381469727,12.350000381469727,429100
2008-05-05,12.350000381469727,12.350000381469727,12.050000190734863,12.279999732971191,12.279999732971191,300400
2008-05-06,12.25,12.630000114440918,12.130000114440918,12.430000305175781,12.430000305175781,266700
2008-05-07,12.449999809265137,12.789999961853027,12.0,12.380000114440918,12.380000114440918,596300
2008-05-08,12.399999618530273,12.40999984741211,12.260000228881836,12.350000381469727,12.350000381469727,498900
2008-05-09,12.229999542236328,12.6899995803833,12.210000038146973,12.6899995803833,12.6899995803833,1089500
2008-05-12,13.40999984741211,13.920000076293945,13.3100004196167,13.729999542236328,13.729999542236328,976200
2008-05-13,13.819999694824219,14.289999961853027,13.319999694824219,14.25,14.25,553700
2008-05-14,15.300000190734863,16.739999771118164,15.279999732971191,16.100000381469727,16.100000381469727,2754000
2008-05-15,16.06999969482422,17.149999618530273,15.989999771118164,17.0,17.0,1093000
2008-05-16,17.0,17.149999618530273,16.209999084472656,16.450000762939453,16.450000762939453,783800
2008-05-19,16.43000030517578,16.989999771118164,16.40999984741211,16.549999237060547,16.549999237060547,523600
2008-05-20,16.440000534057617,16.81999969482422,16.149999618530273,16.600000381469727,16.600000381469727,461800
2008-05-21,16.649999618530273,17.09000015258789,16.260000228881836,16.3799991607666,16.3799991607666,452100
2008-05-22,16.399999618530273,16.520000457763672,16.149999618530273,16.31999969482422,16.31999969482422,470400
2008-05-23,16.18000030517578,16.56999969482422,16.18000030517578,16.329999923706055,16.329999923706055,327600
2008-05-27,16.100000381469727,16.729999542236328,16.049999237060547,16.6200008392334,16.6200008392334,275000
2008-05-28,16.75,16.940000534057617,16.239999771118164,16.8700008392334,16.8700008392334,327900
2008-05-29,16.790000915527344,17.360000610351562,16.790000915527344,17.25,17.25,434700
2008-05-30,17.260000228881836,17.719999313354492,17.219999313354492,17.510000228881836,17.510000228881836,501400
2008-06-02,17.43000030517578,17.579999923706055,16.959999084472656,17.229999542236328,17.229999542236328,240600
2008-06-03,17.260000228881836,17.729999542236328,17.15999984741211,17.40999984741211,17.40999984741211,300000
2008-06-04,17.290000915527344,17.829999923706055,17.219999313354492,17.75,17.75,296100
2008-06-05,17.809999465942383,18.6299991607666,17.809999465942383,18.610000610351562,18.610000610351562,648000
2008-06-06,18.420000076293945,18.649999618530273,18.229999542236328,18.329999923706055,18.329999923706055,501000
2008-06-09,18.329999923706055,18.530000686645508,17.0,17.299999237060547,17.299999237060547,503500
2008-06-10,17.0,17.559999465942383,16.729999542236328,17.229999542236328,17.229999542236328,402000
2008-06-11,17.170000076293945,17.299999237060547,16.950000762939453,17.0,17.0,400700
2008-06-12,17.100000381469727,17.469999313354492,17.059999465942383,17.190000534057617,17.190000534057617,173700
2008-06-13,17.3700008392334,17.459999084472656,16.989999771118164,17.329999923706055,17.329999923706055,203700
2008-06-16,17.229999542236328,17.510000228881836,16.860000610351562,17.510000228881836,17.510000228881836,131700
2008-06-17,17.489999771118164,17.540000915527344,17.010000228881836,17.299999237060547,17.299999237060547,141100
2008-06-18,17.18000030517578,17.31999969482422,16.729999542236328,17.139999389648438,17.139999389648438,207000
2008-06-19,17.139999389648438,18.100000381469727,16.920000076293945,18.059999465942383,18.059999465942383,256100
2008-06-20,17.989999771118164,17.989999771118164,17.399999618530273,17.549999237060547,17.549999237060547,661800
2008-06-23,17.690000534057617,17.690000534057617,17.18000030517578,17.34000015258789,17.34000015258789,568300
2008-06-24,17.190000534057617,17.600000381469727,16.920000076293945,17.079999923706055,17.079999923706055,507200
2008-06-25,17.06999969482422,17.770000457763672,16.989999771118164,17.739999771118164,17.739999771118164,948600
2008-06-26,17.479999542236328,17.540000915527344,16.920000076293945,17.1200008392334,17.1200008392334,270300
2008-06-27,17.059999465942383,17.219999313354492,16.510000228881836,17.049999237060547,17.049999237060547,1661900
2008-06-30,17.020000457763672,17.40999984741211,16.59000015258789,16.639999389648438,16.639999389648438,633300
2008-07-01,16.670000076293945,16.719999313354492,16.350000381469727,16.610000610351562,16.610000610351562,535700
2008-07-02,16.06999969482422,16.420000076293945,15.470000267028809,15.649999618530273,15.649999618530273,1251200
2008-07-03,15.520000457763672,15.579999923706055,15.079999923706055,15.34000015258789,15.34000015258789,413400
2008-07-07,15.350000381469727,15.720000267028809,15.079999923706055,15.449999809265137,15.449999809265137,439500
2008-07-08,15.510000228881836,16.200000762939453,15.300000190734863,16.170000076293945,16.170000076293945,503800
2008-07-09,16.209999084472656,16.309999465942383,15.670000076293945,15.850000381469727,15.850000381469727,304300
2008-07-10,15.8100004196167,16.190000534057617,15.729999542236328,16.020000457763672,16.020000457763672,359900
2008-07-11,15.850000381469727,16.360000610351562,15.59000015258789,16.309999465942383,16.309999465942383,483400
2008-07-14,16.399999618530273,16.65999984741211,15.260000228881836,15.789999961853027,15.789999961853027,472500
2008-07-15,15.640000343322754,15.770000457763672,14.890000343322754,15.279999732971191,15.279999732971191,479900
2008-07-16,15.369999885559082,15.90999984741211,15.140000343322754,15.649999618530273,15.649999618530273,365000
2008-07-17,15.75,15.899999618530273,15.40999984741211,15.699999809265137,15.699999809265137,217100
2008-07-18,15.739999771118164,15.739999771118164,15.079999923706055,15.260000228881836,15.260000228881836,298100
2008-07-21,15.300000190734863,15.380000114440918,15.010000228881836,15.279999732971191,15.279999732971191,301300
2008-07-22,15.170000076293945,15.449999809265137,15.119999885559082,15.350000381469727,15.350000381469727,207300
2008-07-23,15.359999656677246,15.65999984741211,15.260000228881836,15.449999809265137,15.449999809265137,203000
2008-07-24,15.5,15.850000381469727,15.199999809265137,15.479999542236328,15.479999542236328,170600
2008-07-25,15.649999618530273,15.8100004196167,15.289999961853027,15.350000381469727,15.350000381469727,169100
2008-07-28,15.279999732971191,15.279999732971191,14.779999732971191,14.899999618530273,14.899999618530273,222600
2008-07-29,14.979999542236328,15.550000190734863,14.850000381469727,15.279999732971191,15.279999732971191,286200
2008-07-30,15.300000190734863,15.460000038146973,14.649999618530273,15.029999732971191,15.029999732971191,527300
2008-07-31,14.779999732971191,15.40999984741211,14.649999618530273,15.229999542236328,15.229999542236328,337700
2008-08-01,15.25,15.359999656677246,14.819999694824219,15.0600004196167,15.0600004196167,206700
2008-08-04,14.789999961853027,15.100000381469727,14.329999923706055,14.930000305175781,14.930000305175781,725800
2008-08-05,14.34000015258789,14.489999771118164,14.010000228881836,14.199999809265137,14.199999809265137,1793700
2008-08-06,14.369999885559082,14.630000114440918,14.1899995803833,14.430000305175781,14.430000305175781,1136800
2008-08-07,14.319999694824219,15.4399995803833,14.3100004196167,15.399999618530273,15.399999618530273,711900
2008-08-08,15.449999809265137,16.940000534057617,15.350000381469727,16.459999084472656,16.459999084472656,707200
2008-08-11,16.440000534057617,17.690000534057617,16.440000534057617,17.149999618530273,17.149999618530273,688400
2008-08-12,17.059999465942383,17.81999969482422,16.950000762939453,17.229999542236328,17.229999542236328,584100
2008-08-13,17.229999542236328,17.549999237060547,17.1200008392334,17.350000381469727,17.350000381469727,259900
2008-08-14,17.309999465942383,17.90999984741211,17.309999465942383,17.540000915527344,17.540000915527344,274900
2008-08-15,17.729999542236328,17.940000534057617,17.020000457763672,17.510000228881836,17.510000228881836,500200
2008-08-18,17.510000228881836,17.799999237060547,16.969999313354492,17.030000686645508,17.030000686645508,307300
2008-08-19,16.899999618530273,16.969999313354492,16.1299991607666,16.40999984741211,16.40999984741211,352900
2008-08-20,16.559999465942383,17.139999389648438,16.260000228881836,16.799999237060547,16.799999237060547,325700
2008-08-21,16.670000076293945,16.979999542236328,16.389999389648438,16.579999923706055,16.579999923706055,174700
2008-08-22,16.690000534057617,17.299999237060547,16.65999984741211,17.209999084472656,17.209999084472656,215900
2008-08-25,16.93000030517578,17.200000762939453,16.530000686645508,16.670000076293945,16.670000076293945,159100
2008-08-26,16.6200008392334,17.020000457763672,16.350000381469727,16.399999618530273,16.399999618530273,187200
2008-08-27,16.399999618530273,16.600000381469727,16.030000686645508,16.229999542236328,16.229999542236328,358400
2008-08-28,16.260000228881836,16.600000381469727,16.18000030517578,16.540000915527344,16.540000915527344,433100
2008-08-29,16.5,17.010000228881836,16.139999389648438,16.860000610351562,16.860000610351562,324300
2008-09-02,17.1200008392334,17.329999923706055,16.43000030517578,16.670000076293945,16.670000076293945,225700
2008-09-03,16.670000076293945,16.90999984741211,16.389999389648438,16.579999923706055,16.579999923706055,239600
2008-09-04,16.420000076293945,16.559999465942383,15.850000381469727,15.949999809265137,15.949999809265137,294600
2008-09-05,15.850000381469727,16.290000915527344,15.760000228881836,16.0,16.0,257000
2008-09-08,16.299999237060547,16.399999618530273,15.6899995803833,16.0,16.0,380300
2008-09-09,15.979999542236328,16.3799991607666,15.539999961853027,15.569999694824219,15.569999694824219,361000
2008-09-10,15.850000381469727,16.1200008392334,15.75,15.84000015258789,15.84000015258789,246400
2008-09-11,15.649999618530273,15.899999618530273,15.4399995803833,15.670000076293945,15.670000076293945,245000
2008-09-12,15.569999694824219,15.760000228881836,15.1899995803833,15.279999732971191,15.279999732971191,280100
2008-09-15,15.279999732971191,15.550000190734863,14.729999542236328,14.850000381469727,14.850000381469727,402000
2008-09-16,14.75,14.789999961853027,13.949999809265137,14.239999771118164,14.239999771118164,644900
2008-09-17,14.0600004196167,14.34000015258789,12.970000267028809,13.010000228881836,13.010000228881836,1208300
2008-09-18,13.979999542236328,14.0,12.550000190734863,13.420000076293945,13.420000076293945,1016000
2008-09-19,14.510000228881836,15.0,14.380000114440918,14.720000267028809,14.720000267028809,1034100
2008-09-22,14.699999809265137,14.930000305175781,14.279999732971191,14.350000381469727,14.350000381469727,579500
2008-09-23,14.380000114440918,14.779999732971191,13.5600004196167,13.630000114440918,13.630000114440918,279400
2008-09-24,13.680000305175781,14.050000190734863,13.4399995803833,13.5,13.5,226300
2008-09-25,13.4399995803833,13.4399995803833,12.680000305175781,12.6899995803833,12.6899995803833,482100
2008-09-26,12.529999732971191,12.5600004196167,11.880000114440918,12.020000457763672,12.020000457763672,1022200
2008-09-29,11.819999694824219,12.119999885559082,10.010000228881836,10.949999809265137,10.949999809265137,700200
2008-09-30,11.079999923706055,12.079999923706055,10.989999771118164,12.050000190734863,12.050000190734863,724100
2008-10-01,11.850000381469727,12.039999961853027,11.319999694824219,11.380000114440918,11.380000114440918,410700
2008-10-02,11.100000381469727,11.229999542236328,10.5,10.600000381469727,10.600000381469727,703100
2008-10-03,10.609999656677246,11.100000381469727,10.25,10.25,10.25,547300
2008-10-06,10.180000305175781,10.199999809265137,9.220000267028809,9.609999656677246,9.609999656677246,1028100
2008-10-07,9.770000457763672,10.119999885559082,9.069999694824219,9.079999923706055,9.079999923706055,1015500
2008-10-08,9.020000457763672,9.369999885559082,8.350000381469727,8.84000015258789,8.84000015258789,1549600
2008-10-09,8.960000038146973,9.149999618530273,8.0600004196167,8.119999885559082,8.119999885559082,649200
2008-10-10,8.0,8.880000114440918,7.349999904632568,8.710000038146973,8.710000038146973,752200
2008-10-13,8.989999771118164,9.6899995803833,8.880000114440918,9.6899995803833,9.6899995803833,152100
2008-10-14,9.960000038146973,9.960000038146973,9.119999885559082,9.5,9.5,505900
2008-10-15,9.369999885559082,9.640000343322754,9.369999885559082,9.5,9.5,567300
2008-10-16,9.5600004196167,10.279999732971191,8.9399995803833,10.25,10.25,602000
2008-10-17,9.789999961853027,10.149999618530273,8.1899995803833,9.640000343322754,9.640000343322754,433700
2008-10-20,9.760000228881836,9.859999656677246,9.449999809265137,9.75,9.75,346700
2008-10-21,9.529999732971191,9.869999885559082,9.489999771118164,9.5,9.5,314700
2008-10-22,9.329999923706055,9.520000457763672,9.0600004196167,9.3100004196167,9.3100004196167,264000
2008-10-23,9.289999961853027,9.5,8.670000076293945,9.039999961853027,9.039999961853027,187400
2008-10-24,8.890000343322754,9.25,8.75,9.130000114440918,9.130000114440918,299900
2008-10-27,9.029999732971191,9.460000038146973,8.880000114440918,8.920000076293945,8.920000076293945,347900
2008-10-28,9.069999694824219,10.390000343322754,8.670000076293945,10.380000114440918,10.380000114440918,469800
2008-10-29,10.40999984741211,10.760000228881836,9.720000267028809,10.369999885559082,10.369999885559082,476100
2008-10-30,10.989999771118164,11.5,10.510000228881836,10.859999656677246,10.859999656677246,1498800
2008-10-31,10.729999542236328,10.979999542236328,10.449999809265137,10.699999809265137,10.699999809265137,577000
2008-11-03,10.5,10.75,10.420000076293945,10.65999984741211,10.65999984741211,340000
2008-11-04,10.880000114440918,10.899999618530273,10.279999732971191,10.600000381469727,10.600000381469727,426700
2008-11-05,10.510000228881836,10.890000343322754,10.289999961853027,10.460000038146973,10.460000038146973,612200
2008-11-06,10.399999618530273,10.75,10.369999885559082,10.569999694824219,10.569999694824219,511700
2008-11-07,10.640000343322754,10.829999923706055,10.479999542236328,10.729999542236328,10.729999542236328,265800
2008-11-10,10.949999809265137,11.020000457763672,10.300000190734863,10.470000267028809,10.470000267028809,563300
2008-11-11,11.59000015258789,11.59000015258789,10.270000457763672,10.279999732971191,10.279999732971191,247700
2008-11-12,10.199999809265137,10.420000076293945,9.550000190734863,10.0,10.0,430800
2008-11-13,9.229999542236328,10.170000076293945,8.720000267028809,10.140000343322754,10.140000343322754,525800
2008-11-14,10.0,10.369999885559082,9.510000228881836,9.819999694824219,9.819999694824219,272800
2008-11-17,9.720000267028809,10.119999885559082,9.3100004196167,9.539999961853027,9.539999961853027,337400
2008-11-18,9.609999656677246,9.90999984741211,9.0,9.369999885559082,9.369999885559082,247500
2008-11-19,9.380000114440918,9.739999771118164,8.489999771118164,8.510000228881836,8.510000228881836,331800
2008-11-20,8.5,8.800000190734863,7.909999847412109,7.940000057220459,7.940000057220459,554900
2008-11-21,8.100000381469727,8.220000267028809,7.420000076293945,8.020000457763672,8.020000457763672,602000
2008-11-24,8.229999542236328,9.5600004196167,8.229999542236328,9.489999771118164,9.489999771118164,711200
2008-11-25,9.510000228881836,9.539999961853027,9.180000305175781,9.479999542236328,9.479999542236328,546400
2008-11-26,9.319999694824219,10.550000190734863,9.319999694824219,10.270000457763672,10.270000457763672,385700
2008-11-28,10.119999885559082,10.609999656677246,10.119999885559082,10.25,10.25,85300
2008-12-01,9.979999542236328,10.1899995803833,9.1899995803833,9.260000228881836,9.260000228881836,344400
2008-12-02,9.449999809265137,9.8100004196167,9.149999618530273,9.649999618530273,9.649999618530273,289200
2008-12-03,9.390000343322754,10.220000267028809,9.25,9.869999885559082,9.869999885559082,241100
2008-12-04,9.729999542236328,10.270000457763672,9.479999542236328,9.65999984741211,9.65999984741211,261600
2008-12-05,9.550000190734863,10.949999809265137,9.390000343322754,10.9399995803833,10.9399995803833,341800
2008-12-08,11.0,11.850000381469727,10.789999961853027,11.789999961853027,11.789999961853027,536500
2008-12-09,11.609999656677246,12.359999656677246,11.609999656677246,11.90999984741211,11.90999984741211,706900
2008-12-10,12.0,12.630000114440918,11.420000076293945,11.649999618530273,11.649999618530273,417300
2008-12-11,11.510000228881836,12.300000190734863,11.039999961853027,11.119999885559082,11.119999885559082,471800
2008-12-12,10.930000305175781,12.010000228881836,10.930000305175781,11.539999961853027,11.539999961853027,405800
2008-12-15,11.600000381469727,11.699999809265137,11.289999961853027,11.470000267028809,11.470000267028809,364100
2008-12-16,11.640000343322754,12.609999656677246,11.289999961853027,12.569999694824219,12.569999694824219,310200
2008-12-17,12.449999809265137,12.90999984741211,12.270000457763672,12.800000190734863,12.800000190734863,235200
2008-12-18,12.800000190734863,13.100000381469727,12.40999984741211,12.680000305175781,12.680000305175781,504700
2008-12-19,12.789999961853027,13.140000343322754,12.109999656677246,12.770000457763672,12.770000457763672,929600
2008-12-22,12.789999961853027,12.859999656677246,12.09000015258789,12.739999771118164,12.739999771118164,394200
2008-12-23,12.819999694824219,13.0,12.15999984741211,12.220000267028809,12.220000267028809,194000
2008-12-24,12.1899995803833,12.319999694824219,11.920000076293945,11.989999771118164,11.989999771118164,113800
2008-12-26,12.0,12.180000305175781,11.850000381469727,12.170000076293945,12.170000076293945,68100
2008-12-29,12.170000076293945,12.289999961853027,11.899999618530273,12.220000267028809,12.220000267028809,315500
2008-12-30,12.319999694824219,12.989999771118164,11.979999542236328,12.949999809265137,12.949999809265137,215700
2008-12-31,12.949999809265137,13.5,12.6899995803833,13.40999984741211,13.40999984741211,314200
2009-01-02,13.3100004196167,13.6899995803833,13.119999885559082,13.569999694824219,13.569999694824219,174400
2009-01-05,13.550000190734863,13.550000190734863,12.960000038146973,13.119999885559082,13.119999885559082,342900
2009-01-06,13.289999961853027,13.670000076293945,13.140000343322754,13.329999923706055,13.329999923706055,374500
2009-01-07,13.130000114440918,13.359999656677246,12.609999656677246,12.710000038146973,12.710000038146973,301200
2009-01-08,12.829999923706055,12.829999923706055,12.270000457763672,12.430000305175781,12.430000305175781,212700
2009-01-09,12.470000267028809,12.600000381469727,11.869999885559082,11.960000038146973,11.960000038146973,376700
2009-01-12,12.100000381469727,12.100000381469727,11.779999732971191,11.920000076293945,11.920000076293945,229000
2009-01-13,11.880000114440918,12.069999694824219,11.779999732971191,11.989999771118164,11.989999771118164,362400
2009-01-14,11.8100004196167,12.010000228881836,11.5,11.819999694824219,11.819999694824219,520400
2009-01-15,11.8100004196167,12.3100004196167,11.710000038146973,12.180000305175781,12.180000305175781,713000
2009-01-16,12.289999961853027,12.579999923706055,12.210000038146973,12.510000228881836,12.510000228881836,425700
2009-01-20,12.359999656677246,12.670000076293945,11.960000038146973,12.109999656677246,12.109999656677246,322000
2009-01-21,12.210000038146973,13.140000343322754,12.069999694824219,13.050000190734863,13.050000190734863,582800
2009-01-22,12.869999885559082,13.079999923706055,12.369999885559082,12.989999771118164,12.989999771118164,422200
2009-01-23,12.699999809265137,13.220000267028809,12.619999885559082,13.140000343322754,13.140000343322754,279700
2009-01-26,13.180000305175781,13.850000381469727,12.899999618530273,13.699999809265137,13.699999809265137,469300
2009-01-27,13.65999984741211,14.0,13.460000038146973,13.869999885559082,13.869999885559082,279900
2009-01-28,14.0,14.289999961853027,13.649999618530273,14.020000457763672,14.020000457763672,299800
2009-01-29,13.869999885559082,14.289999961853027,13.470000267028809,13.65999984741211,13.65999984741211,357700
2009-01-30,13.75,13.779999732971191,13.010000228881836,13.270000457763672,13.270000457763672,308200
2009-02-02,13.140000343322754,13.600000381469727,12.9399995803833,13.550000190734863,13.550000190734863,311800
2009-02-03,13.59000015258789,13.640000343322754,13.140000343322754,13.449999809265137,13.449999809265137,224100
2009-02-04,13.149999618530273,13.649999618530273,12.949999809265137,13.079999923706055,13.079999923706055,454900
2009-02-05,11.640000343322754,12.180000305175781,11.470000267028809,11.859999656677246,11.859999656677246,1274100
2009-02-06,11.8100004196167,11.8100004196167,11.079999923706055,11.529999732971191,11.529999732971191,757100
2009-02-09,11.5,11.739999771118164,11.399999618530273,11.430000305175781,11.430000305175781,434500
2009-02-10,11.399999618530273,11.619999885559082,10.760000228881836,10.8100004196167,10.8100004196167,414200
2009-02-11,10.829999923706055,11.15999984741211,10.739999771118164,10.829999923706055,10.829999923706055,334500
2009-02-12,10.649999618530273,11.430000305175781,10.649999618530273,11.369999885559082,11.369999885559082,394500
2009-02-13,11.350000381469727,11.449999809265137,11.010000228881836,11.279999732971191,11.279999732971191,251900
2009-02-17,12.260000228881836,12.270000457763672,11.710000038146973,11.890000343322754,11.890000343322754,1845500
2009-02-18,11.9399995803833,12.0600004196167,11.640000343322754,11.960000038146973,11.960000038146973,767200
2009-02-19,12.0600004196167,12.0600004196167,11.520000457763672,11.670000076293945,11.670000076293945,671500
2009-02-20,11.489999771118164,11.760000228881836,11.0,11.229999542236328,11.229999542236328,4834400
2009-02-23,11.239999771118164,11.34000015258789,10.850000381469727,10.899999618530273,10.899999618530273,817200
2009-02-24,10.960000038146973,11.180000305175781,10.770000457763672,11.109999656677246,11.109999656677246,422800
2009-02-25,11.0600004196167,11.329999923706055,10.920000076293945,11.039999961853027,11.039999961853027,377200
2009-02-26,11.100000381469727,11.170000076293945,10.680000305175781,10.75,10.75,362600
2009-02-27,10.5600004196167,11.069999694824219,10.5,10.930000305175781,10.930000305175781,488800
2009-03-02,10.789999961853027,10.890000343322754,10.4399995803833,10.510000228881836,10.510000228881836,419000
2009-03-03,10.630000114440918,10.770000457763672,10.420000076293945,10.579999923706055,10.579999923706055,339700
2009-03-04,10.729999542236328,11.079999923706055,10.5600004196167,10.960000038146973,10.960000038146973,451400
2009-03-05,10.770000457763672,10.90999984741211,10.5600004196167,10.569999694824219,10.569999694824219,420400
2009-03-06,10.630000114440918,10.75,10.1899995803833,10.510000228881836,10.510000228881836,281300
2009-03-09,10.4399995803833,10.75,10.1899995803833,10.260000228881836,10.260000228881836,264700
2009-03-10,10.470000267028809,10.720000267028809,10.350000381469727,10.510000228881836,10.510000228881836,470700
2009-03-11,10.550000190734863,10.8100004196167,10.380000114440918,10.449999809265137,10.449999809265137,393000
2009-03-12,10.399999618530273,10.649999618530273,10.380000114440918,10.5600004196167,10.5600004196167,439200
2009-03-13,10.579999923706055,10.65999984741211,10.380000114440918,10.4399995803833,10.4399995803833,347600
2009-03-16,10.5600004196167,10.6899995803833,10.180000305175781,10.25,10.25,290900
2009-03-17,9.899999618530273,10.239999771118164,9.800000190734863,10.229999542236328,10.229999542236328,796000
2009-03-18,10.239999771118164,10.470000267028809,10.119999885559082,10.449999809265137,10.449999809265137,676500
2009-03-19,10.600000381469727,10.779999732971191,10.479999542236328,10.739999771118164,10.739999771118164,200200
2009-03-20,10.850000381469727,10.90999984741211,10.289999961853027,10.329999923706055,10.329999923706055,451300
2009-03-23,10.5600004196167,11.109999656677246,10.5,11.020000457763672,11.020000457763672,340500
2009-03-24,10.920000076293945,11.050000190734863,10.739999771118164,10.739999771118164,10.739999771118164,156600
2009-03-25,10.899999618530273,11.0,10.430000305175781,10.880000114440918,10.880000114440918,234600
2009-03-26,11.210000038146973,11.65999984741211,10.8100004196167,11.619999885559082,11.619999885559082,569400
2009-03-27,11.449999809265137,11.550000190734863,11.1899995803833,11.329999923706055,11.329999923706055,257100
2009-03-30,11.149999618530273,11.300000190734863,10.800000190734863,11.170000076293945,11.170000076293945,183700
2009-03-31,11.15999984741211,11.470000267028809,10.880000114440918,10.970000267028809,10.970000267028809,280200
2009-04-01,10.90999984741211,11.3100004196167,10.760000228881836,11.279999732971191,11.279999732971191,226900
2009-04-02,11.539999961853027,11.930000305175781,11.279999732971191,11.720000267028809,11.720000267028809,449800
2009-04-03,11.609999656677246,11.649999618530273,11.0600004196167,11.369999885559082,11.369999885559082,440100
2009-04-06,11.289999961853027,11.359999656677246,11.050000190734863,11.239999771118164,11.239999771118164,214400
2009-04-07,10.989999771118164,10.989999771118164,10.3100004196167,10.329999923706055,10.329999923706055,456900
2009-04-08,10.369999885559082,10.760000228881836,10.199999809265137,10.680000305175781,10.680000305175781,290700
2009-04-09,10.930000305175781,11.170000076293945,10.770000457763672,11.170000076293945,11.170000076293945,322400
2009-04-13,11.029999732971191,11.5,11.029999732971191,11.359999656677246,11.359999656677246,365300
2009-04-14,11.15999984741211,11.430000305175781,11.050000190734863,11.319999694824219,11.319999694824219,234700
2009-04-15,11.210000038146973,11.390000343322754,11.0,11.210000038146973,11.210000038146973,244100
2009-04-16,11.350000381469727,11.569999694824219,11.119999885559082,11.510000228881836,11.510000228881836,248500
2009-04-17,11.6899995803833,11.899999618530273,11.40999984741211,11.8100004196167,11.8100004196167,259000
2009-04-20,11.579999923706055,11.760000228881836,11.430000305175781,11.710000038146973,11.710000038146973,287900
2009-04-21,11.699999809265137,12.619999885559082,11.600000381469727,12.449999809265137,12.449999809265137,774700
2009-04-22,12.270000457763672,12.449999809265137,12.079999923706055,12.170000076293945,12.170000076293945,242400
2009-04-23,12.170000076293945,12.34000015258789,11.460000038146973,11.699999809265137,11.699999809265137,295800
2009-04-24,11.770000457763672,12.329999923706055,11.600000381469727,12.119999885559082,12.119999885559082,353100
2009-04-27,12.100000381469727,12.170000076293945,11.739999771118164,12.079999923706055,12.079999923706055,287900
2009-04-28,12.029999732971191,12.390000343322754,12.020000457763672,12.180000305175781,12.180000305175781,294800
2009-04-29,12.140000343322754,12.630000114440918,12.029999732971191,12.40999984741211,12.40999984741211,630700
2009-04-30,12.489999771118164,12.65999984741211,12.319999694824219,12.449999809265137,12.449999809265137,323200
2009-05-01,12.460000038146973,12.520000457763672,12.319999694824219,12.380000114440918,12.380000114440918,228600
2009-05-04,12.449999809265137,12.65999984741211,12.34000015258789,12.640000343322754,12.640000343322754,234800
2009-05-05,12.550000190734863,12.699999809265137,12.199999809265137,12.680000305175781,12.680000305175781,320100
2009-05-06,12.6899995803833,12.850000381469727,12.4399995803833,12.829999923706055,12.829999923706055,265600
2009-05-07,12.949999809265137,12.949999809265137,12.489999771118164,12.550000190734863,12.550000190734863,341600
2009-05-08,12.670000076293945,12.789999961853027,12.460000038146973,12.680000305175781,12.680000305175781,562400
2009-05-11,12.550000190734863,12.960000038146973,12.449999809265137,12.510000228881836,12.510000228881836,456200
2009-05-12,12.539999961853027,12.90999984741211,12.279999732971191,12.829999923706055,12.829999923706055,739200
2009-05-13,12.550000190734863,12.819999694824219,12.050000190734863,12.390000343322754,12.390000343322754,706400
2009-05-14,10.649999618530273,11.949999809265137,10.489999771118164,11.020000457763672,11.020000457763672,4140400
2009-05-15,10.920000076293945,11.140000343322754,10.729999542236328,11.109999656677246,11.109999656677246,1212300
2009-05-18,11.270000457763672,11.470000267028809,11.079999923706055,11.279999732971191,11.279999732971191,418000
2009-05-19,11.289999961853027,11.40999984741211,11.149999618530273,11.210000038146973,11.210000038146973,241200
2009-05-20,11.319999694824219,11.470000267028809,11.079999923706055,11.119999885559082,11.119999885559082,444300
2009-05-21,11.479999542236328,12.399999618530273,11.470000267028809,12.390000343322754,12.390000343322754,1649900
2009-05-22,12.140000343322754,12.350000381469727,11.5600004196167,11.9399995803833,11.9399995803833,649400
2009-05-26,11.760000228881836,11.930000305175781,11.609999656677246,11.920000076293945,11.920000076293945,477400
2009-05-27,11.850000381469727,12.289999961853027,11.710000038146973,12.170000076293945,12.170000076293945,578000
2009-05-28,12.220000267028809,12.270000457763672,11.989999771118164,12.100000381469727,12.100000381469727,583700
2009-05-29,12.100000381469727,12.350000381469727,11.960000038146973,12.350000381469727,12.350000381469727,446700
2009-06-01,12.390000343322754,12.8100004196167,12.210000038146973,12.739999771118164,12.739999771118164,319800
2009-06-02,13.5,15.100000381469727,13.5,14.649999618530273,14.649999618530273,1564600
2009-06-03,14.420000076293945,15.350000381469727,14.210000038146973,14.989999771118164,14.989999771118164,897100
2009-06-04,15.0,15.5,14.350000381469727,15.430000305175781,15.430000305175781,903800
2009-06-05,15.489999771118164,15.920000076293945,15.369999885559082,15.600000381469727,15.600000381469727,743800
2009-06-08,15.380000114440918,15.460000038146973,14.779999732971191,15.09000015258789,15.09000015258789,508700
2009-06-09,15.039999961853027,15.5600004196167,14.920000076293945,15.470000267028809,15.470000267028809,488400
2009-06-10,15.350000381469727,15.59000015258789,14.920000076293945,15.539999961853027,15.539999961853027,700000
2009-06-11,15.529999732971191,17.049999237060547,15.520000457763672,16.739999771118164,16.739999771118164,1184400
2009-06-12,16.81999969482422,16.829999923706055,16.040000915527344,16.34000015258789,16.34000015258789,1065100
2009-06-15,16.09000015258789,16.09000015258789,15.789999961853027,15.880000114440918,15.880000114440918,295300
2009-06-16,15.699999809265137,16.40999984741211,15.699999809265137,16.079999923706055,16.079999923706055,785500
2009-06-17,16.25,17.190000534057617,16.219999313354492,16.8799991607666,16.8799991607666,1023100
2009-06-18,16.940000534057617,16.989999771118164,16.459999084472656,16.56999969482422,16.56999969482422,599000
2009-06-19,16.829999923706055,17.209999084472656,16.559999465942383,17.040000915527344,17.040000915527344,778000
2009-06-22,16.90999984741211,16.90999984741211,16.459999084472656,16.469999313354492,16.469999313354492,298600
2009-06-23,16.610000610351562,16.65999984741211,16.200000762939453,16.219999313354492,16.219999313354492,167700
2009-06-24,16.399999618530273,16.770000457763672,16.209999084472656,16.610000610351562,16.610000610351562,376600
2009-06-25,16.43000030517578,17.15999984741211,16.299999237060547,16.920000076293945,16.920000076293945,390800
2009-06-26,16.799999237060547,17.25,16.649999618530273,16.829999923706055,16.829999923706055,581800
2009-06-29,16.809999465942383,16.950000762939453,16.209999084472656,16.309999465942383,16.309999465942383,689100
2009-06-30,16.3700008392334,16.670000076293945,16.15999984741211,16.59000015258789,16.59000015258789,318500
2009-07-01,16.479999542236328,17.110000610351562,16.3700008392334,17.049999237060547,17.049999237060547,366900
2009-07-02,16.770000457763672,16.959999084472656,16.139999389648438,16.299999237060547,16.299999237060547,413900
2009-07-06,16.260000228881836,16.5,16.0,16.3700008392334,16.3700008392334,389200
2009-07-07,16.420000076293945,16.690000534057617,15.6899995803833,15.729999542236328,15.729999542236328,694400
2009-07-08,15.800000190734863,15.949999809265137,15.119999885559082,15.399999618530273,15.399999618530273,562700
2009-07-09,15.84000015258789,16.579999923706055,15.760000228881836,16.010000228881836,16.010000228881836,547600
2009-07-10,15.920000076293945,16.170000076293945,15.5,15.829999923706055,15.829999923706055,186500
2009-07-13,15.84000015258789,16.18000030517578,15.600000381469727,16.079999923706055,16.079999923706055,326400
2009-07-14,16.1200008392334,16.709999084472656,15.930000305175781,16.530000686645508,16.530000686645508,636500
2009-07-15,16.719999313354492,17.18000030517578,16.719999313354492,16.860000610351562,16.860000610351562,447500
2009-07-16,16.75,17.0,16.6200008392334,16.889999389648438,16.889999389648438,313400
2009-07-17,17.25,17.690000534057617,16.940000534057617,17.459999084472656,17.459999084472656,555800
2009-07-20,17.549999237060547,17.989999771118164,17.5,17.959999084472656,17.959999084472656,464700
2009-07-21,18.0,18.170000076293945,17.549999237060547,17.670000076293945,17.670000076293945,316600
2009-07-22,17.649999618530273,17.920000076293945,17.479999542236328,17.639999389648438,17.639999389648438,210400
2009-07-23,17.549999237060547,17.959999084472656,17.459999084472656,17.719999313354492,17.719999313354492,314100
2009-07-24,17.610000610351562,17.65999984741211,16.899999618530273,17.399999618530273,17.399999618530273,500200
2009-07-27,17.389999389648438,17.649999618530273,17.100000381469727,17.389999389648438,17.389999389648438,301800
2009-07-28,17.34000015258789,17.799999237060547,17.34000015258789,17.700000762939453,17.700000762939453,303700
2009-07-29,17.6299991607666,17.959999084472656,17.260000228881836,17.829999923706055,17.829999923706055,222700
2009-07-30,17.959999084472656,18.3799991607666,17.280000686645508,17.3700008392334,17.3700008392334,309300
2009-07-31,17.34000015258789,17.799999237060547,17.329999923706055,17.40999984741211,17.40999984741211,211100
2009-08-03,17.5,17.5,16.709999084472656,17.149999618530273,17.149999618530273,471200
2009-08-04,16.989999771118164,17.3799991607666,16.649999618530273,17.299999237060547,17.299999237060547,550400
2009-08-05,17.799999237060547,19.149999618530273,17.75,18.690000534057617,18.690000534057617,1274100
2009-08-06,18.700000762939453,18.989999771118164,17.969999313354492,18.350000381469727,18.350000381469727,421100
2009-08-07,18.549999237060547,18.719999313354492,17.989999771118164,18.18000030517578,18.18000030517578,545900
2009-08-10,18.049999237060547,18.860000610351562,18.049999237060547,18.6299991607666,18.6299991607666,233400
2009-08-11,18.450000762939453,18.81999969482422,18.389999389648438,18.799999237060547,18.799999237060547,369700
2009-08-12,18.760000228881836,19.459999084472656,18.600000381469727,19.270000457763672,19.270000457763672,351000
2009-08-13,19.3700008392334,19.459999084472656,18.969999313354492,19.25,19.25,360800
2009-08-14,19.270000457763672,19.290000915527344,18.59000015258789,19.059999465942383,19.059999465942383,202500
2009-08-17,18.799999237060547,18.84000015258789,18.15999984741211,18.270000457763672,18.270000457763672,246600
2009-08-18,18.299999237060547,18.690000534057617,18.110000610351562,18.5,18.5,135800
2009-08-19,18.299999237060547,18.399999618530273,17.81999969482422,18.18000030517578,18.18000030517578,277600
2009-08-20,18.200000762939453,18.6200008392334,18.139999389648438,18.459999084472656,18.459999084472656,246100
2009-08-21,18.719999313354492,18.8799991607666,18.280000686645508,18.450000762939453,18.450000762939453,373100
2009-08-24,18.540000915527344,18.700000762939453,18.059999465942383,18.559999465942383,18.559999465942383,235900
2009-08-25,18.510000228881836,19.0,18.510000228881836,18.8799991607666,18.8799991607666,182700
2009-08-26,18.809999465942383,19.0,18.700000762939453,18.889999389648438,18.889999389648438,165700
2009-08-27,18.959999084472656,19.0,18.450000762939453,18.65999984741211,18.65999984741211,182700
2009-08-28,18.690000534057617,19.030000686645508,18.0,18.350000381469727,18.350000381469727,361700
2009-08-31,18.18000030517578,18.350000381469727,17.84000015258789,18.290000915527344,18.290000915527344,289100
2009-09-01,18.25,19.110000610351562,18.18000030517578,18.889999389648438,18.889999389648438,609000
2009-09-02,18.899999618530273,19.860000610351562,18.739999771118164,19.770000457763672,19.770000457763672,504100
2009-09-03,19.940000534057617,19.940000534057617,19.510000228881836,19.850000381469727,19.850000381469727,259600
2009-09-04,19.75,20.100000381469727,19.75,20.079999923706055,20.079999923706055,439000
2009-09-08,20.100000381469727,20.18000030517578,19.920000076293945,20.0,20.0,283400
2009-09-09,19.93000030517578,20.770000457763672,19.729999542236328,20.420000076293945,20.420000076293945,311000
2009-09-10,20.34000015258789,20.68000030517578,20.18000030517578,20.399999618530273,20.399999618530273,484000
2009-09-11,20.360000610351562,20.469999313354492,20.0,20.059999465942383,20.059999465942383,209000
2009-09-14,19.899999618530273,20.239999771118164,19.8799991607666,20.09000015258789,20.09000015258789,283200
2009-09-15,19.93000030517578,20.190000534057617,19.75,19.84000015258789,19.84000015258789,202000
2009-09-16,19.729999542236328,20.43000030517578,19.6299991607666,20.3700008392334,20.3700008392334,243200
2009-09-17,20.280000686645508,20.31999969482422,19.860000610351562,19.989999771118164,19.989999771118164,194900
2009-09-18,20.030000686645508,21.770000457763672,20.030000686645508,21.440000534057617,21.440000534057617,829600
2009-09-21,21.049999237060547,21.049999237060547,19.719999313354492,19.989999771118164,19.989999771118164,897800
2009-09-22,20.329999923706055,20.510000228881836,19.799999237060547,20.34000015258789,20.34000015258789,297500
2009-09-23,20.43000030517578,20.540000915527344,20.149999618530273,20.170000076293945,20.170000076293945,128500
2009-09-24,20.18000030517578,20.510000228881836,19.68000030517578,19.940000534057617,19.940000534057617,226500
2009-09-25,19.950000762939453,20.09000015258789,19.649999618530273,19.799999237060547,19.799999237060547,164100
2009-09-28,19.940000534057617,20.65999984741211,19.940000534057617,20.56999969482422,20.56999969482422,237900
2009-09-29,20.639999389648438,20.829999923706055,20.329999923706055,20.75,20.75,222600
2009-09-30,20.65999984741211,21.18000030517578,20.360000610351562,20.75,20.75,313600
2009-10-01,20.670000076293945,20.760000228881836,20.219999313354492,20.469999313354492,20.469999313354492,236900
2009-10-02,20.260000228881836,20.790000915527344,20.219999313354492,20.440000534057617,20.440000534057617,388400
2009-10-05,19.780000686645508,20.290000915527344,19.5,20.190000534057617,20.190000534057617,384700
2009-10-06,20.229999542236328,20.799999237060547,20.09000015258789,20.65999984741211,20.65999984741211,240700
2009-10-07,20.65999984741211,21.079999923706055,20.190000534057617,20.889999389648438,20.889999389648438,191500
2009-10-08,21.100000381469727,21.309999465942383,20.670000076293945,20.969999313354492,20.969999313354492,350700
2009-10-09,21.020000457763672,21.489999771118164,20.700000762939453,21.459999084472656,21.459999084472656,302400
2009-10-12,21.479999542236328,21.850000381469727,20.969999313354492,21.15999984741211,21.15999984741211,220000
2009-10-13,21.209999084472656,21.3700008392334,21.06999969482422,21.360000610351562,21.360000610351562,211300
2009-10-14,21.6299991607666,21.940000534057617,21.59000015258789,21.84000015258789,21.84000015258789,425200
2009-10-15,21.780000686645508,22.09000015258789,21.690000534057617,21.799999237060547,21.799999237060547,381200
2009-10-16,21.739999771118164,21.93000030517578,20.829999923706055,20.8700008392334,20.8700008392334,588500
2009-10-19,21.0,21.139999389648438,20.729999542236328,21.030000686645508,21.030000686645508,450800
2009-10-20,21.110000610351562,21.5,20.790000915527344,21.040000915527344,21.040000915527344,286000
2009-10-21,21.059999465942383,21.5,20.709999084472656,20.780000686645508,20.780000686645508,270700
2009-10-22,20.690000534057617,20.850000381469727,20.229999542236328,20.559999465942383,20.559999465942383,322100
2009-10-23,20.670000076293945,20.8700008392334,20.079999923706055,20.190000534057617,20.190000534057617,383900
2009-10-26,20.5,21.299999237060547,20.350000381469727,20.770000457763672,20.770000457763672,449200
2009-10-27,20.799999237060547,20.850000381469727,20.040000915527344,20.31999969482422,20.31999969482422,388700
2009-10-28,20.700000762939453,20.940000534057617,19.59000015258789,19.59000015258789,19.59000015258789,1044100
2009-10-29,19.799999237060547,20.25,19.3700008392334,20.149999618530273,20.149999618530273,664400
2009-10-30,19.969999313354492,20.18000030517578,19.649999618530273,19.700000762939453,19.700000762939453,573500
2009-11-02,19.850000381469727,20.43000030517578,19.700000762939453,20.0,20.0,392400
2009-11-03,19.81999969482422,20.690000534057617,19.760000228881836,20.440000534057617,20.440000534057617,309700
2009-11-04,20.459999084472656,20.780000686645508,20.299999237060547,20.549999237060547,20.549999237060547,200500
2009-11-05,20.56999969482422,21.25,20.56999969482422,21.030000686645508,21.030000686645508,332500
2009-11-06,20.829999923706055,21.290000915527344,20.739999771118164,21.239999771118164,21.239999771118164,312500
2009-11-09,21.139999389648438,22.0,21.110000610351562,21.850000381469727,21.850000381469727,316100
2009-11-10,21.649999618530273,21.920000076293945,21.5,21.600000381469727,21.600000381469727,250900
2009-11-11,21.809999465942383,22.100000381469727,21.65999984741211,21.809999465942383,21.809999465942383,240500
2009-11-12,21.709999084472656,21.709999084472656,21.18000030517578,21.25,21.25,377800
2009-11-13,21.31999969482422,21.489999771118164,20.81999969482422,21.329999923706055,21.329999923706055,356700
2009-11-16,22.229999542236328,22.920000076293945,22.010000228881836,22.399999618530273,22.399999618530273,946400
2009-11-17,22.299999237060547,22.469999313354492,21.790000915527344,21.8700008392334,21.8700008392334,526100
2009-11-18,22.0,22.100000381469727,21.719999313354492,22.030000686645508,22.030000686645508,417100
2009-11-19,21.829999923706055,22.059999465942383,21.489999771118164,21.719999313354492,21.719999313354492,528900
2009-11-20,21.540000915527344,21.799999237060547,21.040000915527344,21.31999969482422,21.31999969482422,551600
2009-11-23,21.700000762939453,22.110000610351562,21.350000381469727,21.81999969482422,21.81999969482422,237000
2009-11-24,21.719999313354492,21.81999969482422,21.389999389648438,21.56999969482422,21.56999969482422,304500
2009-11-25,21.579999923706055,21.6200008392334,21.18000030517578,21.280000686645508,21.280000686645508,226800
2009-11-27,20.8700008392334,21.06999969482422,20.549999237060547,20.68000030517578,20.68000030517578,331600
2009-11-30,20.719999313354492,20.899999618530273,20.5,20.799999237060547,20.799999237060547,489600
2009-12-01,21.0,21.280000686645508,20.700000762939453,21.229999542236328,21.229999542236328,650500
2009-12-02,21.299999237060547,21.790000915527344,21.110000610351562,21.239999771118164,21.239999771118164,210300
2009-12-03,21.360000610351562,21.6200008392334,20.989999771118164,21.06999969482422,21.06999969482422,232900
2009-12-04,22.5,22.68000030517578,21.510000228881836,22.329999923706055,22.329999923706055,1029300
2009-12-07,22.389999389648438,22.700000762939453,22.31999969482422,22.649999618530273,22.649999618530273,370900
2009-12-08,22.5,22.739999771118164,22.1200008392334,22.459999084472656,22.459999084472656,225600
2009-12-09,22.40999984741211,22.469999313354492,22.040000915527344,22.399999618530273,22.399999618530273,183000
2009-12-10,22.399999618530273,22.579999923706055,21.950000762939453,22.1299991607666,22.1299991607666,265300
2009-12-11,22.209999084472656,22.729999542236328,22.059999465942383,22.59000015258789,22.59000015258789,393600
2009-12-14,22.6200008392334,22.760000228881836,22.389999389648438,22.549999237060547,22.549999237060547,319100
2009-12-15,22.399999618530273,22.709999084472656,22.329999923706055,22.559999465942383,22.559999465942383,307700
2009-12-16,22.639999389648438,23.0,22.6299991607666,22.860000610351562,22.860000610351562,441500
2009-12-17,22.68000030517578,22.950000762939453,22.209999084472656,22.459999084472656,22.459999084472656,259000
2009-12-18,22.5,22.950000762939453,22.229999542236328,22.899999618530273,22.899999618530273,757300
2009-12-21,22.920000076293945,23.25,22.600000381469727,23.15999984741211,23.15999984741211,378800
2009-12-22,23.239999771118164,23.809999465942383,22.969999313354492,23.520000457763672,23.520000457763672,326200
2009-12-23,23.6299991607666,23.829999923706055,23.270000457763672,23.780000686645508,23.780000686645508,301500
2009-12-24,23.770000457763672,23.899999618530273,23.56999969482422,23.889999389648438,23.889999389648438,50700
2009-12-28,23.899999618530273,23.899999618530273,23.610000610351562,23.790000915527344,23.790000915527344,150300
2009-12-29,23.850000381469727,24.399999618530273,23.65999984741211,24.25,24.25,265100
2009-12-30,24.209999084472656,24.450000762939453,23.899999618530273,24.059999465942383,24.059999465942383,222100
2009-12-31,24.1200008392334,24.360000610351562,23.690000534057617,23.700000762939453,23.700000762939453,205000
2010-01-04,23.940000534057617,24.510000228881836,23.920000076293945,24.239999771118164,24.239999771118164,201700
2010-01-05,24.190000534057617,24.329999923706055,23.719999313354492,23.940000534057617,23.940000534057617,201300
2010-01-06,23.860000610351562,24.100000381469727,23.709999084472656,23.950000762939453,23.950000762939453,222300
2010-01-07,24.010000228881836,24.15999984741211,23.360000610351562,23.889999389648438,23.889999389648438,157500
2010-01-08,23.81999969482422,24.190000534057617,23.559999465942383,23.940000534057617,23.940000534057617,203600
2010-01-11,24.0,24.0,23.479999542236328,23.790000915527344,23.790000915527344,252400
2010-01-12,23.75,23.81999969482422,23.260000228881836,23.459999084472656,23.459999084472656,146100
2010-01-13,23.59000015258789,23.59000015258789,23.280000686645508,23.440000534057617,23.440000534057617,210600
2010-01-14,23.31999969482422,23.719999313354492,23.229999542236328,23.540000915527344,23.540000915527344,115600
2010-01-15,23.649999618530273,23.889999389648438,22.770000457763672,23.489999771118164,23.489999771118164,367300
2010-01-19,23.579999923706055,23.959999084472656,23.260000228881836,23.3700008392334,23.3700008392334,404300
2010-01-20,23.18000030517578,23.290000915527344,22.350000381469727,22.8700008392334,22.8700008392334,322900
2010-01-21,22.81999969482422,23.010000228881836,22.010000228881836,22.229999542236328,22.229999542236328,365200
2010-01-22,22.170000076293945,22.309999465942383,21.229999542236328,21.309999465942383,21.309999465942383,288800
2010-01-25,21.360000610351562,21.760000228881836,20.799999237060547,21.239999771118164,21.239999771118164,348700
2010-01-26,21.1299991607666,21.399999618530273,20.950000762939453,21.260000228881836,21.260000228881836,358100
2010-01-27,21.09000015258789,21.84000015258789,21.059999465942383,21.489999771118164,21.489999771118164,394900
2010-01-28,21.549999237060547,21.690000534057617,21.170000076293945,21.3700008392334,21.3700008392334,373100
2010-01-29,21.420000076293945,21.75,20.950000762939453,21.190000534057617,21.190000534057617,499200
2010-02-01,21.219999313354492,22.200000762939453,21.139999389648438,22.200000762939453,22.200000762939453,458900
2010-02-02,22.260000228881836,22.5,21.84000015258789,21.850000381469727,21.850000381469727,481600
2010-02-03,21.899999618530273,22.469999313354492,21.329999923706055,22.389999389648438,22.389999389648438,540900
2010-02-04,22.360000610351562,22.469999313354492,21.56999969482422,21.6299991607666,21.6299991607666,669900
2010-02-05,21.600000381469727,21.649999618530273,20.420000076293945,20.940000534057617,20.940000534057617,811100
2010-02-08,21.0,21.440000534057617,20.860000610351562,21.350000381469727,21.350000381469727,516600
2010-02-09,21.510000228881836,21.690000534057617,21.25,21.459999084472656,21.459999084472656,316000
2010-02-10,21.399999618530273,21.860000610351562,21.360000610351562,21.860000610351562,21.860000610351562,452600
2010-02-11,21.75,22.329999923706055,21.6200008392334,22.309999465942383,22.309999465942383,394600
2010-02-12,22.100000381469727,22.6299991607666,22.020000457763672,22.6299991607666,22.6299991607666,457200
2010-02-16,22.729999542236328,22.969999313354492,22.360000610351562,22.6299991607666,22.6299991607666,268400
2010-02-17,22.639999389648438,22.829999923706055,22.420000076293945,22.649999618530273,22.649999618530273,190600
2010-02-18,22.56999969482422,22.899999618530273,22.420000076293945,22.889999389648438,22.889999389648438,242700
2010-02-19,22.899999618530273,22.969999313354492,22.639999389648438,22.84000015258789,22.84000015258789,246000
2010-02-22,22.950000762939453,22.969999313354492,22.610000610351562,22.739999771118164,22.739999771118164,206000
2010-02-23,22.600000381469727,22.729999542236328,22.309999465942383,22.389999389648438,22.389999389648438,378600
2010-02-24,22.5,22.760000228881836,22.299999237060547,22.549999237060547,22.549999237060547,189000
2010-02-25,22.299999237060547,22.309999465942383,22.049999237060547,22.15999984741211,22.15999984741211,230800
2010-02-26,22.239999771118164,22.239999771118164,21.829999923706055,21.899999618530273,21.899999618530273,257600
2010-03-01,22.290000915527344,22.290000915527344,21.649999618530273,21.860000610351562,21.860000610351562,616900
2010-03-02,21.829999923706055,22.030000686645508,21.709999084472656,21.760000228881836,21.760000228881836,664300
2010-03-03,21.850000381469727,22.15999984741211,20.899999618530273,21.010000228881836,21.010000228881836,1045500
2010-03-04,21.15999984741211,21.459999084472656,20.81999969482422,21.399999618530273,21.399999618530273,688000
2010-03-05,21.43000030517578,21.799999237060547,21.309999465942383,21.729999542236328,21.729999542236328,588800
2010-03-08,21.780000686645508,22.139999389648438,21.6299991607666,21.920000076293945,21.920000076293945,493000
2010-03-09,21.829999923706055,22.290000915527344,21.809999465942383,22.190000534057617,22.190000534057617,276400
2010-03-10,22.139999389648438,22.350000381469727,22.0,22.350000381469727,22.350000381469727,300200
2010-03-11,22.360000610351562,22.469999313354492,21.93000030517578,22.450000762939453,22.450000762939453,425300
2010-03-12,22.450000762939453,22.6200008392334,22.049999237060547,22.6200008392334,22.6200008392334,457800
2010-03-15,22.639999389648438,22.920000076293945,22.479999542236328,22.520000457763672,22.520000457763672,362000
2010-03-16,22.459999084472656,22.780000686645508,22.40999984741211,22.780000686645508,22.780000686645508,397200
2010-03-17,22.329999923706055,23.280000686645508,21.899999618530273,23.1200008392334,23.1200008392334,834800
2010-03-18,23.010000228881836,23.059999465942383,22.670000076293945,22.700000762939453,22.700000762939453,278800
2010-03-19,22.290000915527344,22.860000610351562,22.09000015258789,22.290000915527344,22.290000915527344,771000
2010-03-22,22.1299991607666,22.729999542236328,21.950000762939453,22.65999984741211,22.65999984741211,366500
2010-03-23,22.600000381469727,22.770000457763672,22.450000762939453,22.559999465942383,22.559999465942383,182400
2010-03-24,22.540000915527344,22.559999465942383,22.040000915527344,22.100000381469727,22.100000381469727,181600
2010-03-25,22.260000228881836,22.260000228881836,21.229999542236328,21.280000686645508,21.280000686645508,576600
2010-03-26,21.389999389648438,21.559999465942383,20.799999237060547,21.229999542236328,21.229999542236328,780500
2010-03-29,21.329999923706055,21.3799991607666,20.5,20.899999618530273,20.899999618530273,846200
2010-03-30,21.0,21.450000762939453,20.899999618530273,21.3799991607666,21.3799991607666,934000
2010-03-31,21.270000457763672,21.670000076293945,21.219999313354492,21.350000381469727,21.350000381469727,667200
2010-04-01,21.389999389648438,21.649999618530273,20.829999923706055,20.850000381469727,20.850000381469727,640800
2010-04-05,20.450000762939453,20.920000076293945,20.389999389648438,20.780000686645508,20.780000686645508,970200
2010-04-06,20.75,20.850000381469727,20.489999771118164,20.780000686645508,20.780000686645508,720700
2010-04-07,20.829999923706055,20.989999771118164,20.579999923706055,20.75,20.75,864400
2010-04-08,20.760000228881836,20.920000076293945,20.530000686645508,20.8700008392334,20.8700008392334,394100
2010-04-09,20.93000030517578,21.06999969482422,20.65999984741211,20.920000076293945,20.920000076293945,773000
2010-04-12,20.920000076293945,21.479999542236328,20.770000457763672,21.43000030517578,21.43000030517578,446900
2010-04-13,21.469999313354492,21.6200008392334,21.1299991607666,21.290000915527344,21.290000915527344,372500
2010-04-14,21.420000076293945,21.899999618530273,21.420000076293945,21.860000610351562,21.860000610351562,255900
2010-04-15,21.780000686645508,21.979999542236328,21.75,21.8799991607666,21.8799991607666,230100
2010-04-16,21.8700008392334,21.979999542236328,21.239999771118164,21.3700008392334,21.3700008392334,402100
2010-04-19,21.260000228881836,21.489999771118164,20.850000381469727,21.31999969482422,21.31999969482422,589100
2010-04-20,21.360000610351562,21.84000015258789,21.360000610351562,21.6200008392334,21.6200008392334,282100
2010-04-21,21.68000030517578,21.799999237060547,21.40999984741211,21.549999237060547,21.549999237060547,355000
2010-04-22,21.309999465942383,21.56999969482422,20.959999084472656,21.559999465942383,21.559999465942383,203600
2010-04-23,21.5,21.5,21.100000381469727,21.270000457763672,21.270000457763672,246900
2010-04-26,21.280000686645508,21.709999084472656,21.270000457763672,21.600000381469727,21.600000381469727,179900
2010-04-27,21.549999237060547,21.920000076293945,21.489999771118164,21.579999923706055,21.579999923706055,306900
2010-04-28,21.6200008392334,21.68000030517578,21.34000015258789,21.5,21.5,343000
2010-04-29,21.559999465942383,22.0,21.440000534057617,21.889999389648438,21.889999389648438,289000
2010-04-30,21.889999389648438,22.0,20.950000762939453,20.989999771118164,20.989999771118164,370800
2010-05-03,20.979999542236328,21.209999084472656,20.68000030517578,20.979999542236328,20.979999542236328,349700
2010-05-04,20.739999771118164,20.989999771118164,20.049999237060547,20.889999389648438,20.889999389648438,615700
2010-05-05,20.65999984741211,20.729999542236328,20.350000381469727,20.40999984741211,20.40999984741211,331500
2010-05-06,20.329999923706055,20.479999542236328,19.0,19.700000762939453,19.700000762939453,558200
2010-05-07,19.6200008392334,19.739999771118164,18.93000030517578,19.290000915527344,19.290000915527344,457800
2010-05-10,20.200000762939453,20.8700008392334,20.200000762939453,20.860000610351562,20.860000610351562,723400
2010-05-11,21.270000457763672,22.799999237060547,21.260000228881836,22.200000762939453,22.200000762939453,1551400
2010-05-12,22.290000915527344,23.209999084472656,22.290000915527344,22.989999771118164,22.989999771118164,1068800
2010-05-13,22.899999618530273,24.040000915527344,22.889999389648438,23.8799991607666,23.8799991607666,1036300
2010-05-14,23.530000686645508,23.739999771118164,23.079999923706055,23.489999771118164,23.489999771118164,859400
2010-05-17,23.65999984741211,23.8700008392334,23.290000915527344,23.829999923706055,23.829999923706055,787000
2010-05-18,23.940000534057617,24.350000381469727,23.8700008392334,23.959999084472656,23.959999084472656,632100
2010-05-19,23.8700008392334,24.030000686645508,23.260000228881836,23.389999389648438,23.389999389648438,363400
2010-05-20,22.969999313354492,23.059999465942383,21.969999313354492,22.030000686645508,22.030000686645508,544900
2010-05-21,21.760000228881836,22.600000381469727,21.5,22.479999542236328,22.479999542236328,564500
2010-05-24,22.540000915527344,22.68000030517578,22.280000686645508,22.31999969482422,22.31999969482422,332000
2010-05-25,21.860000610351562,22.149999618530273,21.530000686645508,22.100000381469727,22.100000381469727,326300
2010-05-26,22.170000076293945,22.6200008392334,21.989999771118164,22.18000030517578,22.18000030517578,311300
2010-05-27,22.559999465942383,22.860000610351562,22.510000228881836,22.770000457763672,22.770000457763672,475600
2010-05-28,22.780000686645508,22.989999771118164,22.520000457763672,22.540000915527344,22.540000915527344,464700
2010-06-01,22.459999084472656,22.65999984741211,22.239999771118164,22.260000228881836,22.260000228881836,438800
2010-06-02,22.420000076293945,23.950000762939453,22.100000381469727,23.399999618530273,23.399999618530273,1731900
2010-06-03,23.549999237060547,23.950000762939453,23.260000228881836,23.610000610351562,23.610000610351562,428900
2010-06-04,23.299999237060547,23.360000610351562,22.0,22.110000610351562,22.110000610351562,551800
2010-06-07,22.229999542236328,22.420000076293945,21.239999771118164,21.309999465942383,21.309999465942383,564400
2010-06-08,21.350000381469727,21.809999465942383,20.690000534057617,21.020000457763672,21.020000457763672,594500
2010-06-09,21.239999771118164,21.549999237060547,20.510000228881836,21.3700008392334,21.3700008392334,509500
2010-06-10,21.709999084472656,21.8700008392334,20.899999618530273,21.639999389648438,21.639999389648438,306800
2010-06-11,21.3700008392334,22.0,21.360000610351562,21.989999771118164,21.989999771118164,266900
2010-06-14,22.079999923706055,22.440000534057617,22.049999237060547,22.280000686645508,22.280000686645508,255700
2010-06-15,22.219999313354492,23.020000457763672,22.06999969482422,22.969999313354492,22.969999313354492,503800
2010-06-16,22.93000030517578,23.209999084472656,22.799999237060547,22.940000534057617,22.940000534057617,371400
2010-06-17,22.940000534057617,23.639999389648438,22.829999923706055,23.450000762939453,23.450000762939453,716600
2010-06-18,23.600000381469727,23.610000610351562,23.1299991607666,23.329999923706055,23.329999923706055,544600
2010-06-21,23.700000762939453,23.940000534057617,23.43000030517578,23.6299991607666,23.6299991607666,454700
2010-06-22,23.6299991607666,23.959999084472656,23.139999389648438,23.239999771118164,23.239999771118164,527900
2010-06-23,23.229999542236328,23.440000534057617,22.280000686645508,22.43000030517578,22.43000030517578,382600
2010-06-24,22.360000610351562,22.360000610351562,21.690000534057617,21.770000457763672,21.770000457763672,491600
2010-06-25,21.790000915527344,21.84000015258789,20.959999084472656,21.75,21.75,1038900
2010-06-28,21.670000076293945,22.610000610351562,21.489999771118164,22.530000686645508,22.530000686645508,492200
2010-06-29,22.280000686645508,22.450000762939453,21.760000228881836,22.0,22.0,498100
2010-06-30,22.06999969482422,22.979999542236328,22.020000457763672,22.5,22.5,601500
2010-07-01,22.479999542236328,22.920000076293945,22.190000534057617,22.690000534057617,22.690000534057617,888500
2010-07-02,22.84000015258789,22.850000381469727,22.260000228881836,22.709999084472656,22.709999084472656,864100
2010-07-06,22.90999984741211,23.56999969482422,22.190000534057617,22.25,22.25,910500
2010-07-07,22.100000381469727,23.040000915527344,22.059999465942383,22.8700008392334,22.8700008392334,952600
2010-07-08,23.1299991607666,23.18000030517578,22.559999465942383,23.09000015258789,23.09000015258789,494100
2010-07-09,23.1200008392334,23.399999618530273,22.010000228881836,23.389999389648438,23.389999389648438,293600
2010-07-12,23.389999389648438,23.709999084472656,23.260000228881836,23.469999313354492,23.469999313354492,384800
2010-07-13,17.479999542236328,19.0,17.25,18.350000381469727,18.350000381469727,7559000
2010-07-14,18.43000030517578,18.75,17.959999084472656,18.600000381469727,18.600000381469727,1482100
2010-07-15,18.559999465942383,18.760000228881836,18.209999084472656,18.469999313354492,18.469999313354492,710200
2010-07-16,18.299999237060547,18.530000686645508,18.020000457763672,18.139999389648438,18.139999389648438,1008900
2010-07-19,18.110000610351562,18.209999084472656,17.920000076293945,18.100000381469727,18.100000381469727,870800
2010-07-20,17.920000076293945,18.1299991607666,17.850000381469727,18.020000457763672,18.020000457763672,1248600
2010-07-21,18.079999923706055,18.280000686645508,17.780000686645508,17.799999237060547,17.799999237060547,513500
2010-07-22,18.06999969482422,18.5,18.059999465942383,18.3799991607666,18.3799991607666,603500
2010-07-23,18.25,18.799999237060547,17.8799991607666,18.770000457763672,18.770000457763672,723100
2010-07-26,18.829999923706055,19.5,18.6200008392334,19.34000015258789,19.34000015258789,490100
2010-07-27,19.520000457763672,19.739999771118164,19.209999084472656,19.540000915527344,19.540000915527344,399200
2010-07-28,19.479999542236328,19.690000534057617,18.950000762939453,19.020000457763672,19.020000457763672,240600
2010-07-29,19.190000534057617,19.190000534057617,18.280000686645508,18.469999313354492,18.469999313354492,506800
2010-07-30,18.200000762939453,18.790000915527344,17.860000610351562,18.520000457763672,18.520000457763672,900600
2010-08-02,18.799999237060547,19.229999542236328,18.799999237060547,19.06999969482422,19.06999969482422,430700
2010-08-03,19.059999465942383,19.850000381469727,18.700000762939453,19.600000381469727,19.600000381469727,674500
2010-08-04,19.719999313354492,20.360000610351562,19.549999237060547,20.1200008392334,20.1200008392334,468600
2010-08-05,20.040000915527344,20.040000915527344,19.6200008392334,19.84000015258789,19.84000015258789,530500
2010-08-06,19.59000015258789,19.899999618530273,19.309999465942383,19.829999923706055,19.829999923706055,550400
2010-08-09,20.0,20.559999465942383,19.899999618530273,20.440000534057617,20.440000534057617,1035100
2010-08-10,20.290000915527344,20.399999618530273,19.989999771118164,20.219999313354492,20.219999313354492,533200
2010-08-11,19.90999984741211,20.030000686645508,19.690000534057617,19.780000686645508,19.780000686645508,733800
2010-08-12,19.510000228881836,19.829999923706055,19.329999923706055,19.649999618530273,19.649999618530273,639000
2010-08-13,19.649999618530273,19.649999618530273,19.200000762939453,19.25,19.25,366400
2010-08-16,21.010000228881836,21.799999237060547,18.780000686645508,19.65999984741211,19.65999984741211,1450000
2010-08-17,19.729999542236328,20.420000076293945,19.469999313354492,20.3799991607666,20.3799991607666,966900
2010-08-18,20.299999237060547,21.229999542236328,20.100000381469727,21.079999923706055,21.079999923706055,694100
2010-08-19,20.950000762939453,21.489999771118164,20.760000228881836,20.850000381469727,20.850000381469727,641300
2010-08-20,20.8700008392334,20.93000030517578,20.6299991607666,20.790000915527344,20.790000915527344,485900
2010-08-23,21.639999389648438,23.989999771118164,21.600000381469727,23.649999618530273,23.649999618530273,3125800
2010-08-24,23.270000457763672,24.3799991607666,23.260000228881836,24.0,24.0,1829700
2010-08-25,23.739999771118164,24.270000457763672,23.09000015258789,24.139999389648438,24.139999389648438,610400
2010-08-26,24.1299991607666,24.34000015258789,23.649999618530273,24.15999984741211,24.15999984741211,683600
2010-08-27,24.399999618530273,25.6299991607666,24.399999618530273,25.5,25.5,1351400
2010-08-30,25.389999389648438,25.770000457763672,24.350000381469727,24.389999389648438,24.389999389648438,533200
2010-08-31,24.450000762939453,24.889999389648438,23.93000030517578,24.549999237060547,24.549999237060547,517100
2010-09-01,24.829999923706055,25.0,24.600000381469727,24.81999969482422,24.81999969482422,411100
2010-09-02,24.700000762939453,26.8799991607666,24.700000762939453,26.110000610351562,26.110000610351562,1736600
2010-09-03,26.579999923706055,26.850000381469727,25.18000030517578,25.860000610351562,25.860000610351562,757600
2010-09-07,24.81999969482422,26.079999923706055,24.709999084472656,25.520000457763672,25.520000457763672,725400
2010-09-08,25.65999984741211,26.510000228881836,25.579999923706055,26.5,26.5,910600
2010-09-09,26.75,26.75,25.979999542236328,26.34000015258789,26.34000015258789,468100
2010-09-10,26.350000381469727,27.270000457763672,26.06999969482422,26.850000381469727,26.850000381469727,675400
2010-09-13,27.110000610351562,27.139999389648438,26.770000457763672,27.010000228881836,27.010000228881836,375400
2010-09-14,26.920000076293945,27.5,26.920000076293945,27.020000457763672,27.020000457763672,369200
2010-09-15,26.8700008392334,26.969999313354492,26.1200008392334,26.190000534057617,26.190000534057617,763900
2010-09-16,26.100000381469727,26.15999984741211,25.719999313354492,25.8799991607666,25.8799991607666,503900
2010-09-17,25.850000381469727,27.440000534057617,25.6200008392334,27.010000228881836,27.010000228881836,1314300
2010-09-20,27.309999465942383,28.489999771118164,27.010000228881836,28.030000686645508,28.030000686645508,899400
2010-09-21,28.0,28.260000228881836,27.530000686645508,27.610000610351562,27.610000610351562,433400
2010-09-22,27.459999084472656,27.59000015258789,26.90999984741211,27.5,27.5,533600
2010-09-23,27.200000762939453,27.829999923706055,26.940000534057617,27.059999465942383,27.059999465942383,355200
2010-09-24,27.43000030517578,27.899999618530273,27.299999237060547,27.799999237060547,27.799999237060547,314500
2010-09-27,27.719999313354492,27.799999237060547,27.059999465942383,27.1299991607666,27.1299991607666,813200
2010-09-28,27.059999465942383,27.149999618530273,26.209999084472656,26.649999618530273,26.649999618530273,607900
2010-09-29,26.469999313354492,27.31999969482422,26.40999984741211,27.110000610351562,27.110000610351562,548500
2010-09-30,27.290000915527344,27.43000030517578,25.920000076293945,26.030000686645508,26.030000686645508,505500
2010-10-01,26.209999084472656,26.6200008392334,25.81999969482422,26.610000610351562,26.610000610351562,561400
2010-10-04,26.770000457763672,27.68000030517578,26.420000076293945,26.459999084472656,26.459999084472656,791600
2010-10-05,26.709999084472656,27.959999084472656,26.5,27.690000534057617,27.690000534057617,625000
2010-10-06,27.610000610351562,27.690000534057617,25.059999465942383,25.59000015258789,25.59000015258789,1265600
2010-10-07,25.84000015258789,26.0,24.579999923706055,25.510000228881836,25.510000228881836,614400
2010-10-08,25.59000015258789,25.860000610351562,25.469999313354492,25.59000015258789,25.59000015258789,446700
2010-10-11,25.5,26.31999969482422,25.0,26.100000381469727,26.100000381469727,365800
2010-10-12,25.989999771118164,27.030000686645508,25.770000457763672,26.670000076293945,26.670000076293945,286000
2010-10-13,26.729999542236328,27.43000030517578,26.700000762939453,26.829999923706055,26.829999923706055,365900
2010-10-14,26.760000228881836,27.530000686645508,26.450000762939453,27.31999969482422,27.31999969482422,283500
2010-10-15,27.75,27.75,26.75,27.15999984741211,27.15999984741211,373500
2010-10-18,27.209999084472656,27.969999313354492,27.139999389648438,27.520000457763672,27.520000457763672,249600
2010-10-19,27.100000381469727,27.100000381469727,26.09000015258789,26.420000076293945,26.420000076293945,447000
2010-10-20,26.600000381469727,27.239999771118164,25.670000076293945,26.850000381469727,26.850000381469727,225400
2010-10-21,27.020000457763672,27.59000015258789,26.549999237060547,26.860000610351562,26.860000610351562,199900
2010-10-22,26.459999084472656,28.059999465942383,26.459999084472656,27.969999313354492,27.969999313354492,500100
2010-10-25,28.100000381469727,28.450000762939453,27.899999618530273,28.209999084472656,28.209999084472656,244100
2010-10-26,28.020000457763672,29.899999618530273,27.790000915527344,29.200000762939453,29.200000762939453,1359800
2010-10-27,29.200000762939453,29.850000381469727,28.899999618530273,29.190000534057617,29.190000534057617,602700
2010-10-28,29.899999618530273,29.899999618530273,28.799999237060547,28.93000030517578,28.93000030517578,522300
2010-10-29,28.93000030517578,29.200000762939453,28.850000381469727,28.93000030517578,28.93000030517578,363700
2010-11-01,29.139999389648438,29.489999771118164,28.149999618530273,28.709999084472656,28.709999084472656,887000
2010-11-02,29.15999984741211,29.290000915527344,27.56999969482422,29.190000534057617,29.190000534057617,903500
2010-11-03,29.18000030517578,29.350000381469727,28.700000762939453,28.920000076293945,28.920000076293945,565600
2010-11-04,29.440000534057617,30.520000457763672,29.280000686645508,30.399999618530273,30.399999618530273,973800
2010-11-05,29.809999465942383,30.399999618530273,29.809999465942383,30.200000762939453,30.200000762939453,598300
2010-11-08,30.280000686645508,31.0,30.149999618530273,30.6200008392334,30.6200008392334,340900
2010-11-09,30.790000915527344,31.100000381469727,30.420000076293945,30.59000015258789,30.59000015258789,413800
2010-11-10,30.700000762939453,30.799999237060547,30.149999618530273,30.799999237060547,30.799999237060547,376000
2010-11-11,30.0,30.0,29.329999923706055,29.84000015258789,29.84000015258789,378100
2010-11-12,29.520000457763672,29.899999618530273,29.0,29.1200008392334,29.1200008392334,219500
2010-11-15,29.959999084472656,30.43000030517578,29.5,29.8700008392334,29.8700008392334,447300
2010-11-16,29.579999923706055,29.969999313354492,29.170000076293945,29.329999923706055,29.329999923706055,417400
2010-11-17,29.31999969482422,29.68000030517578,28.43000030517578,28.90999984741211,28.90999984741211,497500
2010-11-18,29.280000686645508,29.75,29.09000015258789,29.549999237060547,29.549999237060547,369300
2010-11-19,29.540000915527344,30.200000762939453,29.239999771118164,29.90999984741211,29.90999984741211,432200
2010-11-22,29.719999313354492,30.149999618530273,28.899999618530273,29.540000915527344,29.540000915527344,295400
2010-11-23,28.979999542236328,29.229999542236328,28.209999084472656,28.989999771118164,28.989999771118164,269600
2010-11-24,29.15999984741211,29.93000030517578,29.15999984741211,29.809999465942383,29.809999465942383,387500
2010-11-26,29.549999237060547,30.149999618530273,29.40999984741211,29.90999984741211,29.90999984741211,111400
2010-11-29,29.639999389648438,29.780000686645508,28.90999984741211,29.479999542236328,29.479999542236328,173500
2010-11-30,29.170000076293945,29.5,28.790000915527344,29.1299991607666,29.1299991607666,270900
2010-12-01,29.329999923706055,30.1200008392334,29.329999923706055,29.59000015258789,29.59000015258789,430900
2010-12-02,29.5,29.760000228881836,29.010000228881836,29.729999542236328,29.729999542236328,261900
2010-12-03,29.530000686645508,29.760000228881836,29.290000915527344,29.489999771118164,29.489999771118164,853300
2010-12-06,29.479999542236328,31.18000030517578,29.3799991607666,31.010000228881836,31.010000228881836,894100
2010-12-07,31.309999465942383,31.860000610351562,30.600000381469727,30.969999313354492,30.969999313354492,566700
2010-12-08,31.010000228881836,31.239999771118164,30.549999237060547,31.1299991607666,31.1299991607666,390700
2010-12-09,29.549999237060547,30.5,29.260000228881836,30.31999969482422,30.31999969482422,943800
2010-12-10,30.360000610351562,31.8700008392334,30.360000610351562,31.40999984741211,31.40999984741211,370100
2010-12-13,31.459999084472656,31.459999084472656,30.549999237060547,30.93000030517578,30.93000030517578,690700
2010-12-14,31.040000915527344,31.270000457763672,30.6299991607666,30.860000610351562,30.860000610351562,421400
2010-12-15,30.65999984741211,30.90999984741211,30.219999313354492,30.329999923706055,30.329999923706055,425800
2010-12-16,30.450000762939453,30.530000686645508,29.559999465942383,30.020000457763672,30.020000457763672,563600
2010-12-17,30.0,30.229999542236328,29.59000015258789,30.100000381469727,30.100000381469727,744000
2010-12-20,30.1299991607666,30.459999084472656,29.780000686645508,29.850000381469727,29.850000381469727,294200
2010-12-21,30.06999969482422,30.270000457763672,29.610000610351562,29.940000534057617,29.940000534057617,344200
2010-12-22,29.93000030517578,30.010000228881836,29.030000686645508,29.25,29.25,349900
2010-12-23,29.149999618530273,29.440000534057617,28.729999542236328,29.3700008392334,29.3700008392334,347100
2010-12-27,29.3700008392334,29.600000381469727,29.030000686645508,29.200000762939453,29.200000762939453,157900
2010-12-28,29.219999313354492,29.270000457763672,28.549999237060547,28.68000030517578,28.68000030517578,329100
2010-12-29,28.799999237060547,29.020000457763672,28.56999969482422,28.850000381469727,28.850000381469727,301800
2010-12-30,28.889999389648438,29.260000228881836,28.829999923706055,29.100000381469727,29.100000381469727,193300
2010-12-31,29.100000381469727,29.25,28.6200008392334,28.6200008392334,28.6200008392334,416600
2011-01-03,28.850000381469727,29.690000534057617,28.799999237060547,29.479999542236328,29.479999542236328,417900
2011-01-04,29.739999771118164,30.030000686645508,28.989999771118164,29.450000762939453,29.450000762939453,392200
2011-01-05,29.329999923706055,30.6299991607666,29.040000915527344,30.610000610351562,30.610000610351562,412600
2011-01-06,30.670000076293945,31.030000686645508,30.469999313354492,30.6200008392334,30.6200008392334,251800
2011-01-07,30.719999313354492,30.829999923706055,29.739999771118164,30.149999618530273,30.149999618530273,366200
2011-01-10,29.950000762939453,30.260000228881836,29.34000015258789,30.139999389648438,30.139999389648438,233000
2011-01-11,30.149999618530273,30.579999923706055,29.90999984741211,30.0,30.0,188000
2011-01-12,30.25,30.690000534057617,29.610000610351562,29.81999969482422,29.81999969482422,367400
2011-01-13,29.860000610351562,30.81999969482422,29.860000610351562,30.260000228881836,30.260000228881836,235200
2011-01-14,30.25,30.989999771118164,30.010000228881836,30.950000762939453,30.950000762939453,241100
2011-01-18,30.770000457763672,31.469999313354492,30.770000457763672,31.290000915527344,31.290000915527344,293000
2011-01-19,31.15999984741211,31.31999969482422,30.790000915527344,30.84000015258789,30.84000015258789,306200
2011-01-20,30.329999923706055,30.329999923706055,29.100000381469727,29.520000457763672,29.520000457763672,582600
2011-01-21,29.780000686645508,30.239999771118164,29.510000228881836,29.520000457763672,29.520000457763672,472900
2011-01-24,29.5,29.93000030517578,29.290000915527344,29.489999771118164,29.489999771118164,385400
2011-01-25,29.360000610351562,29.469999313354492,28.559999465942383,28.93000030517578,28.93000030517578,501200
2011-01-26,28.950000762939453,30.219999313354492,28.760000228881836,30.010000228881836,30.010000228881836,347200
2011-01-27,29.969999313354492,30.65999984741211,29.670000076293945,30.350000381469727,30.350000381469727,282600
2011-01-28,30.469999313354492,30.950000762939453,29.649999618530273,29.899999618530273,29.899999618530273,446700
2011-01-31,29.920000076293945,30.989999771118164,29.420000076293945,30.889999389648438,30.889999389648438,801800
2011-02-01,31.200000762939453,32.5,30.93000030517578,32.18000030517578,32.18000030517578,1141600
2011-02-02,30.739999771118164,33.209999084472656,30.739999771118164,33.08000183105469,33.08000183105469,695900
2011-02-03,33.099998474121094,33.91999816894531,32.939998626708984,33.52000045776367,33.52000045776367,485600
2011-02-04,33.31999969482422,33.880001068115234,32.900001525878906,33.72999954223633,33.72999954223633,513500
2011-02-07,33.689998626708984,34.54999923706055,33.63999938964844,34.16999816894531,34.16999816894531,463000
2011-02-08,34.09000015258789,34.27000045776367,33.68000030517578,34.20000076293945,34.20000076293945,212600
2011-02-09,33.939998626708984,34.18000030517578,33.68000030517578,34.11000061035156,34.11000061035156,255300
2011-02-10,33.790000915527344,36.04999923706055,33.060001373291016,36.029998779296875,36.029998779296875,988200
2011-02-11,35.7599983215332,39.93000030517578,35.720001220703125,38.5099983215332,38.5099983215332,1929300
2011-02-14,38.34000015258789,38.970001220703125,36.81999969482422,37.9900016784668,37.9900016784668,901000
2011-02-15,37.630001068115234,37.81999969482422,36.79999923706055,37.22999954223633,37.22999954223633,464800
2011-02-16,36.779998779296875,37.0,35.810001373291016,36.77000045776367,36.77000045776367,918500
2011-02-17,36.599998474121094,36.83000183105469,36.13999938964844,36.33000183105469,36.33000183105469,456700
2011-02-18,36.59000015258789,38.380001068115234,36.59000015258789,37.66999816894531,37.66999816894531,749600
2011-02-22,37.58000183105469,37.59000015258789,34.79999923706055,34.91999816894531,34.91999816894531,642000
2011-02-23,34.810001373291016,34.84000015258789,33.810001373291016,34.02000045776367,34.02000045776367,841800
2011-02-24,33.970001220703125,34.34000015258789,33.04999923706055,34.310001373291016,34.310001373291016,781600
2011-02-25,34.47999954223633,35.91999816894531,34.47999954223633,35.25,35.25,644400
2011-02-28,35.54999923706055,36.540000915527344,35.22999954223633,36.529998779296875,36.529998779296875,556800
2011-03-01,36.77000045776367,36.95000076293945,34.529998779296875,34.720001220703125,34.720001220703125,435300
2011-03-02,34.83000183105469,35.20000076293945,34.2400016784668,34.7400016784668,34.7400016784668,270100
2011-03-03,35.09000015258789,35.56999969482422,34.90999984741211,35.369998931884766,35.369998931884766,376900
2011-03-04,35.540000915527344,36.65999984741211,35.0099983215332,36.47999954223633,36.47999954223633,458000
2011-03-07,36.59000015258789,36.59000015258789,34.66999816894531,34.93000030517578,34.93000030517578,550000
2011-03-08,35.029998779296875,36.22999954223633,34.540000915527344,36.0099983215332,36.0099983215332,369800
2011-03-09,36.02000045776367,36.58000183105469,35.400001525878906,36.40999984741211,36.40999984741211,518600
2011-03-10,35.810001373291016,36.20000076293945,34.65999984741211,34.72999954223633,34.72999954223633,394800
2011-03-11,34.68000030517578,35.93000030517578,34.599998474121094,35.599998474121094,35.599998474121094,377100
2011-03-14,35.13999938964844,36.2599983215332,34.93000030517578,35.439998626708984,35.439998626708984,287900
2011-03-15,33.75,35.279998779296875,33.20000076293945,34.97999954223633,34.97999954223633,389000
2011-03-16,35.09000015258789,35.7599983215332,34.54999923706055,34.97999954223633,34.97999954223633,503200
2011-03-17,35.849998474121094,35.900001525878906,34.599998474121094,34.81999969482422,34.81999969482422,343100
2011-03-18,35.31999969482422,35.810001373291016,35.040000915527344,35.5099983215332,35.5099983215332,502600
2011-03-21,36.029998779296875,36.689998626708984,36.029998779296875,36.650001525878906,36.650001525878906,281600
2011-03-22,36.66999816894531,37.310001373291016,36.13999938964844,36.970001220703125,36.970001220703125,409500
2011-03-23,36.75,38.650001525878906,36.4900016784668,38.529998779296875,38.529998779296875,740800
2011-03-24,38.65999984741211,39.869998931884766,37.689998626708984,39.459999084472656,39.459999084472656,883700
2011-03-25,39.4900016784668,40.0,39.0,39.15999984741211,39.15999984741211,478500
2011-03-28,39.56999969482422,39.97999954223633,38.369998931884766,38.47999954223633,38.47999954223633,296100
2011-03-29,38.439998626708984,40.349998474121094,38.119998931884766,39.959999084472656,39.959999084472656,632200
2011-03-30,40.4900016784668,40.959999084472656,40.08000183105469,40.939998626708984,40.939998626708984,306000
2011-03-31,40.939998626708984,41.04999923706055,39.540000915527344,39.880001068115234,39.880001068115234,680200
2011-04-01,40.0,40.9900016784668,39.95000076293945,40.290000915527344,40.290000915527344,274200
2011-04-04,39.900001525878906,40.290000915527344,39.36000061035156,39.709999084472656,39.709999084472656,536100
2011-04-05,39.619998931884766,39.709999084472656,38.93000030517578,38.9900016784668,38.9900016784668,646800
2011-04-06,38.25,39.0,37.540000915527344,37.849998474121094,37.849998474121094,752600
2011-04-07,38.11000061035156,39.119998931884766,38.0,38.2400016784668,38.2400016784668,603700
2011-04-08,38.56999969482422,39.2400016784668,37.959999084472656,38.189998626708984,38.189998626708984,267600
2011-04-11,38.4900016784668,40.099998474121094,38.380001068115234,39.04999923706055,39.04999923706055,457600
2011-04-12,38.650001525878906,38.86000061035156,37.90999984741211,37.939998626708984,37.939998626708984,268800
2011-04-13,38.310001373291016,39.470001220703125,38.2599983215332,38.7400016784668,38.7400016784668,390000
2011-04-14,38.380001068115234,39.09000015258789,38.040000915527344,38.54999923706055,38.54999923706055,336600
2011-04-15,38.43000030517578,39.45000076293945,37.849998474121094,39.40999984741211,39.40999984741211,309400
2011-04-18,36.91999816894531,37.900001525878906,36.470001220703125,36.9900016784668,36.9900016784668,1084700
2011-04-19,36.63999938964844,37.150001525878906,36.33000183105469,36.779998779296875,36.779998779296875,423300
2011-04-20,37.31999969482422,38.0,37.209999084472656,37.58000183105469,37.58000183105469,368500
2011-04-21,38.08000183105469,38.099998474121094,37.16999816894531,37.75,37.75,350800
2011-04-25,37.65999984741211,38.06999969482422,37.36000061035156,37.959999084472656,37.959999084472656,207100
2011-04-26,37.83000183105469,38.2599983215332,37.58000183105469,37.779998779296875,37.779998779296875,186700
2011-04-27,37.77000045776367,38.61000061035156,37.54999923706055,38.5099983215332,38.5099983215332,221200
2011-04-28,38.369998931884766,39.290000915527344,38.369998931884766,39.040000915527344,39.040000915527344,220700
2011-04-29,39.2400016784668,39.72999954223633,38.689998626708984,39.38999938964844,39.38999938964844,243000
2011-05-02,39.630001068115234,39.68000030517578,39.040000915527344,39.18000030517578,39.18000030517578,428300
2011-05-03,38.970001220703125,39.720001220703125,37.7400016784668,38.040000915527344,38.040000915527344,468600
2011-05-04,38.130001068115234,38.18000030517578,36.61000061035156,36.880001068115234,36.880001068115234,542200
2011-05-05,36.720001220703125,37.5,36.31999969482422,36.470001220703125,36.470001220703125,462600
2011-05-06,37.029998779296875,37.36000061035156,36.33000183105469,36.56999969482422,36.56999969482422,396500
2011-05-09,35.290000915527344,36.970001220703125,35.099998474121094,36.66999816894531,36.66999816894531,952900
2011-05-10,38.810001373291016,40.9900016784668,38.41999816894531,39.2400016784668,39.2400016784668,1916600
2011-05-11,38.88999938964844,39.33000183105469,37.79999923706055,39.20000076293945,39.20000076293945,871800
2011-05-12,39.09000015258789,39.77000045776367,38.630001068115234,39.5099983215332,39.5099983215332,441000
2011-05-13,38.68000030517578,39.5099983215332,38.2400016784668,38.599998474121094,38.599998474121094,516700
2011-05-16,38.290000915527344,39.2599983215332,37.4900016784668,37.5,37.5,544400
2011-05-17,37.220001220703125,37.880001068115234,36.630001068115234,37.20000076293945,37.20000076293945,521400
2011-05-18,37.29999923706055,38.91999816894531,37.11000061035156,38.41999816894531,38.41999816894531,497600
2011-05-19,38.599998474121094,39.36000061035156,38.130001068115234,38.7599983215332,38.7599983215332,358000
2011-05-20,38.45000076293945,39.150001525878906,38.0,38.65999984741211,38.65999984741211,286200
2011-05-23,37.88999938964844,38.36000061035156,37.400001525878906,37.779998779296875,37.779998779296875,307000
2011-05-24,37.75,38.630001068115234,36.90999984741211,37.099998474121094,37.099998474121094,406600
2011-05-25,36.95000076293945,38.2599983215332,36.65999984741211,38.09000015258789,38.09000015258789,443300
2011-05-26,37.83000183105469,38.84000015258789,37.08000183105469,38.70000076293945,38.70000076293945,390500
2011-05-27,38.939998626708984,41.189998626708984,38.810001373291016,41.130001068115234,41.130001068115234,765300
2011-05-31,41.66999816894531,41.970001220703125,40.849998474121094,41.34000015258789,41.34000015258789,1032500
2011-06-01,41.290000915527344,42.29999923706055,40.470001220703125,40.720001220703125,40.720001220703125,775000
2011-06-02,41.0,41.540000915527344,40.77000045776367,41.040000915527344,41.040000915527344,387300
2011-06-03,40.2400016784668,40.91999816894531,39.939998626708984,40.290000915527344,40.290000915527344,492200
2011-06-06,40.40999984741211,40.650001525878906,39.88999938964844,39.88999938964844,39.88999938964844,397800
2011-06-07,40.290000915527344,40.720001220703125,39.869998931884766,40.15999984741211,40.15999984741211,257500
2011-06-08,39.93000030517578,40.29999923706055,39.09000015258789,39.16999816894531,39.16999816894531,663500
2011-06-09,39.369998931884766,39.68000030517578,38.70000076293945,39.40999984741211,39.40999984741211,486100
2011-06-10,39.0099983215332,39.91999816894531,38.45000076293945,38.81999969482422,38.81999969482422,270700
2011-06-13,39.119998931884766,39.31999969482422,37.75,37.91999816894531,37.91999816894531,549200
2011-06-14,38.290000915527344,39.06999969482422,37.84000015258789,38.220001220703125,38.220001220703125,445900
2011-06-15,37.5099983215332,38.209999084472656,36.599998474121094,36.65999984741211,36.65999984741211,597900
2011-06-16,36.7599983215332,37.349998474121094,36.33000183105469,36.88999938964844,36.88999938964844,720000
2011-06-17,37.11000061035156,37.70000076293945,36.77000045776367,37.279998779296875,37.279998779296875,629000
2011-06-20,37.40999984741211,39.970001220703125,37.31999969482422,39.959999084472656,39.959999084472656,882500
2011-06-21,40.150001525878906,41.599998474121094,40.099998474121094,41.52000045776367,41.52000045776367,579200
2011-06-22,41.18000030517578,42.040000915527344,40.7599983215332,41.59000015258789,41.59000015258789,541100
2011-06-23,41.029998779296875,41.560001373291016,40.810001373291016,41.33000183105469,41.33000183105469,503700
2011-06-24,41.310001373291016,41.720001220703125,40.52000045776367,41.22999954223633,41.22999954223633,494300
2011-06-27,41.380001068115234,42.7599983215332,40.880001068115234,42.27000045776367,42.27000045776367,381700
2011-06-28,42.45000076293945,43.939998626708984,42.130001068115234,43.650001525878906,43.650001525878906,759600
2011-06-29,43.880001068115234,43.880001068115234,43.130001068115234,43.650001525878906,43.650001525878906,366800
2011-06-30,43.709999084472656,44.900001525878906,43.189998626708984,44.45000076293945,44.45000076293945,480500
2011-07-01,44.5,45.0,43.849998474121094,44.66999816894531,44.66999816894531,490800
2011-07-05,44.27000045776367,46.7400016784668,44.27000045776367,46.599998474121094,46.599998474121094,676000
2011-07-06,46.310001373291016,47.060001373291016,45.880001068115234,46.650001525878906,46.650001525878906,582900
2011-07-07,47.189998626708984,47.560001373291016,46.90999984741211,47.060001373291016,47.060001373291016,632500
2011-07-08,46.02000045776367,46.439998626708984,45.54999923706055,46.040000915527344,46.040000915527344,585400
2011-07-11,45.38999938964844,46.150001525878906,44.369998931884766,44.63999938964844,44.63999938964844,381900
2011-07-12,44.5,44.5,42.79999923706055,43.0,43.0,854000
2011-07-13,43.40999984741211,44.52000045776367,43.0,44.0,44.0,541600
2011-07-14,44.0099983215332,44.369998931884766,42.91999816894531,43.29999923706055,43.29999923706055,341200
2011-07-15,43.369998931884766,44.08000183105469,43.209999084472656,44.0,44.0,396000
2011-07-18,43.63999938964844,44.29999923706055,43.0,43.54999923706055,43.54999923706055,359600
2011-07-19,44.04999923706055,45.38999938964844,43.93000030517578,44.86000061035156,44.86000061035156,288400
2011-07-20,44.91999816894531,45.0,42.310001373291016,42.88999938964844,42.88999938964844,551500
2011-07-21,43.04999923706055,43.209999084472656,40.650001525878906,40.81999969482422,40.81999969482422,978100
2011-07-22,40.849998474121094,42.11000061035156,40.66999816894531,41.65999984741211,41.65999984741211,520000
2011-07-25,41.15999984741211,42.22999954223633,40.900001525878906,41.25,41.25,415900
2011-07-26,41.11000061035156,41.66999816894531,40.70000076293945,41.209999084472656,41.209999084472656,410400
2011-07-27,40.83000183105469,40.83000183105469,39.2599983215332,39.36000061035156,39.36000061035156,555000
2011-07-28,39.56999969482422,39.75,38.779998779296875,38.900001525878906,38.900001525878906,587000
2011-07-29,38.5099983215332,39.209999084472656,38.0,38.720001220703125,38.720001220703125,577700
2011-08-01,39.220001220703125,39.72999954223633,38.060001373291016,38.7400016784668,38.7400016784668,1093700
2011-08-02,40.900001525878906,43.18000030517578,39.970001220703125,41.15999984741211,41.15999984741211,2646900
2011-08-03,41.43000030517578,43.16999816894531,41.20000076293945,43.04999923706055,43.04999923706055,946700
2011-08-04,42.27000045776367,42.880001068115234,40.470001220703125,40.5,40.5,820700
2011-08-05,41.0,41.630001068115234,38.380001068115234,40.209999084472656,40.209999084472656,1538000
2011-08-08,38.70000076293945,39.97999954223633,36.869998931884766,37.150001525878906,37.150001525878906,1184200
2011-08-09,38.09000015258789,40.310001373291016,36.84000015258789,40.189998626708984,40.189998626708984,997800
2011-08-10,38.91999816894531,40.04999923706055,38.25,38.45000076293945,38.45000076293945,764200
2011-08-11,38.849998474121094,41.70000076293945,38.56999969482422,41.130001068115234,41.130001068115234,1214300
2011-08-12,41.709999084472656,41.7400016784668,40.34000015258789,40.849998474121094,40.849998474121094,576300
2011-08-15,41.09000015258789,41.75,40.119998931884766,41.099998474121094,41.099998474121094,396000
2011-08-16,40.65999984741211,40.95000076293945,38.439998626708984,38.90999984741211,38.90999984741211,580900
2011-08-17,39.060001373291016,39.2400016784668,37.720001220703125,38.40999984741211,38.40999984741211,762800
2011-08-18,36.0,36.599998474121094,32.279998779296875,32.56999969482422,32.56999969482422,1796300
2011-08-19,32.209999084472656,32.93000030517578,31.1200008392334,31.6200008392334,31.6200008392334,1307700
2011-08-22,32.18000030517578,32.63999938964844,30.979999542236328,31.219999313354492,31.219999313354492,764900
2011-08-23,31.420000076293945,32.83000183105469,30.969999313354492,32.709999084472656,32.709999084472656,1283900
2011-08-24,32.81999969482422,33.540000915527344,32.369998931884766,33.43000030517578,33.43000030517578,527900
2011-08-25,33.619998931884766,34.630001068115234,32.02000045776367,32.150001525878906,32.150001525878906,369000
2011-08-26,31.81999969482422,33.560001373291016,31.600000381469727,33.41999816894531,33.41999816894531,423800
2011-08-29,33.869998931884766,34.59000015258789,33.52000045776367,34.58000183105469,34.58000183105469,362800
2011-08-30,34.31999969482422,34.81999969482422,33.849998474121094,34.27000045776367,34.27000045776367,468200
2011-08-31,34.56999969482422,35.029998779296875,33.4900016784668,33.90999984741211,33.90999984741211,608000
2011-09-01,34.11000061035156,35.0,33.939998626708984,34.540000915527344,34.540000915527344,743500
2011-09-02,33.61000061035156,33.95000076293945,32.18000030517578,32.380001068115234,32.380001068115234,431200
2011-09-06,31.219999313354492,32.599998474121094,30.969999313354492,32.540000915527344,32.540000915527344,618600
2011-09-07,33.06999969482422,35.0,32.790000915527344,34.58000183105469,34.58000183105469,818300
2011-09-08,34.2599983215332,34.34000015258789,32.41999816894531,32.630001068115234,32.630001068115234,780300
2011-09-09,32.27000045776367,32.779998779296875,31.799999237060547,32.08000183105469,32.08000183105469,640600
2011-09-12,31.510000228881836,32.38999938964844,31.209999084472656,32.18000030517578,32.18000030517578,664500
2011-09-13,32.400001525878906,34.5099983215332,32.060001373291016,33.970001220703125,33.970001220703125,634500
2011-09-14,34.31999969482422,35.88999938964844,33.06999969482422,35.34000015258789,35.34000015258789,727500
2011-09-15,35.400001525878906,36.20000076293945,35.31999969482422,35.70000076293945,35.70000076293945,573400
2011-09-16,35.959999084472656,36.11000061035156,35.52000045776367,36.11000061035156,36.11000061035156,597000
2011-09-19,35.34000015258789,36.709999084472656,34.790000915527344,36.2400016784668,36.2400016784668,552100
2011-09-20,36.349998474121094,36.790000915527344,35.97999954223633,36.36000061035156,36.36000061035156,689600
2011-09-21,36.400001525878906,38.5,36.38999938964844,36.900001525878906,36.900001525878906,882500
2011-09-22,35.540000915527344,36.75,34.93000030517578,35.70000076293945,35.70000076293945,662800
2011-09-23,35.689998626708984,36.54999923706055,35.29999923706055,36.5,36.5,456700
2011-09-26,36.959999084472656,38.68000030517578,36.63999938964844,38.599998474121094,38.599998474121094,666700
2011-09-27,39.70000076293945,41.0,39.40999984741211,39.779998779296875,39.779998779296875,898200
2011-09-28,39.790000915527344,39.880001068115234,38.970001220703125,38.970001220703125,38.970001220703125,497000
2011-09-29,40.099998474121094,40.22999954223633,36.84000015258789,38.33000183105469,38.33000183105469,664300
2011-09-30,37.7400016784668,38.84000015258789,37.0099983215332,37.060001373291016,37.060001373291016,571900
2011-10-03,37.02000045776367,37.4900016784668,34.41999816894531,34.65999984741211,34.65999984741211,754400
2011-10-04,33.66999816894531,36.400001525878906,33.66999816894531,36.27000045776367,36.27000045776367,883400
2011-10-05,36.22999954223633,37.02000045776367,35.0,36.900001525878906,36.900001525878906,585400
2011-10-06,37.20000076293945,38.36000061035156,36.7599983215332,38.189998626708984,38.189998626708984,525400
2011-10-07,38.290000915527344,39.540000915527344,37.63999938964844,38.689998626708984,38.689998626708984,658200
2011-10-10,39.279998779296875,40.380001068115234,38.9900016784668,40.36000061035156,40.36000061035156,605200
2011-10-11,40.02000045776367,41.18000030517578,39.93000030517578,40.529998779296875,40.529998779296875,643100
2011-10-12,40.9900016784668,41.45000076293945,39.90999984741211,40.83000183105469,40.83000183105469,312300
2011-10-13,40.54999923706055,41.959999084472656,39.900001525878906,41.54999923706055,41.54999923706055,328000
2011-10-14,41.900001525878906,42.0,41.22999954223633,41.79999923706055,41.79999923706055,416500
2011-10-17,41.130001068115234,41.709999084472656,40.65999984741211,40.91999816894531,40.91999816894531,334500
2011-10-18,40.54999923706055,41.900001525878906,39.279998779296875,41.66999816894531,41.66999816894531,743800
2011-10-19,41.72999954223633,41.88999938964844,39.59000015258789,39.79999923706055,39.79999923706055,440700
2011-10-20,39.709999084472656,40.529998779296875,38.9900016784668,39.880001068115234,39.880001068115234,488900
2011-10-21,40.619998931884766,40.619998931884766,38.9900016784668,40.38999938964844,40.38999938964844,291000
2011-10-24,40.5099983215332,42.9900016784668,40.5099983215332,42.75,42.75,608600
2011-10-25,42.45000076293945,42.900001525878906,41.45000076293945,41.470001220703125,41.470001220703125,316700
2011-10-26,42.08000183105469,42.75,41.099998474121094,42.560001373291016,42.560001373291016,507300
2011-10-27,43.279998779296875,44.7400016784668,43.220001220703125,43.900001525878906,43.900001525878906,548600
2011-10-28,43.459999084472656,44.79999923706055,43.459999084472656,44.29999923706055,44.29999923706055,319300
2011-10-31,43.86000061035156,44.02000045776367,42.5099983215332,42.58000183105469,42.58000183105469,652600
2011-11-01,42.099998474121094,45.0,42.099998474121094,44.779998779296875,44.779998779296875,1476800
2011-11-02,45.0,45.75,43.720001220703125,44.779998779296875,44.779998779296875,963900
2011-11-03,45.36000061035156,46.310001373291016,44.0099983215332,45.79999923706055,45.79999923706055,731800
2011-11-04,45.0,47.36000061035156,44.88999938964844,46.279998779296875,46.279998779296875,1105000
2011-11-07,46.41999816894531,46.709999084472656,45.18000030517578,46.5,46.5,374500
2011-11-08,47.220001220703125,47.810001373291016,45.7599983215332,47.650001525878906,47.650001525878906,514500
2011-11-09,46.36000061035156,47.43000030517578,45.97999954223633,46.290000915527344,46.290000915527344,550000
2011-11-10,46.95000076293945,47.13999938964844,45.33000183105469,46.68000030517578,46.68000030517578,419600
2011-11-11,47.0,47.95000076293945,46.7400016784668,47.779998779296875,47.779998779296875,465300
2011-11-14,47.36000061035156,49.02000045776367,47.29999923706055,48.779998779296875,48.779998779296875,669000
2011-11-15,48.88999938964844,50.0,48.599998474121094,49.900001525878906,49.900001525878906,540300
2011-11-16,49.27000045776367,50.0,48.54999923706055,48.61000061035156,48.61000061035156,398300
2011-11-17,49.20000076293945,49.45000076293945,46.63999938964844,47.349998474121094,47.349998474121094,448100
2011-11-18,47.2400016784668,47.349998474121094,44.93000030517578,45.66999816894531,45.66999816894531,652400
2011-11-21,44.7599983215332,45.83000183105469,44.45000076293945,45.66999816894531,45.66999816894531,353600
2011-11-22,45.5,46.11000061035156,44.15999984741211,44.88999938964844,44.88999938964844,206100
2011-11-23,44.4900016784668,44.63999938964844,43.27000045776367,43.79999923706055,43.79999923706055,273600
2011-11-25,43.5099983215332,44.599998474121094,43.45000076293945,43.810001373291016,43.810001373291016,108700
2011-11-28,45.20000076293945,47.720001220703125,45.02000045776367,47.4900016784668,47.4900016784668,604800
2011-11-29,47.75,48.13999938964844,47.150001525878906,47.470001220703125,47.470001220703125,447500
2011-11-30,49.16999816894531,49.869998931884766,48.810001373291016,49.630001068115234,49.630001068115234,731700
2011-12-01,49.380001068115234,49.95000076293945,48.970001220703125,49.41999816894531,49.41999816894531,357800
2011-12-02,49.939998626708984,50.0,49.5,49.70000076293945,49.70000076293945,378200
2011-12-05,50.0,50.900001525878906,49.84000015258789,50.540000915527344,50.540000915527344,597200
2011-12-06,50.38999938964844,50.68000030517578,48.970001220703125,49.119998931884766,49.119998931884766,399800
2011-12-07,48.7599983215332,49.130001068115234,47.54999923706055,48.13999938964844,48.13999938964844,423700
2011-12-08,47.63999938964844,48.81999969482422,47.47999954223633,48.0,48.0,249300
2011-12-09,48.220001220703125,49.470001220703125,47.5,49.18000030517578,49.18000030517578,406800
2011-12-12,48.36000061035156,48.900001525878906,47.040000915527344,47.959999084472656,47.959999084472656,286900
2011-12-13,48.2400016784668,48.939998626708984,46.63999938964844,46.84000015258789,46.84000015258789,358600
2011-12-14,46.33000183105469,46.41999816894531,44.54999923706055,45.04999923706055,45.04999923706055,359200
2011-12-15,45.349998474121094,45.4900016784668,44.0099983215332,45.04999923706055,45.04999923706055,339800
2011-12-16,45.5099983215332,47.59000015258789,45.130001068115234,46.880001068115234,46.880001068115234,603600
2011-12-19,47.130001068115234,47.36000061035156,45.439998626708984,45.650001525878906,45.650001525878906,309200
2011-12-20,46.45000076293945,47.2400016784668,45.900001525878906,46.31999969482422,46.31999969482422,506300
2011-12-21,46.02000045776367,46.220001220703125,36.880001068115234,40.38999938964844,40.38999938964844,4507500
2011-12-22,40.81999969482422,42.0,40.45000076293945,40.95000076293945,40.95000076293945,734800
2011-12-23,41.0,41.4900016784668,40.70000076293945,41.2599983215332,41.2599983215332,283200
2011-12-27,42.66999816894531,43.54999923706055,41.93000030517578,43.099998474121094,43.099998474121094,557500
2011-12-28,42.79999923706055,43.369998931884766,42.310001373291016,42.90999984741211,42.90999984741211,553100
2011-12-29,42.970001220703125,43.599998474121094,42.7599983215332,43.36000061035156,43.36000061035156,411700
2011-12-30,43.20000076293945,43.4900016784668,42.310001373291016,42.720001220703125,42.720001220703125,365200
2012-01-03,43.97999954223633,44.38999938964844,42.869998931884766,42.93000030517578,42.93000030517578,433400
2012-01-04,42.439998626708984,43.630001068115234,42.0,43.540000915527344,43.540000915527344,574700
2012-01-05,43.34000015258789,45.27000045776367,42.540000915527344,45.13999938964844,45.13999938964844,800000
2012-01-06,44.939998626708984,45.61000061035156,44.59000015258789,45.40999984741211,45.40999984741211,375100
2012-01-09,45.72999954223633,46.470001220703125,45.20000076293945,45.869998931884766,45.869998931884766,420100
2012-01-10,46.72999954223633,47.369998931884766,45.90999984741211,46.599998474121094,46.599998474121094,506000
2012-01-11,46.41999816894531,47.4900016784668,45.7400016784668,46.29999923706055,46.29999923706055,246500
2012-01-12,46.59000015258789,46.70000076293945,45.88999938964844,46.459999084472656,46.459999084472656,191800
2012-01-13,46.08000183105469,46.380001068115234,45.439998626708984,45.84000015258789,45.84000015258789,421600
2012-01-17,45.959999084472656,47.11000061035156,45.959999084472656,46.38999938964844,46.38999938964844,300000
2012-01-18,45.810001373291016,47.41999816894531,45.810001373291016,47.41999816894531,47.41999816894531,381200
2012-01-19,47.79999923706055,48.43000030517578,47.279998779296875,47.310001373291016,47.310001373291016,320000
2012-01-20,47.5,48.72999954223633,47.349998474121094,48.06999969482422,48.06999969482422,437900
2012-01-23,47.869998931884766,48.63999938964844,47.279998779296875,47.47999954223633,47.47999954223633,298100
2012-01-24,47.5,48.91999816894531,47.5,48.72999954223633,48.72999954223633,279200
2012-01-25,49.06999969482422,49.939998626708984,48.66999816894531,49.540000915527344,49.540000915527344,277500
2012-01-26,49.66999816894531,49.97999954223633,47.560001373291016,48.040000915527344,48.040000915527344,496100
2012-01-27,47.709999084472656,48.84000015258789,47.45000076293945,48.83000183105469,48.83000183105469,395600
2012-01-30,48.2400016784668,48.65999984741211,47.45000076293945,47.97999954223633,47.97999954223633,403200
2012-01-31,48.43000030517578,48.47999954223633,46.84000015258789,47.0,47.0,763700
2012-02-01,46.77000045776367,51.72999954223633,44.0,51.0,51.0,2383800
2012-02-02,51.09000015258789,52.70000076293945,50.84000015258789,51.459999084472656,51.459999084472656,939800
2012-02-03,51.66999816894531,52.79999923706055,50.70000076293945,52.279998779296875,52.279998779296875,525400
2012-02-06,51.209999084472656,51.41999816894531,50.34000015258789,50.810001373291016,50.810001373291016,674700
2012-02-07,50.88999938964844,52.099998474121094,50.66999816894531,51.91999816894531,51.91999816894531,346700
2012-02-08,52.189998626708984,53.0,51.630001068115234,53.0,53.0,509000
2012-02-09,53.0,55.15999984741211,52.689998626708984,54.33000183105469,54.33000183105469,560800
2012-02-10,53.540000915527344,53.880001068115234,52.970001220703125,53.650001525878906,53.650001525878906,348900
2012-02-13,54.150001525878906,54.31999969482422,53.40999984741211,53.810001373291016,53.810001373291016,313000
2012-02-14,53.400001525878906,54.150001525878906,53.400001525878906,54.0099983215332,54.0099983215332,325500
2012-02-15,54.15999984741211,54.599998474121094,53.4900016784668,53.970001220703125,53.970001220703125,516800
2012-02-16,53.869998931884766,54.70000076293945,53.84000015258789,54.4900016784668,54.4900016784668,541900
2012-02-17,54.63999938964844,54.970001220703125,53.97999954223633,54.709999084472656,54.709999084472656,393200
2012-02-21,54.470001220703125,54.93000030517578,53.099998474121094,53.619998931884766,53.619998931884766,248100
2012-02-22,53.84000015258789,55.220001220703125,53.400001525878906,54.22999954223633,54.22999954223633,295200
2012-02-23,54.220001220703125,54.86000061035156,53.689998626708984,54.400001525878906,54.400001525878906,274200
2012-02-24,51.189998626708984,52.720001220703125,49.75,52.25,52.25,1507900
2012-02-27,52.119998931884766,53.81999969482422,51.810001373291016,53.18000030517578,53.18000030517578,372500
2012-02-28,53.22999954223633,53.97999954223633,51.54999923706055,51.88999938964844,51.88999938964844,502800
2012-02-29,52.13999938964844,53.06999969482422,51.56999969482422,51.56999969482422,51.56999969482422,573200
2012-03-01,51.7599983215332,53.43000030517578,51.16999816894531,52.47999954223633,52.47999954223633,334300
2012-03-02,52.459999084472656,52.470001220703125,50.439998626708984,50.9900016784668,50.9900016784668,520100
2012-03-05,50.84000015258789,51.45000076293945,50.45000076293945,50.95000076293945,50.95000076293945,422200
2012-03-06,50.59000015258789,50.810001373291016,49.599998474121094,50.34000015258789,50.34000015258789,395500
2012-03-07,50.68000030517578,51.2400016784668,50.16999816894531,50.18000030517578,50.18000030517578,264900
2012-03-08,50.79999923706055,52.119998931884766,50.70000076293945,51.380001068115234,51.380001068115234,311600
2012-03-09,51.5,52.119998931884766,51.25,51.5,51.5,336900
2012-03-12,51.5,51.68000030517578,50.27000045776367,50.560001373291016,50.560001373291016,322200
2012-03-13,50.25,51.880001068115234,50.2400016784668,51.79999923706055,51.79999923706055,444400
2012-03-14,51.91999816894531,52.70000076293945,51.029998779296875,51.25,51.25,221300
2012-03-15,51.060001373291016,52.13999938964844,50.65999984741211,51.36000061035156,51.36000061035156,400200
2012-03-16,51.529998779296875,51.529998779296875,50.5099983215332,50.5099983215332,50.5099983215332,415500
2012-03-19,50.34000015258789,51.52000045776367,50.04999923706055,50.91999816894531,50.91999816894531,265600
2012-03-20,50.52000045776367,51.099998474121094,49.90999984741211,50.560001373291016,50.560001373291016,209600
2012-03-21,50.56999969482422,52.08000183105469,50.029998779296875,51.709999084472656,51.709999084472656,331800
2012-03-22,51.2400016784668,51.52000045776367,50.560001373291016,50.70000076293945,50.70000076293945,264700
2012-03-23,50.630001068115234,51.689998626708984,50.09000015258789,51.22999954223633,51.22999954223633,291000
2012-03-26,51.619998931884766,52.630001068115234,51.619998931884766,52.630001068115234,52.630001068115234,392000
2012-03-27,52.540000915527344,52.66999816894531,51.70000076293945,51.709999084472656,51.709999084472656,287300
2012-03-28,51.59000015258789,51.59000015258789,49.220001220703125,49.5,49.5,676400
2012-03-29,49.40999984741211,49.56999969482422,48.88999938964844,49.279998779296875,49.279998779296875,707200
2012-03-30,49.79999923706055,50.0,48.060001373291016,49.63999938964844,49.63999938964844,525600
2012-04-02,49.529998779296875,50.43000030517578,49.040000915527344,50.0099983215332,50.0099983215332,545600
2012-04-03,49.5,51.18000030517578,49.5,51.04999923706055,51.04999923706055,442700
2012-04-04,50.400001525878906,50.61000061035156,49.56999969482422,50.29999923706055,50.29999923706055,469800
2012-04-05,49.91999816894531,50.689998626708984,49.79999923706055,50.619998931884766,50.619998931884766,223200
2012-04-09,49.61000061035156,50.15999984741211,48.5,49.9900016784668,49.9900016784668,409500
2012-04-10,49.880001068115234,50.27000045776367,49.70000076293945,49.880001068115234,49.880001068115234,709300
2012-04-11,50.38999938964844,50.900001525878906,49.43000030517578,50.599998474121094,50.599998474121094,406300
2012-04-12,50.70000076293945,51.75,50.540000915527344,51.599998474121094,51.599998474121094,317000
2012-04-13,51.310001373291016,53.08000183105469,50.84000015258789,52.88999938964844,52.88999938964844,786000
2012-04-16,52.93000030517578,53.279998779296875,52.36000061035156,52.779998779296875,52.779998779296875,626700
2012-04-17,52.720001220703125,53.90999984741211,52.720001220703125,53.380001068115234,53.380001068115234,281000
2012-04-18,53.25,54.16999816894531,52.790000915527344,53.880001068115234,53.880001068115234,447900
2012-04-19,53.97999954223633,54.9900016784668,53.439998626708984,54.06999969482422,54.06999969482422,571700
2012-04-20,55.400001525878906,55.41999816894531,53.939998626708984,54.11000061035156,54.11000061035156,636700
2012-04-23,53.31999969482422,54.09000015258789,51.779998779296875,53.099998474121094,53.099998474121094,402000
2012-04-24,52.93000030517578,53.04999923706055,49.810001373291016,50.0,50.0,756800
2012-04-25,50.95000076293945,52.029998779296875,50.54999923706055,51.22999954223633,51.22999954223633,520700
2012-04-26,51.33000183105469,52.310001373291016,51.25,52.04999923706055,52.04999923706055,375300
2012-04-27,52.27000045776367,53.2599983215332,51.40999984741211,52.560001373291016,52.560001373291016,288000
2012-04-30,52.66999816894531,52.66999816894531,52.0,52.06999969482422,52.06999969482422,245400
2012-05-01,52.029998779296875,53.4900016784668,51.02000045776367,53.220001220703125,53.220001220703125,465700
2012-05-02,52.7400016784668,53.79999923706055,52.54999923706055,53.72999954223633,53.72999954223633,352600
2012-05-03,53.720001220703125,53.900001525878906,52.33000183105469,52.7400016784668,52.7400016784668,274600
2012-05-04,52.43000030517578,52.43000030517578,51.2599983215332,51.41999816894531,51.41999816894531,382500
2012-05-07,51.27000045776367,51.689998626708984,50.43000030517578,50.720001220703125,50.720001220703125,505700
2012-05-08,55.279998779296875,55.4900016784668,49.810001373291016,54.130001068115234,54.130001068115234,1625700
2012-05-09,53.709999084472656,55.16999816894531,52.81999969482422,54.43000030517578,54.43000030517578,738800
2012-05-10,54.709999084472656,54.790000915527344,52.4900016784668,53.45000076293945,53.45000076293945,493000
2012-05-11,52.83000183105469,53.7599983215332,52.77000045776367,52.900001525878906,52.900001525878906,567500
2012-05-14,52.20000076293945,53.22999954223633,51.97999954223633,52.7599983215332,52.7599983215332,505000
2012-05-15,52.439998626708984,54.4900016784668,52.439998626708984,53.540000915527344,53.540000915527344,443800
2012-05-16,53.59000015258789,53.72999954223633,51.630001068115234,52.279998779296875,52.279998779296875,265000
2012-05-17,52.130001068115234,52.599998474121094,50.939998626708984,51.27000045776367,51.27000045776367,221300
2012-05-18,50.97999954223633,51.7400016784668,50.470001220703125,50.97999954223633,50.97999954223633,479000
2012-05-21,50.93000030517578,53.08000183105469,50.0,52.939998626708984,52.939998626708984,898100
2012-05-22,52.77000045776367,53.90999984741211,52.52000045776367,53.54999923706055,53.54999923706055,323100
2012-05-23,52.91999816894531,53.630001068115234,51.58000183105469,53.529998779296875,53.529998779296875,397000
2012-05-24,53.4900016784668,53.5099983215332,49.36000061035156,50.0099983215332,50.0099983215332,889700
2012-05-25,49.84000015258789,49.84000015258789,47.290000915527344,47.970001220703125,47.970001220703125,1269500
2012-05-29,48.2400016784668,49.029998779296875,47.56999969482422,48.29999923706055,48.29999923706055,398400
2012-05-30,47.439998626708984,47.810001373291016,46.849998474121094,47.040000915527344,47.040000915527344,442900
2012-05-31,46.90999984741211,47.43000030517578,45.939998626708984,46.869998931884766,46.869998931884766,516600
2012-06-01,45.68000030517578,46.439998626708984,45.189998626708984,45.77000045776367,45.77000045776367,478500
2012-06-04,45.83000183105469,46.380001068115234,45.099998474121094,46.0099983215332,46.0099983215332,432100
2012-06-05,45.720001220703125,46.90999984741211,45.47999954223633,46.650001525878906,46.650001525878906,358200
2012-06-06,46.83000183105469,49.650001525878906,46.83000183105469,48.849998474121094,48.849998474121094,677000
2012-06-07,49.619998931884766,49.970001220703125,47.45000076293945,47.540000915527344,47.540000915527344,369700
2012-06-08,47.43000030517578,48.38999938964844,46.72999954223633,48.2400016784668,48.2400016784668,296300
2012-06-11,48.79999923706055,48.939998626708984,47.02000045776367,47.09000015258789,47.09000015258789,372300
2012-06-12,47.310001373291016,47.61000061035156,46.119998931884766,47.04999923706055,47.04999923706055,367600
2012-06-13,46.84000015258789,47.83000183105469,45.63999938964844,45.709999084472656,45.709999084472656,535900
2012-06-14,45.9900016784668,45.9900016784668,43.119998931884766,43.70000076293945,43.70000076293945,1636800
2012-06-15,43.40999984741211,45.11000061035156,43.130001068115234,44.56999969482422,44.56999969482422,1152500
2012-06-18,44.18000030517578,46.060001373291016,43.47999954223633,45.75,45.75,814300
2012-06-19,46.20000076293945,47.459999084472656,46.029998779296875,46.029998779296875,46.029998779296875,553100
2012-06-20,45.83000183105469,46.77000045776367,45.630001068115234,45.83000183105469,45.83000183105469,326800
2012-06-21,45.86000061035156,45.86000061035156,43.97999954223633,44.22999954223633,44.22999954223633,243800
2012-06-22,44.63999938964844,46.290000915527344,44.630001068115234,46.119998931884766,46.119998931884766,667200
2012-06-25,45.900001525878906,46.15999984741211,44.380001068115234,44.83000183105469,44.83000183105469,385300
2012-06-26,44.779998779296875,45.720001220703125,44.4900016784668,45.47999954223633,45.47999954223633,274100
2012-06-27,46.209999084472656,47.2400016784668,45.709999084472656,47.20000076293945,47.20000076293945,493400
2012-06-28,46.72999954223633,47.040000915527344,45.33000183105469,46.61000061035156,46.61000061035156,589600
2012-06-29,47.33000183105469,49.650001525878906,47.290000915527344,49.56999969482422,49.56999969482422,655800
2012-07-02,49.4900016784668,49.4900016784668,48.29999923706055,49.33000183105469,49.33000183105469,452100
2012-07-03,48.66999816894531,50.029998779296875,48.65999984741211,49.91999816894531,49.91999816894531,163400
2012-07-05,49.75,50.40999984741211,48.869998931884766,48.95000076293945,48.95000076293945,499800
2012-07-06,47.91999816894531,47.93000030517578,44.9900016784668,45.459999084472656,45.459999084472656,851900
2012-07-09,44.88999938964844,45.25,42.20000076293945,42.470001220703125,42.470001220703125,1253400
2012-07-10,42.79999923706055,43.16999816894531,39.40999984741211,39.66999816894531,39.66999816894531,1710100
2012-07-11,39.66999816894531,39.86000061035156,38.5099983215332,39.20000076293945,39.20000076293945,1119600
2012-07-12,39.11000061035156,40.79999923706055,39.060001373291016,40.65999984741211,40.65999984741211,1523000
2012-07-13,40.650001525878906,40.95000076293945,40.43000030517578,40.619998931884766,40.619998931884766,470500
2012-07-16,40.619998931884766,40.849998474121094,39.95000076293945,40.560001373291016,40.560001373291016,430800
2012-07-17,39.95000076293945,41.31999969482422,39.939998626708984,41.20000076293945,41.20000076293945,760600
2012-07-18,41.34000015258789,43.58000183105469,41.34000015258789,43.5099983215332,43.5099983215332,794400
2012-07-19,43.720001220703125,45.7599983215332,42.83000183105469,45.599998474121094,45.599998474121094,1074600
2012-07-20,44.869998931884766,45.25,43.61000061035156,43.720001220703125,43.720001220703125,586400
2012-07-23,42.720001220703125,43.47999954223633,42.27000045776367,43.349998474121094,43.349998474121094,336500
2012-07-24,43.220001220703125,43.31999969482422,42.2599983215332,42.529998779296875,42.529998779296875,339200
2012-07-25,42.790000915527344,43.56999969482422,42.34000015258789,43.220001220703125,43.220001220703125,292600
2012-07-26,44.13999938964844,45.25,43.81999969482422,44.939998626708984,44.939998626708984,445500
2012-07-27,44.9900016784668,47.290000915527344,44.900001525878906,47.06999969482422,47.06999969482422,713300
2012-07-30,46.959999084472656,47.029998779296875,44.939998626708984,45.380001068115234,45.380001068115234,1183300
2012-07-31,49.880001068115234,52.220001220703125,48.20000076293945,48.52000045776367,48.52000045776367,2036400
2012-08-01,48.9900016784668,49.45000076293945,47.88999938964844,48.59000015258789,48.59000015258789,719300
2012-08-02,48.310001373291016,49.11000061035156,47.70000076293945,48.779998779296875,48.779998779296875,541200
2012-08-03,49.43000030517578,52.369998931884766,49.08000183105469,51.45000076293945,51.45000076293945,1009900
2012-08-06,51.380001068115234,53.5099983215332,51.13999938964844,52.650001525878906,52.650001525878906,630000
2012-08-07,52.810001373291016,53.77000045776367,52.34000015258789,53.36000061035156,53.36000061035156,589200
2012-08-08,53.349998474121094,53.79999923706055,52.61000061035156,52.7599983215332,52.7599983215332,384900
2012-08-09,52.720001220703125,53.310001373291016,52.439998626708984,52.63999938964844,52.63999938964844,484900
2012-08-10,52.68000030517578,53.099998474121094,52.08000183105469,53.0,53.0,478100
2012-08-13,52.689998626708984,53.06999969482422,52.08000183105469,52.720001220703125,52.720001220703125,247600
2012-08-14,51.91999816894531,52.31999969482422,49.380001068115234,49.47999954223633,49.47999954223633,1259400
2012-08-15,49.4900016784668,50.689998626708984,49.380001068115234,50.529998779296875,50.529998779296875,678200
2012-08-16,50.290000915527344,51.41999816894531,50.290000915527344,51.27000045776367,51.27000045776367,309400
2012-08-17,51.27000045776367,52.75,51.2599983215332,52.54999923706055,52.54999923706055,355100
2012-08-20,52.56999969482422,52.70000076293945,51.04999923706055,52.02000045776367,52.02000045776367,262000
2012-08-21,52.040000915527344,52.43000030517578,50.70000076293945,50.93000030517578,50.93000030517578,302700
2012-08-22,50.91999816894531,50.91999816894531,49.56999969482422,50.41999816894531,50.41999816894531,542000
2012-08-23,50.4900016784668,51.029998779296875,50.06999969482422,50.68000030517578,50.68000030517578,256100
2012-08-24,50.439998626708984,51.709999084472656,50.119998931884766,51.5,51.5,244000
2012-08-27,51.81999969482422,52.099998474121094,51.2599983215332,51.90999984741211,51.90999984741211,296400
2012-08-28,51.689998626708984,52.279998779296875,51.41999816894531,51.72999954223633,51.72999954223633,515100
2012-08-29,51.68000030517578,51.91999816894531,51.2599983215332,51.29999923706055,51.29999923706055,297800
2012-08-30,51.11000061035156,51.11000061035156,50.34000015258789,50.52000045776367,50.52000045776367,332400
2012-08-31,51.09000015258789,51.09000015258789,49.869998931884766,50.41999816894531,50.41999816894531,200000
2012-09-04,50.459999084472656,53.65999984741211,50.459999084472656,53.34000015258789,53.34000015258789,628000
2012-09-05,52.91999816894531,53.47999954223633,51.95000076293945,52.0,52.0,777700
2012-09-06,52.47999954223633,53.66999816894531,52.34000015258789,52.5099983215332,52.5099983215332,411800
2012-09-07,52.79999923706055,53.290000915527344,52.290000915527344,52.810001373291016,52.810001373291016,249200
2012-09-10,52.61000061035156,53.25,52.189998626708984,53.060001373291016,53.060001373291016,218700
2012-09-11,53.0,54.099998474121094,52.470001220703125,53.84000015258789,53.84000015258789,332400
2012-09-12,54.0,55.459999084472656,53.70000076293945,54.369998931884766,54.369998931884766,1007600
2012-09-13,54.40999984741211,56.689998626708984,54.279998779296875,56.45000076293945,56.45000076293945,696600
2012-09-14,56.47999954223633,59.2400016784668,56.439998626708984,58.25,58.25,694400
2012-09-17,57.779998779296875,57.9900016784668,56.86000061035156,57.2400016784668,57.2400016784668,165700
2012-09-18,57.0,57.0,55.90999984741211,56.70000076293945,56.70000076293945,240500
2012-09-19,56.52000045776367,56.83000183105469,55.59000015258789,56.34000015258789,56.34000015258789,270600
2012-09-20,56.06999969482422,56.599998474121094,55.5,56.470001220703125,56.470001220703125,200200
2012-09-21,57.41999816894531,58.720001220703125,56.65999984741211,57.16999816894531,57.16999816894531,835900
2012-09-24,56.869998931884766,57.41999816894531,55.7599983215332,56.150001525878906,56.150001525878906,384800
2012-09-25,56.470001220703125,57.27000045776367,55.54999923706055,55.810001373291016,55.810001373291016,374100
2012-09-26,55.849998474121094,55.95000076293945,54.43000030517578,55.09000015258789,55.09000015258789,400900
2012-09-27,55.5099983215332,59.38999938964844,55.06999969482422,59.310001373291016,59.310001373291016,769000
2012-09-28,58.900001525878906,59.59000015258789,58.52000045776367,58.65999984741211,58.65999984741211,565600
2012-10-01,58.02000045776367,58.15999984741211,56.400001525878906,57.560001373291016,57.560001373291016,673200
2012-10-02,57.2400016784668,57.709999084472656,55.4900016784668,56.619998931884766,56.619998931884766,782900
2012-10-03,56.880001068115234,59.0,56.58000183105469,58.310001373291016,58.310001373291016,637500
2012-10-04,56.290000915527344,58.56999969482422,55.70000076293945,58.099998474121094,58.099998474121094,459500
2012-10-05,58.529998779296875,59.060001373291016,57.15999984741211,57.279998779296875,57.279998779296875,241100
2012-10-08,56.86000061035156,57.4900016784668,56.189998626708984,56.58000183105469,56.58000183105469,267100
2012-10-09,56.47999954223633,56.47999954223633,54.90999984741211,55.459999084472656,55.459999084472656,499900
2012-10-10,55.720001220703125,56.75,55.66999816894531,56.540000915527344,56.540000915527344,363600
2012-10-11,57.189998626708984,57.65999984741211,56.38999938964844,56.56999969482422,56.56999969482422,164200
2012-10-12,56.56999969482422,57.13999938964844,55.77000045776367,57.04999923706055,57.04999923706055,221600
2012-10-15,57.099998474121094,57.630001068115234,56.36000061035156,57.040000915527344,57.040000915527344,272100
2012-10-16,55.7400016784668,59.4900016784668,55.7400016784668,58.540000915527344,58.540000915527344,547400
2012-10-17,58.2400016784668,58.2400016784668,56.970001220703125,57.84000015258789,57.84000015258789,502200
2012-10-18,57.599998474121094,57.970001220703125,56.91999816894531,56.93000030517578,56.93000030517578,296500
2012-10-19,56.33000183105469,57.060001373291016,54.939998626708984,55.77000045776367,55.77000045776367,368500
2012-10-22,55.79999923706055,57.20000076293945,55.790000915527344,57.099998474121094,57.099998474121094,312000
2012-10-23,56.33000183105469,56.779998779296875,55.880001068115234,56.54999923706055,56.54999923706055,384400
2012-10-24,57.0099983215332,57.16999816894531,55.02000045776367,55.5,55.5,415800
2012-10-25,56.18000030517578,56.369998931884766,53.279998779296875,53.40999984741211,53.40999984741211,693900
2012-10-26,53.58000183105469,54.060001373291016,52.84000015258789,53.470001220703125,53.470001220703125,558900
2012-10-31,57.599998474121094,66.0,57.189998626708984,62.369998931884766,62.369998931884766,2867700
2012-11-01,62.470001220703125,65.58999633789062,62.470001220703125,65.13999938964844,65.13999938964844,891700
2012-11-02,65.13999938964844,65.98999786376953,63.29999923706055,65.7300033569336,65.7300033569336,1052200
2012-11-05,65.5,65.7300033569336,64.66000366210938,65.18000030517578,65.18000030517578,434000
2012-11-06,65.20999908447266,66.62000274658203,65.20999908447266,65.76000213623047,65.76000213623047,510300
2012-11-07,64.58000183105469,65.01000213623047,62.790000915527344,63.040000915527344,63.040000915527344,393800
2012-11-08,62.779998779296875,63.279998779296875,61.77000045776367,61.77000045776367,61.77000045776367,260800
2012-11-09,61.54999923706055,63.43000030517578,61.20000076293945,62.029998779296875,62.029998779296875,357400
2012-11-12,62.66999816894531,63.599998474121094,61.939998626708984,62.79999923706055,62.79999923706055,289300
2012-11-13,61.83000183105469,63.290000915527344,61.11000061035156,62.599998474121094,62.599998474121094,236000
2012-11-14,64.0199966430664,64.0199966430664,60.779998779296875,60.849998474121094,60.849998474121094,216100
2012-11-15,60.70000076293945,61.33000183105469,60.310001373291016,60.630001068115234,60.630001068115234,454800
2012-11-16,60.52000045776367,62.849998474121094,59.900001525878906,62.56999969482422,62.56999969482422,821400
2012-11-19,63.5,64.94999694824219,63.33000183105469,64.55999755859375,64.55999755859375,481400
2012-11-20,64.18000030517578,64.58000183105469,62.689998626708984,63.0,63.0,353800
2012-11-21,63.119998931884766,63.91999816894531,62.630001068115234,63.2400016784668,63.2400016784668,182200
2012-11-23,63.400001525878906,63.7400016784668,62.709999084472656,63.33000183105469,63.33000183105469,91100
2012-11-26,64.06999969482422,67.69000244140625,63.869998931884766,66.95999908447266,66.95999908447266,1199700
2012-11-27,67.16999816894531,67.41000366210938,65.58999633789062,66.41000366210938,66.41000366210938,618600
2012-11-28,66.55000305175781,69.30000305175781,66.19999694824219,68.02999877929688,68.02999877929688,1124200
2012-11-29,69.48999786376953,69.91999816894531,66.76000213623047,67.11000061035156,67.11000061035156,783200
2012-11-30,67.19999694824219,67.22000122070312,65.58999633789062,66.36000061035156,66.36000061035156,625700
2012-12-03,66.86000061035156,67.79000091552734,66.5,67.47000122070312,67.47000122070312,286100
2012-12-04,67.51000213623047,67.91000366210938,66.5,67.52999877929688,67.52999877929688,268000
2012-12-05,67.55999755859375,67.56999969482422,64.01000213623047,66.62000274658203,66.62000274658203,693100
2012-12-06,66.52999877929688,67.48999786376953,65.98999786376953,66.2699966430664,66.2699966430664,234100
2012-12-07,66.8499984741211,66.8499984741211,65.19999694824219,66.08999633789062,66.08999633789062,281100
2012-12-10,66.05000305175781,67.91999816894531,65.48999786376953,67.55999755859375,67.55999755859375,345800
2012-12-11,67.97000122070312,69.05000305175781,67.26000213623047,69.01000213623047,69.01000213623047,549200
2012-12-12,69.4000015258789,69.61000061035156,67.9800033569336,68.20999908447266,68.20999908447266,515400
2012-12-13,68.11000061035156,69.19999694824219,67.4800033569336,67.73999786376953,67.73999786376953,495800
2012-12-14,67.41000366210938,68.41999816894531,67.0,67.94999694824219,67.94999694824219,365700
2012-12-17,68.08000183105469,69.69000244140625,67.16999816894531,69.45999908447266,69.45999908447266,487500
2012-12-18,69.72000122070312,72.4000015258789,69.33999633789062,71.23999786376953,71.23999786376953,1121900
2012-12-19,71.66000366210938,72.44000244140625,70.63999938964844,71.45999908447266,71.45999908447266,503000
2012-12-20,71.88999938964844,72.93000030517578,71.37999725341797,72.41999816894531,72.41999816894531,727700
2012-12-21,71.79000091552734,71.95999908447266,70.3499984741211,71.55000305175781,71.55000305175781,704200
2012-12-24,71.66000366210938,71.9800033569336,71.02999877929688,71.63999938964844,71.63999938964844,129400
2012-12-26,72.11000061035156,72.19000244140625,68.86000061035156,69.73999786376953,69.73999786376953,471900
2012-12-27,69.62000274658203,70.2300033569336,66.87000274658203,68.94999694824219,68.94999694824219,483900
2012-12-28,68.30999755859375,68.91000366210938,66.58000183105469,67.23999786376953,67.23999786376953,608800
2012-12-31,67.19999694824219,70.0,67.19999694824219,69.66000366210938,69.66000366210938,482000
2013-01-02,72.25,72.88999938964844,70.86000061035156,72.05999755859375,72.05999755859375,625700
2013-01-03,71.47000122070312,72.48999786376953,70.08999633789062,70.29000091552734,70.29000091552734,439200
2013-01-04,71.01000213623047,71.94999694824219,70.06999969482422,71.6500015258789,71.6500015258789,610300
2013-01-07,71.08999633789062,72.55999755859375,68.36000061035156,68.88999938964844,68.88999938964844,990900
2013-01-08,68.30000305175781,68.72000122070312,65.81999969482422,67.51000213623047,67.51000213623047,1103600
2013-01-09,66.33999633789062,70.66999816894531,66.02999877929688,70.08999633789062,70.08999633789062,1013000
2013-01-10,70.5999984741211,70.91000366210938,68.43000030517578,69.5,69.5,473300
2013-01-11,69.66999816894531,70.31999969482422,68.80000305175781,69.18000030517578,69.18000030517578,342700
2013-01-14,69.0,69.52999877929688,68.72000122070312,68.88999938964844,68.88999938964844,303200
2013-01-15,67.95999908447266,69.54000091552734,67.02999877929688,69.29000091552734,69.29000091552734,617900
2013-01-16,69.12999725341797,69.68000030517578,68.66000366210938,69.04000091552734,69.04000091552734,379500
2013-01-17,69.33999633789062,70.12000274658203,69.2699966430664,69.55000305175781,69.55000305175781,367300
2013-01-18,69.69999694824219,69.8499984741211,69.01000213623047,69.83000183105469,69.83000183105469,233000
2013-01-22,70.02999877929688,72.06999969482422,70.02999877929688,71.69999694824219,71.69999694824219,653400
2013-01-23,72.08000183105469,73.93000030517578,71.80999755859375,72.43000030517578,72.43000030517578,714100
2013-01-24,71.95999908447266,74.73999786376953,71.19999694824219,73.73999786376953,73.73999786376953,558200
2013-01-25,74.22000122070312,74.73999786376953,73.5,74.37000274658203,74.37000274658203,355200
2013-01-28,74.43000030517578,74.86000061035156,70.87000274658203,72.7699966430664,72.7699966430664,818700
2013-01-29,71.25,71.25,69.7699966430664,70.5,70.5,947800
2013-01-30,73.48999786376953,78.87000274658203,72.81999969482422,76.9000015258789,76.9000015258789,2568400
2013-01-31,77.1500015258789,77.9800033569336,75.3499984741211,76.7300033569336,76.7300033569336,723100
2013-02-01,76.55999755859375,79.52999877929688,76.54000091552734,79.0199966430664,79.0199966430664,916400
2013-02-04,77.56999969482422,78.86000061035156,77.16000366210938,78.36000061035156,78.36000061035156,658500
2013-02-05,78.9000015258789,78.9000015258789,76.81999969482422,76.8499984741211,76.8499984741211,714100
2013-02-06,76.41000366210938,76.7300033569336,74.91000366210938,75.2300033569336,75.2300033569336,654400
2013-02-07,75.41000366210938,75.93000030517578,73.31999969482422,74.1500015258789,74.1500015258789,675200
2013-02-08,75.0,77.62000274658203,74.75,77.22000122070312,77.22000122070312,658200
2013-02-11,76.94999694824219,77.18000030517578,74.75,75.69999694824219,75.69999694824219,486600
2013-02-12,75.66000366210938,76.56999969482422,75.12000274658203,75.87999725341797,75.87999725341797,489000
2013-02-13,75.94999694824219,76.91000366210938,75.30000305175781,76.83000183105469,76.83000183105469,6132900
2013-02-14,76.7300033569336,78.02999877929688,76.29000091552734,77.5199966430664,77.5199966430664,535200
2013-02-15,78.06999969482422,78.66999816894531,76.18000030517578,76.37999725341797,76.37999725341797,643700
2013-02-19,76.30000305175781,76.58999633789062,75.69000244140625,76.33999633789062,76.33999633789062,504100
2013-02-20,76.30000305175781,77.0199966430664,75.61000061035156,75.66000366210938,75.66000366210938,509700
2013-02-21,75.26000213623047,75.7699966430664,71.91000366210938,73.69999694824219,73.69999694824219,946300
2013-02-22,74.05999755859375,75.69999694824219,73.88999938964844,75.4800033569336,75.4800033569336,447600
2013-02-25,76.19999694824219,76.63999938964844,73.36000061035156,73.4000015258789,73.4000015258789,410100
2013-02-26,73.16999816894531,73.98999786376953,71.0999984741211,72.37000274658203,72.37000274658203,551100
2013-02-27,72.5,74.27999877929688,71.5,73.7300033569336,73.7300033569336,499700
2013-02-28,73.72000122070312,75.08000183105469,73.58999633789062,73.94999694824219,73.94999694824219,512500
2013-03-01,73.18000030517578,73.97000122070312,72.29000091552734,73.29000091552734,73.29000091552734,473700
2013-03-04,73.55999755859375,75.08999633789062,73.47000122070312,75.0,75.0,492900
2013-03-05,75.30999755859375,76.6500015258789,74.61000061035156,75.5,75.5,437200
2013-03-06,76.22000122070312,78.36000061035156,76.22000122070312,76.94999694824219,76.94999694824219,444000
2013-03-07,76.94000244140625,76.94000244140625,75.80999755859375,76.47000122070312,76.47000122070312,242700
2013-03-08,77.2300033569336,77.5199966430664,75.83999633789062,77.47000122070312,77.47000122070312,328900
2013-03-11,77.5999984741211,78.36000061035156,77.25,77.58999633789062,77.58999633789062,280800
2013-03-12,77.5,78.16999816894531,76.16000366210938,76.91999816894531,76.91999816894531,316500
2013-03-13,76.75,77.87000274658203,76.66000366210938,77.56999969482422,77.56999969482422,263200
2013-03-14,78.0,86.88999938964844,77.54000091552734,84.19999694824219,84.19999694824219,3203200
2013-03-15,84.08999633789062,85.08999633789062,82.94999694824219,83.76000213623047,83.76000213623047,880600
2013-03-18,82.86000061035156,85.0,82.0999984741211,82.44999694824219,82.44999694824219,607700
2013-03-19,82.55000305175781,83.19999694824219,79.51000213623047,81.33000183105469,81.33000183105469,699500
2013-03-20,82.0,82.83000183105469,81.66000366210938,82.73999786376953,82.73999786376953,397600
2013-03-21,81.63999938964844,82.61000061035156,80.73999786376953,81.91000366210938,81.91000366210938,391000
2013-03-22,82.05000305175781,82.62000274658203,81.31999969482422,81.91999816894531,81.91999816894531,289400
2013-03-25,82.77999877929688,82.88999938964844,80.06999969482422,81.26000213623047,81.26000213623047,382500
2013-03-26,81.93000030517578,82.76000213623047,81.19999694824219,82.0,82.0,272800
2013-03-27,81.51000213623047,83.3499984741211,80.66999816894531,83.29000091552734,83.29000091552734,384800
2013-03-28,83.02999877929688,83.0999984741211,81.81999969482422,81.9800033569336,81.9800033569336,619800
2013-04-01,81.87999725341797,83.83000183105469,80.20999908447266,80.7699966430664,80.7699966430664,578800
2013-04-02,80.52999877929688,81.80999755859375,80.12999725341797,80.77999877929688,80.77999877929688,360900
2013-04-03,81.1500015258789,81.87000274658203,75.18000030517578,76.41000366210938,76.41000366210938,856900
2013-04-04,75.98999786376953,76.31999969482422,73.01000213623047,75.33000183105469,75.33000183105469,987400
2013-04-05,71.19999694824219,72.44999694824219,68.13999938964844,71.69999694824219,71.69999694824219,1723200
2013-04-08,71.69000244140625,72.80999755859375,70.55999755859375,72.54000091552734,72.54000091552734,667400
2013-04-09,72.4800033569336,73.4800033569336,72.22000122070312,72.77999877929688,72.77999877929688,609600
2013-04-10,72.8499984741211,74.02999877929688,72.8499984741211,73.69999694824219,73.69999694824219,556200
2013-04-11,73.37999725341797,73.44999694824219,70.33999633789062,70.69999694824219,70.69999694824219,878600
2013-04-12,70.2300033569336,72.94999694824219,69.83999633789062,72.36000061035156,72.36000061035156,733500
2013-04-15,71.5999984741211,72.18000030517578,69.5,69.55999755859375,69.55999755859375,463400
2013-04-16,69.69999694824219,71.95999908447266,69.30000305175781,71.41999816894531,71.41999816894531,548800
2013-04-17,70.52999877929688,71.11000061035156,69.52999877929688,70.37999725341797,70.37999725341797,599900
2013-04-18,70.75,70.80999755859375,68.55999755859375,68.66000366210938,68.66000366210938,617400
2013-04-19,68.9000015258789,71.05000305175781,67.30000305175781,69.20999908447266,69.20999908447266,878900
2013-04-22,69.01000213623047,71.54000091552734,68.3499984741211,70.58000183105469,70.58000183105469,624000
2013-04-23,71.13999938964844,72.7300033569336,70.79000091552734,72.13999938964844,72.13999938964844,519000
2013-04-24,71.69999694824219,73.12000274658203,71.41000366210938,73.0999984741211,73.0999984741211,514300
2013-04-25,73.19999694824219,74.54000091552734,73.0999984741211,73.2699966430664,73.2699966430664,506400
2013-04-26,73.12999725341797,73.43000030517578,72.01000213623047,72.47000122070312,72.47000122070312,374200
2013-04-29,72.61000061035156,74.47000122070312,71.55999755859375,73.95999908447266,73.95999908447266,489800
2013-04-30,73.58000183105469,73.8499984741211,72.48999786376953,73.54000091552734,73.54000091552734,461600
2013-05-01,73.41999816894531,74.48999786376953,71.70999908447266,71.79000091552734,71.79000091552734,785400
2013-05-02,73.7300033569336,76.48999786376953,73.5999984741211,76.3499984741211,76.3499984741211,839400
2013-05-03,77.43000030517578,77.62000274658203,76.66999816894531,77.48999786376953,77.48999786376953,531900
2013-05-06,77.33000183105469,78.79000091552734,76.80000305175781,77.81999969482422,77.81999969482422,670300
2013-05-07,84.16000366210938,88.13999938964844,75.4800033569336,76.33000183105469,76.33000183105469,2426100
2013-05-08,75.70999908447266,77.5,74.47000122070312,77.48999786376953,77.48999786376953,647300
2013-05-09,77.05000305175781,77.1500015258789,74.91000366210938,75.0199966430664,75.0199966430664,613200
2013-05-10,75.37999725341797,75.94999694824219,74.68000030517578,75.41000366210938,75.41000366210938,394100
2013-05-13,73.6500015258789,75.19000244140625,73.55000305175781,73.81999969482422,73.81999969482422,488200
2013-05-14,74.19000244140625,74.98999786376953,73.5199966430664,74.2699966430664,74.2699966430664,382700
2013-05-15,74.0,74.75,73.3499984741211,73.37999725341797,73.37999725341797,485200
2013-05-16,73.33000183105469,75.5,73.19999694824219,74.36000061035156,74.36000061035156,510100
2013-05-17,74.72000122070312,75.27999877929688,73.95999908447266,74.80000305175781,74.80000305175781,526500
2013-05-20,74.5,75.33999633789062,74.11000061035156,74.44000244140625,74.44000244140625,341300
2013-05-21,74.4800033569336,74.5,73.08000183105469,73.19000244140625,73.19000244140625,344700
2013-05-22,73.0199966430664,73.08000183105469,66.4800033569336,67.08999633789062,67.08999633789062,1267400
2013-05-23,66.4000015258789,70.9000015258789,66.0,70.5999984741211,70.5999984741211,1046900
2013-05-24,69.86000061035156,70.58999633789062,67.18000030517578,69.1500015258789,69.1500015258789,536700
2013-05-28,70.11000061035156,71.58999633789062,70.05999755859375,71.11000061035156,71.11000061035156,466600
2013-05-29,70.33999633789062,70.61000061035156,68.76000213623047,69.83999633789062,69.83999633789062,231600
2013-05-30,70.36000061035156,71.83999633789062,69.94000244140625,71.4000015258789,71.4000015258789,299900
2013-05-31,70.66000366210938,71.58999633789062,70.0,70.05999755859375,70.05999755859375,281900
2013-06-03,70.22000122070312,70.5,68.55999755859375,70.4000015258789,70.4000015258789,409900
2013-06-04,70.29000091552734,71.69999694824219,70.25,70.9800033569336,70.9800033569336,515500
2013-06-05,70.51000213623047,71.48999786376953,69.7300033569336,69.83000183105469,69.83000183105469,305300
2013-06-06,69.6500015258789,70.44000244140625,68.55000305175781,69.80000305175781,69.80000305175781,347700
2013-06-07,70.51000213623047,71.5,69.37000274658203,71.37000274658203,71.37000274658203,207800
2013-06-10,71.69000244140625,72.51000213623047,70.66999816894531,72.45999908447266,72.45999908447266,227600
2013-06-11,71.41999816894531,72.94000244140625,70.73999786376953,71.87999725341797,71.87999725341797,316400
2013-06-12,72.55000305175781,72.77999877929688,71.02999877929688,71.9800033569336,71.9800033569336,310000
2013-06-13,72.0999984741211,74.33999633789062,71.41000366210938,74.04000091552734,74.04000091552734,397000
2013-06-14,73.86000061035156,76.4800033569336,73.6500015258789,75.2699966430664,75.2699966430664,707400
2013-06-17,75.44000244140625,77.0,75.08000183105469,76.91000366210938,76.91000366210938,525800
2013-06-18,78.58000183105469,80.54000091552734,78.3499984741211,78.80000305175781,78.80000305175781,707000
2013-06-19,78.80000305175781,79.01000213623047,76.69999694824219,77.02999877929688,77.02999877929688,621700
2013-06-20,76.1500015258789,77.16000366210938,75.45999908447266,76.0,76.0,442100
2013-06-21,76.30000305175781,77.27999877929688,75.11000061035156,77.12000274658203,77.12000274658203,743000
2013-06-24,76.26000213623047,77.11000061035156,74.7699966430664,76.56999969482422,76.56999969482422,631600
2013-06-25,77.29000091552734,78.23999786376953,75.81999969482422,77.01000213623047,77.01000213623047,343700
2013-06-26,77.62000274658203,79.87000274658203,77.25,78.9800033569336,78.9800033569336,595500
2013-06-27,79.41999816894531,80.0,78.95999908447266,79.7300033569336,79.7300033569336,451200
2013-06-28,79.2699966430664,79.88999938964844,75.81999969482422,75.88999938964844,75.88999938964844,749700
2013-07-01,75.55000305175781,77.58999633789062,75.55000305175781,76.0999984741211,76.0999984741211,451200
2013-07-02,75.66999816894531,77.05999755859375,74.7699966430664,75.5199966430664,75.5199966430664,344600
2013-07-03,75.26000213623047,77.12000274658203,75.12000274658203,76.97000122070312,76.97000122070312,178900
2013-07-05,78.19999694824219,78.9800033569336,77.0,78.97000122070312,78.97000122070312,257400
2013-07-08,79.0,79.0,77.12999725341797,77.6500015258789,77.6500015258789,254200
2013-07-09,78.41999816894531,79.7699966430664,77.75,79.76000213623047,79.76000213623047,516800
2013-07-10,79.62999725341797,81.52999877929688,79.62999725341797,81.19000244140625,81.19000244140625,588000
2013-07-11,82.0,82.5999984741211,81.19999694824219,81.9000015258789,81.9000015258789,336700
2013-07-12,81.88999938964844,82.94000244140625,81.30999755859375,81.58000183105469,81.58000183105469,294700
2013-07-15,81.66999816894531,82.26000213623047,80.20999908447266,80.83999633789062,80.83999633789062,467100
2013-07-16,80.1500015258789,80.83000183105469,79.0999984741211,79.1500015258789,79.1500015258789,563200
2013-07-17,79.20999908447266,80.94000244140625,79.0,79.98999786376953,79.98999786376953,428400
2013-07-18,80.47000122070312,80.6500015258789,79.05999755859375,79.80999755859375,79.80999755859375,503200
2013-07-19,79.29000091552734,81.13999938964844,78.26000213623047,80.51000213623047,80.51000213623047,407600
2013-07-22,80.05000305175781,80.44000244140625,78.80999755859375,78.91999816894531,78.91999816894531,367600
2013-07-23,79.3499984741211,79.6500015258789,77.83999633789062,78.51000213623047,78.51000213623047,353000
2013-07-24,79.2300033569336,81.30999755859375,79.2300033569336,80.76000213623047,80.76000213623047,289500
2013-07-25,80.80999755859375,81.6500015258789,80.05999755859375,80.88999938964844,80.88999938964844,338900
2013-07-26,80.02999877929688,80.20999908447266,77.25,78.55999755859375,78.55999755859375,477200
2013-07-29,78.01000213623047,78.70999908447266,75.27999877929688,77.56999969482422,77.56999969482422,911700
2013-07-30,81.94999694824219,87.0,81.38999938964844,85.04000091552734,85.04000091552734,2108100
2013-07-31,85.20999908447266,86.0,84.38999938964844,84.4000015258789,84.4000015258789,601600
2013-08-01,85.75,87.91000366210938,84.7300033569336,87.72000122070312,87.72000122070312,802900
2013-08-02,86.97000122070312,87.75,85.88999938964844,87.75,87.75,586500
2013-08-05,87.2300033569336,87.83999633789062,86.70999908447266,87.83000183105469,87.83000183105469,388800
2013-08-06,87.7699966430664,88.56999969482422,87.08999633789062,88.51000213623047,88.51000213623047,469900
2013-08-07,87.94000244140625,88.55999755859375,86.68000030517578,87.55000305175781,87.55000305175781,425600
2013-08-08,88.2300033569336,88.2300033569336,85.72000122070312,86.62999725341797,86.62999725341797,367900
2013-08-09,86.27999877929688,87.38999938964844,85.56999969482422,86.33999633789062,86.33999633789062,239500
2013-08-12,85.36000061035156,87.91000366210938,85.36000061035156,87.1500015258789,87.1500015258789,179500
2013-08-13,87.1500015258789,87.1500015258789,85.26000213623047,86.63999938964844,86.63999938964844,131800
2013-08-14,86.63999938964844,86.80999755859375,85.11000061035156,86.08000183105469,86.08000183105469,175100
2013-08-15,84.76000213623047,85.75,81.75,82.72000122070312,82.72000122070312,574400
2013-08-16,82.31999969482422,84.11000061035156,81.9000015258789,82.06999969482422,82.06999969482422,405700
2013-08-19,82.25,83.87999725341797,81.54000091552734,81.9000015258789,81.9000015258789,350000
2013-08-20,82.22000122070312,83.62999725341797,81.30000305175781,82.75,82.75,251300
2013-08-21,82.27999877929688,84.3499984741211,82.19000244140625,83.0199966430664,83.0199966430664,296100
2013-08-22,83.87000274658203,86.76000213623047,83.87000274658203,86.31999969482422,86.31999969482422,310600
2013-08-23,86.29000091552734,86.33000183105469,85.25,85.5199966430664,85.5199966430664,304900
2013-08-26,85.80999755859375,87.05000305175781,85.0199966430664,86.30999755859375,86.30999755859375,211600
2013-08-27,85.06999969482422,85.55999755859375,82.77999877929688,83.41999816894531,83.41999816894531,274700
2013-08-28,83.58999633789062,85.80000305175781,82.62000274658203,85.3499984741211,85.3499984741211,413500
2013-08-29,85.04000091552734,86.27999877929688,84.62000274658203,85.6500015258789,85.6500015258789,143000
2013-08-30,85.37999725341797,85.68000030517578,83.56999969482422,83.83000183105469,83.83000183105469,265400
2013-09-03,84.9800033569336,85.27999877929688,81.45999908447266,83.05999755859375,83.05999755859375,495800
2013-09-04,83.43000030517578,85.0,82.77999877929688,84.37999725341797,84.37999725341797,230400
2013-09-05,84.5,86.0,84.30999755859375,85.26000213623047,85.26000213623047,200500
2013-09-06,85.47000122070312,85.83999633789062,83.37999725341797,84.56999969482422,84.56999969482422,175200
2013-09-09,85.01000213623047,85.6500015258789,84.36000061035156,85.5999984741211,85.5999984741211,102700
2013-09-10,86.0999984741211,87.01000213623047,85.58000183105469,86.98999786376953,86.98999786376953,163700
2013-09-11,86.5,87.47000122070312,85.97000122070312,86.5199966430664,86.5199966430664,174600
2013-09-12,86.48999786376953,86.76000213623047,84.86000061035156,85.02999877929688,85.02999877929688,214600
2013-09-13,85.31999969482422,85.68000030517578,84.0,85.01000213623047,85.01000213623047,149900
2013-09-16,86.51000213623047,86.56999969482422,84.98999786376953,85.08000183105469,85.08000183105469,175600
2013-09-17,84.75,87.26000213623047,84.69000244140625,86.8499984741211,86.8499984741211,257600
2013-09-18,86.80999755859375,88.56999969482422,86.11000061035156,88.41999816894531,88.41999816894531,224600
2013-09-19,88.58999633789062,88.9000015258789,87.20999908447266,88.27999877929688,88.27999877929688,190900
2013-09-20,88.47000122070312,88.79000091552734,86.77999877929688,87.38999938964844,87.38999938964844,676300
2013-09-23,87.51000213623047,88.06999969482422,86.5199966430664,87.37999725341797,87.37999725341797,256900
2013-09-24,87.23999786376953,87.23999786376953,84.68000030517578,85.2699966430664,85.2699966430664,295600
2013-09-25,85.48999786376953,87.29000091552734,84.77999877929688,86.91999816894531,86.91999816894531,230000
2013-09-26,88.16000366210938,89.70999908447266,87.97000122070312,88.94999694824219,88.94999694824219,425600
2013-09-27,88.47000122070312,88.5199966430664,86.7300033569336,87.20999908447266,87.20999908447266,258100
2013-09-30,86.0199966430664,88.23999786376953,85.2300033569336,87.91999816894531,87.91999816894531,248900
2013-10-01,87.88999938964844,90.0,87.3499984741211,89.44999694824219,89.44999694824219,531000
2013-10-02,88.20999908447266,89.0,87.4800033569336,88.87000274658203,88.87000274658203,383900
2013-10-03,88.83000183105469,88.88999938964844,85.56999969482422,87.5,87.5,301300
2013-10-04,87.2699966430664,89.2699966430664,86.44000244140625,88.86000061035156,88.86000061035156,238800
2013-10-07,87.70999908447266,89.23999786376953,87.37999725341797,87.87000274658203,87.87000274658203,376900
2013-10-08,88.25,88.44000244140625,84.86000061035156,86.05000305175781,86.05000305175781,462100
2013-10-09,86.27999877929688,86.38999938964844,83.79000091552734,84.5999984741211,84.5999984741211,434900
2013-10-10,85.66999816894531,86.3499984741211,85.12999725341797,85.98999786376953,85.98999786376953,297500
2013-10-11,85.45999908447266,87.23999786376953,85.45999908447266,87.19999694824219,87.19999694824219,295300
2013-10-14,86.13999938964844,88.06999969482422,85.8499984741211,87.7300033569336,87.7300033569336,232100
2013-10-15,82.94000244140625,85.93000030517578,81.31999969482422,81.69000244140625,81.69000244140625,1579100
2013-10-16,81.19999694824219,84.12999725341797,80.95999908447266,83.37000274658203,83.37000274658203,525500
2013-10-17,82.61000061035156,85.81999969482422,82.29000091552734,85.66999816894531,85.66999816894531,480800
2013-10-18,86.29000091552734,87.95999908447266,85.69000244140625,87.33000183105469,87.33000183105469,367700
2013-10-21,87.70999908447266,89.16000366210938,87.18000030517578,87.48999786376953,87.48999786376953,407500
2013-10-22,88.13999938964844,88.66999816894531,86.43000030517578,86.95999908447266,86.95999908447266,468500
2013-10-23,86.1500015258789,86.1500015258789,84.18000030517578,85.73999786376953,85.73999786376953,399200
2013-10-24,86.08000183105469,86.25,84.70999908447266,85.06999969482422,85.06999969482422,390900
2013-10-25,85.43000030517578,85.75,83.2300033569336,83.94999694824219,83.94999694824219,416000
2013-10-28,84.08999633789062,84.08999633789062,82.13999938964844,82.5,82.5,1069900
2013-10-29,80.45999908447266,80.87999725341797,73.54000091552734,80.51000213623047,80.51000213623047,3055200
2013-10-30,80.41999816894531,80.6500015258789,77.86000061035156,78.0999984741211,78.0999984741211,1256500
2013-10-31,77.81999969482422,79.66999816894531,77.45999908447266,78.08000183105469,78.08000183105469,838100
2013-11-01,77.91999816894531,78.4800033569336,76.81999969482422,77.95999908447266,77.95999908447266,932900
2013-11-04,77.0999984741211,78.20999908447266,77.0999984741211,77.73999786376953,77.73999786376953,643600
2013-11-05,76.97000122070312,77.48999786376953,76.30000305175781,76.58000183105469,76.58000183105469,627900
2013-11-06,76.7300033569336,76.94000244140625,75.66999816894531,76.9000015258789,76.9000015258789,644800
2013-11-07,77.29000091552734,77.30999755859375,74.66000366210938,75.52999877929688,75.52999877929688,745600
2013-11-08,75.51000213623047,77.0199966430664,74.5,75.76000213623047,75.76000213623047,476700
2013-11-11,75.8499984741211,76.43000030517578,74.33000183105469,75.01000213623047,75.01000213623047,410500
2013-11-12,75.0,75.75,74.69999694824219,75.08999633789062,75.08999633789062,342700
2013-11-13,74.4800033569336,76.62000274658203,74.16000366210938,76.51000213623047,76.51000213623047,382900
2013-11-14,76.20999908447266,76.76000213623047,75.16000366210938,76.75,76.75,514300
2013-11-15,77.06999969482422,77.72000122070312,76.19000244140625,77.69000244140625,77.69000244140625,527800
2013-11-18,77.76000213623047,78.0999984741211,76.54000091552734,77.0,77.0,582300
2013-11-19,76.77999877929688,76.77999877929688,74.26000213623047,75.0199966430664,75.0199966430664,455700
2013-11-20,75.0,75.98999786376953,74.58000183105469,75.19000244140625,75.19000244140625,382300
2013-11-21,75.72000122070312,76.62999725341797,75.05000305175781,76.58000183105469,76.58000183105469,229600
2013-11-22,76.63999938964844,77.08999633789062,76.25,77.0,77.0,290200
2013-11-25,77.88999938964844,79.12999725341797,76.33000183105469,76.45999908447266,76.45999908447266,611700
2013-11-26,76.6500015258789,76.7300033569336,75.58000183105469,75.6500015258789,75.6500015258789,393000
2013-11-27,75.63999938964844,76.0,74.44000244140625,74.9000015258789,74.9000015258789,505200
2013-11-29,75.36000061035156,75.91999816894531,74.0999984741211,74.8499984741211,74.8499984741211,196500
2013-12-02,74.69000244140625,75.58000183105469,73.61000061035156,73.66999816894531,73.66999816894531,367600
2013-12-03,73.54000091552734,73.77999877929688,72.26000213623047,72.58000183105469,72.58000183105469,479000
2013-12-04,72.0,73.27999877929688,70.23999786376953,70.69000244140625,70.69000244140625,737700
2013-12-05,72.0,73.79000091552734,70.63999938964844,73.63999938964844,73.63999938964844,884200
2013-12-06,74.30000305175781,74.30000305175781,72.88999938964844,73.29000091552734,73.29000091552734,492000
2013-12-09,73.16999816894531,73.5999984741211,72.29000091552734,72.73999786376953,72.73999786376953,565200
2013-12-10,72.37999725341797,73.02999877929688,71.08000183105469,71.33000183105469,71.33000183105469,650700
2013-12-11,71.55000305175781,71.66999816894531,69.2300033569336,69.58000183105469,69.58000183105469,521300
2013-12-12,69.51000213623047,69.94000244140625,66.94999694824219,67.2300033569336,67.2300033569336,977700
2013-12-13,67.51000213623047,68.02999877929688,66.9800033569336,67.16999816894531,67.16999816894531,660500
2013-12-16,67.31999969482422,68.51000213623047,67.30999755859375,68.2300033569336,68.2300033569336,795900
2013-12-17,68.66000366210938,74.56999969482422,68.3499984741211,73.73999786376953,73.73999786376953,2017500
2013-12-18,74.44000244140625,74.47000122070312,71.79000091552734,73.83999633789062,73.83999633789062,959000
2013-12-19,73.98999786376953,74.79000091552734,72.80999755859375,72.94000244140625,72.94000244140625,469200
2013-12-20,73.30000305175781,77.0199966430664,72.98999786376953,75.95999908447266,75.95999908447266,1477000
2013-12-23,76.19999694824219,76.87999725341797,74.37000274658203,74.5999984741211,74.5999984741211,570000
2013-12-24,74.4800033569336,75.26000213623047,74.16999816894531,74.73999786376953,74.73999786376953,244700
2013-12-26,75.19000244140625,75.22000122070312,73.80000305175781,74.41000366210938,74.41000366210938,295200
2013-12-27,74.66000366210938,75.01000213623047,74.12999725341797,74.66999816894531,74.66999816894531,327200
2013-12-30,74.4000015258789,74.69000244140625,74.0,74.4800033569336,74.4800033569336,364800
2013-12-31,74.8499984741211,75.47000122070312,74.0,74.86000061035156,74.86000061035156,378200
2014-01-02,74.29000091552734,74.86000061035156,73.72000122070312,74.0999984741211,74.0999984741211,732500
2014-01-03,74.1500015258789,75.06999969482422,74.1500015258789,74.66999816894531,74.66999816894531,358300
2014-01-06,74.83999633789062,75.19999694824219,73.62000274658203,73.73999786376953,73.73999786376953,585000
2014-01-07,73.9000015258789,74.87000274658203,72.7300033569336,74.29000091552734,74.29000091552734,585500
2014-01-08,74.41000366210938,74.91000366210938,73.52999877929688,73.91000366210938,73.91000366210938,589700
2014-01-09,74.02999877929688,74.54000091552734,71.58999633789062,71.69999694824219,71.69999694824219,690500
2014-01-10,71.94999694824219,72.04000091552734,71.45999908447266,71.94999694824219,71.94999694824219,595000
2014-01-13,71.91000366210938,72.2699966430664,68.87999725341797,68.95999908447266,68.95999908447266,1104000
2014-01-14,68.81999969482422,69.12999725341797,68.44999694824219,68.73999786376953,68.73999786376953,767000
2014-01-15,68.25,71.19999694824219,68.25,71.0,71.0,1100200
2014-01-16,71.93000030517578,77.51000213623047,71.87000274658203,75.16999816894531,75.16999816894531,1592800
2014-01-17,75.3499984741211,76.91000366210938,74.55000305175781,74.97000122070312,74.97000122070312,584600
2014-01-21,75.83000183105469,76.91000366210938,74.88999938964844,75.7300033569336,75.7300033569336,659600
2014-01-22,75.58999633789062,75.69999694824219,74.72000122070312,75.0,75.0,384600
2014-01-23,74.80999755859375,76.0,74.62999725341797,75.97000122070312,75.97000122070312,678400
2014-01-24,75.61000061035156,76.08000183105469,73.91999816894531,73.93000030517578,73.93000030517578,920300
2014-01-27,74.58999633789062,74.58999633789062,72.36000061035156,72.43000030517578,72.43000030517578,715600
2014-01-28,72.1500015258789,76.23999786376953,71.30999755859375,76.0999984741211,76.0999984741211,1381200
2014-01-29,66.12000274658203,70.4000015258789,63.0,69.44000244140625,69.44000244140625,5441800
2014-01-30,70.4000015258789,73.3499984741211,69.79000091552734,71.23999786376953,71.23999786376953,1744000
2014-01-31,69.94000244140625,70.8499984741211,68.55999755859375,69.06999969482422,69.06999969482422,826600
2014-02-03,68.61000061035156,69.55999755859375,64.5,64.76000213623047,64.76000213623047,1763000
2014-02-04,64.93000030517578,66.5199966430664,62.939998626708984,64.16000366210938,64.16000366210938,1767300
2014-02-05,63.68000030517578,65.3499984741211,63.47999954223633,64.23999786376953,64.23999786376953,1247900
2014-02-06,64.68000030517578,66.25,64.22000122070312,65.38999938964844,65.38999938964844,749000
2014-02-07,65.8499984741211,66.6500015258789,65.3499984741211,66.5199966430664,66.5199966430664,990900
2014-02-10,68.61000061035156,68.61000061035156,66.91999816894531,67.8499984741211,67.8499984741211,1195400
2014-02-11,67.70999908447266,68.25,67.36000061035156,67.83999633789062,67.83999633789062,805800
2014-02-12,68.08999633789062,68.70999908447266,67.6500015258789,68.4000015258789,68.4000015258789,796000
2014-02-13,67.3499984741211,69.8499984741211,67.08999633789062,69.37999725341797,69.37999725341797,911000
2014-02-14,69.22000122070312,70.0199966430664,68.68000030517578,69.04000091552734,69.04000091552734,714700
2014-02-18,68.87000274658203,69.62000274658203,68.6500015258789,69.0199966430664,69.0199966430664,792700
2014-02-19,68.9000015258789,70.20999908447266,68.77999877929688,68.87999725341797,68.87999725341797,711800
2014-02-20,69.0199966430664,69.73999786376953,68.66000366210938,68.97000122070312,68.97000122070312,692800
2014-02-21,69.33000183105469,70.63999938964844,68.68000030517578,68.91999816894531,68.91999816894531,851400
2014-02-24,68.79000091552734,69.55000305175781,68.38999938964844,68.72000122070312,68.72000122070312,852900
2014-02-25,68.88999938964844,69.2699966430664,68.41000366210938,68.80999755859375,68.80999755859375,520700
2014-02-26,68.81999969482422,69.66999816894531,68.54000091552734,68.95999908447266,68.95999908447266,468600
2014-02-27,68.72000122070312,70.05999755859375,68.48999786376953,69.5199966430664,69.5199966430664,505700
2014-02-28,69.72000122070312,69.97000122070312,68.41000366210938,68.87999725341797,68.87999725341797,501500
2014-03-03,68.41000366210938,69.02999877929688,68.08000183105469,68.36000061035156,68.36000061035156,600300
2014-03-04,69.44999694824219,71.55000305175781,69.13999938964844,71.37000274658203,71.37000274658203,568700
2014-03-05,71.4000015258789,71.54000091552734,69.27999877929688,69.9800033569336,69.9800033569336,772800
2014-03-06,70.0,70.61000061035156,69.0999984741211,69.2300033569336,69.2300033569336,543100
2014-03-07,69.76000213623047,69.76000213623047,67.1500015258789,67.48999786376953,67.48999786376953,783800
2014-03-10,67.55000305175781,67.95999908447266,64.69999694824219,65.30999755859375,65.30999755859375,1137300
2014-03-11,65.3499984741211,65.87000274658203,63.86000061035156,63.9900016784668,63.9900016784668,1543900
2014-03-12,63.61000061035156,64.05999755859375,63.0,63.43000030517578,63.43000030517578,728500
2014-03-13,63.56999969482422,63.900001525878906,61.279998779296875,61.91999816894531,61.91999816894531,1174900
2014-03-14,61.83000183105469,63.18000030517578,61.79999923706055,62.849998474121094,62.849998474121094,592000
2014-03-17,64.91999816894531,65.4800033569336,63.0,63.279998779296875,63.279998779296875,787500
2014-03-18,64.27999877929688,66.44999694824219,63.849998474121094,66.19999694824219,66.19999694824219,963400
2014-03-19,66.01000213623047,69.69999694824219,66.0,69.01000213623047,69.01000213623047,1450300
2014-03-20,68.81999969482422,69.4800033569336,68.27999877929688,69.36000061035156,69.36000061035156,1007100
2014-03-21,70.0,70.97000122070312,69.37000274658203,69.83999633789062,69.83999633789062,1368300
2014-03-24,70.01000213623047,70.33999633789062,68.94999694824219,69.41999816894531,69.41999816894531,1246300
2014-03-25,70.0,70.22000122070312,68.36000061035156,68.62999725341797,68.62999725341797,860200
2014-03-26,69.22000122070312,69.22000122070312,65.2300033569336,65.45999908447266,65.45999908447266,991600
2014-03-27,65.33999633789062,65.87999725341797,64.04000091552734,65.22000122070312,65.22000122070312,811600
2014-03-28,65.33000183105469,66.6500015258789,64.27999877929688,64.4800033569336,64.4800033569336,769200
2014-03-31,65.05999755859375,65.5199966430664,64.05000305175781,64.94999694824219,64.94999694824219,545700
2014-04-01,65.63999938964844,69.08999633789062,64.5199966430664,68.66000366210938,68.66000366210938,1172700
2014-04-02,68.76000213623047,68.94000244140625,67.38999938964844,68.06999969482422,68.06999969482422,453600
2014-04-03,68.26000213623047,68.72000122070312,66.5,66.83000183105469,66.83000183105469,437100
2014-04-04,67.38999938964844,67.56999969482422,64.69000244140625,65.75,65.75,494900
2014-04-07,65.30000305175781,67.36000061035156,64.3499984741211,66.80999755859375,66.80999755859375,706300
2014-04-08,66.98999786376953,67.66999816894531,65.48999786376953,67.4800033569336,67.4800033569336,653700
2014-04-09,67.66000366210938,70.88999938964844,67.6500015258789,70.80000305175781,70.80000305175781,902100
2014-04-10,70.9000015258789,70.9000015258789,65.91999816894531,66.20999908447266,66.20999908447266,925700
2014-04-11,65.44000244140625,66.12999725341797,62.70000076293945,62.70000076293945,62.70000076293945,952900
2014-04-14,63.150001525878906,64.70999908447266,62.529998779296875,64.47000122070312,64.47000122070312,481000
2014-04-15,64.05999755859375,65.58000183105469,63.11000061035156,65.33000183105469,65.33000183105469,624800
2014-04-16,66.01000213623047,66.80000305175781,63.38999938964844,64.04000091552734,64.04000091552734,851800
2014-04-17,64.0199966430664,65.41999816894531,63.43000030517578,65.08000183105469,65.08000183105469,645200
2014-04-21,65.30000305175781,66.8499984741211,64.93000030517578,66.55000305175781,66.55000305175781,554900
2014-04-22,66.87000274658203,67.5,66.66999816894531,67.41000366210938,67.41000366210938,618900
2014-04-23,67.37000274658203,67.98999786376953,66.25,67.2699966430664,67.2699966430664,754300
2014-04-24,67.69999694824219,69.48999786376953,66.44999694824219,68.58000183105469,68.58000183105469,1466900
2014-04-25,49.97999954223633,50.52000045776367,47.470001220703125,47.560001373291016,47.560001373291016,8453800
2014-04-28,46.9900016784668,47.650001525878906,45.349998474121094,46.06999969482422,46.06999969482422,2778000
2014-04-29,46.029998779296875,46.79999923706055,45.34000015258789,46.54999923706055,46.54999923706055,1328000
2014-04-30,46.41999816894531,48.650001525878906,46.15999984741211,48.400001525878906,48.400001525878906,1760700
2014-05-01,48.5099983215332,49.43000030517578,47.790000915527344,48.279998779296875,48.279998779296875,1500200
2014-05-02,48.43000030517578,50.0,48.16999816894531,49.58000183105469,49.58000183105469,1354300
2014-05-05,49.099998474121094,50.09000015258789,48.529998779296875,49.81999969482422,49.81999969482422,1032200
2014-05-06,49.58000183105469,50.150001525878906,48.75,48.779998779296875,48.779998779296875,1043500
2014-05-07,49.189998626708984,49.529998779296875,48.4900016784668,49.22999954223633,49.22999954223633,953100
2014-05-08,49.119998931884766,51.52000045776367,48.90999984741211,50.2400016784668,50.2400016784668,1105100
2014-05-09,50.20000076293945,50.7400016784668,49.439998626708984,50.040000915527344,50.040000915527344,686300
2014-05-12,50.25,52.16999816894531,50.060001373291016,51.189998626708984,51.189998626708984,648400
2014-05-13,51.130001068115234,51.16999816894531,49.810001373291016,50.15999984741211,50.15999984741211,553300
2014-05-14,50.02000045776367,50.650001525878906,49.130001068115234,49.959999084472656,49.959999084472656,624600
2014-05-15,49.650001525878906,49.75,48.5,49.11000061035156,49.11000061035156,859900
2014-05-16,49.209999084472656,49.52000045776367,48.099998474121094,49.5099983215332,49.5099983215332,756500
2014-05-19,49.540000915527344,51.45000076293945,49.029998779296875,50.619998931884766,50.619998931884766,510900
2014-05-20,50.380001068115234,50.599998474121094,49.34000015258789,49.790000915527344,49.790000915527344,568500
2014-05-21,49.86000061035156,50.15999984741211,49.13999938964844,49.84000015258789,49.84000015258789,676200
2014-05-22,49.7599983215332,50.779998779296875,49.5,50.459999084472656,50.459999084472656,489700
2014-05-23,49.83000183105469,51.279998779296875,49.83000183105469,51.0,51.0,729200
2014-05-27,51.34000015258789,51.97999954223633,51.040000915527344,51.36000061035156,51.36000061035156,636500
2014-05-28,51.20000076293945,51.34000015258789,50.0,50.099998474121094,50.099998474121094,777500
2014-05-29,50.41999816894531,50.779998779296875,50.0,50.400001525878906,50.400001525878906,562000
2014-05-30,50.5099983215332,50.720001220703125,48.5,48.91999816894531,48.91999816894531,944100
2014-06-02,49.0,49.09000015258789,48.0099983215332,48.47999954223633,48.47999954223633,640800
2014-06-03,48.2400016784668,48.560001373291016,47.310001373291016,47.52000045776367,47.52000045776367,921400
2014-06-04,47.209999084472656,47.900001525878906,46.849998474121094,47.290000915527344,47.290000915527344,684200
2014-06-05,47.380001068115234,48.599998474121094,47.11000061035156,48.41999816894531,48.41999816894531,747200
2014-06-06,48.5,49.34000015258789,48.2599983215332,48.650001525878906,48.650001525878906,734500
2014-06-09,48.529998779296875,49.400001525878906,48.529998779296875,48.90999984741211,48.90999984741211,595700
2014-06-10,48.810001373291016,49.290000915527344,48.470001220703125,48.59000015258789,48.59000015258789,398400
2014-06-11,48.33000183105469,49.06999969482422,48.2599983215332,48.79999923706055,48.79999923706055,693400
2014-06-12,48.810001373291016,48.880001068115234,47.77000045776367,48.119998931884766,48.119998931884766,565700
2014-06-13,48.959999084472656,49.18000030517578,48.41999816894531,48.86000061035156,48.86000061035156,2109300
2014-06-16,48.79999923706055,49.470001220703125,48.40999984741211,49.099998474121094,49.099998474121094,387100
2014-06-17,48.869998931884766,49.9900016784668,48.81999969482422,49.45000076293945,49.45000076293945,533700
2014-06-18,49.529998779296875,49.880001068115234,49.06999969482422,49.81999969482422,49.81999969482422,398900
2014-06-19,50.060001373291016,50.2400016784668,49.310001373291016,49.459999084472656,49.459999084472656,416000
2014-06-20,49.650001525878906,49.65999984741211,48.380001068115234,48.970001220703125,48.970001220703125,612800
2014-06-23,49.13999938964844,49.25,48.279998779296875,48.900001525878906,48.900001525878906,367800
2014-06-24,48.81999969482422,49.27000045776367,48.099998474121094,48.189998626708984,48.189998626708984,381100
2014-06-25,47.939998626708984,48.68000030517578,47.939998626708984,48.529998779296875,48.529998779296875,294600
2014-06-26,48.52000045776367,48.68000030517578,47.86000061035156,48.34000015258789,48.34000015258789,263100
2014-06-27,48.040000915527344,48.869998931884766,48.040000915527344,48.70000076293945,48.70000076293945,369300
2014-06-30,48.61000061035156,49.36000061035156,48.560001373291016,49.16999816894531,49.16999816894531,461000
2014-07-01,49.400001525878906,50.849998474121094,49.08000183105469,49.93000030517578,49.93000030517578,655200
2014-07-02,49.7599983215332,50.22999954223633,49.08000183105469,49.189998626708984,49.189998626708984,412400
2014-07-03,49.540000915527344,50.11000061035156,49.11000061035156,50.0099983215332,50.0099983215332,263900
2014-07-07,49.939998626708984,50.06999969482422,48.970001220703125,49.29999923706055,49.29999923706055,354000
2014-07-08,45.900001525878906,49.22999954223633,45.900001525878906,47.540000915527344,47.540000915527344,341100
2014-07-09,47.70000076293945,48.369998931884766,47.40999984741211,48.099998474121094,48.099998474121094,261900
2014-07-10,47.2400016784668,47.72999954223633,46.63999938964844,47.130001068115234,47.130001068115234,392200
2014-07-11,47.130001068115234,47.599998474121094,46.7599983215332,47.22999954223633,47.22999954223633,250400
2014-07-14,47.709999084472656,48.31999969482422,47.09000015258789,47.75,47.75,270300
2014-07-15,47.41999816894531,48.63999938964844,47.41999816894531,48.400001525878906,48.400001525878906,504900
2014-07-16,48.720001220703125,48.9900016784668,48.20000076293945,48.59000015258789,48.59000015258789,670700
2014-07-17,48.25,48.75,48.09000015258789,48.220001220703125,48.220001220703125,636200
2014-07-18,48.150001525878906,50.0099983215332,48.150001525878906,49.77000045776367,49.77000045776367,713300
2014-07-21,49.45000076293945,50.08000183105469,48.79999923706055,49.2599983215332,49.2599983215332,442700
2014-07-22,48.630001068115234,49.11000061035156,47.5,47.599998474121094,47.599998474121094,990000
2014-07-23,47.84000015258789,48.459999084472656,47.599998474121094,47.75,47.75,819900
2014-07-24,48.209999084472656,48.560001373291016,47.849998474121094,48.0,48.0,781100
2014-07-25,47.9900016784668,48.31999969482422,47.75,48.040000915527344,48.040000915527344,666200
2014-07-28,48.11000061035156,50.09000015258789,47.93000030517578,49.349998474121094,49.349998474121094,1232300
2014-07-29,46.20000076293945,52.5,45.20000076293945,50.34000015258789,50.34000015258789,3010200
2014-07-30,50.709999084472656,51.0,49.43000030517578,49.869998931884766,49.869998931884766,1273700
2014-07-31,49.189998626708984,49.470001220703125,48.0099983215332,48.02000045776367,48.02000045776367,639500
2014-08-01,48.060001373291016,48.97999954223633,47.58000183105469,48.90999984741211,48.90999984741211,630700
2014-08-04,48.849998474121094,49.86000061035156,48.220001220703125,49.7400016784668,49.7400016784668,527500
2014-08-05,49.349998474121094,50.38999938964844,49.25,50.279998779296875,50.279998779296875,491800
2014-08-06,49.849998474121094,51.869998931884766,49.79999923706055,51.439998626708984,51.439998626708984,738200
2014-08-07,51.81999969482422,52.36000061035156,51.38999938964844,51.59000015258789,51.59000015258789,704700
2014-08-08,51.599998474121094,52.4900016784668,51.599998474121094,52.31999969482422,52.31999969482422,502100
2014-08-11,52.47999954223633,53.31999969482422,52.119998931884766,52.68000030517578,52.68000030517578,432000
2014-08-12,52.439998626708984,52.810001373291016,51.630001068115234,52.36000061035156,52.36000061035156,443900
2014-08-13,52.59000015258789,53.20000076293945,52.11000061035156,52.619998931884766,52.619998931884766,423400
2014-08-14,52.63999938964844,53.15999984741211,52.25,52.880001068115234,52.880001068115234,335600
2014-08-15,53.31999969482422,53.5,52.40999984741211,52.91999816894531,52.91999816894531,485800
2014-08-18,53.43000030517578,54.56999969482422,53.060001373291016,54.04999923706055,54.04999923706055,848600
2014-08-19,54.13999938964844,54.4900016784668,53.84000015258789,54.189998626708984,54.189998626708984,366900
2014-08-20,53.970001220703125,54.02000045776367,53.04999923706055,53.470001220703125,53.470001220703125,361500
2014-08-21,53.459999084472656,54.5,52.91999816894531,54.41999816894531,54.41999816894531,353700
2014-08-22,54.380001068115234,54.9900016784668,53.880001068115234,54.75,54.75,482900
2014-08-25,55.0,55.4900016784668,54.15999984741211,54.22999954223633,54.22999954223633,491500
2014-08-26,54.38999938964844,55.58000183105469,54.27000045776367,55.349998474121094,55.349998474121094,337900
2014-08-27,55.310001373291016,55.95000076293945,55.06999969482422,55.16999816894531,55.16999816894531,514700
2014-08-28,54.900001525878906,55.970001220703125,54.349998474121094,54.56999969482422,54.56999969482422,318800
2014-08-29,54.709999084472656,55.22999954223633,54.400001525878906,55.13999938964844,55.13999938964844,398800
2014-09-02,55.41999816894531,55.7599983215332,54.45000076293945,54.529998779296875,54.529998779296875,552000
2014-09-03,54.75,55.11000061035156,54.25,54.52000045776367,54.52000045776367,474800
2014-09-04,54.560001373291016,55.130001068115234,54.189998626708984,54.31999969482422,54.31999969482422,368700
2014-09-05,54.11000061035156,54.939998626708984,53.779998779296875,54.84000015258789,54.84000015258789,355800
2014-09-08,54.959999084472656,55.11000061035156,54.38999938964844,54.779998779296875,54.779998779296875,541000
2014-09-09,54.59000015258789,54.880001068115234,54.13999938964844,54.52000045776367,54.52000045776367,359000
2014-09-10,54.630001068115234,55.599998474121094,54.630001068115234,55.41999816894531,55.41999816894531,321300
2014-09-11,55.099998474121094,56.16999816894531,54.849998474121094,55.83000183105469,55.83000183105469,492900
2014-09-12,55.68000030517578,55.869998931884766,55.220001220703125,55.58000183105469,55.58000183105469,520900
2014-09-15,55.4900016784668,55.4900016784668,53.310001373291016,53.83000183105469,53.83000183105469,611600
2014-09-16,53.4900016784668,54.2400016784668,53.16999816894531,53.72999954223633,53.72999954223633,425600
2014-09-17,53.720001220703125,53.79999923706055,52.84000015258789,52.97999954223633,52.97999954223633,399700
2014-09-18,53.2400016784668,53.349998474121094,52.7599983215332,53.27000045776367,53.27000045776367,227200
2014-09-19,53.33000183105469,53.5099983215332,51.959999084472656,52.09000015258789,52.09000015258789,866400
2014-09-22,51.869998931884766,52.09000015258789,50.959999084472656,51.54999923706055,51.54999923706055,552400
2014-09-23,51.25,51.779998779296875,50.68000030517578,50.72999954223633,50.72999954223633,472800
2014-09-24,50.790000915527344,51.2400016784668,50.439998626708984,51.029998779296875,51.029998779296875,384400
2014-09-25,50.869998931884766,50.900001525878906,49.5099983215332,49.720001220703125,49.720001220703125,586800
2014-09-26,49.810001373291016,50.310001373291016,49.720001220703125,49.939998626708984,49.939998626708984,295500
2014-09-29,49.25,50.75,49.18000030517578,50.75,50.75,538800
2014-09-30,50.849998474121094,51.0,49.95000076293945,50.400001525878906,50.400001525878906,529200
2014-10-01,50.0,50.0,46.630001068115234,46.65999984741211,46.65999984741211,1565200
2014-10-02,46.5099983215332,48.4900016784668,45.689998626708984,46.189998626708984,46.189998626708984,843400
2014-10-03,46.709999084472656,47.86000061035156,46.34000015258789,47.34000015258789,47.34000015258789,535900
2014-10-06,47.45000076293945,48.189998626708984,46.90999984741211,47.20000076293945,47.20000076293945,438700
2014-10-07,46.95000076293945,48.54999923706055,46.7599983215332,47.45000076293945,47.45000076293945,825100
2014-10-08,47.41999816894531,49.119998931884766,47.209999084472656,48.9900016784668,48.9900016784668,507200
2014-10-09,48.88999938964844,49.150001525878906,47.380001068115234,47.63999938964844,47.63999938964844,569200
2014-10-10,47.400001525878906,48.040000915527344,45.7599983215332,45.790000915527344,45.790000915527344,467900
2014-10-13,45.790000915527344,46.4900016784668,44.65999984741211,45.439998626708984,45.439998626708984,943000
2014-10-14,45.59000015258789,47.150001525878906,45.58000183105469,46.58000183105469,46.58000183105469,657900
2014-10-15,45.0,47.70000076293945,45.0,47.45000076293945,47.45000076293945,790900
2014-10-16,46.68000030517578,47.63999938964844,46.150001525878906,46.97999954223633,46.97999954223633,555700
2014-10-17,47.709999084472656,47.810001373291016,46.66999816894531,47.060001373291016,47.060001373291016,731300
2014-10-20,46.72999954223633,48.0,46.220001220703125,47.959999084472656,47.959999084472656,425000
2014-10-21,48.31999969482422,48.689998626708984,47.90999984741211,48.470001220703125,48.470001220703125,582000
2014-10-22,48.43000030517578,48.540000915527344,47.189998626708984,47.2599983215332,47.2599983215332,408100
2014-10-23,47.95000076293945,48.369998931884766,46.58000183105469,46.70000076293945,46.70000076293945,866000
2014-10-24,46.779998779296875,46.83000183105469,44.939998626708984,44.97999954223633,44.97999954223633,1492600
2014-10-27,44.5,44.75,43.65999984741211,43.70000076293945,43.70000076293945,1942500
2014-10-28,39.9900016784668,43.63999938964844,39.58000183105469,42.970001220703125,42.970001220703125,5274900
2014-10-29,42.95000076293945,43.0,41.779998779296875,42.880001068115234,42.880001068115234,1367300
2014-10-30,42.810001373291016,43.4900016784668,42.380001068115234,43.099998474121094,43.099998474121094,1046600
2014-10-31,43.959999084472656,44.41999816894531,43.20000076293945,44.34000015258789,44.34000015258789,896500
2014-11-03,44.459999084472656,46.599998474121094,44.349998474121094,45.650001525878906,45.650001525878906,1282100
2014-11-04,45.459999084472656,46.0,45.150001525878906,45.369998931884766,45.369998931884766,521800
2014-11-05,45.790000915527344,46.41999816894531,45.20000076293945,46.13999938964844,46.13999938964844,621100
2014-11-06,45.880001068115234,47.939998626708984,45.79999923706055,47.61000061035156,47.61000061035156,652600
2014-11-07,47.529998779296875,48.08000183105469,46.810001373291016,48.060001373291016,48.060001373291016,627400
2014-11-10,47.970001220703125,48.380001068115234,47.619998931884766,48.349998474121094,48.349998474121094,387700
2014-11-11,48.27000045776367,49.599998474121094,48.13999938964844,49.38999938964844,49.38999938964844,603100
2014-11-12,49.2400016784668,49.5,48.68000030517578,49.43000030517578,49.43000030517578,518100
2014-11-13,49.5,49.7599983215332,48.5099983215332,48.779998779296875,48.779998779296875,460500
2014-11-14,48.709999084472656,49.459999084472656,48.47999954223633,49.20000076293945,49.20000076293945,442800
2014-11-17,49.0,49.97999954223633,48.279998779296875,48.849998474121094,48.849998474121094,482500
2014-11-18,48.970001220703125,49.939998626708984,48.5099983215332,48.540000915527344,48.540000915527344,514500
2014-11-19,48.52000045776367,48.52000045776367,47.150001525878906,47.7400016784668,47.7400016784668,352500
2014-11-20,47.5099983215332,48.380001068115234,47.279998779296875,47.7599983215332,47.7599983215332,361200
2014-11-21,48.310001373291016,48.79999923706055,47.7400016784668,47.91999816894531,47.91999816894531,574600
2014-11-24,47.869998931884766,48.400001525878906,47.77000045776367,47.869998931884766,47.869998931884766,571100
2014-11-25,48.08000183105469,48.650001525878906,47.70000076293945,47.91999816894531,47.91999816894531,338800
2014-11-26,47.9900016784668,48.11000061035156,47.560001373291016,47.77000045776367,47.77000045776367,347200
2014-11-28,47.77000045776367,47.9900016784668,47.099998474121094,47.29999923706055,47.29999923706055,183400
2014-12-01,47.02000045776367,47.20000076293945,46.369998931884766,46.810001373291016,46.810001373291016,400300
2014-12-02,47.029998779296875,47.290000915527344,46.2599983215332,46.47999954223633,46.47999954223633,525000
2014-12-03,46.65999984741211,47.810001373291016,46.40999984741211,47.470001220703125,47.470001220703125,554900
2014-12-04,47.45000076293945,48.79999923706055,47.22999954223633,48.13999938964844,48.13999938964844,814500
2014-12-05,48.13999938964844,49.369998931884766,48.060001373291016,49.189998626708984,49.189998626708984,324200
2014-12-08,49.13999938964844,49.88999938964844,48.88999938964844,49.060001373291016,49.060001373291016,692200
2014-12-09,48.47999954223633,49.93000030517578,47.38999938964844,49.7599983215332,49.7599983215332,509300
2014-12-10,49.59000015258789,50.18000030517578,48.4900016784668,48.91999816894531,48.91999816894531,557000
2014-12-11,47.63999938964844,48.84000015258789,47.33000183105469,48.43000030517578,48.43000030517578,705100
2014-12-12,47.849998474121094,48.400001525878906,47.709999084472656,47.869998931884766,47.869998931884766,419400
2014-12-15,48.16999816894531,48.63999938964844,47.54999923706055,48.0,48.0,501900
2014-12-16,47.709999084472656,48.72999954223633,47.40999984741211,48.209999084472656,48.209999084472656,467200
2014-12-17,48.34000015258789,50.0,47.90999984741211,49.869998931884766,49.869998931884766,534700
2014-12-18,50.689998626708984,51.310001373291016,50.060001373291016,51.29999923706055,51.29999923706055,519100
2014-12-19,51.279998779296875,52.099998474121094,50.529998779296875,51.619998931884766,51.619998931884766,1064100
2014-12-22,51.779998779296875,52.45000076293945,51.33000183105469,52.41999816894531,52.41999816894531,590700
2014-12-23,52.75,53.75,52.02000045776367,53.38999938964844,53.38999938964844,617900
2014-12-24,53.52000045776367,54.52000045776367,53.36000061035156,53.630001068115234,53.630001068115234,243000
2014-12-26,53.9900016784668,54.459999084472656,53.54999923706055,54.029998779296875,54.029998779296875,278900
2014-12-29,53.970001220703125,54.369998931884766,53.2400016784668,53.619998931884766,53.619998931884766,574000
2014-12-30,53.38999938964844,53.779998779296875,52.459999084472656,52.54999923706055,52.54999923706055,484200
2014-12-31,52.810001373291016,53.290000915527344,51.66999816894531,51.689998626708984,51.689998626708984,299400
2015-01-02,51.95000076293945,52.38999938964844,50.65999984741211,51.54999923706055,51.54999923706055,353000
2015-01-05,51.099998474121094,51.849998474121094,50.220001220703125,50.38999938964844,50.38999938964844,627300
2015-01-06,50.47999954223633,50.66999816894531,48.5,48.810001373291016,48.810001373291016,433900
2015-01-07,49.11000061035156,49.11000061035156,48.04999923706055,48.25,48.25,404600
2015-01-08,48.66999816894531,49.27000045776367,48.47999954223633,48.95000076293945,48.95000076293945,537400
2015-01-09,49.22999954223633,49.22999954223633,48.04999923706055,48.209999084472656,48.209999084472656,398200
2015-01-12,48.33000183105469,48.63999938964844,47.5,48.369998931884766,48.369998931884766,343400
2015-01-13,48.29999923706055,49.9900016784668,48.060001373291016,48.63999938964844,48.63999938964844,350900
2015-01-14,48.119998931884766,48.70000076293945,47.43000030517578,48.400001525878906,48.400001525878906,335900
2015-01-15,48.290000915527344,48.84000015258789,47.13999938964844,47.70000076293945,47.70000076293945,624100
2015-01-16,47.470001220703125,48.29999923706055,47.189998626708984,47.5099983215332,47.5099983215332,755500
2015-01-20,47.65999984741211,48.119998931884766,46.79999923706055,47.81999969482422,47.81999969482422,507800
2015-01-21,47.65999984741211,48.33000183105469,47.060001373291016,47.61000061035156,47.61000061035156,504700
2015-01-22,47.939998626708984,48.47999954223633,47.13999938964844,48.150001525878906,48.150001525878906,450100
2015-01-23,48.15999984741211,48.790000915527344,47.36000061035156,47.95000076293945,47.95000076293945,568200
2015-01-26,47.84000015258789,48.25,47.09000015258789,48.18000030517578,48.18000030517578,924400
2015-01-27,47.279998779296875,48.0099983215332,46.7599983215332,47.470001220703125,47.470001220703125,549800
2015-01-28,47.880001068115234,47.880001068115234,44.79999923706055,45.29999923706055,45.29999923706055,2055300
2015-01-29,45.52000045776367,45.52000045776367,43.310001373291016,44.45000076293945,44.45000076293945,951300
2015-01-30,44.0099983215332,44.70000076293945,43.150001525878906,43.58000183105469,43.58000183105469,808800
2015-02-02,43.58000183105469,43.79999923706055,42.22999954223633,43.45000076293945,43.45000076293945,752700
2015-02-03,43.70000076293945,44.84000015258789,43.630001068115234,44.63999938964844,44.63999938964844,897200
2015-02-04,44.540000915527344,45.34000015258789,44.20000076293945,44.470001220703125,44.470001220703125,424500
2015-02-05,44.63999938964844,45.209999084472656,44.5,44.970001220703125,44.970001220703125,463200
2015-02-06,44.939998626708984,45.150001525878906,44.2400016784668,44.56999969482422,44.56999969482422,523900
2015-02-09,44.45000076293945,44.54999923706055,43.939998626708984,44.06999969482422,44.06999969482422,362200
2015-02-10,44.06999969482422,44.439998626708984,43.47999954223633,44.06999969482422,44.06999969482422,301100
2015-02-11,43.91999816894531,44.20000076293945,43.2599983215332,43.689998626708984,43.689998626708984,380100
2015-02-12,43.849998474121094,44.369998931884766,43.47999954223633,43.72999954223633,43.72999954223633,547100
2015-02-13,43.7599983215332,44.45000076293945,43.400001525878906,43.68000030517578,43.68000030517578,1279000
2015-02-17,43.59000015258789,44.27000045776367,43.040000915527344,43.560001373291016,43.560001373291016,747200
2015-02-18,43.38999938964844,44.7599983215332,43.38999938964844,44.43000030517578,44.43000030517578,1055700
2015-02-19,44.470001220703125,45.439998626708984,44.34000015258789,45.09000015258789,45.09000015258789,915800
2015-02-20,45.13999938964844,45.34000015258789,44.63999938964844,45.0,45.0,333800
2015-02-23,44.81999969482422,44.900001525878906,44.25,44.720001220703125,44.720001220703125,775200
2015-02-24,44.83000183105469,45.099998474121094,44.47999954223633,44.93000030517578,44.93000030517578,384800
2015-02-25,44.81999969482422,45.70000076293945,44.81999969482422,45.59000015258789,45.59000015258789,366600
2015-02-26,45.439998626708984,46.900001525878906,45.34000015258789,46.84000015258789,46.84000015258789,511500
2015-02-27,46.75,48.7400016784668,46.619998931884766,48.27000045776367,48.27000045776367,1013300
2015-03-02,48.209999084472656,49.34000015258789,47.91999816894531,49.130001068115234,49.130001068115234,860400
2015-03-03,49.0,49.310001373291016,48.22999954223633,48.5099983215332,48.5099983215332,683900
2015-03-04,48.41999816894531,48.5,47.790000915527344,47.810001373291016,47.810001373291016,404400
2015-03-05,47.91999816894531,48.040000915527344,47.33000183105469,47.84000015258789,47.84000015258789,349200
2015-03-06,47.470001220703125,47.900001525878906,46.790000915527344,46.880001068115234,46.880001068115234,402000
2015-03-09,47.06999969482422,47.38999938964844,46.08000183105469,46.189998626708984,46.189998626708984,302300
2015-03-10,45.91999816894531,46.18000030517578,45.11000061035156,45.2599983215332,45.2599983215332,313800
2015-03-11,45.209999084472656,45.4900016784668,44.959999084472656,45.290000915527344,45.290000915527344,339500
2015-03-12,45.43000030517578,45.939998626708984,45.119998931884766,45.38999938964844,45.38999938964844,336500
2015-03-13,45.349998474121094,45.56999969482422,44.630001068115234,45.0,45.0,452500
2015-03-16,45.119998931884766,46.02000045776367,44.869998931884766,45.95000076293945,45.95000076293945,414600
2015-03-17,45.68000030517578,45.95000076293945,44.9900016784668,45.130001068115234,45.130001068115234,309100
2015-03-18,44.86000061035156,45.52000045776367,44.2400016784668,45.06999969482422,45.06999969482422,465900
2015-03-19,44.83000183105469,45.20000076293945,44.630001068115234,44.869998931884766,44.869998931884766,388300
2015-03-20,44.9900016784668,46.06999969482422,44.59000015258789,45.81999969482422,45.81999969482422,947200
2015-03-23,45.81999969482422,45.9900016784668,45.38999938964844,45.47999954223633,45.47999954223633,311000
2015-03-24,45.56999969482422,45.630001068115234,44.36000061035156,44.439998626708984,44.439998626708984,289900
2015-03-25,44.56999969482422,44.56999969482422,43.45000076293945,43.68000030517578,43.68000030517578,385900
2015-03-26,43.61000061035156,44.11000061035156,43.310001373291016,43.65999984741211,43.65999984741211,637500
2015-03-27,43.529998779296875,44.20000076293945,42.93000030517578,44.13999938964844,44.13999938964844,452700
2015-03-30,44.33000183105469,44.54999923706055,44.029998779296875,44.130001068115234,44.130001068115234,521900
2015-03-31,43.93000030517578,44.16999816894531,43.54999923706055,43.70000076293945,43.70000076293945,442900
2015-04-01,43.70000076293945,43.70000076293945,43.18000030517578,43.470001220703125,43.470001220703125,519900
2015-04-02,43.380001068115234,43.75,43.09000015258789,43.709999084472656,43.709999084472656,643600
2015-04-06,43.470001220703125,44.2400016784668,43.470001220703125,43.939998626708984,43.939998626708984,436900
2015-04-07,44.06999969482422,44.959999084472656,43.95000076293945,44.119998931884766,44.119998931884766,769700
2015-04-08,44.150001525878906,47.5,43.90999984741211,46.599998474121094,46.599998474121094,2124500
2015-04-09,46.47999954223633,47.33000183105469,46.18000030517578,47.2400016784668,47.2400016784668,582700
2015-04-10,47.439998626708984,47.470001220703125,46.349998474121094,46.7400016784668,46.7400016784668,449800
2015-04-13,46.560001373291016,47.099998474121094,46.36000061035156,46.779998779296875,46.779998779296875,681500
2015-04-14,46.5099983215332,46.81999969482422,46.279998779296875,46.59000015258789,46.59000015258789,579600
2015-04-15,46.5,47.4900016784668,46.43000030517578,47.15999984741211,47.15999984741211,483400
2015-04-16,47.0,47.52000045776367,46.79999923706055,46.84000015258789,46.84000015258789,334600
2015-04-17,46.4900016784668,46.4900016784668,45.630001068115234,45.779998779296875,45.779998779296875,489400
2015-04-20,46.119998931884766,46.81999969482422,46.060001373291016,46.310001373291016,46.310001373291016,306800
2015-04-21,46.560001373291016,47.11000061035156,45.959999084472656,46.72999954223633,46.72999954223633,448400
2015-04-22,46.779998779296875,47.150001525878906,46.529998779296875,47.11000061035156,47.11000061035156,275700
2015-04-23,46.939998626708984,47.70000076293945,46.66999816894531,47.27000045776367,47.27000045776367,303900
2015-04-24,47.209999084472656,47.529998779296875,46.97999954223633,47.279998779296875,47.279998779296875,279400
2015-04-27,47.16999816894531,47.459999084472656,46.06999969482422,46.209999084472656,46.209999084472656,362400
2015-04-28,46.349998474121094,47.59000015258789,46.16999816894531,47.13999938964844,47.13999938964844,394300
2015-04-29,46.91999816894531,47.81999969482422,46.72999954223633,47.459999084472656,47.459999084472656,567400
2015-04-30,47.459999084472656,47.459999084472656,45.65999984741211,45.75,45.75,583000
2015-05-01,45.9900016784668,46.5,45.380001068115234,45.5,45.5,481000
2015-05-04,45.70000076293945,46.470001220703125,45.52000045776367,45.75,45.75,726700
2015-05-05,45.970001220703125,47.619998931884766,43.90999984741211,44.720001220703125,44.720001220703125,1580900
2015-05-06,44.77000045776367,45.06999969482422,44.02000045776367,44.43000030517578,44.43000030517578,889100
2015-05-07,44.5099983215332,44.88999938964844,44.099998474121094,44.59000015258789,44.59000015258789,677000
2015-05-08,45.130001068115234,45.130001068115234,44.380001068115234,44.40999984741211,44.40999984741211,585400
2015-05-11,44.41999816894531,45.029998779296875,44.20000076293945,44.5,44.5,625500
2015-05-12,44.36000061035156,44.7599983215332,43.599998474121094,44.470001220703125,44.470001220703125,929200
2015-05-13,44.689998626708984,45.34000015258789,44.38999938964844,45.22999954223633,45.22999954223633,570100
2015-05-14,45.59000015258789,46.95000076293945,45.27000045776367,46.5099983215332,46.5099983215332,542500
2015-05-15,46.47999954223633,46.630001068115234,46.119998931884766,46.16999816894531,46.16999816894531,379700
2015-05-18,46.16999816894531,47.16999816894531,45.81999969482422,46.95000076293945,46.95000076293945,507100
2015-05-19,47.2400016784668,47.2400016784668,46.029998779296875,46.619998931884766,46.619998931884766,444800
2015-05-20,46.63999938964844,46.81999969482422,45.93000030517578,45.959999084472656,45.959999084472656,475700
2015-05-21,45.95000076293945,46.099998474121094,45.40999984741211,45.63999938964844,45.63999938964844,496900
2015-05-22,45.5,45.77000045776367,44.880001068115234,45.439998626708984,45.439998626708984,449300
2015-05-26,45.13999938964844,45.13999938964844,44.16999816894531,44.5,44.5,466100
2015-05-27,44.470001220703125,45.470001220703125,44.04999923706055,45.34000015258789,45.34000015258789,817800
2015-05-28,45.150001525878906,45.45000076293945,44.65999984741211,45.369998931884766,45.369998931884766,215600
2015-05-29,45.22999954223633,45.22999954223633,44.279998779296875,44.43000030517578,44.43000030517578,342800
2015-06-01,44.72999954223633,45.25,44.029998779296875,44.91999816894531,44.91999816894531,311100
2015-06-02,44.65999984741211,45.33000183105469,44.54999923706055,45.09000015258789,45.09000015258789,245900
2015-06-03,45.31999969482422,46.380001068115234,45.189998626708984,46.27000045776367,46.27000045776367,363300
2015-06-04,46.040000915527344,46.33000183105469,45.18000030517578,45.279998779296875,45.279998779296875,239000
2015-06-05,45.290000915527344,45.599998474121094,44.75,45.040000915527344,45.040000915527344,336000
2015-06-08,44.880001068115234,44.95000076293945,44.02000045776367,44.13999938964844,44.13999938964844,184600
2015-06-09,44.209999084472656,44.400001525878906,43.47999954223633,43.81999969482422,43.81999969482422,358400
2015-06-10,43.939998626708984,44.470001220703125,43.939998626708984,44.220001220703125,44.220001220703125,323900
2015-06-11,44.38999938964844,44.54999923706055,44.02000045776367,44.220001220703125,44.220001220703125,282700
2015-06-12,43.959999084472656,44.119998931884766,43.72999954223633,44.0,44.0,265400
2015-06-15,43.540000915527344,44.15999984741211,42.63999938964844,44.0,44.0,359400
2015-06-16,43.849998474121094,44.720001220703125,43.849998474121094,44.43000030517578,44.43000030517578,263200
2015-06-17,44.43000030517578,45.209999084472656,44.290000915527344,44.630001068115234,44.630001068115234,235400
2015-06-18,42.7599983215332,45.29999923706055,42.7599983215332,45.119998931884766,45.119998931884766,246900
2015-06-19,44.970001220703125,44.970001220703125,44.09000015258789,44.5,44.5,448100
2015-06-22,44.61000061035156,44.849998474121094,44.06999969482422,44.38999938964844,44.38999938964844,527500
2015-06-23,44.310001373291016,44.630001068115234,44.150001525878906,44.630001068115234,44.630001068115234,417300
2015-06-24,44.68000030517578,44.7400016784668,44.029998779296875,44.189998626708984,44.189998626708984,569600
2015-06-25,44.40999984741211,44.93000030517578,44.220001220703125,44.7400016784668,44.7400016784668,434600
2015-06-26,44.689998626708984,44.689998626708984,44.099998474121094,44.45000076293945,44.45000076293945,841100
2015-06-29,44.16999816894531,44.369998931884766,42.91999816894531,42.9900016784668,42.9900016784668,676500
2015-06-30,43.27000045776367,43.380001068115234,41.689998626708984,42.40999984741211,42.40999984741211,498800
2015-07-01,42.7400016784668,42.7400016784668,40.790000915527344,41.02000045776367,41.02000045776367,495200
2015-07-02,40.84000015258789,41.220001220703125,40.06999969482422,40.40999984741211,40.40999984741211,498100
2015-07-06,40.09000015258789,40.540000915527344,39.939998626708984,40.27000045776367,40.27000045776367,451000
2015-07-07,40.220001220703125,40.65999984741211,39.4900016784668,40.56999969482422,40.56999969482422,552900
2015-07-08,40.18000030517578,41.099998474121094,39.97999954223633,40.459999084472656,40.459999084472656,696900
2015-07-09,41.0,41.099998474121094,40.15999984741211,40.18000030517578,40.18000030517578,360300
2015-07-10,40.54999923706055,40.81999969482422,40.25,40.540000915527344,40.540000915527344,313400
2015-07-13,40.68000030517578,41.349998474121094,40.54999923706055,41.20000076293945,41.20000076293945,232200
2015-07-14,40.90999984741211,41.470001220703125,40.90999984741211,41.310001373291016,41.310001373291016,182800
2015-07-15,41.04999923706055,41.36000061035156,40.75,40.7599983215332,40.7599983215332,240200
2015-07-16,41.15999984741211,41.15999984741211,40.22999954223633,40.43000030517578,40.43000030517578,277400
2015-07-17,40.380001068115234,40.380001068115234,39.790000915527344,39.97999954223633,39.97999954223633,302800
2015-07-20,40.0,40.68000030517578,39.630001068115234,40.27000045776367,40.27000045776367,385000
2015-07-21,40.150001525878906,40.65999984741211,40.04999923706055,40.13999938964844,40.13999938964844,355700
2015-07-22,39.95000076293945,40.52000045776367,39.95000076293945,40.15999984741211,40.15999984741211,224000
2015-07-23,40.38999938964844,40.97999954223633,40.13999938964844,40.5099983215332,40.5099983215332,422500
2015-07-24,40.61000061035156,40.86000061035156,40.060001373291016,40.56999969482422,40.56999969482422,439700
2015-07-27,40.47999954223633,40.47999954223633,39.560001373291016,39.61000061035156,39.61000061035156,618600
2015-07-28,33.56999969482422,35.5,33.560001373291016,34.84000015258789,34.84000015258789,5760300
2015-07-29,35.099998474121094,36.720001220703125,34.779998779296875,36.11000061035156,36.11000061035156,2454200
2015-07-30,36.099998474121094,37.900001525878906,36.099998474121094,37.599998474121094,37.599998474121094,1271100
2015-07-31,37.63999938964844,37.95000076293945,37.22999954223633,37.470001220703125,37.470001220703125,590700
2015-08-03,37.5,37.709999084472656,37.029998779296875,37.65999984741211,37.65999984741211,603300
2015-08-04,37.65999984741211,37.91999816894531,37.45000076293945,37.779998779296875,37.779998779296875,413400
2015-08-05,38.15999984741211,38.77000045776367,37.70000076293945,38.25,38.25,653700
2015-08-06,38.189998626708984,38.290000915527344,37.400001525878906,37.65999984741211,37.65999984741211,334200
2015-08-07,37.52000045776367,38.20000076293945,37.52000045776367,37.72999954223633,37.72999954223633,357200
2015-08-10,38.029998779296875,39.27000045776367,37.7599983215332,39.150001525878906,39.150001525878906,462900
2015-08-11,38.70000076293945,38.81999969482422,37.7599983215332,37.91999816894531,37.91999816894531,619400
2015-08-12,37.349998474121094,37.779998779296875,36.540000915527344,37.630001068115234,37.630001068115234,592900
2015-08-13,37.5099983215332,37.93000030517578,37.25,37.31999969482422,37.31999969482422,318500
2015-08-14,37.25,37.7400016784668,36.7599983215332,37.5099983215332,37.5099983215332,320000
2015-08-17,37.18000030517578,38.59000015258789,36.970001220703125,37.939998626708984,37.939998626708984,649700
2015-08-18,37.869998931884766,37.869998931884766,37.099998474121094,37.310001373291016,37.310001373291016,508400
2015-08-19,37.16999816894531,37.86000061035156,36.75,37.47999954223633,37.47999954223633,420500
2015-08-20,37.099998474121094,37.369998931884766,36.560001373291016,36.56999969482422,36.56999969482422,399100
2015-08-21,35.97999954223633,36.84000015258789,35.79999923706055,36.34000015258789,36.34000015258789,582600
2015-08-24,34.810001373291016,36.619998931884766,34.11000061035156,35.099998474121094,35.099998474121094,831800
2015-08-25,36.33000183105469,36.93000030517578,34.439998626708984,34.4900016784668,34.4900016784668,727100
2015-08-26,35.18000030517578,35.40999984741211,34.119998931884766,35.13999938964844,35.13999938964844,657600
2015-08-27,35.47999954223633,36.189998626708984,35.040000915527344,35.9900016784668,35.9900016784668,634400
2015-08-28,35.75,36.65999984741211,34.939998626708984,35.70000076293945,35.70000076293945,708500
2015-08-31,35.709999084472656,36.209999084472656,35.369998931884766,35.84000015258789,35.84000015258789,491200
2015-09-01,35.060001373291016,35.810001373291016,34.68000030517578,34.9900016784668,34.9900016784668,499700
2015-09-02,35.380001068115234,35.459999084472656,34.790000915527344,35.369998931884766,35.369998931884766,491300
2015-09-03,35.34000015258789,35.619998931884766,34.9900016784668,35.09000015258789,35.09000015258789,483800
2015-09-04,34.630001068115234,35.79999923706055,34.630001068115234,35.22999954223633,35.22999954223633,597100
2015-09-08,35.81999969482422,36.130001068115234,35.2400016784668,35.970001220703125,35.970001220703125,490300
2015-09-09,36.18000030517578,36.27000045776367,35.47999954223633,35.54999923706055,35.54999923706055,478500
2015-09-10,35.470001220703125,35.70000076293945,34.97999954223633,35.25,35.25,586600
2015-09-11,35.459999084472656,36.189998626708984,35.400001525878906,35.939998626708984,35.939998626708984,658200
2015-09-14,36.040000915527344,36.040000915527344,35.630001068115234,35.880001068115234,35.880001068115234,463900
2015-09-15,35.970001220703125,36.27000045776367,35.83000183105469,36.099998474121094,36.099998474121094,612300
2015-09-16,35.880001068115234,36.5099983215332,35.880001068115234,36.04999923706055,36.04999923706055,534300
2015-09-17,35.970001220703125,36.38999938964844,35.7599983215332,35.849998474121094,35.849998474121094,343300
2015-09-18,35.27000045776367,35.720001220703125,35.22999954223633,35.29999923706055,35.29999923706055,614800
2015-09-21,35.45000076293945,35.66999816894531,35.0,35.15999984741211,35.15999984741211,305300
2015-09-22,35.0,35.11000061035156,34.65999984741211,34.689998626708984,34.689998626708984,446100
2015-09-23,34.66999816894531,35.099998474121094,34.38999938964844,34.720001220703125,34.720001220703125,415900
2015-09-24,34.439998626708984,34.869998931884766,34.22999954223633,34.779998779296875,34.779998779296875,267500
2015-09-25,35.11000061035156,35.310001373291016,34.4900016784668,34.560001373291016,34.560001373291016,334200
2015-09-28,34.349998474121094,34.59000015258789,34.0099983215332,34.06999969482422,34.06999969482422,365100
2015-09-29,34.0,34.2400016784668,33.900001525878906,34.02000045776367,34.02000045776367,448400
2015-09-30,34.22999954223633,34.5099983215332,33.70000076293945,33.959999084472656,33.959999084472656,651100
2015-10-01,33.97999954223633,34.619998931884766,33.40999984741211,34.540000915527344,34.540000915527344,615000
2015-10-02,34.09000015258789,35.13999938964844,33.72999954223633,35.119998931884766,35.119998931884766,655500
2015-10-05,35.31999969482422,35.619998931884766,35.060001373291016,35.25,35.25,436400
2015-10-06,35.189998626708984,35.84000015258789,35.09000015258789,35.63999938964844,35.63999938964844,476100
2015-10-07,35.75,36.349998474121094,35.45000076293945,35.68000030517578,35.68000030517578,560800
2015-10-08,35.72999954223633,35.77000045776367,35.349998474121094,35.61000061035156,35.61000061035156,380600
2015-10-09,35.59000015258789,36.47999954223633,35.400001525878906,36.27000045776367,36.27000045776367,308900
2015-10-12,36.310001373291016,36.310001373291016,35.709999084472656,36.11000061035156,36.11000061035156,292600
2015-10-13,35.68000030517578,36.38999938964844,35.68000030517578,35.93000030517578,35.93000030517578,454400
2015-10-14,35.959999084472656,36.150001525878906,35.5099983215332,35.689998626708984,35.689998626708984,451700
2015-10-15,35.45000076293945,35.900001525878906,35.349998474121094,35.77000045776367,35.77000045776367,548300
2015-10-16,35.86000061035156,35.880001068115234,35.13999938964844,35.13999938964844,35.13999938964844,539300
2015-10-19,35.0,35.95000076293945,34.380001068115234,35.20000076293945,35.20000076293945,677200
2015-10-20,35.470001220703125,36.369998931884766,35.2599983215332,36.22999954223633,36.22999954223633,590900
2015-10-21,36.45000076293945,36.65999984741211,35.77000045776367,36.060001373291016,36.060001373291016,487400
2015-10-22,36.380001068115234,37.45000076293945,36.119998931884766,37.16999816894531,37.16999816894531,482600
2015-10-23,37.47999954223633,37.47999954223633,36.400001525878906,36.810001373291016,36.810001373291016,607700
2015-10-26,37.90999984741211,38.33000183105469,37.279998779296875,37.66999816894531,37.66999816894531,959600
2015-10-27,39.54999923706055,40.459999084472656,38.099998474121094,38.72999954223633,38.72999954223633,1867900
2015-10-28,38.599998474121094,40.689998626708984,38.0,40.52000045776367,40.52000045776367,1124300
2015-10-29,40.130001068115234,41.25,39.7599983215332,40.869998931884766,40.869998931884766,644800
2015-10-30,41.029998779296875,41.540000915527344,40.22999954223633,40.52000045776367,40.52000045776367,577200
2015-11-02,40.470001220703125,40.72999954223633,40.029998779296875,40.5,40.5,613500
2015-11-03,40.4900016784668,41.33000183105469,40.220001220703125,40.880001068115234,40.880001068115234,472100
2015-11-04,40.91999816894531,41.18000030517578,40.779998779296875,41.13999938964844,41.13999938964844,323600
2015-11-05,41.06999969482422,41.279998779296875,40.849998474121094,40.9900016784668,40.9900016784668,289600
2015-11-06,40.81999969482422,41.40999984741211,40.81999969482422,41.0,41.0,400200
2015-11-09,40.970001220703125,41.18000030517578,40.5099983215332,41.06999969482422,41.06999969482422,296400
2015-11-10,40.90999984741211,40.9900016784668,40.279998779296875,40.68000030517578,40.68000030517578,230200
2015-11-11,40.86000061035156,40.86000061035156,40.18000030517578,40.220001220703125,40.220001220703125,183000
2015-11-12,40.11000061035156,40.56999969482422,39.310001373291016,39.95000076293945,39.95000076293945,250900
2015-11-13,39.83000183105469,39.9900016784668,38.220001220703125,38.81999969482422,38.81999969482422,396500
2015-11-16,38.689998626708984,39.52000045776367,38.689998626708984,39.5,39.5,303000
2015-11-17,39.5,39.970001220703125,39.33000183105469,39.41999816894531,39.41999816894531,388900
2015-11-18,39.459999084472656,39.900001525878906,38.619998931884766,39.880001068115234,39.880001068115234,216300
2015-11-19,39.900001525878906,40.41999816894531,39.470001220703125,40.25,40.25,358800
2015-11-20,40.349998474121094,40.43000030517578,39.59000015258789,40.15999984741211,40.15999984741211,336000
2015-11-23,40.060001373291016,40.7599983215332,38.720001220703125,40.61000061035156,40.61000061035156,261200
2015-11-24,40.36000061035156,40.75,40.209999084472656,40.54999923706055,40.54999923706055,265400
2015-11-25,40.540000915527344,40.63999938964844,40.33000183105469,40.59000015258789,40.59000015258789,213500
2015-11-27,40.599998474121094,40.9900016784668,40.470001220703125,40.790000915527344,40.790000915527344,85500
2015-11-30,40.810001373291016,41.099998474121094,40.400001525878906,40.97999954223633,40.97999954223633,330600
2015-12-01,41.099998474121094,41.5,40.81999969482422,41.310001373291016,41.310001373291016,577300
2015-12-02,41.2400016784668,42.38999938964844,41.2400016784668,42.2400016784668,42.2400016784668,415100
2015-12-03,42.290000915527344,43.18000030517578,42.060001373291016,42.56999969482422,42.56999969482422,853800
2015-12-04,42.59000015258789,42.90999984741211,42.06999969482422,42.90999984741211,42.90999984741211,391100
2015-12-07,42.88999938964844,42.88999938964844,41.630001068115234,41.75,41.75,512400
2015-12-08,41.459999084472656,41.90999984741211,40.88999938964844,41.209999084472656,41.209999084472656,363200
2015-12-09,41.08000183105469,41.75,40.470001220703125,40.56999969482422,40.56999969482422,258300
2015-12-10,40.5099983215332,40.720001220703125,39.779998779296875,39.90999984741211,39.90999984741211,352100
2015-12-11,39.380001068115234,40.0099983215332,38.869998931884766,38.90999984741211,38.90999984741211,343000
2015-12-14,38.93000030517578,39.279998779296875,38.31999969482422,38.84000015258789,38.84000015258789,239700
2015-12-15,39.08000183105469,39.900001525878906,38.75,39.54999923706055,39.54999923706055,218600
2015-12-16,39.54999923706055,40.349998474121094,39.38999938964844,40.220001220703125,40.220001220703125,224700
2015-12-17,40.2400016784668,40.790000915527344,40.11000061035156,40.220001220703125,40.220001220703125,362100
2015-12-18,40.25,40.58000183105469,39.5,39.540000915527344,39.540000915527344,611700
2015-12-21,39.77000045776367,40.119998931884766,38.63999938964844,38.95000076293945,38.95000076293945,279100
2015-12-22,39.099998474121094,39.470001220703125,38.7599983215332,39.2599983215332,39.2599983215332,212500
2015-12-23,39.38999938964844,40.13999938964844,39.08000183105469,39.81999969482422,39.81999969482422,225300
2015-12-24,39.75,40.040000915527344,39.650001525878906,39.77000045776367,39.77000045776367,111700
2015-12-28,39.650001525878906,40.15999984741211,39.380001068115234,39.58000183105469,39.58000183105469,124200
2015-12-29,39.810001373291016,40.66999816894531,39.810001373291016,40.54999923706055,40.54999923706055,159000
2015-12-30,40.470001220703125,40.81999969482422,39.790000915527344,39.83000183105469,39.83000183105469,204500
2015-12-31,39.70000076293945,39.91999816894531,39.119998931884766,39.349998474121094,39.349998474121094,289700
2016-01-04,38.81999969482422,39.0,37.630001068115234,37.970001220703125,37.970001220703125,520300
2016-01-05,38.04999923706055,38.27000045776367,37.709999084472656,37.970001220703125,37.970001220703125,169700
2016-01-06,37.459999084472656,38.709999084472656,37.0,37.31999969482422,37.31999969482422,522200
2016-01-07,36.810001373291016,37.189998626708984,35.150001525878906,35.54999923706055,35.54999923706055,716700
2016-01-08,35.72999954223633,36.029998779296875,34.970001220703125,35.040000915527344,35.040000915527344,535400
2016-01-11,35.150001525878906,35.459999084472656,34.9900016784668,35.310001373291016,35.310001373291016,519100
2016-01-12,35.58000183105469,35.83000183105469,34.380001068115234,34.7400016784668,34.7400016784668,457500
2016-01-13,34.810001373291016,35.310001373291016,33.56999969482422,33.93000030517578,33.93000030517578,398200
2016-01-14,34.040000915527344,34.869998931884766,33.849998474121094,34.54999923706055,34.54999923706055,352900
2016-01-15,32.83000183105469,33.220001220703125,30.809999465942383,31.450000762939453,31.450000762939453,1576600
2016-01-19,31.670000076293945,32.349998474121094,30.520000457763672,31.010000228881836,31.010000228881836,1181400
2016-01-20,30.459999084472656,30.989999771118164,29.40999984741211,30.760000228881836,30.760000228881836,978300
2016-01-21,30.959999084472656,31.6200008392334,30.889999389648438,30.950000762939453,30.950000762939453,583200
2016-01-22,31.200000762939453,31.780000686645508,31.139999389648438,31.6200008392334,31.6200008392334,427000
2016-01-25,31.489999771118164,31.56999969482422,30.3799991607666,30.40999984741211,30.40999984741211,550000
2016-01-26,30.469999313354492,31.440000534057617,30.350000381469727,31.3700008392334,31.3700008392334,1375300
2016-01-27,36.38999938964844,38.119998931884766,35.40999984741211,36.38999938964844,36.38999938964844,4120400
2016-01-28,37.47999954223633,37.47999954223633,35.58000183105469,35.91999816894531,35.91999816894531,1175800
2016-01-29,36.11000061035156,37.56999969482422,36.029998779296875,37.52000045776367,37.52000045776367,995500
2016-02-01,37.11000061035156,39.27000045776367,36.209999084472656,39.060001373291016,39.060001373291016,1327800
2016-02-02,38.650001525878906,39.189998626708984,37.86000061035156,38.04999923706055,38.04999923706055,900700
2016-02-03,38.27000045776367,38.540000915527344,37.25,38.27000045776367,38.27000045776367,602800
2016-02-04,38.220001220703125,39.88999938964844,37.5099983215332,39.0,39.0,935800
2016-02-05,38.540000915527344,38.709999084472656,37.31999969482422,38.189998626708984,38.189998626708984,752400
2016-02-08,37.869998931884766,37.880001068115234,35.56999969482422,36.630001068115234,36.630001068115234,645800
2016-02-09,36.13999938964844,36.95000076293945,34.7599983215332,34.90999984741211,34.90999984741211,629500
2016-02-10,35.15999984741211,36.09000015258789,34.56999969482422,34.58000183105469,34.58000183105469,562600
2016-02-11,34.029998779296875,34.529998779296875,33.650001525878906,34.150001525878906,34.150001525878906,628400
2016-02-12,34.470001220703125,35.5,34.06999969482422,35.11000061035156,35.11000061035156,445600
2016-02-16,35.09000015258789,36.119998931884766,34.66999816894531,35.91999816894531,35.91999816894531,595200
2016-02-17,35.9900016784668,37.5099983215332,35.369998931884766,37.060001373291016,37.060001373291016,596100
2016-02-18,37.060001373291016,37.060001373291016,36.33000183105469,36.41999816894531,36.41999816894531,341200
2016-02-19,36.310001373291016,37.16999816894531,36.060001373291016,36.970001220703125,36.970001220703125,431900
2016-02-22,37.40999984741211,37.65999984741211,36.9900016784668,37.119998931884766,37.119998931884766,793600
2016-02-23,36.869998931884766,37.040000915527344,35.97999954223633,36.060001373291016,36.060001373291016,482000
2016-02-24,35.689998626708984,37.45000076293945,35.33000183105469,37.36000061035156,37.36000061035156,620000
2016-02-25,37.400001525878906,37.77000045776367,36.959999084472656,37.689998626708984,37.689998626708984,450100
2016-02-26,38.15999984741211,38.939998626708984,35.439998626708984,38.290000915527344,38.290000915527344,580400
2016-02-29,38.290000915527344,38.290000915527344,37.16999816894531,37.470001220703125,37.470001220703125,569000
2016-03-01,37.849998474121094,38.97999954223633,37.529998779296875,38.4900016784668,38.4900016784668,1110600
2016-03-02,38.34000015258789,38.72999954223633,37.66999816894531,38.38999938964844,38.38999938964844,495800
2016-03-03,38.45000076293945,38.720001220703125,37.880001068115234,38.36000061035156,38.36000061035156,384800
2016-03-04,38.40999984741211,39.099998474121094,37.779998779296875,38.63999938964844,38.63999938964844,424200
2016-03-07,38.439998626708984,39.38999938964844,38.310001373291016,39.29999923706055,39.29999923706055,355800
2016-03-08,39.09000015258789,39.09000015258789,38.31999969482422,38.380001068115234,38.380001068115234,339600
2016-03-09,38.560001373291016,38.68000030517578,37.869998931884766,38.150001525878906,38.150001525878906,378100
2016-03-10,38.220001220703125,38.849998474121094,37.70000076293945,38.0,38.0,446500
2016-03-11,38.38999938964844,39.599998474121094,38.38999938964844,39.20000076293945,39.20000076293945,350400
2016-03-14,38.9900016784668,39.619998931884766,38.959999084472656,39.52000045776367,39.52000045776367,251000
2016-03-15,39.20000076293945,39.20000076293945,38.380001068115234,38.5099983215332,38.5099983215332,155800
2016-03-16,38.41999816894531,38.970001220703125,38.279998779296875,38.79999923706055,38.79999923706055,165400
2016-03-17,38.65999984741211,39.66999816894531,38.65999984741211,39.4900016784668,39.4900016784668,217000
2016-03-18,39.650001525878906,40.68000030517578,39.13999938964844,40.58000183105469,40.58000183105469,450500
2016-03-21,40.41999816894531,40.720001220703125,39.88999938964844,40.0099983215332,40.0099983215332,226500
2016-03-22,39.77000045776367,40.18000030517578,39.68000030517578,40.04999923706055,40.04999923706055,159800
2016-03-23,40.02000045776367,40.13999938964844,39.11000061035156,39.11000061035156,39.11000061035156,180200
2016-03-24,38.869998931884766,40.0,38.77000045776367,39.9900016784668,39.9900016784668,190200
2016-03-28,40.08000183105469,40.36000061035156,39.72999954223633,40.06999969482422,40.06999969482422,173500
2016-03-29,40.0,41.119998931884766,39.810001373291016,41.099998474121094,41.099998474121094,345000
2016-03-30,41.47999954223633,42.31999969482422,41.279998779296875,42.13999938964844,42.13999938964844,723100
2016-03-31,42.2599983215332,43.7400016784668,42.040000915527344,43.16999816894531,43.16999816894531,549300
2016-04-01,42.7599983215332,43.720001220703125,42.150001525878906,43.54999923706055,43.54999923706055,341200
2016-04-04,43.630001068115234,43.81999969482422,42.869998931884766,42.880001068115234,42.880001068115234,222000
2016-04-05,42.599998474121094,43.0,41.959999084472656,42.0099983215332,42.0099983215332,237300
2016-04-06,42.06999969482422,43.560001373291016,41.43000030517578,42.349998474121094,42.349998474121094,327900
2016-04-07,42.11000061035156,42.22999954223633,41.130001068115234,41.33000183105469,41.33000183105469,327400
2016-04-08,41.599998474121094,42.41999816894531,41.40999984741211,41.75,41.75,170900
2016-04-11,42.0,43.4900016784668,41.040000915527344,41.15999984741211,41.15999984741211,170200
2016-04-12,41.130001068115234,41.869998931884766,40.83000183105469,41.150001525878906,41.150001525878906,160600
2016-04-13,41.27000045776367,42.400001525878906,41.0,42.310001373291016,42.310001373291016,341900
2016-04-14,42.130001068115234,43.470001220703125,41.939998626708984,43.06999969482422,43.06999969482422,509200
2016-04-15,42.86000061035156,43.369998931884766,42.25,42.7400016784668,42.7400016784668,291900
2016-04-18,42.599998474121094,44.11000061035156,42.599998474121094,44.029998779296875,44.029998779296875,487100
2016-04-19,44.18000030517578,44.70000076293945,42.95000076293945,43.61000061035156,43.61000061035156,283500
2016-04-20,43.810001373291016,44.31999969482422,43.02000045776367,43.880001068115234,43.880001068115234,283200
2016-04-21,43.95000076293945,44.41999816894531,43.54999923706055,43.91999816894531,43.91999816894531,243600
2016-04-22,43.97999954223633,44.27000045776367,43.25,44.13999938964844,44.13999938964844,285100
2016-04-25,43.9900016784668,44.209999084472656,43.7400016784668,44.02000045776367,44.02000045776367,188600
2016-04-26,44.25,44.56999969482422,43.849998474121094,44.43000030517578,44.43000030517578,288200
2016-04-27,44.70000076293945,45.81999969482422,44.06999969482422,44.66999816894531,44.66999816894531,566400
2016-04-28,44.29999923706055,44.56999969482422,43.7599983215332,43.90999984741211,43.90999984741211,245000
2016-04-29,43.959999084472656,44.5099983215332,43.15999984741211,43.77000045776367,43.77000045776367,440100
2016-05-02,43.81999969482422,44.83000183105469,43.459999084472656,44.43000030517578,44.43000030517578,633900
2016-05-03,45.45000076293945,46.439998626708984,42.560001373291016,42.93000030517578,42.93000030517578,1065300
2016-05-04,43.290000915527344,43.4900016784668,42.16999816894531,42.38999938964844,42.38999938964844,683800
2016-05-05,42.5,43.0099983215332,42.209999084472656,42.400001525878906,42.400001525878906,259800
2016-05-06,42.02000045776367,43.310001373291016,42.02000045776367,43.06999969482422,43.06999969482422,363800
2016-05-09,42.959999084472656,43.630001068115234,42.040000915527344,43.130001068115234,43.130001068115234,390700
2016-05-10,43.2599983215332,44.25,42.97999954223633,44.060001373291016,44.060001373291016,294100
2016-05-11,43.79999923706055,44.38999938964844,43.27000045776367,43.529998779296875,43.529998779296875,186300
2016-05-12,43.79999923706055,44.290000915527344,43.27000045776367,44.029998779296875,44.029998779296875,274800
2016-05-13,43.90999984741211,44.15999984741211,43.45000076293945,43.630001068115234,43.630001068115234,170300
2016-05-16,43.83000183105469,44.709999084472656,43.709999084472656,44.2400016784668,44.2400016784668,214300
2016-05-17,43.97999954223633,44.84000015258789,43.4900016784668,43.720001220703125,43.720001220703125,348600
2016-05-18,43.54999923706055,44.90999984741211,43.54999923706055,44.04999923706055,44.04999923706055,281600
2016-05-19,43.81999969482422,44.540000915527344,43.130001068115234,43.34000015258789,43.34000015258789,287500
2016-05-20,43.65999984741211,44.5099983215332,43.65999984741211,44.279998779296875,44.279998779296875,219400
2016-05-23,44.33000183105469,44.61000061035156,44.040000915527344,44.060001373291016,44.060001373291016,226500
2016-05-24,44.2599983215332,45.369998931884766,44.2599983215332,45.189998626708984,45.189998626708984,450900
2016-05-25,45.38999938964844,45.9900016784668,45.18000030517578,45.790000915527344,45.790000915527344,248600
2016-05-26,45.720001220703125,46.029998779296875,44.97999954223633,45.0,45.0,276800
2016-05-27,45.099998474121094,45.43000030517578,44.849998474121094,45.369998931884766,45.369998931884766,503300
2016-05-31,45.459999084472656,45.54999923706055,44.880001068115234,45.279998779296875,45.279998779296875,378200
2016-06-01,45.04999923706055,46.54999923706055,45.04999923706055,46.43000030517578,46.43000030517578,497400
2016-06-02,46.33000183105469,46.75,45.97999954223633,46.63999938964844,46.63999938964844,279200
2016-06-03,46.47999954223633,46.66999816894531,45.91999816894531,46.5,46.5,221800
2016-06-06,46.529998779296875,46.810001373291016,46.25,46.529998779296875,46.529998779296875,201800
2016-06-07,46.70000076293945,47.06999969482422,46.54999923706055,46.70000076293945,46.70000076293945,293800
2016-06-08,46.650001525878906,47.41999816894531,46.2400016784668,47.25,47.25,221700
2016-06-09,46.900001525878906,47.41999816894531,46.779998779296875,47.2400016784668,47.2400016784668,251000
2016-06-10,46.709999084472656,47.029998779296875,45.90999984741211,46.189998626708984,46.189998626708984,263600
2016-06-13,46.13999938964844,46.54999923706055,45.279998779296875,45.40999984741211,45.40999984741211,226700
2016-06-14,45.130001068115234,45.72999954223633,44.959999084472656,45.290000915527344,45.290000915527344,189800
2016-06-15,45.400001525878906,45.470001220703125,44.959999084472656,45.189998626708984,45.189998626708984,156000
2016-06-16,44.84000015258789,45.310001373291016,44.369998931884766,45.22999954223633,45.22999954223633,291600
2016-06-17,45.369998931884766,45.529998779296875,44.529998779296875,44.90999984741211,44.90999984741211,740600
2016-06-20,45.5099983215332,45.959999084472656,45.099998474121094,45.13999938964844,45.13999938964844,309300
2016-06-21,45.209999084472656,45.91999816894531,45.119998931884766,45.779998779296875,45.779998779296875,308900
2016-06-22,45.689998626708984,45.90999984741211,44.900001525878906,44.93000030517578,44.93000030517578,191600
2016-06-23,45.220001220703125,46.0,42.060001373291016,45.56999969482422,45.56999969482422,388400
2016-06-24,43.20000076293945,43.91999816894531,42.0,42.91999816894531,42.91999816894531,1335200
2016-06-27,42.380001068115234,42.380001068115234,41.33000183105469,41.810001373291016,41.810001373291016,716400
2016-06-28,42.2599983215332,42.90999984741211,41.970001220703125,42.61000061035156,42.61000061035156,392000
2016-06-29,43.220001220703125,43.220001220703125,42.459999084472656,42.70000076293945,42.70000076293945,648600
2016-06-30,42.849998474121094,43.36000061035156,42.31999969482422,43.189998626708984,43.189998626708984,276500
2016-07-01,43.22999954223633,43.72999954223633,42.97999954223633,43.130001068115234,43.130001068115234,362600
2016-07-05,42.93000030517578,43.02000045776367,42.34000015258789,42.40999984741211,42.40999984741211,253800
2016-07-06,42.02000045776367,43.0,41.86000061035156,42.779998779296875,42.779998779296875,384700
2016-07-07,42.900001525878906,43.16999816894531,42.7400016784668,43.029998779296875,43.029998779296875,321600
2016-07-08,43.58000183105469,44.400001525878906,43.33000183105469,44.22999954223633,44.22999954223633,274500
2016-07-11,44.599998474121094,44.7400016784668,44.04999923706055,44.529998779296875,44.529998779296875,299900
2016-07-12,44.84000015258789,45.22999954223633,44.439998626708984,44.45000076293945,44.45000076293945,557000
2016-07-13,44.529998779296875,45.130001068115234,44.13999938964844,44.20000076293945,44.20000076293945,511700
2016-07-14,44.720001220703125,45.040000915527344,44.2400016784668,44.400001525878906,44.400001525878906,349200
2016-07-15,44.369998931884766,45.290000915527344,44.04999923706055,45.25,45.25,306400
2016-07-18,44.9900016784668,46.31999969482422,44.9900016784668,46.25,46.25,651500
2016-07-19,46.29999923706055,46.54999923706055,46.130001068115234,46.34000015258789,46.34000015258789,530300
2016-07-20,46.7400016784668,47.470001220703125,46.40999984741211,47.349998474121094,47.349998474121094,418000
2016-07-21,47.52000045776367,48.099998474121094,47.27000045776367,47.720001220703125,47.720001220703125,660500
2016-07-22,47.66999816894531,48.650001525878906,47.439998626708984,48.540000915527344,48.540000915527344,238600
2016-07-25,48.619998931884766,49.099998474121094,47.959999084472656,49.06999969482422,49.06999969482422,584900
2016-07-26,48.709999084472656,51.65999984741211,48.040000915527344,51.45000076293945,51.45000076293945,936800
2016-07-27,51.810001373291016,52.439998626708984,51.68000030517578,51.810001373291016,51.810001373291016,558600
2016-07-28,51.810001373291016,52.0099983215332,51.459999084472656,51.470001220703125,51.470001220703125,345600
2016-07-29,51.47999954223633,52.099998474121094,50.7599983215332,51.7400016784668,51.7400016784668,379700
2016-08-01,51.58000183105469,52.08000183105469,51.34000015258789,51.68000030517578,51.68000030517578,273600
2016-08-02,51.630001068115234,51.79999923706055,50.13999938964844,50.279998779296875,50.279998779296875,464000
2016-08-03,50.220001220703125,50.68000030517578,49.56999969482422,50.52000045776367,50.52000045776367,279400
2016-08-04,50.4900016784668,51.38999938964844,50.36000061035156,50.65999984741211,50.65999984741211,185500
2016-08-05,51.06999969482422,51.5,50.790000915527344,51.20000076293945,51.20000076293945,259900
2016-08-08,51.08000183105469,51.45000076293945,50.060001373291016,50.56999969482422,50.56999969482422,386200
2016-08-09,50.709999084472656,51.02000045776367,49.47999954223633,50.689998626708984,50.689998626708984,218000
2016-08-10,50.70000076293945,50.880001068115234,50.09000015258789,50.66999816894531,50.66999816894531,204100
2016-08-11,50.790000915527344,51.33000183105469,50.45000076293945,51.09000015258789,51.09000015258789,248800
2016-08-12,50.88999938964844,51.08000183105469,50.66999816894531,50.880001068115234,50.880001068115234,100600
2016-08-15,50.61000061035156,51.93000030517578,50.400001525878906,51.45000076293945,51.45000076293945,413100
2016-08-16,51.130001068115234,51.5099983215332,51.0,51.31999969482422,51.31999969482422,276000
2016-08-17,51.15999984741211,51.56999969482422,51.08000183105469,51.47999954223633,51.47999954223633,213100
2016-08-18,51.59000015258789,52.08000183105469,51.5,52.060001373291016,52.060001373291016,136600
2016-08-19,52.0099983215332,52.5,51.58000183105469,52.25,52.25,184000
2016-08-22,51.97999954223633,52.45000076293945,51.63999938964844,52.0099983215332,52.0099983215332,179000
2016-08-23,52.369998931884766,52.810001373291016,51.9900016784668,52.119998931884766,52.119998931884766,251100
2016-08-24,52.06999969482422,52.290000915527344,51.58000183105469,51.75,51.75,227000
2016-08-25,51.439998626708984,52.15999984741211,51.439998626708984,51.93000030517578,51.93000030517578,186600
2016-08-26,51.83000183105469,52.22999954223633,51.380001068115234,51.7400016784668,51.7400016784668,362800
2016-08-29,51.75,52.29999923706055,51.75,52.060001373291016,52.060001373291016,175900
2016-08-30,52.220001220703125,52.279998779296875,51.91999816894531,52.13999938964844,52.13999938964844,129400
2016-08-31,52.18000030517578,52.189998626708984,51.25,51.540000915527344,51.540000915527344,164500
2016-09-01,51.70000076293945,52.220001220703125,51.5099983215332,52.119998931884766,52.119998931884766,311000
2016-09-02,52.279998779296875,52.380001068115234,51.970001220703125,52.25,52.25,242800
2016-09-06,52.4900016784668,52.75,52.220001220703125,52.63999938964844,52.63999938964844,228500
2016-09-07,52.720001220703125,52.810001373291016,52.29999923706055,52.70000076293945,52.70000076293945,283400
2016-09-08,52.58000183105469,52.689998626708984,52.040000915527344,52.41999816894531,52.41999816894531,292400
2016-09-09,52.0,52.09000015258789,51.2400016784668,51.27000045776367,51.27000045776367,287900
2016-09-12,50.88999938964844,52.4900016784668,49.79999923706055,52.209999084472656,52.209999084472656,313300
2016-09-13,51.91999816894531,52.5099983215332,51.779998779296875,52.11000061035156,52.11000061035156,616500
2016-09-14,52.470001220703125,52.56999969482422,51.29999923706055,51.470001220703125,51.470001220703125,244600
2016-09-15,51.90999984741211,53.130001068115234,51.81999969482422,52.9900016784668,52.9900016784668,642600
2016-09-16,53.0,53.150001525878906,52.22999954223633,52.36000061035156,52.36000061035156,359200
2016-09-19,52.380001068115234,52.66999816894531,51.9900016784668,52.47999954223633,52.47999954223633,354200
2016-09-20,52.84000015258789,52.95000076293945,52.18000030517578,52.22999954223633,52.22999954223633,221400
2016-09-21,52.369998931884766,52.7599983215332,52.20000076293945,52.63999938964844,52.63999938964844,344800
2016-09-22,53.099998474121094,53.27000045776367,52.880001068115234,53.150001525878906,53.150001525878906,478800
2016-09-23,52.90999984741211,53.84000015258789,52.90999984741211,53.310001373291016,53.310001373291016,372100
2016-09-26,53.310001373291016,53.400001525878906,52.790000915527344,53.20000076293945,53.20000076293945,324100
2016-09-27,53.099998474121094,53.7400016784668,52.869998931884766,53.560001373291016,53.560001373291016,506000
2016-09-28,53.619998931884766,53.84000015258789,53.09000015258789,53.5,53.5,230600
2016-09-29,53.25,53.25,52.40999984741211,52.52000045776367,52.52000045776367,216900
2016-09-30,52.86000061035156,53.34000015258789,52.22999954223633,53.130001068115234,53.130001068115234,341800
2016-10-03,52.81999969482422,53.58000183105469,52.72999954223633,53.529998779296875,53.529998779296875,279200
2016-10-04,53.529998779296875,53.97999954223633,53.43000030517578,53.689998626708984,53.689998626708984,173000
2016-10-05,53.81999969482422,55.150001525878906,53.81999969482422,55.040000915527344,55.040000915527344,439800
2016-10-06,55.18000030517578,55.81999969482422,54.529998779296875,55.75,55.75,488000
2016-10-07,55.7599983215332,55.779998779296875,54.36000061035156,54.93000030517578,54.93000030517578,478800
2016-10-10,55.310001373291016,55.88999938964844,55.310001373291016,55.58000183105469,55.58000183105469,188400
2016-10-11,55.47999954223633,55.56999969482422,53.349998474121094,53.959999084472656,53.959999084472656,314400
2016-10-12,53.75,54.0,53.41999816894531,53.75,53.75,275700
2016-10-13,53.08000183105469,53.59000015258789,52.16999816894531,53.25,53.25,439000
2016-10-14,53.40999984741211,54.22999954223633,53.029998779296875,53.34000015258789,53.34000015258789,343100
2016-10-17,53.0,53.45000076293945,52.689998626708984,52.7400016784668,52.7400016784668,328300
2016-10-18,52.400001525878906,52.7400016784668,51.790000915527344,51.939998626708984,51.939998626708984,809200
2016-10-19,51.81999969482422,52.720001220703125,51.66999816894531,52.65999984741211,52.65999984741211,1125300
2016-10-20,52.540000915527344,53.220001220703125,52.02000045776367,52.7400016784668,52.7400016784668,378000
2016-10-21,52.5,53.40999984741211,50.36000061035156,53.290000915527344,53.290000915527344,413300
2016-10-24,53.41999816894531,54.040000915527344,53.27000045776367,53.75,53.75,552600
2016-10-25,56.0,56.290000915527344,53.459999084472656,55.66999816894531,55.66999816894531,1057500
2016-10-26,55.15999984741211,55.70000076293945,55.02000045776367,55.060001373291016,55.060001373291016,473200
2016-10-27,55.27000045776367,55.9900016784668,54.38999938964844,54.52000045776367,54.52000045776367,430600
2016-10-28,54.540000915527344,54.81999969482422,52.90999984741211,53.43000030517578,53.43000030517578,529900
2016-10-31,53.650001525878906,54.20000076293945,52.95000076293945,53.5,53.5,486900
2016-11-01,53.5,53.95000076293945,52.349998474121094,52.900001525878906,52.900001525878906,420000
2016-11-02,52.70000076293945,53.0,51.29999923706055,51.400001525878906,51.400001525878906,351100
2016-11-03,51.5,51.75,51.150001525878906,51.349998474121094,51.349998474121094,256700
2016-11-04,51.5,52.25,51.04999923706055,51.849998474121094,51.849998474121094,425300
2016-11-07,52.849998474121094,53.650001525878906,52.400001525878906,52.900001525878906,52.900001525878906,349200
2016-11-08,52.650001525878906,52.75,52.04999923706055,52.29999923706055,52.29999923706055,272100
2016-11-09,51.54999923706055,52.79999923706055,50.2400016784668,52.25,52.25,403200
2016-11-10,52.599998474121094,52.900001525878906,50.650001525878906,51.70000076293945,51.70000076293945,625800
2016-11-11,52.20000076293945,53.70000076293945,51.060001373291016,53.650001525878906,53.650001525878906,481100
2016-11-14,53.75,54.5,53.349998474121094,53.95000076293945,53.95000076293945,353200
2016-11-15,53.75,54.75,53.75,54.349998474121094,54.349998474121094,293300
2016-11-16,53.849998474121094,54.75,53.209999084472656,54.599998474121094,54.599998474121094,317200
2016-11-17,54.75,55.70000076293945,54.400001525878906,55.599998474121094,55.599998474121094,196800
2016-11-18,55.79999923706055,56.04999923706055,55.150001525878906,56.04999923706055,56.04999923706055,264200
2016-11-21,56.04999923706055,57.20000076293945,55.779998779296875,57.0,57.0,369400
2016-11-22,57.25,57.25,56.400001525878906,57.20000076293945,57.20000076293945,227600
2016-11-23,56.900001525878906,57.0,55.400001525878906,55.599998474121094,55.599998474121094,280500
2016-11-25,55.400001525878906,55.650001525878906,55.04999923706055,55.45000076293945,55.45000076293945,83900
2016-11-28,55.25,55.349998474121094,54.20000076293945,54.25,54.25,197200
2016-11-29,54.099998474121094,54.95000076293945,54.08000183105469,54.599998474121094,54.599998474121094,208700
2016-11-30,55.0,55.0,53.79999923706055,54.0,54.0,367300
2016-12-01,53.5,53.79999923706055,51.0,51.45000076293945,51.45000076293945,713000
2016-12-02,50.900001525878906,51.43000030517578,50.70000076293945,51.04999923706055,51.04999923706055,383200
2016-12-05,51.45000076293945,53.25,51.150001525878906,53.0,53.0,445100
2016-12-06,53.20000076293945,54.20000076293945,52.25,54.04999923706055,54.04999923706055,411100
2016-12-07,54.150001525878906,54.47999954223633,53.45000076293945,54.349998474121094,54.349998474121094,279700
2016-12-08,54.349998474121094,54.400001525878906,53.349998474121094,54.150001525878906,54.150001525878906,320900
2016-12-09,54.349998474121094,54.599998474121094,53.79999923706055,53.97999954223633,53.97999954223633,184600
2016-12-12,53.900001525878906,54.150001525878906,53.29999923706055,53.599998474121094,53.599998474121094,261200
2016-12-13,53.79999923706055,54.0,52.849998474121094,53.650001525878906,53.650001525878906,465500
2016-12-14,53.45000076293945,54.150001525878906,52.45000076293945,53.0,53.0,440300
2016-12-15,53.25,54.95000076293945,53.04999923706055,53.900001525878906,53.900001525878906,279700
2016-12-16,54.099998474121094,54.400001525878906,53.400001525878906,53.70000076293945,53.70000076293945,696500
2016-12-19,53.900001525878906,54.599998474121094,53.75,54.0,54.0,193300
2016-12-20,54.099998474121094,54.349998474121094,52.599998474121094,52.900001525878906,52.900001525878906,307400
2016-12-21,52.79999923706055,53.75,52.79999923706055,53.25,53.25,214500
2016-12-22,53.25,53.25,52.150001525878906,52.20000076293945,52.20000076293945,221300
2016-12-23,52.25,52.900001525878906,51.95000076293945,52.849998474121094,52.849998474121094,274600
2016-12-27,52.849998474121094,53.45000076293945,52.58000183105469,52.95000076293945,52.95000076293945,129100
2016-12-28,52.849998474121094,53.0,51.33000183105469,51.75,51.75,247200
2016-12-29,51.900001525878906,52.349998474121094,51.099998474121094,52.25,52.25,147000
2016-12-30,52.45000076293945,52.45000076293945,51.25,51.400001525878906,51.400001525878906,132500
2017-01-03,52.099998474121094,52.849998474121094,51.529998779296875,52.400001525878906,52.400001525878906,322100
2017-01-04,52.5,52.79999923706055,51.95000076293945,52.400001525878906,52.400001525878906,401000
2017-01-05,52.400001525878906,53.529998779296875,52.349998474121094,52.349998474121094,52.349998474121094,284300
2017-01-06,52.599998474121094,53.150001525878906,52.20000076293945,52.849998474121094,52.849998474121094,153800
2017-01-09,52.75,53.95000076293945,52.650001525878906,53.599998474121094,53.599998474121094,248200
2017-01-10,53.54999923706055,54.099998474121094,53.22999954223633,53.849998474121094,53.849998474121094,226400
2017-01-11,53.70000076293945,54.900001525878906,53.349998474121094,54.79999923706055,54.79999923706055,254300
2017-01-12,54.54999923706055,54.54999923706055,53.70000076293945,54.04999923706055,54.04999923706055,269000
2017-01-13,54.04999923706055,55.150001525878906,54.04999923706055,55.099998474121094,55.099998474121094,147100
2017-01-17,54.70000076293945,54.95000076293945,54.0,54.099998474121094,54.099998474121094,206400
2017-01-18,53.04999923706055,54.0,52.95000076293945,53.75,53.75,297100
2017-01-19,53.75,54.79999923706055,53.75,54.150001525878906,54.150001525878906,223100
2017-01-20,54.25,55.29999923706055,54.08000183105469,55.25,55.25,346300
2017-01-23,55.25,55.95000076293945,54.75,55.849998474121094,55.849998474121094,314700
2017-01-24,55.95000076293945,57.54999923706055,55.58000183105469,56.79999923706055,56.79999923706055,438700
2017-01-25,51.70000076293945,53.099998474121094,50.04999923706055,51.279998779296875,51.279998779296875,2744600
2017-01-26,51.29999923706055,51.29999923706055,49.08000183105469,49.900001525878906,49.900001525878906,704200
2017-01-27,50.150001525878906,50.58000183105469,49.75,50.29999923706055,50.29999923706055,439200
2017-01-30,49.849998474121094,50.25,49.43000030517578,49.849998474121094,49.849998474121094,548400
2017-01-31,49.54999923706055,49.95000076293945,49.04999923706055,49.099998474121094,49.099998474121094,543500
2017-02-01,49.599998474121094,49.900001525878906,48.5,49.0,49.0,576100
2017-02-02,48.900001525878906,49.599998474121094,48.45000076293945,49.20000076293945,49.20000076293945,392800
2017-02-03,49.54999923706055,50.650001525878906,49.099998474121094,50.099998474121094,50.099998474121094,573100
2017-02-06,50.099998474121094,50.5,47.61000061035156,49.95000076293945,49.95000076293945,385000
2017-02-07,50.0,50.779998779296875,50.0,50.5,50.5,361800
2017-02-08,50.400001525878906,50.70000076293945,50.0,50.54999923706055,50.54999923706055,449000
2017-02-09,50.75,51.25,50.529998779296875,50.70000076293945,50.70000076293945,353700
2017-02-10,50.95000076293945,51.04999923706055,50.599998474121094,50.849998474121094,50.849998474121094,377800
2017-02-13,50.95000076293945,51.150001525878906,49.400001525878906,51.04999923706055,51.04999923706055,244200
2017-02-14,50.75,51.0,50.25,50.79999923706055,50.79999923706055,187200
2017-02-15,50.5,51.25,49.86000061035156,51.150001525878906,51.150001525878906,237600
2017-02-16,50.849998474121094,51.75,50.75,51.25,51.25,389100
2017-02-17,51.20000076293945,51.400001525878906,50.79999923706055,51.400001525878906,51.400001525878906,276200
2017-02-21,51.400001525878906,51.95000076293945,50.29999923706055,51.79999923706055,51.79999923706055,403200
2017-02-22,51.849998474121094,51.95000076293945,51.04999923706055,51.54999923706055,51.54999923706055,162500
2017-02-23,51.650001525878906,51.75,50.79999923706055,51.150001525878906,51.150001525878906,240400
2017-02-24,50.70000076293945,51.099998474121094,49.900001525878906,50.45000076293945,50.45000076293945,448600
2017-02-27,50.29999923706055,50.599998474121094,49.29999923706055,50.0,50.0,321600
2017-02-28,50.0,50.099998474121094,49.0,49.04999923706055,49.04999923706055,313900
2017-03-01,49.599998474121094,50.20000076293945,49.400001525878906,50.099998474121094,50.099998474121094,344500
2017-03-02,50.04999923706055,50.099998474121094,49.150001525878906,49.20000076293945,49.20000076293945,184900
2017-03-03,49.04999923706055,49.400001525878906,48.79999923706055,49.099998474121094,49.099998474121094,286900
2017-03-06,48.900001525878906,49.099998474121094,48.630001068115234,48.849998474121094,48.849998474121094,128300
2017-03-07,48.79999923706055,49.25,48.5,48.70000076293945,48.70000076293945,201500
2017-03-08,48.79999923706055,49.75,48.79999923706055,49.54999923706055,49.54999923706055,354200
2017-03-09,49.45000076293945,49.599998474121094,48.08000183105469,48.5,48.5,342100
2017-03-10,48.95000076293945,51.5,48.75,49.20000076293945,49.20000076293945,331900
2017-03-13,49.04999923706055,49.95000076293945,49.04999923706055,49.79999923706055,49.79999923706055,283600
2017-03-14,49.5,50.099998474121094,49.400001525878906,49.75,49.75,223000
2017-03-15,49.849998474121094,50.29999923706055,49.45000076293945,49.95000076293945,49.95000076293945,303100
2017-03-16,50.099998474121094,51.150001525878906,49.279998779296875,50.95000076293945,50.95000076293945,395700
2017-03-17,50.79999923706055,51.04999923706055,50.349998474121094,50.79999923706055,50.79999923706055,530700
2017-03-20,50.75,51.25,50.400001525878906,50.95000076293945,50.95000076293945,348500
2017-03-21,51.0,51.349998474121094,49.150001525878906,49.25,49.25,323800
2017-03-22,49.29999923706055,49.849998474121094,48.93000030517578,49.400001525878906,49.400001525878906,257900
2017-03-23,49.400001525878906,50.150001525878906,48.849998474121094,49.349998474121094,49.349998474121094,283300
2017-03-24,49.650001525878906,49.70000076293945,48.70000076293945,49.099998474121094,49.099998474121094,166600
2017-03-27,48.54999923706055,49.54999923706055,48.29999923706055,49.29999923706055,49.29999923706055,264300
2017-03-28,49.25,49.650001525878906,49.0,49.25,49.25,338700
2017-03-29,49.20000076293945,49.75,48.70000076293945,49.70000076293945,49.70000076293945,442200
2017-03-30,49.75,50.70000076293945,48.880001068115234,50.650001525878906,50.650001525878906,326500
2017-03-31,50.599998474121094,51.029998779296875,50.5,50.79999923706055,50.79999923706055,327100
2017-04-03,50.70000076293945,51.099998474121094,49.849998474121094,50.650001525878906,50.650001525878906,429800
2017-04-04,50.5,51.04999923706055,49.5,50.54999923706055,50.54999923706055,316800
2017-04-05,50.75,51.150001525878906,49.900001525878906,50.04999923706055,50.04999923706055,368200
2017-04-06,50.099998474121094,50.650001525878906,49.650001525878906,50.45000076293945,50.45000076293945,197500
2017-04-07,50.349998474121094,50.900001525878906,50.25,50.70000076293945,50.70000076293945,240900
2017-04-10,50.79999923706055,51.20000076293945,50.45000076293945,51.20000076293945,51.20000076293945,171500
2017-04-11,51.0,51.5,50.2599983215332,51.45000076293945,51.45000076293945,276000
2017-04-12,51.45000076293945,51.45000076293945,50.349998474121094,50.650001525878906,50.650001525878906,270700
2017-04-13,50.650001525878906,51.099998474121094,49.75,49.75,49.75,290800
2017-04-17,49.95000076293945,50.70000076293945,49.95000076293945,50.54999923706055,50.54999923706055,209200
2017-04-18,49.849998474121094,50.400001525878906,49.75,50.25,50.25,421000
2017-04-19,50.25,50.880001068115234,50.25,50.400001525878906,50.400001525878906,442800
2017-04-20,50.599998474121094,51.599998474121094,50.349998474121094,51.45000076293945,51.45000076293945,318800
2017-04-21,51.29999923706055,51.29999923706055,50.150001525878906,50.150001525878906,50.150001525878906,282400
2017-04-24,50.900001525878906,51.099998474121094,50.5,50.650001525878906,50.650001525878906,349400
2017-04-25,51.04999923706055,51.75,50.900001525878906,51.0,51.0,278000
2017-04-26,51.099998474121094,51.79999923706055,51.099998474121094,51.54999923706055,51.54999923706055,417300
2017-04-27,51.650001525878906,51.900001525878906,50.650001525878906,50.70000076293945,50.70000076293945,470800
2017-04-28,50.650001525878906,51.099998474121094,50.349998474121094,50.45000076293945,50.45000076293945,684000
2017-05-01,50.650001525878906,51.849998474121094,50.0,51.70000076293945,51.70000076293945,743000
2017-05-02,51.5,52.75,51.5,52.45000076293945,52.45000076293945,482500
2017-05-03,55.599998474121094,57.54999923706055,54.0,55.900001525878906,55.900001525878906,1992300
2017-05-04,56.349998474121094,56.54999923706055,55.630001068115234,55.849998474121094,55.849998474121094,782700
2017-05-05,56.099998474121094,56.900001525878906,55.45000076293945,56.45000076293945,56.45000076293945,685600
2017-05-08,56.0,58.150001525878906,55.20000076293945,58.0,58.0,584300
2017-05-09,58.29999923706055,58.400001525878906,57.29999923706055,57.70000076293945,57.70000076293945,337300
2017-05-10,57.70000076293945,58.0,57.150001525878906,57.599998474121094,57.599998474121094,501900
2017-05-11,57.20000076293945,57.400001525878906,56.45000076293945,56.75,56.75,266700
2017-05-12,56.599998474121094,57.400001525878906,56.54999923706055,56.849998474121094,56.849998474121094,281100
2017-05-15,56.95000076293945,58.130001068115234,56.150001525878906,57.54999923706055,57.54999923706055,309300
2017-05-16,56.79999923706055,57.349998474121094,56.45000076293945,56.75,56.75,569300
2017-05-17,55.79999923706055,56.25,55.380001068115234,55.400001525878906,55.400001525878906,380800
2017-05-18,55.29999923706055,55.45000076293945,54.54999923706055,55.0,55.0,624200
2017-05-19,55.25,55.849998474121094,54.93000030517578,55.70000076293945,55.70000076293945,426100
2017-05-22,55.95000076293945,55.95000076293945,55.0,55.25,55.25,364600
2017-05-23,55.20000076293945,55.5,54.849998474121094,55.20000076293945,55.20000076293945,286400
2017-05-24,55.099998474121094,55.54999923706055,54.95000076293945,55.45000076293945,55.45000076293945,283200
2017-05-25,55.5,55.75,55.29999923706055,55.400001525878906,55.400001525878906,280300
2017-05-26,55.349998474121094,55.599998474121094,54.75,55.599998474121094,55.599998474121094,249600
2017-05-30,55.599998474121094,56.400001525878906,55.599998474121094,56.20000076293945,56.20000076293945,230900
2017-05-31,56.20000076293945,56.529998779296875,55.79999923706055,56.130001068115234,56.130001068115234,322000
2017-06-01,56.25,56.900001525878906,56.150001525878906,56.5,56.5,219900
2017-06-02,56.5,56.97999954223633,56.29999923706055,56.349998474121094,56.349998474121094,328100
2017-06-05,56.25,56.79999923706055,56.150001525878906,56.20000076293945,56.20000076293945,235200
2017-06-06,56.04999923706055,57.75,55.83000183105469,57.25,57.25,443300
2017-06-07,57.400001525878906,58.400001525878906,57.04999923706055,58.0,58.0,387900
2017-06-08,57.900001525878906,58.630001068115234,57.54999923706055,58.400001525878906,58.400001525878906,328000
2017-06-09,58.70000076293945,58.75,56.29999923706055,57.5,57.5,619800
2017-06-12,57.25,57.45000076293945,55.959999084472656,57.0,57.0,383300
2017-06-13,57.29999923706055,57.45000076293945,56.75,56.95000076293945,56.95000076293945,232500
2017-06-14,57.099998474121094,57.29999923706055,56.20000076293945,56.54999923706055,56.54999923706055,184200
2017-06-15,55.75,56.599998474121094,55.25,56.349998474121094,56.349998474121094,143000
2017-06-16,55.95000076293945,56.630001068115234,55.849998474121094,56.400001525878906,56.400001525878906,454600
2017-06-19,56.54999923706055,57.25,56.29999923706055,56.79999923706055,56.79999923706055,202900
2017-06-20,56.75,56.95000076293945,56.349998474121094,56.79999923706055,56.79999923706055,305100
2017-06-21,57.0,57.400001525878906,56.47999954223633,56.849998474121094,56.849998474121094,256700
2017-06-22,56.95000076293945,57.20000076293945,56.29999923706055,57.20000076293945,57.20000076293945,299200
2017-06-23,57.150001525878906,58.400001525878906,56.849998474121094,58.20000076293945,58.20000076293945,279800
2017-06-26,58.04999923706055,59.0,58.04999923706055,58.5,58.5,389900
2017-06-27,58.349998474121094,58.45000076293945,57.45000076293945,57.599998474121094,57.599998474121094,287000
2017-06-28,58.0,58.54999923706055,56.900001525878906,57.95000076293945,57.95000076293945,306100
2017-06-29,57.95000076293945,57.95000076293945,56.400001525878906,56.650001525878906,56.650001525878906,248100
2017-06-30,56.79999923706055,57.20000076293945,56.400001525878906,56.45000076293945,56.45000076293945,330000
2017-07-03,56.75,56.79999923706055,55.20000076293945,55.29999923706055,55.29999923706055,161500
2017-07-05,55.45000076293945,56.099998474121094,55.20000076293945,55.70000076293945,55.70000076293945,222700
2017-07-06,55.400001525878906,56.029998779296875,55.04999923706055,55.75,55.75,271100
2017-07-07,55.849998474121094,57.29999923706055,55.400001525878906,57.150001525878906,57.150001525878906,226100
2017-07-10,57.20000076293945,57.54999923706055,56.70000076293945,57.33000183105469,57.33000183105469,293700
2017-07-11,57.29999923706055,57.849998474121094,56.75,56.900001525878906,56.900001525878906,228500
2017-07-12,57.5,58.400001525878906,57.0,58.150001525878906,58.150001525878906,296000
2017-07-13,58.5,58.5,57.70000076293945,58.0,58.0,156400
2017-07-14,57.95000076293945,58.849998474121094,57.849998474121094,58.45000076293945,58.45000076293945,224600
2017-07-17,58.099998474121094,60.0,58.099998474121094,59.75,59.75,379800
2017-07-18,59.099998474121094,59.650001525878906,57.70000076293945,59.45000076293945,59.45000076293945,367300
2017-07-19,59.45000076293945,60.54999923706055,59.45000076293945,60.20000076293945,60.20000076293945,277900
2017-07-20,60.150001525878906,60.43000030517578,59.54999923706055,60.04999923706055,60.04999923706055,213100
2017-07-21,60.349998474121094,60.599998474121094,59.630001068115234,60.25,60.25,233900
2017-07-24,60.099998474121094,61.20000076293945,59.79999923706055,61.04999923706055,61.04999923706055,772700
2017-07-25,62.0,64.5999984741211,61.54999923706055,63.20000076293945,63.20000076293945,1157400
2017-07-26,63.29999923706055,63.29999923706055,61.150001525878906,61.70000076293945,61.70000076293945,666000
2017-07-27,61.95000076293945,61.95000076293945,59.75,60.349998474121094,60.349998474121094,433700
2017-07-28,59.900001525878906,61.099998474121094,59.349998474121094,60.04999923706055,60.04999923706055,383500
2017-07-31,60.29999923706055,60.95000076293945,59.54999923706055,59.54999923706055,59.54999923706055,214200
2017-08-01,59.95000076293945,60.58000183105469,59.54999923706055,60.400001525878906,60.400001525878906,402900
2017-08-02,60.45000076293945,60.54999923706055,59.599998474121094,60.099998474121094,60.099998474121094,268100
2017-08-03,60.099998474121094,60.45000076293945,59.349998474121094,59.900001525878906,59.900001525878906,237200
2017-08-04,59.900001525878906,60.5,59.54999923706055,60.400001525878906,60.400001525878906,286500
2017-08-07,60.45000076293945,61.0,60.25,60.75,60.75,250300
2017-08-08,60.650001525878906,60.650001525878906,59.130001068115234,59.20000076293945,59.20000076293945,318600
2017-08-09,58.849998474121094,58.95000076293945,58.04999923706055,58.29999923706055,58.29999923706055,199200
2017-08-10,58.099998474121094,58.45000076293945,57.20000076293945,57.25,57.25,248600
2017-08-11,57.349998474121094,59.04999923706055,56.70000076293945,58.95000076293945,58.95000076293945,277700
2017-08-14,59.5,60.029998779296875,59.45000076293945,59.70000076293945,59.70000076293945,280400
2017-08-15,59.349998474121094,59.47999954223633,58.79999923706055,58.79999923706055,58.79999923706055,256400
2017-08-16,59.099998474121094,59.5,58.849998474121094,59.099998474121094,59.099998474121094,163200
2017-08-17,58.900001525878906,59.349998474121094,58.150001525878906,58.650001525878906,58.650001525878906,343600
2017-08-18,58.349998474121094,58.75,58.0,58.29999923706055,58.29999923706055,325100
2017-08-21,58.29999923706055,58.349998474121094,57.79999923706055,58.099998474121094,58.099998474121094,196900
2017-08-22,58.20000076293945,59.529998779296875,58.20000076293945,59.349998474121094,59.349998474121094,168100
2017-08-23,58.95000076293945,59.380001068115234,58.79999923706055,59.099998474121094,59.099998474121094,189400
2017-08-24,59.29999923706055,59.75,58.79999923706055,59.650001525878906,59.650001525878906,181900
2017-08-25,59.75,60.20000076293945,59.5,59.79999923706055,59.79999923706055,224500
2017-08-28,59.900001525878906,59.95000076293945,59.25,59.79999923706055,59.79999923706055,150900
2017-08-29,59.25,59.97999954223633,59.04999923706055,59.79999923706055,59.79999923706055,206900
2017-08-30,59.849998474121094,60.45000076293945,59.5,60.150001525878906,60.150001525878906,196900
2017-08-31,60.349998474121094,61.04999923706055,60.29999923706055,61.04999923706055,61.04999923706055,178300
2017-09-01,61.20000076293945,61.20000076293945,60.45000076293945,60.849998474121094,60.849998474121094,114400
2017-09-05,60.79999923706055,61.20000076293945,60.29999923706055,60.79999923706055,60.79999923706055,200200
2017-09-06,60.95000076293945,61.04999923706055,60.47999954223633,60.599998474121094,60.599998474121094,271400
2017-09-07,60.70000076293945,60.849998474121094,60.25,60.5,60.5,221300
2017-09-08,60.5,60.599998474121094,59.900001525878906,60.150001525878906,60.150001525878906,169100
2017-09-11,60.45000076293945,61.20000076293945,60.20000076293945,60.650001525878906,60.650001525878906,290000
2017-09-12,60.79999923706055,61.04999923706055,60.099998474121094,60.95000076293945,60.95000076293945,241300
2017-09-13,60.75,61.099998474121094,60.650001525878906,60.95000076293945,60.95000076293945,200500
2017-09-14,60.900001525878906,61.599998474121094,60.650001525878906,61.45000076293945,61.45000076293945,250900
2017-09-15,61.29999923706055,61.54999923706055,60.70000076293945,60.95000076293945,60.95000076293945,546500
2017-09-18,60.900001525878906,61.349998474121094,60.849998474121094,61.099998474121094,61.099998474121094,298400
2017-09-19,61.04999923706055,61.45000076293945,60.849998474121094,61.099998474121094,61.099998474121094,344300
2017-09-20,61.20000076293945,61.70000076293945,60.79999923706055,61.20000076293945,61.20000076293945,241100
2017-09-21,61.25,61.25,60.20000076293945,60.70000076293945,60.70000076293945,389300
2017-09-22,60.75,61.349998474121094,60.54999923706055,60.849998474121094,60.849998474121094,139100
2017-09-25,60.79999923706055,60.95000076293945,59.650001525878906,60.0,60.0,297800
2017-09-26,60.400001525878906,60.95000076293945,60.099998474121094,60.54999923706055,60.54999923706055,207500
2017-09-27,60.900001525878906,61.75,60.75,61.599998474121094,61.599998474121094,267200
2017-09-28,61.45000076293945,61.45000076293945,60.849998474121094,61.150001525878906,61.150001525878906,276000
2017-09-29,61.20000076293945,61.54999923706055,60.75,60.79999923706055,60.79999923706055,333400
2017-10-02,60.900001525878906,62.150001525878906,60.900001525878906,61.29999923706055,61.29999923706055,474800
2017-10-03,61.349998474121094,61.97999954223633,60.900001525878906,61.79999923706055,61.79999923706055,340600
2017-10-04,61.650001525878906,62.150001525878906,61.29999923706055,61.95000076293945,61.95000076293945,160400
2017-10-05,62.099998474121094,62.599998474121094,61.79999923706055,62.54999923706055,62.54999923706055,308100
2017-10-06,62.20000076293945,62.650001525878906,62.099998474121094,62.650001525878906,62.650001525878906,131500
2017-10-09,62.54999923706055,62.650001525878906,62.0,62.5,62.5,182700
2017-10-10,62.599998474121094,62.70000076293945,61.79999923706055,62.400001525878906,62.400001525878906,193200
2017-10-11,62.45000076293945,62.45000076293945,61.70000076293945,62.29999923706055,62.29999923706055,200600
2017-10-12,62.25,62.400001525878906,61.349998474121094,61.349998474121094,61.349998474121094,228400
2017-10-13,61.54999923706055,62.25,61.5,61.70000076293945,61.70000076293945,157200
2017-10-16,61.75,62.45000076293945,61.5,62.0,62.0,239600
2017-10-17,59.20000076293945,61.5,58.599998474121094,60.70000076293945,60.70000076293945,467900
2017-10-18,59.349998474121094,60.099998474121094,57.650001525878906,57.95000076293945,57.95000076293945,892600
2017-10-19,57.75,58.689998626708984,57.5,58.04999923706055,58.04999923706055,802400
2017-10-20,58.599998474121094,58.650001525878906,58.08000183105469,58.54999923706055,58.54999923706055,825400
2017-10-23,58.349998474121094,58.54999923706055,57.45000076293945,57.900001525878906,57.900001525878906,786200
2017-10-24,51.5,54.150001525878906,50.0,52.5,52.5,2744300
2017-10-25,52.29999923706055,52.29999923706055,50.22999954223633,51.400001525878906,51.400001525878906,1232700
2017-10-26,51.54999923706055,51.79999923706055,50.650001525878906,51.54999923706055,51.54999923706055,607400
2017-10-27,51.95000076293945,52.25,51.099998474121094,51.349998474121094,51.349998474121094,584200
2017-10-30,51.150001525878906,52.5,50.79999923706055,51.849998474121094,51.849998474121094,998900
2017-10-31,52.0,52.150001525878906,51.150001525878906,52.04999923706055,52.04999923706055,876100
2017-11-01,52.29999923706055,52.29999923706055,51.0,51.599998474121094,51.599998474121094,890300
2017-11-02,51.45000076293945,52.400001525878906,51.45000076293945,52.0,52.0,478300
2017-11-03,51.95000076293945,53.400001525878906,51.70000076293945,53.25,53.25,514100
2017-11-06,53.099998474121094,53.650001525878906,52.849998474121094,53.29999923706055,53.29999923706055,722700
2017-11-07,53.349998474121094,54.099998474121094,53.150001525878906,53.75,53.75,759400
2017-11-08,53.70000076293945,54.650001525878906,53.650001525878906,54.5,54.5,449500
2017-11-09,54.400001525878906,54.650001525878906,53.54999923706055,53.599998474121094,53.599998474121094,344500
2017-11-10,53.45000076293945,54.5,53.45000076293945,54.29999923706055,54.29999923706055,340100
2017-11-13,53.95000076293945,54.45000076293945,53.150001525878906,53.5,53.5,582700
2017-11-14,53.04999923706055,54.099998474121094,52.900001525878906,53.79999923706055,53.79999923706055,594900
2017-11-15,53.599998474121094,54.95000076293945,52.54999923706055,54.849998474121094,54.849998474121094,433000
2017-11-16,55.099998474121094,55.70000076293945,54.599998474121094,55.29999923706055,55.29999923706055,554800
2017-11-17,55.099998474121094,55.54999923706055,54.04999923706055,54.25,54.25,428000
2017-11-20,54.349998474121094,54.70000076293945,54.22999954223633,54.400001525878906,54.400001525878906,464600
2017-11-21,54.45000076293945,55.349998474121094,54.25,54.5,54.5,411000
2017-11-22,54.5,54.79999923706055,54.150001525878906,54.400001525878906,54.400001525878906,324200
2017-11-24,54.599998474121094,54.95000076293945,54.349998474121094,54.900001525878906,54.900001525878906,107100
2017-11-27,54.70000076293945,55.45000076293945,54.5,54.54999923706055,54.54999923706055,238900
2017-11-28,54.650001525878906,54.95000076293945,54.45000076293945,54.70000076293945,54.70000076293945,324100
2017-11-29,54.5,54.75,53.650001525878906,53.95000076293945,53.95000076293945,303900
2017-11-30,54.400001525878906,54.79999923706055,53.599998474121094,53.900001525878906,53.900001525878906,338500
2017-12-01,53.70000076293945,54.33000183105469,52.70000076293945,54.0,54.0,363000
2017-12-04,54.45000076293945,55.43000030517578,53.70000076293945,54.0,54.0,568700
2017-12-05,54.0,54.349998474121094,53.900001525878906,53.95000076293945,53.95000076293945,388400
2017-12-06,53.900001525878906,54.279998779296875,53.79999923706055,53.849998474121094,53.849998474121094,278000
2017-12-07,53.849998474121094,54.25,53.45000076293945,53.75,53.75,379400
2017-12-08,54.0,54.29999923706055,52.849998474121094,53.29999923706055,53.29999923706055,438600
2017-12-11,53.349998474121094,53.54999923706055,52.79999923706055,53.349998474121094,53.349998474121094,322300
2017-12-12,53.349998474121094,54.29999923706055,53.349998474121094,53.650001525878906,53.650001525878906,379600
2017-12-13,53.75,53.95000076293945,52.849998474121094,53.75,53.75,590800
2017-12-14,53.79999923706055,53.95000076293945,52.900001525878906,53.349998474121094,53.349998474121094,486800
2017-12-15,53.45000076293945,54.150001525878906,53.099998474121094,53.25,53.25,1047800
2017-12-18,53.45000076293945,54.29999923706055,53.380001068115234,53.75,53.75,449800
2017-12-19,53.79999923706055,54.04999923706055,53.150001525878906,53.20000076293945,53.20000076293945,270100
2017-12-20,53.29999923706055,53.29999923706055,52.75,53.20000076293945,53.20000076293945,185400
2017-12-21,53.25,53.5,52.95000076293945,53.0,53.0,181000
2017-12-22,52.900001525878906,53.04999923706055,52.279998779296875,52.29999923706055,52.29999923706055,150500
2017-12-26,52.04999923706055,52.630001068115234,51.75,52.400001525878906,52.400001525878906,278200
2017-12-27,52.45000076293945,52.75,52.25,52.54999923706055,52.54999923706055,222200
2017-12-28,52.79999923706055,52.79999923706055,52.20000076293945,52.5,52.5,168100
2017-12-29,52.650001525878906,52.95000076293945,52.45000076293945,52.5,52.5,232500
2018-01-02,52.75,53.349998474121094,52.20000076293945,53.0,53.0,240500
2018-01-03,53.0,54.150001525878906,52.599998474121094,54.0,54.0,339100
2018-01-04,54.20000076293945,54.5,53.95000076293945,54.130001068115234,54.130001068115234,143300
2018-01-05,54.349998474121094,54.5,53.599998474121094,53.849998474121094,53.849998474121094,225400
2018-01-08,53.79999923706055,54.900001525878906,53.5,54.650001525878906,54.650001525878906,157100
2018-01-09,54.70000076293945,54.849998474121094,54.04999923706055,54.54999923706055,54.54999923706055,169200
2018-01-10,54.400001525878906,54.45000076293945,53.349998474121094,53.400001525878906,53.400001525878906,202500
2018-01-11,53.650001525878906,54.95000076293945,53.5,54.70000076293945,54.70000076293945,339900
2018-01-12,54.75,54.849998474121094,53.54999923706055,53.900001525878906,53.900001525878906,677300
2018-01-16,53.900001525878906,54.150001525878906,51.95000076293945,52.04999923706055,52.04999923706055,926100
2018-01-17,51.099998474121094,53.04999923706055,51.099998474121094,52.650001525878906,52.650001525878906,645800
2018-01-18,52.400001525878906,52.900001525878906,52.20000076293945,52.349998474121094,52.349998474121094,514600
2018-01-19,52.54999923706055,53.599998474121094,52.20000076293945,52.54999923706055,52.54999923706055,428800
2018-01-22,52.45000076293945,53.150001525878906,51.04999923706055,51.150001525878906,51.150001525878906,651400
2018-01-23,51.400001525878906,54.04999923706055,51.400001525878906,53.45000076293945,53.45000076293945,886500
2018-01-24,52.79999923706055,55.43000030517578,51.54999923706055,54.849998474121094,54.849998474121094,1909700
2018-01-25,55.349998474121094,55.5,53.79999923706055,54.849998474121094,54.849998474121094,669600
2018-01-26,55.20000076293945,56.45000076293945,54.900001525878906,55.900001525878906,55.900001525878906,754700
2018-01-29,55.70000076293945,55.79999923706055,54.70000076293945,54.70000076293945,54.70000076293945,551900
2018-01-30,54.400001525878906,54.75,53.150001525878906,53.79999923706055,53.79999923706055,690400
2018-01-31,54.150001525878906,54.25,53.150001525878906,53.349998474121094,53.349998474121094,394100
2018-02-01,52.95000076293945,54.04999923706055,51.95000076293945,53.54999923706055,53.54999923706055,403500
2018-02-02,53.04999923706055,53.349998474121094,52.150001525878906,52.900001525878906,52.900001525878906,284600
2018-02-05,52.400001525878906,53.20000076293945,51.130001068115234,51.650001525878906,51.650001525878906,600800
2018-02-06,51.0,52.150001525878906,50.29999923706055,51.900001525878906,51.900001525878906,562800
2018-02-07,51.650001525878906,52.95000076293945,51.20000076293945,51.849998474121094,51.849998474121094,462000
2018-02-08,51.900001525878906,52.25,49.70000076293945,49.75,49.75,815400
2018-02-09,50.20000076293945,50.5,48.349998474121094,49.75,49.75,550800
2018-02-12,49.79999923706055,51.04999923706055,49.29999923706055,50.54999923706055,50.54999923706055,555800
2018-02-13,50.20000076293945,51.45000076293945,50.20000076293945,51.349998474121094,51.349998474121094,335600
2018-02-14,50.75,52.54999923706055,50.25,52.29999923706055,52.29999923706055,338200
2018-02-15,52.29999923706055,52.95000076293945,51.20000076293945,52.75,52.75,448700
2018-02-16,52.5,53.04999923706055,52.33000183105469,52.5,52.5,405300
2018-02-20,52.150001525878906,52.900001525878906,51.099998474121094,52.54999923706055,52.54999923706055,298000
2018-02-21,52.70000076293945,53.150001525878906,51.599998474121094,53.0,53.0,387300
2018-02-22,53.099998474121094,53.349998474121094,52.599998474121094,53.0,53.0,370200
2018-02-23,53.400001525878906,53.54999923706055,52.099998474121094,53.54999923706055,53.54999923706055,222900
2018-02-26,53.70000076293945,53.95000076293945,52.79999923706055,53.72999954223633,53.72999954223633,331000
2018-02-27,53.849998474121094,54.150001525878906,52.25,52.70000076293945,52.70000076293945,413300
2018-02-28,52.75,52.900001525878906,51.650001525878906,52.04999923706055,52.04999923706055,1353600
2018-03-01,51.70000076293945,52.400001525878906,48.95000076293945,51.900001525878906,51.900001525878906,767700
2018-03-02,51.20000076293945,51.29999923706055,50.29999923706055,50.79999923706055,50.79999923706055,1023300
2018-03-05,50.75,52.54999923706055,50.130001068115234,52.400001525878906,52.400001525878906,695700
2018-03-06,52.54999923706055,52.70000076293945,52.099998474121094,52.54999923706055,52.54999923706055,563900
2018-03-07,52.29999923706055,53.650001525878906,51.349998474121094,53.599998474121094,53.599998474121094,415300
2018-03-08,53.650001525878906,53.79999923706055,53.0,53.70000076293945,53.70000076293945,378800
2018-03-09,54.0,55.099998474121094,53.650001525878906,55.04999923706055,55.04999923706055,317100
2018-03-12,55.0,55.5,54.900001525878906,55.45000076293945,55.45000076293945,383300
2018-03-13,55.54999923706055,55.900001525878906,54.95000076293945,55.150001525878906,55.150001525878906,792600
2018-03-14,55.25,56.08000183105469,54.5,55.95000076293945,55.95000076293945,560100
2018-03-15,56.0,57.099998474121094,55.95000076293945,57.099998474121094,57.099998474121094,636000
2018-03-16,57.099998474121094,58.599998474121094,56.849998474121094,58.54999923706055,58.54999923706055,2753600
2018-03-19,58.25,58.45000076293945,57.0,58.099998474121094,58.099998474121094,1218200
2018-03-20,58.099998474121094,58.400001525878906,57.400001525878906,58.150001525878906,58.150001525878906,1162000
2018-03-21,58.099998474121094,58.650001525878906,57.849998474121094,58.400001525878906,58.400001525878906,785800
2018-03-22,57.95000076293945,58.54999923706055,57.349998474121094,57.79999923706055,57.79999923706055,912000
2018-03-23,57.75,58.150001525878906,56.5,56.54999923706055,56.54999923706055,980100
2018-03-26,57.349998474121094,57.400001525878906,55.08000183105469,57.20000076293945,57.20000076293945,846800
2018-03-27,57.54999923706055,57.650001525878906,56.75,56.95000076293945,56.95000076293945,1037200
2018-03-28,56.900001525878906,57.099998474121094,53.61000061035156,56.25,56.25,781500
2018-03-29,56.349998474121094,57.45000076293945,55.849998474121094,57.20000076293945,57.20000076293945,453100
2018-04-02,62.900001525878906,64.25,62.150001525878906,63.400001525878906,63.400001525878906,1844300
2018-04-03,64.0999984741211,66.0,63.81999969482422,65.1500015258789,65.1500015258789,1582200
2018-04-04,64.4000015258789,67.5,63.400001525878906,67.0999984741211,67.0999984741211,901500
2018-04-05,67.5999984741211,67.8499984741211,66.30000305175781,66.4000015258789,66.4000015258789,868400
2018-04-06,66.1500015258789,67.75,65.94999694824219,66.3499984741211,66.3499984741211,508000
2018-04-09,66.55000305175781,67.0999984741211,66.44999694824219,66.69999694824219,66.69999694824219,290600
2018-04-10,67.55000305175781,68.0,67.25,67.5999984741211,67.5999984741211,816900
2018-04-11,67.4000015258789,68.5999984741211,67.0999984741211,68.44999694824219,68.44999694824219,444300
2018-04-12,68.3499984741211,68.9000015258789,68.05000305175781,68.5,68.5,519200
2018-04-13,69.0,69.19999694824219,68.1500015258789,68.55000305175781,68.55000305175781,332800
2018-04-16,68.80000305175781,69.5999984741211,68.5999984741211,68.6500015258789,68.6500015258789,357800
2018-04-17,68.5,71.30000305175781,68.5,70.55000305175781,70.55000305175781,920900
2018-04-18,70.19999694824219,71.44999694824219,69.69999694824219,71.19999694824219,71.19999694824219,685000
2018-04-19,71.0,71.1500015258789,69.69999694824219,70.4000015258789,70.4000015258789,323900
2018-04-20,70.0999984741211,70.5999984741211,69.5999984741211,69.94999694824219,69.94999694824219,317100
2018-04-23,70.30000305175781,70.9000015258789,69.9000015258789,70.19999694824219,70.19999694824219,299800
2018-04-24,70.3499984741211,70.69999694824219,69.19999694824219,69.44999694824219,69.44999694824219,909100
2018-04-25,69.25,70.44999694824219,68.0999984741211,68.6500015258789,68.6500015258789,443600
2018-04-26,69.6500015258789,70.6500015258789,69.30000305175781,69.80000305175781,69.80000305175781,349100
2018-04-27,70.1500015258789,70.1500015258789,69.0,69.4000015258789,69.4000015258789,256700
2018-04-30,69.4000015258789,70.1500015258789,68.20999908447266,69.94999694824219,69.94999694824219,782600
2018-05-01,68.5,69.55000305175781,67.19999694824219,67.44999694824219,67.44999694824219,989900
2018-05-02,67.6500015258789,68.0,67.05000305175781,67.55000305175781,67.55000305175781,637200
2018-05-03,67.3499984741211,68.0999984741211,67.1500015258789,67.6500015258789,67.6500015258789,664000
2018-05-04,67.25,67.94999694824219,66.55000305175781,67.6500015258789,67.6500015258789,461000
2018-05-07,67.75,68.47000122070312,67.5,67.9000015258789,67.9000015258789,490500
2018-05-08,67.8499984741211,69.02999877929688,67.75,68.75,68.75,482800
2018-05-09,68.80000305175781,69.80000305175781,68.55000305175781,69.5999984741211,69.5999984741211,302500
2018-05-10,69.5999984741211,70.55000305175781,68.0,70.5,70.5,379800
2018-05-11,70.3499984741211,70.3499984741211,68.94999694824219,69.6500015258789,69.6500015258789,195000
2018-05-14,69.8499984741211,70.05000305175781,68.19999694824219,68.4000015258789,68.4000015258789,315600
2018-05-15,66.80000305175781,68.6500015258789,66.58000183105469,68.25,68.25,466500
2018-05-16,68.05000305175781,68.5,67.19999694824219,67.80000305175781,67.80000305175781,517900
2018-05-17,67.8499984741211,68.43000030517578,67.5999984741211,67.9000015258789,67.9000015258789,336500
2018-05-18,67.94999694824219,68.44999694824219,67.9000015258789,68.0999984741211,68.0999984741211,485400
2018-05-21,68.3499984741211,68.75,68.0,68.44999694824219,68.44999694824219,380800
2018-05-22,68.44999694824219,68.5999984741211,67.6500015258789,67.80000305175781,67.80000305175781,251700
2018-05-23,67.55000305175781,68.6500015258789,67.55000305175781,68.55000305175781,68.55000305175781,265800
2018-05-24,68.4000015258789,69.0,68.0999984741211,68.5999984741211,68.5999984741211,342100
2018-05-25,68.6500015258789,69.30000305175781,67.97000122070312,68.44999694824219,68.44999694824219,208500
2018-05-29,68.05000305175781,68.3499984741211,67.5999984741211,68.19999694824219,68.19999694824219,259600
2018-05-30,68.44999694824219,68.9000015258789,68.0,68.44999694824219,68.44999694824219,418300
2018-05-31,68.6500015258789,69.4000015258789,67.51000213623047,68.3499984741211,68.3499984741211,238400
2018-06-01,68.75,69.1500015258789,68.3499984741211,68.75,68.75,924900
2018-06-04,69.25,70.0,69.25,69.9000015258789,69.9000015258789,438200
2018-06-05,70.0,70.8499984741211,69.94999694824219,70.75,70.75,219900
2018-06-06,70.6500015258789,71.25,69.91000366210938,70.55000305175781,70.55000305175781,268600
2018-06-07,71.05000305175781,71.19999694824219,69.55000305175781,70.3499984741211,70.3499984741211,658100
2018-06-08,70.05000305175781,70.44999694824219,69.1500015258789,70.25,70.25,396300
2018-06-11,70.0999984741211,70.9000015258789,69.69999694824219,69.80000305175781,69.80000305175781,269900
2018-06-12,70.05000305175781,71.69999694824219,70.0,71.5999984741211,71.5999984741211,457900
2018-06-13,71.5,72.6500015258789,71.4000015258789,71.80000305175781,71.80000305175781,618700
2018-06-14,72.1500015258789,72.4000015258789,71.0999984741211,71.44999694824219,71.44999694824219,389000
2018-06-15,70.9000015258789,70.94999694824219,69.5999984741211,69.8499984741211,69.8499984741211,805800
2018-06-18,69.55000305175781,71.4000015258789,68.19999694824219,71.25,71.25,310100
2018-06-19,71.0,71.25,70.0,70.44999694824219,70.44999694824219,313200
2018-06-20,70.5999984741211,71.1500015258789,68.62999725341797,70.9000015258789,70.9000015258789,320400
2018-06-21,70.8499984741211,71.25,69.94999694824219,70.6500015258789,70.6500015258789,286000
2018-06-22,70.8499984741211,71.0999984741211,68.8499984741211,69.1500015258789,69.1500015258789,500500
2018-06-25,68.8499984741211,69.0,67.05000305175781,67.9000015258789,67.9000015258789,339900
2018-06-26,68.0,68.5,66.4000015258789,67.3499984741211,67.3499984741211,484200
2018-06-27,67.5999984741211,67.6500015258789,65.05000305175781,65.0999984741211,65.0999984741211,445600
2018-06-28,64.94999694824219,67.30000305175781,64.4000015258789,66.69999694824219,66.69999694824219,391700
2018-06-29,67.05000305175781,67.44999694824219,65.80000305175781,65.8499984741211,65.8499984741211,266200
2018-07-02,65.80000305175781,67.0999984741211,65.55000305175781,67.0,67.0,238600
2018-07-03,67.05000305175781,67.80000305175781,66.69999694824219,67.55000305175781,67.55000305175781,96000
2018-07-05,67.94999694824219,68.30000305175781,66.94999694824219,68.25,68.25,114300
2018-07-06,68.30000305175781,69.3499984741211,68.0999984741211,68.6500015258789,68.6500015258789,227900
2018-07-09,68.9000015258789,69.6500015258789,68.30000305175781,69.19999694824219,69.19999694824219,232800
2018-07-10,69.55000305175781,69.80000305175781,68.75,68.94999694824219,68.94999694824219,121600
2018-07-11,68.69999694824219,69.5,68.6500015258789,69.25,69.25,226900
2018-07-12,69.69999694824219,70.30000305175781,69.3499984741211,69.94999694824219,69.94999694824219,183200
2018-07-13,70.0999984741211,70.0999984741211,69.4000015258789,69.69999694824219,69.69999694824219,148300
2018-07-16,69.5999984741211,70.6500015258789,69.5,69.8499984741211,69.8499984741211,186700
2018-07-17,69.25,70.5999984741211,68.80000305175781,70.0,70.0,321000
2018-07-18,69.6500015258789,69.94999694824219,69.02999877929688,69.44999694824219,69.44999694824219,214400
2018-07-19,69.1500015258789,69.30000305175781,68.75,69.30000305175781,69.30000305175781,254800
2018-07-20,69.1500015258789,70.5,68.1500015258789,68.25,68.25,306400
2018-07-23,68.19999694824219,68.30000305175781,67.25,68.05000305175781,68.05000305175781,409200
2018-07-24,69.69999694824219,69.8499984741211,64.44999694824219,65.75,65.75,780900
2018-07-25,65.75,66.27999877929688,64.94999694824219,64.94999694824219,64.94999694824219,437200
2018-07-26,64.9000015258789,66.69999694824219,64.55000305175781,64.75,64.75,543800
2018-07-27,65.0,65.0,63.08000183105469,63.650001525878906,63.650001525878906,500700
2018-07-30,63.29999923706055,63.54999923706055,62.54999923706055,63.099998474121094,63.099998474121094,634200
2018-07-31,63.400001525878906,64.94999694824219,62.849998474121094,64.9000015258789,64.9000015258789,619600
2018-08-01,65.0,65.44999694824219,63.70000076293945,64.6500015258789,64.6500015258789,699100
2018-08-02,64.44999694824219,67.0,64.18000030517578,66.80000305175781,66.80000305175781,1649100
2018-08-03,67.05000305175781,67.8499984741211,64.94999694824219,65.6500015258789,65.6500015258789,408700
2018-08-06,65.69999694824219,66.19999694824219,65.25,66.1500015258789,66.1500015258789,323500
2018-08-07,66.30000305175781,66.9000015258789,65.80000305175781,66.6500015258789,66.6500015258789,208900
2018-08-08,66.55000305175781,67.0,66.18000030517578,66.75,66.75,179000
2018-08-09,66.80000305175781,68.05000305175781,66.44999694824219,67.19999694824219,67.19999694824219,217600
2018-08-10,66.94999694824219,67.80000305175781,66.87999725341797,67.25,67.25,263100
2018-08-13,67.1500015258789,67.9000015258789,66.30000305175781,66.55000305175781,66.55000305175781,413400
2018-08-14,66.0,67.37999725341797,65.16000366210938,65.9000015258789,65.9000015258789,327400
2018-08-15,65.55000305175781,66.1500015258789,64.6500015258789,64.9000015258789,64.9000015258789,217300
2018-08-16,65.0,65.55000305175781,64.5999984741211,64.94999694824219,64.94999694824219,202200
2018-08-17,64.69999694824219,65.05000305175781,64.05000305175781,65.0,65.0,159200
2018-08-20,64.9000015258789,65.44999694824219,64.25,64.69999694824219,64.69999694824219,178100
2018-08-21,64.75,65.55000305175781,64.5,64.80000305175781,64.80000305175781,280900
2018-08-22,64.8499984741211,66.19999694824219,64.8499984741211,65.8499984741211,65.8499984741211,273400
2018-08-23,66.0,67.69999694824219,65.8499984741211,67.5,67.5,255500
2018-08-24,67.6500015258789,68.4000015258789,65.94999694824219,68.19999694824219,68.19999694824219,211200
2018-08-27,68.0,68.55000305175781,67.68000030517578,68.3499984741211,68.3499984741211,243500
2018-08-28,68.44999694824219,68.80000305175781,68.0999984741211,68.4000015258789,68.4000015258789,284800
2018-08-29,68.6500015258789,69.55000305175781,68.22000122070312,69.3499984741211,69.3499984741211,354000
2018-08-30,69.25,69.72000122070312,68.5999984741211,69.05000305175781,69.05000305175781,186100
2018-08-31,68.8499984741211,69.8499984741211,68.55000305175781,69.6500015258789,69.6500015258789,225000
2018-09-04,69.44999694824219,69.75,68.3499984741211,69.69999694824219,69.69999694824219,240100
2018-09-05,69.75,69.75,68.05000305175781,68.4000015258789,68.4000015258789,213600
2018-09-06,68.30000305175781,69.25,67.4000015258789,67.8499984741211,67.8499984741211,179200
2018-09-07,67.75,69.0999984741211,67.05000305175781,68.75,68.75,164600
2018-09-10,68.94999694824219,69.3499984741211,68.5999984741211,69.25,69.25,171200
2018-09-11,69.0999984741211,69.9000015258789,69.05000305175781,69.0999984741211,69.0999984741211,155900
2018-09-12,69.05000305175781,70.0,68.05000305175781,69.9000015258789,69.9000015258789,182000
2018-09-13,70.0,70.30000305175781,69.05000305175781,69.80000305175781,69.80000305175781,195700
2018-09-14,69.75,70.44999694824219,69.25,69.5999984741211,69.5999984741211,309300
2018-09-17,69.55000305175781,69.55000305175781,67.94999694824219,68.5,68.5,351700
2018-09-18,68.30000305175781,69.25,68.22000122070312,68.80000305175781,68.80000305175781,192100
2018-09-19,68.75,69.0,67.0,68.5,68.5,353700
2018-09-20,68.69999694824219,69.3499984741211,68.0999984741211,69.19999694824219,69.19999694824219,373000
2018-09-21,69.30000305175781,69.80000305175781,68.25,68.5,68.5,1267700
2018-09-24,68.55000305175781,70.69999694824219,67.93000030517578,69.0999984741211,69.0999984741211,440000
2018-09-25,69.19999694824219,70.0999984741211,69.05000305175781,69.5999984741211,69.5999984741211,243400
2018-09-26,69.75,70.0999984741211,68.5999984741211,69.75,69.75,311600
2018-09-27,69.8499984741211,70.4000015258789,68.80999755859375,69.80000305175781,69.80000305175781,285000
2018-09-28,69.69999694824219,70.44999694824219,69.69999694824219,70.0,70.0,200600
2018-10-01,70.25,70.25,67.66999816894531,67.83000183105469,67.83000183105469,237100
2018-10-02,67.88999938964844,68.13999938964844,65.41999816894531,65.8499984741211,65.8499984741211,470100
2018-10-03,66.01000213623047,66.62999725341797,65.13999938964844,66.05999755859375,66.05999755859375,286800
2018-10-04,65.91999816894531,66.44000244140625,65.19999694824219,66.05000305175781,66.05000305175781,310300
2018-10-05,65.95999908447266,66.69000244140625,64.58999633789062,65.44000244140625,65.44000244140625,252600
2018-10-08,65.33000183105469,65.51000213623047,63.13999938964844,63.79999923706055,63.79999923706055,227400
2018-10-09,63.56999969482422,64.25,62.77000045776367,62.86000061035156,62.86000061035156,263000
2018-10-10,62.77000045776367,63.02000045776367,59.709999084472656,59.79999923706055,59.79999923706055,475900
2018-10-11,59.61000061035156,60.72999954223633,58.90999984741211,59.34000015258789,59.34000015258789,434300
2018-10-12,60.279998779296875,60.5,59.209999084472656,60.08000183105469,60.08000183105469,298600
2018-10-15,59.84000015258789,60.5099983215332,59.31999969482422,60.310001373291016,60.310001373291016,326400
2018-10-16,59.619998931884766,62.290000915527344,59.5099983215332,62.13999938964844,62.13999938964844,395600
2018-10-17,61.959999084472656,62.709999084472656,61.20000076293945,62.66999816894531,62.66999816894531,259000
2018-10-18,62.310001373291016,62.79999923706055,60.279998779296875,60.349998474121094,60.349998474121094,268800
2018-10-19,60.40999984741211,61.13999938964844,59.18000030517578,59.29999923706055,59.29999923706055,198500
2018-10-22,59.52000045776367,60.68000030517578,59.52000045776367,60.310001373291016,60.310001373291016,1283100
2018-10-23,59.540000915527344,60.959999084472656,58.369998931884766,59.560001373291016,59.560001373291016,477700
2018-10-24,59.59000015258789,60.400001525878906,58.04999923706055,58.11000061035156,58.11000061035156,622000
2018-10-25,58.58000183105469,60.16999816894531,58.31999969482422,59.81999969482422,59.81999969482422,389000
2018-10-26,58.900001525878906,59.61000061035156,57.560001373291016,57.970001220703125,57.970001220703125,375100
2018-10-29,58.25,59.5,54.91999816894531,55.150001525878906,55.150001525878906,887400
2018-10-30,53.0,56.650001525878906,51.529998779296875,55.36000061035156,55.36000061035156,1447000
2018-10-31,55.119998931884766,58.27000045776367,55.0,58.220001220703125,58.220001220703125,526200
2018-11-01,58.45000076293945,60.70000076293945,58.060001373291016,60.369998931884766,60.369998931884766,327000
2018-11-02,60.40999984741211,60.849998474121094,58.099998474121094,58.38999938964844,58.38999938964844,387400
2018-11-05,58.29999923706055,58.93000030517578,57.02000045776367,58.349998474121094,58.349998474121094,289000
2018-11-06,58.150001525878906,59.36000061035156,58.150001525878906,58.75,58.75,224300
2018-11-07,59.099998474121094,60.810001373291016,59.0099983215332,60.36000061035156,60.36000061035156,263200
2018-11-08,60.2599983215332,60.90999984741211,59.58000183105469,59.91999816894531,59.91999816894531,172400
2018-11-09,59.58000183105469,60.0,58.630001068115234,59.439998626708984,59.439998626708984,260800
2018-11-12,59.720001220703125,60.369998931884766,57.75,58.25,58.25,224900
2018-11-13,58.75,59.2599983215332,57.619998931884766,57.86000061035156,57.86000061035156,180900
2018-11-14,58.79999923706055,59.400001525878906,57.41999816894531,57.41999816894531,57.41999816894531,207900
2018-11-15,57.220001220703125,58.849998474121094,57.220001220703125,58.849998474121094,58.849998474121094,160700
2018-11-16,58.2599983215332,58.93000030517578,57.4900016784668,58.439998626708984,58.439998626708984,201500
2018-11-19,58.25,58.25,55.689998626708984,55.81999969482422,55.81999969482422,212600
2018-11-20,54.83000183105469,56.560001373291016,54.150001525878906,55.650001525878906,55.650001525878906,206300
2018-11-21,56.22999954223633,57.86000061035156,55.529998779296875,57.38999938964844,57.38999938964844,203600
2018-11-23,56.849998474121094,58.369998931884766,56.849998474121094,57.560001373291016,57.560001373291016,87300
2018-11-26,58.2599983215332,58.75,57.349998474121094,57.529998779296875,57.529998779296875,439200
2018-11-27,57.189998626708984,58.16999816894531,56.34000015258789,57.290000915527344,57.290000915527344,330000
2018-11-28,57.709999084472656,58.91999816894531,57.2400016784668,58.84000015258789,58.84000015258789,171200
2018-11-29,58.459999084472656,59.13999938964844,57.849998474121094,58.47999954223633,58.47999954223633,315600
2018-11-30,58.72999954223633,59.2400016784668,58.29999923706055,58.939998626708984,58.939998626708984,277700
2018-12-03,59.97999954223633,59.97999954223633,56.45000076293945,58.349998474121094,58.349998474121094,588100
2018-12-04,58.310001373291016,59.02000045776367,56.459999084472656,56.70000076293945,56.70000076293945,258500
2018-12-06,56.150001525878906,57.34000015258789,53.47999954223633,57.310001373291016,57.310001373291016,289300
2018-12-07,57.27000045776367,57.810001373291016,55.27000045776367,56.2400016784668,56.2400016784668,421900
2018-12-10,56.27000045776367,57.349998474121094,55.16999816894531,56.27000045776367,56.27000045776367,258700
2018-12-11,57.060001373291016,58.099998474121094,56.029998779296875,57.2400016784668,57.2400016784668,292000
2018-12-12,58.0,58.939998626708984,56.880001068115234,57.91999816894531,57.91999816894531,325300
2018-12-13,57.970001220703125,58.560001373291016,57.38999938964844,58.0,58.0,553300
2018-12-14,57.560001373291016,57.95000076293945,56.470001220703125,56.72999954223633,56.72999954223633,453300
2018-12-17,56.59000015258789,57.15999984741211,55.369998931884766,55.9900016784668,55.9900016784668,385800
2018-12-18,56.400001525878906,57.689998626708984,56.400001525878906,57.040000915527344,57.040000915527344,330900
2018-12-19,57.20000076293945,59.099998474121094,57.20000076293945,58.0099983215332,58.0099983215332,473700
2018-12-20,57.970001220703125,58.7599983215332,56.209999084472656,58.0,58.0,844800
2018-12-21,58.0099983215332,58.36000061035156,54.849998474121094,55.2599983215332,55.2599983215332,1436600
2018-12-24,54.869998931884766,56.27000045776367,53.88999938964844,53.97999954223633,53.97999954223633,317400
2018-12-26,54.400001525878906,57.77000045776367,54.36000061035156,57.61000061035156,57.61000061035156,517000
2018-12-27,56.689998626708984,58.380001068115234,56.150001525878906,58.380001068115234,58.380001068115234,268600
2018-12-28,58.38999938964844,59.560001373291016,57.33000183105469,57.77000045776367,57.77000045776367,351600
2018-12-31,58.29999923706055,59.09000015258789,57.59000015258789,59.09000015258789,59.09000015258789,278300
2019-01-02,58.04999923706055,58.7400016784668,57.0099983215332,57.439998626708984,57.439998626708984,523200
2019-01-03,56.93000030517578,57.439998626708984,55.56999969482422,55.779998779296875,55.779998779296875,292300
2019-01-04,56.45000076293945,58.720001220703125,56.36000061035156,58.060001373291016,58.060001373291016,277700
2019-01-07,58.04999923706055,59.060001373291016,57.75,58.459999084472656,58.459999084472656,982500
2019-01-08,59.150001525878906,59.95000076293945,58.650001525878906,59.93000030517578,59.93000030517578,532700
2019-01-09,60.0,60.84000015258789,59.400001525878906,60.5,60.5,341900
2019-01-10,60.38999938964844,61.380001068115234,60.16999816894531,60.810001373291016,60.810001373291016,432700
2019-01-11,60.5,61.290000915527344,58.880001068115234,61.08000183105469,61.08000183105469,262200
2019-01-14,60.59000015258789,60.81999969482422,59.43000030517578,60.20000076293945,60.20000076293945,305300
2019-01-15,60.11000061035156,61.25,59.91999816894531,61.08000183105469,61.08000183105469,243400
2019-01-16,61.689998626708984,61.9900016784668,60.63999938964844,61.54999923706055,61.54999923706055,379700
2019-01-17,61.25,62.36000061035156,61.150001525878906,62.029998779296875,62.029998779296875,216500
2019-01-18,62.18000030517578,62.88999938964844,61.90999984741211,62.529998779296875,62.529998779296875,283400
2019-01-22,62.459999084472656,62.880001068115234,61.43000030517578,62.7400016784668,62.7400016784668,375900
2019-01-23,63.09000015258789,63.849998474121094,62.060001373291016,62.790000915527344,62.790000915527344,136900
2019-01-24,62.79999923706055,63.220001220703125,62.290000915527344,62.79999923706055,62.79999923706055,355500
2019-01-25,63.2599983215332,63.47999954223633,62.150001525878906,62.279998779296875,62.279998779296875,427200
2019-01-28,61.849998474121094,62.13999938964844,60.58000183105469,61.56999969482422,61.56999969482422,1090300
2019-01-29,65.0,65.94999694824219,61.880001068115234,63.41999816894531,63.41999816894531,1248800
2019-01-30,64.61000061035156,65.69000244140625,63.72999954223633,65.66999816894531,65.66999816894531,680600
2019-01-31,65.77999877929688,66.94999694824219,65.77999877929688,66.06999969482422,66.06999969482422,489400
2019-02-01,66.08000183105469,66.62000274658203,65.76000213623047,66.08000183105469,66.08000183105469,451500
2019-02-04,66.27999877929688,67.7300033569336,66.23999786376953,67.6500015258789,67.6500015258789,482100
2019-02-05,67.68000030517578,68.12999725341797,67.0999984741211,67.75,67.75,381900
2019-02-06,67.72000122070312,68.33999633789062,67.08999633789062,68.30000305175781,68.30000305175781,499500
2019-02-07,67.62000274658203,67.91000366210938,67.12999725341797,67.76000213623047,67.76000213623047,286000
2019-02-08,67.41000366210938,69.13999938964844,67.41000366210938,68.36000061035156,68.36000061035156,383900
2019-02-11,66.62000274658203,66.70999908447266,64.63999938964844,66.54000091552734,66.54000091552734,632500
2019-02-12,67.19000244140625,67.79000091552734,66.58999633789062,67.66999816894531,67.66999816894531,386300
2019-02-13,67.58999633789062,67.9800033569336,67.23999786376953,67.7699966430664,67.7699966430664,252500
2019-02-14,67.68000030517578,68.11000061035156,67.43000030517578,67.83000183105469,67.83000183105469,352900
2019-02-15,68.33000183105469,68.4000015258789,67.5199966430664,68.06999969482422,68.06999969482422,313600
2019-02-19,67.72000122070312,68.5999984741211,67.58000183105469,68.58000183105469,68.58000183105469,341700
2019-02-20,68.56999969482422,68.56999969482422,67.75,68.02999877929688,68.02999877929688,224300
2019-02-21,68.02999877929688,69.19999694824219,66.05999755859375,68.4000015258789,68.4000015258789,412000
2019-02-22,68.72000122070312,68.72000122070312,66.30999755859375,67.75,67.75,736600
2019-02-25,66.38999938964844,67.26000213623047,65.37999725341797,66.97000122070312,66.97000122070312,633400
2019-02-26,66.8499984741211,68.02999877929688,66.77999877929688,67.55000305175781,67.55000305175781,352400
2019-02-27,67.63999938964844,67.73999786376953,66.91999816894531,67.44000244140625,67.44000244140625,204300
2019-02-28,67.5,68.0999984741211,67.08999633789062,67.38999938964844,67.38999938964844,348300
2019-03-01,67.9000015258789,67.9000015258789,67.01000213623047,67.5,67.5,317200
2019-03-04,67.81999969482422,67.81999969482422,66.25,66.5199966430664,66.5199966430664,511300
2019-03-05,66.63999938964844,66.63999938964844,65.38999938964844,65.41999816894531,65.41999816894531,457800
2019-03-06,65.52999877929688,65.72000122070312,64.29000091552734,64.47000122070312,64.47000122070312,341000
2019-03-07,64.69999694824219,65.18000030517578,64.36000061035156,64.69000244140625,64.69000244140625,395000
2019-03-08,64.23999786376953,64.81999969482422,63.79999923706055,64.20999908447266,64.20999908447266,224000
2019-03-11,64.62999725341797,65.69999694824219,64.38999938964844,65.44000244140625,65.44000244140625,495200
2019-03-12,65.69000244140625,65.69000244140625,64.95999908447266,65.51000213623047,65.51000213623047,296400
2019-03-13,65.77999877929688,66.33000183105469,65.0199966430664,65.12000274658203,65.12000274658203,745600
2019-03-14,65.25,65.51000213623047,64.81999969482422,65.08999633789062,65.08999633789062,272600
2019-03-15,65.05000305175781,66.0199966430664,64.11000061035156,64.62999725341797,64.62999725341797,1185800
2019-03-18,64.6500015258789,65.45999908447266,64.43000030517578,65.08999633789062,65.08999633789062,474300
2019-03-19,65.45999908447266,65.94999694824219,64.75,65.83000183105469,65.83000183105469,434500
2019-03-20,66.01000213623047,66.19999694824219,65.11000061035156,65.5199966430664,65.5199966430664,642100
2019-03-21,65.2300033569336,66.86000061035156,65.20999908447266,66.69000244140625,66.69000244140625,472200
2019-03-22,66.2699966430664,66.56999969482422,64.44999694824219,64.51000213623047,64.51000213623047,308200
2019-03-25,64.44000244140625,65.19000244140625,63.5099983215332,63.66999816894531,63.66999816894531,663800
2019-03-26,64.13999938964844,65.16999816894531,64.0199966430664,64.8499984741211,64.8499984741211,650400
2019-03-27,64.80000305175781,64.97000122070312,63.70000076293945,64.5,64.5,820700
2019-03-28,64.68000030517578,64.88999938964844,64.05000305175781,64.25,64.25,307800
2019-03-29,64.76000213623047,65.4000015258789,64.5,64.73999786376953,64.73999786376953,673500
2019-04-01,65.05999755859375,65.9000015258789,64.69999694824219,65.62000274658203,65.62000274658203,306400
2019-04-02,65.19000244140625,65.3499984741211,60.66999816894531,62.310001373291016,62.310001373291016,1562200
2019-04-03,62.849998474121094,63.58000183105469,62.630001068115234,63.189998626708984,63.189998626708984,410600
2019-04-04,63.31999969482422,63.61000061035156,62.06999969482422,63.130001068115234,63.130001068115234,343200
2019-04-05,63.290000915527344,64.01000213623047,62.869998931884766,63.0,63.0,578900
2019-04-08,62.630001068115234,63.04999923706055,62.11000061035156,63.0,63.0,565100
2019-04-09,62.619998931884766,63.84000015258789,62.619998931884766,63.5099983215332,63.5099983215332,350900
2019-04-10,63.58000183105469,64.16999816894531,63.29999923706055,63.40999984741211,63.40999984741211,1029700
2019-04-11,63.650001525878906,63.95000076293945,63.33000183105469,63.70000076293945,63.70000076293945,324900
2019-04-12,64.13999938964844,64.16999816894531,63.02000045776367,63.130001068115234,63.130001068115234,764200
2019-04-15,62.959999084472656,63.75,62.900001525878906,63.56999969482422,63.56999969482422,1293400
2019-04-16,63.529998779296875,63.75,62.540000915527344,62.68000030517578,62.68000030517578,801900
2019-04-17,62.91999816894531,62.95000076293945,61.45000076293945,61.4900016784668,61.4900016784668,463000
2019-04-18,61.529998779296875,61.72999954223633,60.7599983215332,61.27000045776367,61.27000045776367,324000
2019-04-22,61.20000076293945,61.59000015258789,60.75,61.400001525878906,61.400001525878906,343600
2019-04-23,61.689998626708984,62.38999938964844,61.59000015258789,62.130001068115234,62.130001068115234,890200
2019-04-24,62.18000030517578,62.38999938964844,61.599998474121094,61.630001068115234,61.630001068115234,292300
2019-04-25,61.779998779296875,61.88999938964844,60.54999923706055,61.279998779296875,61.279998779296875,343300
2019-04-26,61.33000183105469,61.77000045776367,60.900001525878906,61.459999084472656,61.459999084472656,428400
2019-04-29,61.56999969482422,62.060001373291016,60.77000045776367,61.52000045776367,61.52000045776367,574600
2019-04-30,57.0,57.0,52.38999938964844,52.599998474121094,52.599998474121094,2603700
2019-05-01,52.65999984741211,54.560001373291016,52.47999954223633,52.599998474121094,52.599998474121094,1181100
2019-05-02,52.59000015258789,53.11000061035156,52.029998779296875,52.31999969482422,52.31999969482422,685600
2019-05-03,52.58000183105469,53.0,52.209999084472656,52.849998474121094,52.849998474121094,532700
2019-05-06,51.90999984741211,53.540000915527344,51.68000030517578,53.209999084472656,53.209999084472656,504300
2019-05-07,52.63999938964844,53.13999938964844,51.209999084472656,51.689998626708984,51.689998626708984,680700
2019-05-08,51.43000030517578,51.689998626708984,50.41999816894531,50.439998626708984,50.439998626708984,447500
2019-05-09,50.029998779296875,50.400001525878906,49.470001220703125,49.9900016784668,49.9900016784668,414400
2019-05-10,49.650001525878906,50.2599983215332,48.88999938964844,50.209999084472656,50.209999084472656,741900
2019-05-13,49.130001068115234,49.47999954223633,48.720001220703125,48.90999984741211,48.90999984741211,783600
2019-05-14,48.880001068115234,49.650001525878906,48.86000061035156,49.310001373291016,49.310001373291016,547400
2019-05-15,48.849998474121094,50.150001525878906,48.810001373291016,49.880001068115234,49.880001068115234,1022700
2019-05-16,49.4900016784668,50.63999938964844,49.4900016784668,50.0,50.0,407500
2019-05-17,49.66999816894531,50.43000030517578,49.130001068115234,49.27000045776367,49.27000045776367,775600
2019-05-20,48.939998626708984,49.54999923706055,48.560001373291016,48.68000030517578,48.68000030517578,278100
2019-05-21,48.9900016784668,49.650001525878906,48.650001525878906,48.81999969482422,48.81999969482422,381500
2019-05-22,48.720001220703125,48.720001220703125,48.18000030517578,48.310001373291016,48.310001373291016,471100
2019-05-23,47.5099983215332,47.9900016784668,47.15999984741211,47.4900016784668,47.4900016784668,460400
2019-05-24,47.849998474121094,47.91999816894531,47.29999923706055,47.380001068115234,47.380001068115234,433100
2019-05-28,47.31999969482422,47.9900016784668,46.4900016784668,46.540000915527344,46.540000915527344,433200
2019-05-29,46.209999084472656,46.86000061035156,45.810001373291016,46.41999816894531,46.41999816894531,657300
2019-05-30,46.63999938964844,47.20000076293945,46.220001220703125,46.7599983215332,46.7599983215332,341200
2019-05-31,46.11000061035156,46.5,45.7599983215332,46.04999923706055,46.04999923706055,608200
2019-06-03,46.16999816894531,46.349998474121094,45.529998779296875,46.0,46.0,577300
2019-06-04,46.400001525878906,47.22999954223633,46.279998779296875,47.220001220703125,47.220001220703125,363700
2019-06-05,47.5099983215332,47.650001525878906,46.33000183105469,47.060001373291016,47.060001373291016,282100
2019-06-06,46.93000030517578,47.560001373291016,46.65999984741211,47.4900016784668,47.4900016784668,284900
2019-06-07,47.63999938964844,47.90999984741211,47.310001373291016,47.380001068115234,47.380001068115234,221300
2019-06-10,47.7400016784668,48.61000061035156,47.63999938964844,47.83000183105469,47.83000183105469,330300
2019-06-11,48.36000061035156,48.56999969482422,47.52000045776367,47.689998626708984,47.689998626708984,283700
2019-06-12,47.58000183105469,48.09000015258789,47.58000183105469,47.84000015258789,47.84000015258789,308500
2019-06-13,47.849998474121094,48.31999969482422,47.720001220703125,48.119998931884766,48.119998931884766,537000
2019-06-14,48.08000183105469,48.18000030517578,47.65999984741211,47.68000030517578,47.68000030517578,269900
2019-06-17,47.66999816894531,48.400001525878906,47.66999816894531,48.0,48.0,257100
2019-06-18,48.459999084472656,49.16999816894531,48.380001068115234,48.470001220703125,48.470001220703125,337500
2019-06-19,48.650001525878906,48.65999984741211,48.0099983215332,48.599998474121094,48.599998474121094,287700
2019-06-20,49.22999954223633,49.5,48.540000915527344,48.54999923706055,48.54999923706055,373000
2019-06-21,48.290000915527344,48.81999969482422,47.83000183105469,48.7400016784668,48.7400016784668,693700
2019-06-24,48.7599983215332,48.849998474121094,47.7400016784668,47.84000015258789,47.84000015258789,392900
2019-06-25,47.959999084472656,48.5099983215332,47.08000183105469,47.2400016784668,47.2400016784668,346100
2019-06-26,47.369998931884766,47.900001525878906,47.27000045776367,47.72999954223633,47.72999954223633,320600
2019-06-27,47.869998931884766,48.900001525878906,47.779998779296875,48.45000076293945,48.45000076293945,265000
2019-06-28,48.720001220703125,49.689998626708984,48.439998626708984,49.619998931884766,49.619998931884766,1103900
2019-07-01,50.25,50.630001068115234,49.5,49.81999969482422,49.81999969482422,270000
2019-07-02,49.79999923706055,49.97999954223633,49.52000045776367,49.93000030517578,49.93000030517578,264300
2019-07-03,50.369998931884766,51.040000915527344,50.0099983215332,50.900001525878906,50.900001525878906,192300
2019-07-05,50.439998626708984,51.25,49.81999969482422,51.099998474121094,51.099998474121094,309500
2019-07-08,50.959999084472656,51.119998931884766,50.65999984741211,50.83000183105469,50.83000183105469,257800
2019-07-09,50.5099983215332,50.90999984741211,50.31999969482422,50.810001373291016,50.810001373291016,352600
2019-07-10,50.959999084472656,51.52000045776367,50.7400016784668,50.790000915527344,50.790000915527344,221000
2019-07-11,50.810001373291016,51.029998779296875,50.380001068115234,50.65999984741211,50.65999984741211,518300
2019-07-12,50.63999938964844,50.939998626708984,50.2599983215332,50.45000076293945,50.45000076293945,550200
2019-07-15,50.529998779296875,50.7599983215332,50.22999954223633,50.29999923706055,50.29999923706055,353000
2019-07-16,50.08000183105469,50.08000183105469,49.400001525878906,49.540000915527344,49.540000915527344,409100
2019-07-17,49.43000030517578,50.41999816894531,49.2400016784668,50.130001068115234,50.130001068115234,457900
2019-07-18,50.0,50.779998779296875,49.779998779296875,50.130001068115234,50.130001068115234,435000
2019-07-19,50.119998931884766,50.52000045776367,48.75,49.7400016784668,49.7400016784668,265300
2019-07-22,49.810001373291016,50.439998626708984,49.810001373291016,50.16999816894531,50.16999816894531,346700
2019-07-23,50.470001220703125,50.77000045776367,49.7400016784668,49.84000015258789,49.84000015258789,254100
2019-07-24,49.880001068115234,50.81999969482422,49.86000061035156,50.77000045776367,50.77000045776367,299300
2019-07-25,50.29999923706055,50.79999923706055,49.68000030517578,49.72999954223633,49.72999954223633,343100
2019-07-26,49.97999954223633,50.959999084472656,49.97999954223633,50.310001373291016,50.310001373291016,439500
2019-07-29,50.02000045776367,50.599998474121094,49.29999923706055,50.45000076293945,50.45000076293945,788500
2019-07-30,48.25,49.16999816894531,43.13999938964844,44.84000015258789,44.84000015258789,1764400
2019-07-31,44.65999984741211,47.40999984741211,44.65999984741211,45.439998626708984,45.439998626708984,650700
2019-08-01,45.65999984741211,46.0099983215332,43.9900016784668,44.45000076293945,44.45000076293945,493000
2019-08-02,44.150001525878906,44.209999084472656,43.2599983215332,43.47999954223633,43.47999954223633,469900
2019-08-05,42.63999938964844,42.63999938964844,41.68000030517578,41.91999816894531,41.91999816894531,741400
2019-08-06,42.189998626708984,43.5,42.040000915527344,42.56999969482422,42.56999969482422,509700
2019-08-07,41.90999984741211,43.279998779296875,41.90999984741211,42.91999816894531,42.91999816894531,640700
2019-08-08,43.290000915527344,44.31999969482422,43.04999923706055,44.279998779296875,44.279998779296875,554200
2019-08-09,44.20000076293945,44.20000076293945,43.56999969482422,43.880001068115234,43.880001068115234,462500
2019-08-12,43.58000183105469,43.810001373291016,43.130001068115234,43.31999969482422,43.31999969482422,350900
2019-08-13,43.02000045776367,43.959999084472656,42.77000045776367,42.86000061035156,42.86000061035156,432500
2019-08-14,42.220001220703125,42.279998779296875,41.439998626708984,41.91999816894531,41.91999816894531,244700
2019-08-15,41.81999969482422,41.869998931884766,40.88999938964844,41.279998779296875,41.279998779296875,360700
2019-08-16,41.61000061035156,42.40999984741211,41.31999969482422,41.84000015258789,41.84000015258789,316700
2019-08-19,42.31999969482422,42.380001068115234,42.040000915527344,42.119998931884766,42.119998931884766,416400
2019-08-20,42.119998931884766,42.31999969482422,41.41999816894531,41.4900016784668,41.4900016784668,308300
2019-08-21,41.7400016784668,42.2599983215332,41.43000030517578,41.4900016784668,41.4900016784668,468600
2019-08-22,41.790000915527344,42.0099983215332,41.279998779296875,41.630001068115234,41.630001068115234,211700
2019-08-23,41.439998626708984,41.86000061035156,40.72999954223633,41.29999923706055,41.29999923706055,455500
2019-08-26,41.75,41.95000076293945,41.31999969482422,41.63999938964844,41.63999938964844,502600
2019-08-27,41.90999984741211,42.43000030517578,41.13999938964844,41.90999984741211,41.90999984741211,442900
2019-08-28,41.61000061035156,42.290000915527344,41.4900016784668,41.959999084472656,41.959999084472656,446700
2019-08-29,42.41999816894531,43.27000045776367,42.220001220703125,43.209999084472656,43.209999084472656,287000
2019-08-30,43.36000061035156,43.900001525878906,42.91999816894531,43.369998931884766,43.369998931884766,301600
2019-09-03,43.13999938964844,43.439998626708984,42.29999923706055,43.11000061035156,43.11000061035156,551800
2019-09-04,43.0,43.369998931884766,42.47999954223633,42.88999938964844,42.88999938964844,726100
2019-09-05,43.41999816894531,44.72999954223633,42.970001220703125,44.529998779296875,44.529998779296875,750800
2019-09-06,44.650001525878906,45.31999969482422,44.33000183105469,45.08000183105469,45.08000183105469,598200
2019-09-09,45.34000015258789,46.04999923706055,44.75,45.869998931884766,45.869998931884766,632300
2019-09-10,45.779998779296875,46.90999984741211,45.209999084472656,46.869998931884766,46.869998931884766,282700
2019-09-11,46.939998626708984,47.47999954223633,46.11000061035156,47.34000015258789,47.34000015258789,1023800
2019-09-12,47.470001220703125,47.619998931884766,45.349998474121094,46.060001373291016,46.060001373291016,397800
2019-09-13,46.4900016784668,46.68000030517578,45.68000030517578,45.959999084472656,45.959999084472656,623700
2019-09-16,45.7400016784668,46.09000015258789,44.66999816894531,44.779998779296875,44.779998779296875,455800
2019-09-17,44.65999984741211,45.16999816894531,44.43000030517578,45.0099983215332,45.0099983215332,385200
2019-09-18,44.939998626708984,45.31999969482422,44.380001068115234,44.880001068115234,44.880001068115234,720600
2019-09-19,45.0,45.16999816894531,44.34000015258789,44.439998626708984,44.439998626708984,583400
2019-09-20,44.45000076293945,45.279998779296875,44.439998626708984,45.08000183105469,45.08000183105469,1808500
2019-09-23,44.970001220703125,45.220001220703125,44.650001525878906,44.97999954223633,44.97999954223633,425000
2019-09-24,45.15999984741211,45.5,44.130001068115234,44.34000015258789,44.34000015258789,322300
2019-09-25,44.290000915527344,45.459999084472656,43.720001220703125,45.209999084472656,45.209999084472656,454900
2019-09-26,45.119998931884766,45.2400016784668,44.29999923706055,44.459999084472656,44.459999084472656,291700
2019-09-27,44.75,44.81999969482422,43.540000915527344,43.7400016784668,43.7400016784668,358400
2019-09-30,43.93000030517578,44.939998626708984,43.63999938964844,44.709999084472656,44.709999084472656,646000
2019-10-01,45.0,45.38999938964844,44.56999969482422,44.619998931884766,44.619998931884766,382400
2019-10-02,44.279998779296875,44.709999084472656,43.459999084472656,44.18000030517578,44.18000030517578,347300
2019-10-03,44.099998474121094,45.810001373291016,44.099998474121094,45.29999923706055,45.29999923706055,885800
2019-10-04,45.54999923706055,46.040000915527344,45.09000015258789,45.689998626708984,45.689998626708984,412500
2019-10-07,45.470001220703125,46.11000061035156,45.349998474121094,45.63999938964844,45.63999938964844,256400
2019-10-08,45.5099983215332,45.56999969482422,44.34000015258789,44.400001525878906,44.400001525878906,380600
2019-10-09,44.86000061035156,45.20000076293945,44.720001220703125,45.04999923706055,45.04999923706055,229600
2019-10-10,45.11000061035156,45.150001525878906,44.7400016784668,44.869998931884766,44.869998931884766,205600
2019-10-11,45.27000045776367,45.970001220703125,45.27000045776367,45.47999954223633,45.47999954223633,318600
2019-10-14,45.36000061035156,45.72999954223633,45.02000045776367,45.43000030517578,45.43000030517578,220000
2019-10-15,44.97999954223633,45.540000915527344,44.790000915527344,45.2400016784668,45.2400016784668,467500
2019-10-16,44.65999984741211,45.459999084472656,44.43000030517578,45.08000183105469,45.08000183105469,597700
2019-10-17,45.41999816894531,46.209999084472656,45.33000183105469,45.79999923706055,45.79999923706055,272800
2019-10-18,45.59000015258789,45.709999084472656,44.880001068115234,45.599998474121094,45.599998474121094,271500
2019-10-21,46.060001373291016,46.310001373291016,45.779998779296875,45.849998474121094,45.849998474121094,295400
2019-10-22,45.75,45.959999084472656,45.2400016784668,45.59000015258789,45.59000015258789,364900
2019-10-23,45.5,46.22999954223633,45.2599983215332,45.779998779296875,45.779998779296875,382100
2019-10-24,45.97999954223633,46.470001220703125,45.41999816894531,45.90999984741211,45.90999984741211,283200
2019-10-25,45.900001525878906,47.150001525878906,45.7599983215332,47.0,47.0,257000
2019-10-28,47.279998779296875,47.599998474121094,46.970001220703125,47.189998626708984,47.189998626708984,389300
2019-10-29,48.84000015258789,49.599998474121094,47.75,49.290000915527344,49.290000915527344,808300
2019-10-30,49.79999923706055,50.79999923706055,49.59000015258789,50.40999984741211,50.40999984741211,887100
2019-10-31,50.349998474121094,50.619998931884766,49.43000030517578,49.66999816894531,49.66999816894531,481400
2019-11-01,50.04999923706055,50.689998626708984,49.630001068115234,49.869998931884766,49.869998931884766,623300
2019-11-04,50.04999923706055,50.529998779296875,49.790000915527344,50.02000045776367,50.02000045776367,452300
2019-11-05,50.11000061035156,50.56999969482422,49.59000015258789,49.9900016784668,49.9900016784668,432500
2019-11-06,49.81999969482422,50.060001373291016,49.36000061035156,49.560001373291016,49.560001373291016,296300
2019-11-07,49.88999938964844,50.310001373291016,49.52000045776367,49.81999969482422,49.81999969482422,460300
2019-11-08,49.59000015258789,49.900001525878906,48.119998931884766,49.560001373291016,49.560001373291016,576000
2019-11-11,49.5099983215332,50.04999923706055,49.279998779296875,49.86000061035156,49.86000061035156,850900
2019-11-12,49.900001525878906,50.029998779296875,49.47999954223633,49.689998626708984,49.689998626708984,419500
2019-11-13,49.279998779296875,49.599998474121094,48.619998931884766,48.790000915527344,48.790000915527344,253500
2019-11-14,48.56999969482422,48.790000915527344,48.04999923706055,48.54999923706055,48.54999923706055,514400
2019-11-15,48.79999923706055,48.91999816894531,48.029998779296875,48.650001525878906,48.650001525878906,477600
2019-11-18,48.38999938964844,49.400001525878906,48.38999938964844,49.189998626708984,49.189998626708984,382500
2019-11-19,49.400001525878906,49.5,48.75,49.189998626708984,49.189998626708984,562900
2019-11-20,49.16999816894531,49.650001525878906,48.880001068115234,49.439998626708984,49.439998626708984,314300
2019-11-21,49.380001068115234,49.7400016784668,49.08000183105469,49.4900016784668,49.4900016784668,333500
2019-11-22,49.77000045776367,50.09000015258789,49.56999969482422,49.91999816894531,49.91999816894531,270900
2019-11-25,50.0,50.5099983215332,49.709999084472656,50.25,50.25,335400
2019-11-26,50.2599983215332,50.709999084472656,50.22999954223633,50.560001373291016,50.560001373291016,276900
2019-11-27,50.650001525878906,50.900001525878906,50.459999084472656,50.849998474121094,50.849998474121094,235500
2019-11-29,50.70000076293945,51.16999816894531,50.5099983215332,50.619998931884766,50.619998931884766,247400
2019-12-02,50.630001068115234,50.88999938964844,49.58000183105469,49.84000015258789,49.84000015258789,323300
2019-12-03,49.25,49.88999938964844,48.75,49.08000183105469,49.08000183105469,505400
2019-12-04,49.2599983215332,49.4900016784668,48.40999984741211,48.5099983215332,48.5099983215332,635500
2019-12-05,48.599998474121094,48.599998474121094,47.31999969482422,47.54999923706055,47.54999923706055,423600
2019-12-06,47.91999816894531,48.31999969482422,47.61000061035156,48.209999084472656,48.209999084472656,477200
2019-12-09,47.97999954223633,48.22999954223633,47.83000183105469,47.880001068115234,47.880001068115234,293600
2019-12-10,47.75,48.119998931884766,47.36000061035156,47.56999969482422,47.56999969482422,425600
2019-12-11,47.7400016784668,47.77000045776367,46.790000915527344,46.83000183105469,46.83000183105469,377900
2019-12-12,46.77000045776367,47.13999938964844,45.65999984741211,45.7400016784668,45.7400016784668,482500
2019-12-13,45.689998626708984,46.150001525878906,45.36000061035156,45.59000015258789,45.59000015258789,663100
2019-12-16,45.790000915527344,47.220001220703125,45.790000915527344,47.130001068115234,47.130001068115234,608400
2019-12-17,47.040000915527344,47.15999984741211,45.619998931884766,45.68000030517578,45.68000030517578,518700
2019-12-18,45.7599983215332,46.18000030517578,45.20000076293945,45.720001220703125,45.720001220703125,370400
2019-12-19,45.45000076293945,45.939998626708984,45.380001068115234,45.70000076293945,45.70000076293945,688200
2019-12-20,45.56999969482422,45.709999084472656,44.630001068115234,44.86000061035156,44.86000061035156,1160800
2019-12-23,45.0,45.150001525878906,44.63999938964844,44.77000045776367,44.77000045776367,318800
2019-12-24,44.77000045776367,45.0,44.59000015258789,44.779998779296875,44.779998779296875,187200
2019-12-26,44.7400016784668,45.02000045776367,44.529998779296875,44.619998931884766,44.619998931884766,460300
2019-12-27,44.77000045776367,45.040000915527344,44.40999984741211,44.869998931884766,44.869998931884766,256900
2019-12-30,44.81999969482422,44.970001220703125,44.0,44.13999938964844,44.13999938964844,491800
2019-12-31,44.11000061035156,44.689998626708984,43.77000045776367,44.63999938964844,44.63999938964844,350600
2020-01-02,44.869998931884766,45.290000915527344,44.72999954223633,45.20000076293945,45.20000076293945,266600
2020-01-03,44.66999816894531,45.25,44.66999816894531,45.18000030517578,45.18000030517578,259700
2020-01-06,44.77000045776367,46.189998626708984,44.709999084472656,46.02000045776367,46.02000045776367,347100
2020-01-07,45.93000030517578,46.09000015258789,45.47999954223633,45.93000030517578,45.93000030517578,259200
2020-01-08,45.900001525878906,46.060001373291016,44.58000183105469,45.209999084472656,45.209999084472656,682600
2020-01-09,45.369998931884766,45.599998474121094,44.720001220703125,45.599998474121094,45.599998474121094,699000
2020-01-10,45.689998626708984,46.349998474121094,45.34000015258789,45.38999938964844,45.38999938964844,284700
2020-01-13,45.380001068115234,45.65999984741211,45.0099983215332,45.189998626708984,45.189998626708984,327300
2020-01-14,44.86000061035156,45.220001220703125,44.7400016784668,44.84000015258789,44.84000015258789,359100
2020-01-15,44.849998474121094,45.77000045776367,44.849998474121094,45.709999084472656,45.709999084472656,641700
2020-01-16,45.7599983215332,47.0099983215332,45.7599983215332,46.88999938964844,46.88999938964844,420900
2020-01-17,47.2599983215332,47.5,45.369998931884766,45.560001373291016,45.560001373291016,378900
2020-01-21,45.66999816894531,46.209999084472656,45.099998474121094,45.540000915527344,45.540000915527344,329300
2020-01-22,45.529998779296875,45.849998474121094,45.47999954223633,45.619998931884766,45.619998931884766,308200
2020-01-23,45.47999954223633,46.290000915527344,45.119998931884766,46.220001220703125,46.220001220703125,356100
2020-01-24,46.54999923706055,46.9900016784668,45.369998931884766,45.58000183105469,45.58000183105469,294200
2020-01-27,44.81999969482422,45.0,44.290000915527344,44.66999816894531,44.66999816894531,304800
2020-01-28,44.7599983215332,45.130001068115234,44.29999923706055,44.560001373291016,44.560001373291016,392900
2020-01-29,51.79999923706055,51.900001525878906,45.31999969482422,45.529998779296875,45.529998779296875,1919200
2020-01-30,44.400001525878906,45.689998626708984,42.959999084472656,44.63999938964844,44.63999938964844,978300
2020-01-31,44.400001525878906,45.41999816894531,43.720001220703125,45.02000045776367,45.02000045776367,1030900
2020-02-03,45.08000183105469,47.630001068115234,44.869998931884766,47.34000015258789,47.34000015258789,840300
2020-02-04,47.689998626708984,48.45000076293945,47.279998779296875,47.880001068115234,47.880001068115234,683200
2020-02-05,47.119998931884766,49.2599983215332,47.119998931884766,49.15999984741211,49.15999984741211,693800
2020-02-06,49.15999984741211,50.68000030517578,49.119998931884766,49.630001068115234,49.630001068115234,641700
2020-02-07,49.529998779296875,49.79999923706055,49.13999938964844,49.5099983215332,49.5099983215332,637600
2020-02-10,48.9900016784668,50.439998626708984,48.779998779296875,50.040000915527344,50.040000915527344,567600
2020-02-11,50.38999938964844,50.66999816894531,49.900001525878906,50.5,50.5,635200
2020-02-12,50.88999938964844,51.689998626708984,49.91999816894531,51.54999923706055,51.54999923706055,446300
2020-02-13,51.0,51.529998779296875,50.33000183105469,50.97999954223633,50.97999954223633,430800
2020-02-14,51.08000183105469,51.630001068115234,50.58000183105469,51.47999954223633,51.47999954223633,485700
2020-02-18,50.97999954223633,51.599998474121094,50.5,51.27000045776367,51.27000045776367,455400
2020-02-19,51.2400016784668,51.599998474121094,50.81999969482422,50.849998474121094,50.849998474121094,483800
2020-02-20,50.83000183105469,51.33000183105469,49.90999984741211,50.720001220703125,50.720001220703125,300100
2020-02-21,50.540000915527344,50.540000915527344,48.93000030517578,48.97999954223633,48.97999954223633,420900
2020-02-24,47.20000076293945,48.27000045776367,47.119998931884766,47.9900016784668,47.9900016784668,457300
2020-02-25,48.20000076293945,48.47999954223633,45.119998931884766,45.34000015258789,45.34000015258789,474700
2020-02-26,45.459999084472656,46.31999969482422,44.369998931884766,44.43000030517578,44.43000030517578,358100
2020-02-27,43.439998626708984,43.93000030517578,41.619998931884766,41.689998626708984,41.689998626708984,679900
2020-02-28,40.400001525878906,41.849998474121094,39.75,41.70000076293945,41.70000076293945,938900
2020-03-02,41.959999084472656,42.4900016784668,39.83000183105469,41.63999938964844,41.63999938964844,1081100
2020-03-03,41.56999969482422,42.31999969482422,40.72999954223633,41.65999984741211,41.65999984741211,601700
2020-03-04,42.279998779296875,42.63999938964844,40.63999938964844,42.290000915527344,42.290000915527344,483400
2020-03-05,41.119998931884766,41.560001373291016,39.4900016784668,40.459999084472656,40.459999084472656,706500
2020-03-06,39.18000030517578,41.40999984741211,38.70000076293945,41.16999816894531,41.16999816894531,714600
2020-03-09,37.84000015258789,39.869998931884766,37.33000183105469,38.310001373291016,38.310001373291016,1212900
2020-03-10,39.5,39.7599983215332,35.56999969482422,37.47999954223633,37.47999954223633,960000
2020-03-11,36.59000015258789,36.939998626708984,33.70000076293945,35.75,35.75,1317800
2020-03-12,33.65999984741211,34.619998931884766,31.030000686645508,31.809999465942383,31.809999465942383,1242100
2020-03-13,33.29999923706055,35.13999938964844,31.389999389648438,35.099998474121094,35.099998474121094,1741000
2020-03-16,32.310001373291016,33.86000061035156,30.780000686645508,32.18000030517578,32.18000030517578,1046000
2020-03-17,32.43000030517578,33.4900016784668,29.670000076293945,30.40999984741211,30.40999984741211,1601200
2020-03-18,28.670000076293945,30.8700008392334,24.260000228881836,27.829999923706055,27.829999923706055,1510800
2020-03-19,27.360000610351562,30.729999542236328,27.350000381469727,30.09000015258789,30.09000015258789,796900
2020-03-20,30.530000686645508,32.380001068115234,29.600000381469727,30.690000534057617,30.690000534057617,1310600
2020-03-23,31.149999618530273,34.540000915527344,30.860000610351562,34.5,34.5,855000
2020-03-24,35.91999816894531,37.16999816894531,35.349998474121094,37.0099983215332,37.0099983215332,979200
2020-03-25,37.02000045776367,38.11000061035156,34.369998931884766,37.150001525878906,37.150001525878906,1420500
2020-03-26,37.40999984741211,38.630001068115234,36.619998931884766,37.91999816894531,37.91999816894531,1227600
2020-03-27,36.08000183105469,38.900001525878906,34.709999084472656,38.310001373291016,38.310001373291016,1522000
2020-03-30,38.29999923706055,40.54999923706055,37.16999816894531,39.130001068115234,39.130001068115234,1811100
2020-03-31,40.970001220703125,41.279998779296875,39.20000076293945,40.47999954223633,40.47999954223633,1440700
2020-04-01,39.27000045776367,39.27000045776367,36.880001068115234,37.630001068115234,37.630001068115234,606600
2020-04-02,36.939998626708984,38.970001220703125,36.91999816894531,38.349998474121094,38.349998474121094,941000
2020-04-03,38.27000045776367,39.369998931884766,37.290000915527344,38.27000045776367,38.27000045776367,1026200
2020-04-06,40.04999923706055,40.189998626708984,38.5099983215332,40.02000045776367,40.02000045776367,474200
2020-04-07,41.189998626708984,41.34000015258789,39.36000061035156,39.560001373291016,39.560001373291016,552500
2020-04-08,40.11000061035156,41.18000030517578,39.619998931884766,40.77000045776367,40.77000045776367,703000
2020-04-09,41.58000183105469,42.65999984741211,40.63999938964844,41.790000915527344,41.790000915527344,696600
2020-04-13,41.619998931884766,42.2400016784668,40.689998626708984,41.11000061035156,41.11000061035156,422900
2020-04-14,41.58000183105469,42.2400016784668,41.0,41.65999984741211,41.65999984741211,420200
2020-04-15,40.22999954223633,40.90999984741211,39.349998474121094,39.630001068115234,39.630001068115234,452100
2020-04-16,39.310001373291016,40.0099983215332,38.810001373291016,39.95000076293945,39.95000076293945,575900
2020-04-17,40.7400016784668,40.97999954223633,39.77000045776367,39.970001220703125,39.970001220703125,544100
2020-04-20,40.529998779296875,42.47999954223633,40.04999923706055,40.91999816894531,40.91999816894531,948200
2020-04-21,40.27000045776367,41.5,39.22999954223633,40.88999938964844,40.88999938964844,658400
2020-04-22,41.58000183105469,43.65999984741211,41.189998626708984,42.5099983215332,42.5099983215332,1358700
2020-04-23,42.47999954223633,43.4900016784668,42.15999984741211,42.470001220703125,42.470001220703125,320000
2020-04-24,42.709999084472656,43.380001068115234,42.45000076293945,43.119998931884766,43.119998931884766,309900
2020-04-27,43.689998626708984,45.41999816894531,43.689998626708984,44.27000045776367,44.27000045776367,586400
2020-04-28,45.08000183105469,45.63999938964844,42.09000015258789,42.189998626708984,42.189998626708984,668600
2020-04-29,43.27000045776367,44.029998779296875,42.540000915527344,43.529998779296875,43.529998779296875,454100
2020-04-30,42.970001220703125,43.86000061035156,42.68000030517578,42.689998626708984,42.689998626708984,422800
2020-05-01,41.68000030517578,42.25,40.84000015258789,41.470001220703125,41.470001220703125,472800
2020-05-04,41.150001525878906,41.779998779296875,40.720001220703125,41.09000015258789,41.09000015258789,306900
2020-05-05,41.58000183105469,42.650001525878906,41.279998779296875,41.45000076293945,41.45000076293945,312500
2020-05-06,41.70000076293945,42.939998626708984,41.20000076293945,42.47999954223633,42.47999954223633,356200
2020-05-07,43.15999984741211,43.41999816894531,42.709999084472656,43.2599983215332,43.2599983215332,415800
2020-05-08,43.650001525878906,45.029998779296875,43.2400016784668,44.95000076293945,44.95000076293945,444000
2020-05-11,44.130001068115234,45.66999816894531,43.83000183105469,45.33000183105469,45.33000183105469,704900
2020-05-12,41.650001525878906,42.619998931884766,37.029998779296875,37.310001373291016,37.310001373291016,1112700
2020-05-13,36.31999969482422,37.45000076293945,34.59000015258789,35.40999984741211,35.40999984741211,746900
2020-05-14,35.06999969482422,35.75,34.41999816894531,35.709999084472656,35.709999084472656,543900
2020-05-15,35.720001220703125,36.459999084472656,35.209999084472656,35.58000183105469,35.58000183105469,1241300
2020-05-18,34.900001525878906,36.380001068115234,34.81999969482422,36.119998931884766,36.119998931884766,565700
2020-05-19,36.34000015258789,36.47999954223633,35.45000076293945,35.560001373291016,35.560001373291016,399400
2020-05-20,35.90999984741211,36.41999816894531,35.720001220703125,35.95000076293945,35.95000076293945,341700
2020-05-21,35.709999084472656,36.029998779296875,35.459999084472656,35.630001068115234,35.630001068115234,392300
2020-05-22,35.61000061035156,36.13999938964844,35.459999084472656,36.09000015258789,36.09000015258789,274500
2020-05-26,37.150001525878906,38.31999969482422,36.75,38.220001220703125,38.220001220703125,583200
2020-05-27,38.59000015258789,39.83000183105469,37.72999954223633,39.75,39.75,447900
2020-05-28,40.0,40.310001373291016,38.81999969482422,38.959999084472656,38.959999084472656,345900
2020-05-29,38.900001525878906,40.58000183105469,38.56999969482422,40.459999084472656,40.459999084472656,446000
2020-06-01,40.470001220703125,41.5,39.900001525878906,41.029998779296875,41.029998779296875,703500
2020-06-02,41.349998474121094,41.65999984741211,40.310001373291016,40.650001525878906,40.650001525878906,390200
2020-06-03,40.75,40.97999954223633,40.11000061035156,40.41999816894531,40.41999816894531,253200
2020-06-04,40.0099983215332,40.2599983215332,39.36000061035156,39.61000061035156,39.61000061035156,236900
2020-06-05,40.470001220703125,40.720001220703125,39.540000915527344,39.93000030517578,39.93000030517578,308200
2020-06-08,41.0099983215332,41.81999969482422,40.150001525878906,41.75,41.75,289600
2020-06-09,41.380001068115234,41.72999954223633,40.7599983215332,40.869998931884766,40.869998931884766,280700
2020-06-10,41.040000915527344,41.150001525878906,39.119998931884766,39.560001373291016,39.560001373291016,499400
2020-06-11,38.349998474121094,38.5099983215332,36.849998474121094,36.91999816894531,36.91999816894531,497800
2020-06-12,38.150001525878906,38.90999984741211,37.72999954223633,38.779998779296875,38.779998779296875,423400
2020-06-15,37.86000061035156,38.83000183105469,37.56999969482422,38.54999923706055,38.54999923706055,290700
2020-06-16,39.369998931884766,40.220001220703125,39.11000061035156,39.459999084472656,39.459999084472656,275800
2020-06-17,39.5,39.61000061035156,38.369998931884766,38.880001068115234,38.880001068115234,255500
2020-06-18,38.59000015258789,39.279998779296875,37.9900016784668,38.27000045776367,38.27000045776367,342600
2020-06-19,38.5,38.58000183105469,37.2599983215332,37.88999938964844,37.88999938964844,1085200
2020-06-22,37.880001068115234,38.08000183105469,37.18000030517578,37.779998779296875,37.779998779296875,306900
2020-06-23,38.2400016784668,38.470001220703125,37.650001525878906,37.900001525878906,37.900001525878906,368500
2020-06-24,37.56999969482422,37.849998474121094,37.130001068115234,37.47999954223633,37.47999954223633,283600
2020-06-25,37.279998779296875,37.689998626708984,36.65999984741211,37.66999816894531,37.66999816894531,373000
2020-06-26,37.369998931884766,37.88999938964844,36.81999969482422,37.349998474121094,37.349998474121094,510800
2020-06-29,37.77000045776367,38.29999923706055,37.22999954223633,38.130001068115234,38.130001068115234,215200
2020-06-30,38.34000015258789,38.959999084472656,38.130001068115234,38.70000076293945,38.70000076293945,237800
2020-07-01,38.619998931884766,39.43000030517578,38.41999816894531,38.9900016784668,38.9900016784668,465700
2020-07-02,39.58000183105469,39.810001373291016,38.93000030517578,39.150001525878906,39.150001525878906,214300
2020-07-06,39.790000915527344,39.790000915527344,38.70000076293945,38.900001525878906,38.900001525878906,258400
2020-07-07,38.689998626708984,39.04999923706055,37.709999084472656,37.83000183105469,37.83000183105469,251900
2020-07-08,37.93000030517578,38.27000045776367,37.470001220703125,38.06999969482422,38.06999969482422,194200
2020-07-09,38.099998474121094,38.349998474121094,37.279998779296875,37.83000183105469,37.83000183105469,193800
2020-07-10,37.90999984741211,38.09000015258789,37.29999923706055,37.91999816894531,37.91999816894531,163400
2020-07-13,38.2400016784668,38.2599983215332,37.209999084472656,37.22999954223633,37.22999954223633,421600
2020-07-14,36.72999954223633,37.810001373291016,36.5,37.7599983215332,37.7599983215332,318100
2020-07-15,38.33000183105469,39.54999923706055,36.5099983215332,38.689998626708984,38.689998626708984,371100
2020-07-16,37.81999969482422,38.619998931884766,37.72999954223633,38.18000030517578,38.18000030517578,231200
2020-07-17,38.220001220703125,38.470001220703125,37.81999969482422,38.41999816894531,38.41999816894531,165700
2020-07-20,38.40999984741211,39.18000030517578,38.33000183105469,38.84000015258789,38.84000015258789,170600
2020-07-21,39.29999923706055,39.29999923706055,38.58000183105469,38.81999969482422,38.81999969482422,280300
2020-07-22,38.7599983215332,39.13999938964844,38.43000030517578,38.61000061035156,38.61000061035156,206400
2020-07-23,38.45000076293945,39.31999969482422,38.45000076293945,38.599998474121094,38.599998474121094,264100
2020-07-24,38.400001525878906,38.4900016784668,37.72999954223633,37.939998626708984,37.939998626708984,197500
2020-07-27,38.0,39.20000076293945,37.79999923706055,39.20000076293945,39.20000076293945,288000
2020-07-28,45.790000915527344,46.33000183105469,40.5099983215332,42.849998474121094,42.849998474121094,1541400
2020-07-29,43.630001068115234,44.2599983215332,42.7599983215332,43.599998474121094,43.599998474121094,620500
2020-07-30,42.900001525878906,43.81999969482422,42.09000015258789,43.43000030517578,43.43000030517578,409100
2020-07-31,43.400001525878906,44.09000015258789,42.650001525878906,44.08000183105469,44.08000183105469,428400
2020-08-03,44.29999923706055,44.41999816894531,43.84000015258789,44.06999969482422,44.06999969482422,337400
2020-08-04,43.939998626708984,44.22999954223633,43.58000183105469,44.130001068115234,44.130001068115234,280900
2020-08-05,43.7400016784668,44.279998779296875,43.38999938964844,43.70000076293945,43.70000076293945,344100
2020-08-06,43.70000076293945,43.849998474121094,43.2400016784668,43.599998474121094,43.599998474121094,226000
2020-08-07,43.27000045776367,44.189998626708984,43.27000045776367,43.869998931884766,43.869998931884766,266100
2020-08-10,43.83000183105469,43.900001525878906,42.939998626708984,43.09000015258789,43.09000015258789,245400
2020-08-11,43.29999923706055,43.34000015258789,42.540000915527344,42.779998779296875,42.779998779296875,285500
2020-08-12,43.279998779296875,43.52000045776367,42.7400016784668,42.77000045776367,42.77000045776367,188500
2020-08-13,42.65999984741211,43.22999954223633,42.43000030517578,42.65999984741211,42.65999984741211,221500
2020-08-14,42.290000915527344,43.099998474121094,42.27000045776367,42.459999084472656,42.459999084472656,160700
2020-08-17,42.279998779296875,42.70000076293945,41.939998626708984,42.150001525878906,42.150001525878906,295200
2020-08-18,41.7599983215332,42.779998779296875,41.52000045776367,42.529998779296875,42.529998779296875,348700
2020-08-19,42.630001068115234,43.7400016784668,42.4900016784668,43.13999938964844,43.13999938964844,345300
2020-08-20,42.84000015258789,43.36000061035156,42.81999969482422,43.290000915527344,43.290000915527344,203100
2020-08-21,43.380001068115234,43.43000030517578,42.61000061035156,42.720001220703125,42.720001220703125,179100
2020-08-24,43.06999969482422,43.470001220703125,42.70000076293945,43.459999084472656,43.459999084472656,213600
2020-08-25,43.380001068115234,43.5,43.0,43.22999954223633,43.22999954223633,158700
2020-08-26,43.43000030517578,44.15999984741211,43.41999816894531,43.83000183105469,43.83000183105469,220300
2020-08-27,44.06999969482422,44.06999969482422,43.33000183105469,43.529998779296875,43.529998779296875,221900
2020-08-28,43.91999816894531,43.97999954223633,43.29999923706055,43.540000915527344,43.540000915527344,187900
2020-08-31,43.47999954223633,43.9900016784668,43.040000915527344,43.22999954223633,43.22999954223633,290900
2020-09-01,43.34000015258789,43.470001220703125,42.970001220703125,43.40999984741211,43.40999984741211,191900
2020-09-02,43.63999938964844,43.790000915527344,42.869998931884766,43.689998626708984,43.689998626708984,216400
2020-09-03,43.4900016784668,43.4900016784668,41.84000015258789,42.130001068115234,42.130001068115234,335300
2020-09-04,42.470001220703125,42.470001220703125,40.040000915527344,40.86000061035156,40.86000061035156,429400
2020-09-08,40.290000915527344,40.97999954223633,40.06999969482422,40.209999084472656,40.209999084472656,235600
2020-09-09,40.38999938964844,40.65999984741211,39.709999084472656,40.18000030517578,40.18000030517578,216900
2020-09-10,40.470001220703125,40.790000915527344,39.54999923706055,39.66999816894531,39.66999816894531,282100
2020-09-11,39.970001220703125,41.06999969482422,39.400001525878906,40.38999938964844,40.38999938964844,309600
2020-09-14,40.849998474121094,41.4900016784668,40.619998931884766,41.11000061035156,41.11000061035156,229500
2020-09-15,40.869998931884766,41.41999816894531,39.84000015258789,40.630001068115234,40.630001068115234,232000
2020-09-16,40.970001220703125,41.66999816894531,40.720001220703125,40.88999938964844,40.88999938964844,260200
2020-09-17,40.27000045776367,41.040000915527344,40.20000076293945,40.86000061035156,40.86000061035156,264500
2020-09-18,41.220001220703125,41.29999923706055,40.439998626708984,40.880001068115234,40.880001068115234,1175600
2020-09-21,40.0099983215332,40.66999816894531,40.0099983215332,40.650001525878906,40.650001525878906,380900
2020-09-22,40.650001525878906,41.70000076293945,40.04999923706055,40.90999984741211,40.90999984741211,309900
2020-09-23,40.709999084472656,41.16999816894531,39.83000183105469,39.83000183105469,39.83000183105469,338800
2020-09-24,39.560001373291016,40.38999938964844,39.29999923706055,39.84000015258789,39.84000015258789,297000
2020-09-25,39.790000915527344,40.38999938964844,39.709999084472656,40.06999969482422,40.06999969482422,213100
2020-09-28,40.540000915527344,41.0099983215332,40.18000030517578,40.970001220703125,40.970001220703125,228800
2020-09-29,41.060001373291016,41.36000061035156,40.869998931884766,41.150001525878906,41.150001525878906,224500
2020-09-30,41.150001525878906,41.380001068115234,40.529998779296875,40.79999923706055,40.79999923706055,243400
2020-10-01,40.970001220703125,41.59000015258789,40.7400016784668,41.40999984741211,41.40999984741211,284600
2020-10-02,38.900001525878906,41.029998779296875,38.900001525878906,40.439998626708984,40.439998626708984,377300
2020-10-05,40.790000915527344,41.709999084472656,40.599998474121094,41.43000030517578,41.43000030517578,295700
2020-10-06,41.4900016784668,42.900001525878906,41.2599983215332,41.95000076293945,41.95000076293945,394900
2020-10-07,42.119998931884766,43.119998931884766,42.119998931884766,42.47999954223633,42.47999954223633,270200
2020-10-08,42.63999938964844,43.220001220703125,42.5099983215332,43.20000076293945,43.20000076293945,219800
2020-10-09,43.540000915527344,43.900001525878906,43.31999969482422,43.810001373291016,43.810001373291016,194000
2020-10-12,44.0,44.72999954223633,43.849998474121094,44.560001373291016,44.560001373291016,238800
2020-10-13,44.459999084472656,44.68000030517578,43.4900016784668,43.72999954223633,43.72999954223633,190900
2020-10-14,43.400001525878906,44.22999954223633,43.040000915527344,43.470001220703125,43.470001220703125,173700
2020-10-15,43.11000061035156,44.0099983215332,42.81999969482422,43.869998931884766,43.869998931884766,173800
2020-10-16,43.61000061035156,43.959999084472656,43.279998779296875,43.369998931884766,43.369998931884766,162500
2020-10-19,43.560001373291016,43.689998626708984,42.290000915527344,42.369998931884766,42.369998931884766,201400
2020-10-20,42.560001373291016,42.81999969482422,41.7599983215332,41.7599983215332,41.7599983215332,177100
2020-10-21,41.79999923706055,42.15999984741211,41.369998931884766,41.66999816894531,41.66999816894531,147600
2020-10-22,41.810001373291016,42.02000045776367,41.2599983215332,41.90999984741211,41.90999984741211,206800
2020-10-23,42.099998474121094,42.5,41.560001373291016,42.31999969482422,42.31999969482422,188300
2020-10-26,41.849998474121094,42.310001373291016,41.029998779296875,41.13999938964844,41.13999938964844,442300
2020-10-27,42.5,44.900001525878906,41.97999954223633,42.459999084472656,42.459999084472656,613000
2020-10-28,42.29999923706055,42.970001220703125,39.38999938964844,40.0,40.0,545300
2020-10-29,40.0,40.709999084472656,39.529998779296875,40.16999816894531,40.16999816894531,263500
2020-10-30,40.0,40.33000183105469,39.20000076293945,39.59000015258789,39.59000015258789,375800
2020-11-02,39.97999954223633,40.41999816894531,39.540000915527344,40.279998779296875,40.279998779296875,334500
2020-11-03,40.83000183105469,42.5,40.63999938964844,42.33000183105469,42.33000183105469,447300
2020-11-04,42.33000183105469,43.529998779296875,42.279998779296875,42.93000030517578,42.93000030517578,234600
2020-11-05,43.18000030517578,43.86000061035156,41.22999954223633,43.5099983215332,43.5099983215332,213500
2020-11-06,43.54999923706055,43.86000061035156,42.93000030517578,43.52000045776367,43.52000045776367,237200
2020-11-09,44.380001068115234,46.22999954223633,44.029998779296875,45.15999984741211,45.15999984741211,423400
2020-11-10,44.900001525878906,45.369998931884766,43.689998626708984,43.900001525878906,43.900001525878906,357400
2020-11-11,44.2400016784668,44.47999954223633,43.380001068115234,44.22999954223633,44.22999954223633,216300
2020-11-12,44.0099983215332,44.619998931884766,43.2599983215332,43.470001220703125,43.470001220703125,150400
2020-11-13,43.84000015258789,45.13999938964844,43.84000015258789,44.91999816894531,44.91999816894531,221200
2020-11-16,45.2599983215332,45.869998931884766,45.06999969482422,45.810001373291016,45.810001373291016,270300
2020-11-17,42.77000045776367,45.790000915527344,42.77000045776367,45.689998626708984,45.689998626708984,458800
2020-11-18,45.41999816894531,46.25,44.79999923706055,45.65999984741211,45.65999984741211,375600
2020-11-19,45.29999923706055,46.38999938964844,44.90999984741211,46.36000061035156,46.36000061035156,216800
2020-11-20,45.91999816894531,47.54999923706055,45.91999816894531,47.43000030517578,47.43000030517578,399300
2020-11-23,47.529998779296875,48.34000015258789,47.38999938964844,48.060001373291016,48.060001373291016,310900
2020-11-24,48.61000061035156,49.11000061035156,47.79999923706055,47.939998626708984,47.939998626708984,343400
2020-11-25,47.81999969482422,48.099998474121094,47.119998931884766,47.869998931884766,47.869998931884766,238000
2020-11-27,47.77000045776367,48.90999984741211,47.27000045776367,48.90999984741211,48.90999984741211,116600
2020-11-30,48.849998474121094,49.20000076293945,47.54999923706055,47.7599983215332,47.7599983215332,375100
2020-12-01,48.08000183105469,48.79999923706055,46.90999984741211,47.86000061035156,47.86000061035156,424600
2020-12-02,47.84000015258789,49.099998474121094,47.220001220703125,48.900001525878906,48.900001525878906,270800
2020-12-03,48.970001220703125,49.470001220703125,48.540000915527344,48.650001525878906,48.650001525878906,198900
2020-12-04,48.810001373291016,49.060001373291016,48.400001525878906,49.02000045776367,49.02000045776367,280800
2020-12-07,49.060001373291016,49.779998779296875,49.029998779296875,49.619998931884766,49.619998931884766,176800
2020-12-08,49.380001068115234,50.15999984741211,49.09000015258789,50.029998779296875,50.029998779296875,329000
2020-12-09,50.189998626708984,50.43000030517578,49.099998474121094,50.18000030517578,50.18000030517578,331800
2020-12-10,49.91999816894531,51.77000045776367,49.47999954223633,51.599998474121094,51.599998474121094,277500
2020-12-11,51.27000045776367,52.04999923706055,51.040000915527344,51.970001220703125,51.970001220703125,252300
2020-12-14,52.900001525878906,53.849998474121094,52.560001373291016,52.7599983215332,52.7599983215332,293600
2020-12-15,52.900001525878906,53.11000061035156,52.13999938964844,52.880001068115234,52.880001068115234,373500
2020-12-16,52.97999954223633,53.349998474121094,51.77000045776367,52.11000061035156,52.11000061035156,475200
2020-12-17,52.459999084472656,53.06999969482422,51.959999084472656,52.59000015258789,52.59000015258789,349700
2020-12-18,52.900001525878906,53.5099983215332,52.70000076293945,53.41999816894531,53.41999816894531,924600
2020-12-21,55.0,56.0,53.41999816894531,55.13999938964844,55.13999938964844,658700
2020-12-22,55.459999084472656,56.20000076293945,55.459999084472656,55.88999938964844,55.88999938964844,474100
2020-12-23,56.02000045776367,56.650001525878906,55.599998474121094,56.47999954223633,56.47999954223633,293600
2020-12-24,56.84000015258789,57.279998779296875,56.380001068115234,57.20000076293945,57.20000076293945,142700
2020-12-28,57.900001525878906,58.25,56.540000915527344,56.54999923706055,56.54999923706055,381500
2020-12-29,56.61000061035156,56.93000030517578,55.040000915527344,55.13999938964844,55.13999938964844,213300
2020-12-30,55.29999923706055,55.7599983215332,54.95000076293945,55.040000915527344,55.040000915527344,213600
2020-12-31,55.0099983215332,55.54999923706055,54.5099983215332,55.369998931884766,55.369998931884766,224600
2021-01-04,55.619998931884766,55.790000915527344,54.0,54.599998474121094,54.599998474121094,313900
2021-01-05,53.97999954223633,55.09000015258789,53.91999816894531,54.88999938964844,54.88999938964844,249100
2021-01-06,55.06999969482422,56.65999984741211,53.81999969482422,56.2599983215332,56.2599983215332,356700
2021-01-07,56.040000915527344,57.72999954223633,56.040000915527344,57.369998931884766,57.369998931884766,256600
2021-01-08,57.7400016784668,58.0,56.779998779296875,57.29999923706055,57.29999923706055,236900
2021-01-11,56.790000915527344,57.33000183105469,56.119998931884766,56.43000030517578,56.43000030517578,179100
2021-01-12,58.0,59.900001525878906,57.16999816894531,58.400001525878906,58.400001525878906,368000
2021-01-13,59.810001373291016,59.810001373291016,57.720001220703125,57.779998779296875,57.779998779296875,377000
2021-01-14,57.84000015258789,58.5,57.119998931884766,57.22999954223633,57.22999954223633,297900
2021-01-15,56.88999938964844,57.95000076293945,56.529998779296875,57.47999954223633,57.47999954223633,260300
2021-01-19,57.45000076293945,58.810001373291016,57.45000076293945,58.41999816894531,58.41999816894531,287100
2021-01-20,58.790000915527344,60.20000076293945,58.18000030517578,59.83000183105469,59.83000183105469,542600
2021-01-21,60.2599983215332,60.2599983215332,58.5,58.52000045776367,58.52000045776367,246500
2021-01-22,58.22999954223633,59.959999084472656,57.79999923706055,59.84000015258789,59.84000015258789,288500
2021-01-25,60.290000915527344,60.349998474121094,58.70000076293945,59.439998626708984,59.439998626708984,214700
2021-01-26,59.47999954223633,60.849998474121094,58.959999084472656,60.630001068115234,60.630001068115234,471700
2021-01-27,59.849998474121094,60.630001068115234,56.9900016784668,59.880001068115234,59.880001068115234,803000
2021-01-28,61.029998779296875,63.88999938964844,57.849998474121094,63.13999938964844,63.13999938964844,1203400
2021-01-29,63.56999969482422,65.25,61.7400016784668,62.779998779296875,62.779998779296875,699000
2021-02-01,63.22999954223633,64.93000030517578,62.619998931884766,64.4800033569336,64.4800033569336,403300
2021-02-02,64.87000274658203,65.16999816894531,62.43000030517578,63.7599983215332,63.7599983215332,454800
2021-02-03,63.720001220703125,65.04000091552734,63.41999816894531,64.43000030517578,64.43000030517578,424300
2021-02-04,64.75,65.0,63.7599983215332,64.72000122070312,64.72000122070312,293200
2021-02-05,64.44999694824219,67.19000244140625,64.44999694824219,67.16999816894531,67.16999816894531,383300
2021-02-08,67.06999969482422,68.16000366210938,67.01000213623047,68.16000366210938,68.16000366210938,299800
2021-02-09,67.81999969482422,69.8499984741211,67.5,69.0999984741211,69.0999984741211,287700
2021-02-10,69.44999694824219,71.05999755859375,68.45999908447266,70.41000366210938,70.41000366210938,614500
2021-02-11,70.97000122070312,71.94000244140625,69.83999633789062,71.08000183105469,71.08000183105469,550000
2021-02-12,70.88999938964844,72.33000183105469,70.36000061035156,71.26000213623047,71.26000213623047,335200
2021-02-16,71.44000244140625,71.44000244140625,68.88999938964844,69.4800033569336,69.4800033569336,448200
2021-02-17,67.83999633789062,69.33999633789062,65.80000305175781,67.88999938964844,67.88999938964844,451100
2021-02-18,67.75,68.13999938964844,67.11000061035156,67.58999633789062,67.58999633789062,449500
2021-02-19,67.83000183105469,68.4000015258789,67.19000244140625,67.62999725341797,67.62999725341797,462000
2021-02-22,67.62999725341797,68.19999694824219,66.45999908447266,66.76000213623047,66.76000213623047,325700
2021-02-23,65.58999633789062,66.13999938964844,64.33000183105469,65.02999877929688,65.02999877929688,442300
2021-02-24,64.9800033569336,66.5999984741211,64.45999908447266,66.56999969482422,66.56999969482422,337800
2021-02-25,66.0,66.66999816894531,64.36000061035156,64.55999755859375,64.55999755859375,256300
2021-02-26,64.94999694824219,65.5199966430664,63.650001525878906,63.72999954223633,63.72999954223633,335300
2021-03-01,64.02999877929688,67.0999984741211,64.02999877929688,67.05999755859375,67.05999755859375,347700
2021-03-02,66.7300033569336,66.7300033569336,64.61000061035156,64.68000030517578,64.68000030517578,234400
2021-03-03,64.79000091552734,65.0,62.150001525878906,62.38999938964844,62.38999938964844,324900
2021-03-04,62.06999969482422,62.779998779296875,59.560001373291016,60.150001525878906,60.150001525878906,451100
2021-03-05,61.02000045776367,62.61000061035156,58.880001068115234,62.27000045776367,62.27000045776367,365100
2021-03-08,62.5,63.2400016784668,61.790000915527344,62.15999984741211,62.15999984741211,299800
2021-03-09,63.689998626708984,67.1500015258789,63.029998779296875,66.58000183105469,66.58000183105469,442700
2021-03-10,67.30000305175781,68.13999938964844,66.58000183105469,67.30000305175781,67.30000305175781,451000
2021-03-11,68.16999816894531,68.48999786376953,66.97000122070312,67.33999633789062,67.33999633789062,223000
2021-03-12,66.72000122070312,67.55000305175781,66.01000213623047,67.4800033569336,67.4800033569336,182500
2021-03-15,67.80000305175781,68.44000244140625,67.47000122070312,67.75,67.75,254900
2021-03-16,68.0,68.19999694824219,66.27999877929688,67.0,67.0,173800
2021-03-17,66.4000015258789,67.9000015258789,65.87000274658203,67.5999984741211,67.5999984741211,258100
2021-03-18,66.93000030517578,66.98999786376953,64.26000213623047,64.63999938964844,64.63999938964844,218600
2021-03-19,64.19000244140625,66.51000213623047,64.08999633789062,64.83000183105469,64.83000183105469,917800
2021-03-22,65.38999938964844,66.98999786376953,65.30000305175781,65.87999725341797,65.87999725341797,273100
2021-03-23,65.52999877929688,66.41000366210938,64.5199966430664,64.76000213623047,64.76000213623047,372900
2021-03-24,65.08000183105469,65.12000274658203,62.65999984741211,62.75,62.75,258600
2021-03-25,62.47999954223633,64.23999786376953,60.77000045776367,63.54999923706055,63.54999923706055,341700
2021-03-26,63.779998779296875,64.8499984741211,63.540000915527344,64.7300033569336,64.7300033569336,268300
2021-03-29,64.30000305175781,66.05999755859375,63.47999954223633,63.72999954223633,63.72999954223633,294100
2021-03-30,63.279998779296875,63.47999954223633,62.22999954223633,63.18000030517578,63.18000030517578,218600
2021-03-31,63.52000045776367,65.25,63.52000045776367,64.5,64.5,322000
2021-04-01,65.11000061035156,66.66000366210938,65.11000061035156,66.12000274658203,66.12000274658203,247900
2021-04-05,65.66000366210938,66.19999694824219,64.79000091552734,65.55000305175781,65.55000305175781,310800
2021-04-06,65.83000183105469,67.7300033569336,65.73999786376953,67.18000030517578,67.18000030517578,283200
2021-04-07,67.0,67.4000015258789,65.05000305175781,65.23999786376953,65.23999786376953,187200
2021-04-08,65.87999725341797,66.83000183105469,65.33000183105469,66.61000061035156,66.61000061035156,217100
2021-04-09,66.56999969482422,67.55999755859375,66.01000213623047,67.3499984741211,67.3499984741211,264800
2021-04-12,67.33000183105469,67.91000366210938,66.83000183105469,67.4000015258789,67.4000015258789,213500
2021-04-13,67.55999755859375,68.41000366210938,67.30000305175781,68.2300033569336,68.2300033569336,256500
2021-04-14,68.2300033569336,69.97000122070312,67.23999786376953,67.66000366210938,67.66000366210938,444100
2021-04-15,67.88999938964844,69.41999816894531,67.7699966430664,68.86000061035156,68.86000061035156,309200
2021-04-16,68.37000274658203,69.30999755859375,67.91999816894531,68.12000274658203,68.12000274658203,281700
2021-04-19,67.97000122070312,68.83000183105469,66.86000061035156,68.7300033569336,68.7300033569336,353000
2021-04-20,67.93000030517578,69.54000091552734,67.31999969482422,67.88999938964844,67.88999938964844,323600
2021-04-21,67.9000015258789,68.73999786376953,67.47000122070312,68.72000122070312,68.72000122070312,203400
2021-04-22,69.12999725341797,70.37000274658203,68.38999938964844,68.45999908447266,68.45999908447266,342500
2021-04-23,69.26000213623047,71.04000091552734,69.06999969482422,70.69999694824219,70.69999694824219,340900
2021-04-26,70.83000183105469,71.68000030517578,70.63999938964844,70.66999816894531,70.66999816894531,241400
2021-04-27,70.55999755859375,71.2699966430664,70.11000061035156,70.5199966430664,70.5199966430664,288900
2021-04-28,70.12999725341797,70.37000274658203,68.83000183105469,69.75,69.75,211400
2021-04-29,70.0,70.30000305175781,68.5999984741211,69.6500015258789,69.6500015258789,205600
2021-04-30,69.13999938964844,69.86000061035156,68.86000061035156,69.51000213623047,69.51000213623047,494900
2021-05-03,69.83999633789062,69.83999633789062,68.25,68.54000091552734,68.54000091552734,384500
2021-05-04,69.12999725341797,71.72000122070312,67.91999816894531,71.2699966430664,71.2699966430664,631300
2021-05-05,70.5999984741211,71.0,68.12999725341797,68.51000213623047,68.51000213623047,443200
2021-05-06,68.4000015258789,68.4000015258789,66.83000183105469,67.55999755859375,67.55999755859375,442600
2021-05-07,67.97000122070312,68.97000122070312,66.22000122070312,68.1500015258789,68.1500015258789,334000
2021-05-10,68.2300033569336,68.80999755859375,66.01000213623047,66.05000305175781,66.05000305175781,314700
2021-05-11,64.33999633789062,67.05999755859375,64.33999633789062,66.02999877929688,66.02999877929688,335300
2021-05-12,65.36000061035156,65.79000091552734,64.4000015258789,64.95999908447266,64.95999908447266,440600
2021-05-13,65.16000366210938,66.79000091552734,65.16000366210938,66.31999969482422,66.31999969482422,485900
2021-05-14,67.29000091552734,69.22000122070312,64.22000122070312,68.87000274658203,68.87000274658203,383400
2021-05-17,68.37999725341797,68.58000183105469,67.26000213623047,68.47000122070312,68.47000122070312,232500
2021-05-18,67.4000015258789,68.98999786376953,67.18000030517578,67.81999969482422,67.81999969482422,357800
2021-05-19,66.37000274658203,68.62999725341797,66.37000274658203,68.30000305175781,68.30000305175781,311200
2021-05-20,68.52999877929688,70.56999969482422,67.86000061035156,70.56999969482422,70.56999969482422,324600
2021-05-21,71.22000122070312,71.9000015258789,69.9800033569336,70.58000183105469,70.58000183105469,755000
2021-05-24,71.12000274658203,75.12999725341797,70.77999877929688,74.69999694824219,74.69999694824219,904800
2021-05-25,72.37999725341797,76.80000305175781,72.16000366210938,75.52999877929688,75.52999877929688,1068400
2021-05-26,75.73999786376953,75.97000122070312,74.41999816894531,75.52999877929688,75.52999877929688,346900
2021-05-27,76.05999755859375,77.06999969482422,75.01000213623047,76.83999633789062,76.83999633789062,474000
2021-05-28,77.66999816894531,77.7699966430664,76.08000183105469,76.16999816894531,76.16999816894531,364900
2021-06-01,76.44999694824219,76.44999694824219,74.83999633789062,75.97000122070312,75.97000122070312,388000
2021-06-02,76.30999755859375,77.27999877929688,75.80000305175781,76.13999938964844,76.13999938964844,837800
2021-06-03,75.37000274658203,76.31999969482422,74.52999877929688,75.9800033569336,75.9800033569336,287000
2021-06-04,76.61000061035156,78.76000213623047,76.54000091552734,78.62999725341797,78.62999725341797,380500
2021-06-07,78.41999816894531,79.11000061035156,77.94999694824219,78.75,78.75,258600
2021-06-08,79.41999816894531,79.76000213623047,78.76000213623047,79.33999633789062,79.33999633789062,216500
2021-06-09,78.9000015258789,79.94999694824219,78.41999816894531,79.05000305175781,79.05000305175781,234600
2021-06-10,79.30000305175781,80.97000122070312,79.30000305175781,80.87000274658203,80.87000274658203,268500
2021-06-11,81.36000061035156,81.72000122070312,80.44999694824219,80.66000366210938,80.66000366210938,272800
2021-06-14,80.61000061035156,81.55000305175781,80.5999984741211,81.3499984741211,81.3499984741211,257000
2021-06-15,81.0999984741211,81.20999908447266,78.94999694824219,79.25,79.25,369600
2021-06-16,78.88999938964844,81.87999725341797,78.48999786376953,79.91000366210938,79.91000366210938,584000
2021-06-17,79.55000305175781,81.19000244140625,79.13999938964844,79.69999694824219,79.69999694824219,345400
2021-06-18,79.2300033569336,79.7699966430664,77.36000061035156,77.75,77.75,776300
2021-06-21,76.5999984741211,79.62999725341797,75.55999755859375,79.23999786376953,79.23999786376953,256600
2021-06-22,78.91000366210938,80.75,78.61000061035156,80.66000366210938,80.66000366210938,254400
2021-06-23,81.0,81.0,79.79000091552734,80.41000366210938,80.41000366210938,285700
2021-06-24,80.80000305175781,81.3499984741211,80.55999755859375,81.04000091552734,81.04000091552734,158400
2021-06-25,81.05000305175781,81.9000015258789,80.62000274658203,81.63999938964844,81.63999938964844,637300
2021-06-28,81.94999694824219,82.16999816894531,80.95999908447266,81.01000213623047,81.01000213623047,282200
2021-06-29,81.20999908447266,81.26000213623047,79.47000122070312,79.58000183105469,79.58000183105469,227500
2021-06-30,79.12000274658203,79.30999755859375,77.69999694824219,78.16999816894531,78.16999816894531,384900
2021-07-01,78.3499984741211,79.04000091552734,78.12000274658203,78.48999786376953,78.48999786376953,244300
2021-07-02,77.0,77.98999786376953,76.5199966430664,77.25,77.25,356100
2021-07-06,77.70999908447266,79.04000091552734,77.2300033569336,78.66999816894531,78.66999816894531,268400
2021-07-07,79.08000183105469,79.86000061035156,78.31999969482422,78.9000015258789,78.9000015258789,257000
2021-07-08,77.58000183105469,79.58000183105469,76.73999786376953,79.13999938964844,79.13999938964844,222100
2021-07-09,79.30000305175781,79.97000122070312,78.29000091552734,79.29000091552734,79.29000091552734,272700
2021-07-12,79.55000305175781,79.68000030517578,78.91999816894531,79.05000305175781,79.05000305175781,183500
2021-07-13,78.87000274658203,79.1500015258789,77.26000213623047,77.45999908447266,77.45999908447266,205900
2021-07-14,77.91000366210938,78.5199966430664,77.19000244140625,77.25,77.25,196600
2021-07-15,76.94999694824219,77.0,75.68000030517578,76.3499984741211,76.3499984741211,196000
2021-07-16,76.83000183105469,77.36000061035156,75.5999984741211,76.5999984741211,76.5999984741211,409200
2021-07-19,75.69000244140625,77.81999969482422,75.58999633789062,77.11000061035156,77.11000061035156,282400
2021-07-20,77.41000366210938,79.86000061035156,77.29000091552734,79.3499984741211,79.3499984741211,408900
2021-07-21,79.56999969482422,80.62000274658203,79.12999725341797,80.29000091552734,80.29000091552734,371400
2021-07-22,80.75,80.98999786376953,79.95999908447266,80.13999938964844,80.13999938964844,192900
2021-07-23,80.87000274658203,82.37999725341797,80.37000274658203,82.16000366210938,82.16000366210938,271700
2021-07-26,82.31999969482422,83.41000366210938,82.20999908447266,82.68000030517578,82.68000030517578,459700
2021-07-27,82.0199966430664,82.2300033569336,74.41000366210938,74.94999694824219,74.94999694824219,686500
2021-07-28,75.11000061035156,77.52999877929688,75.08000183105469,75.80000305175781,75.80000305175781,455500
2021-07-29,75.5999984741211,76.08999633789062,74.63999938964844,76.08999633789062,76.08999633789062,498800
2021-07-30,75.5999984741211,76.30000305175781,74.68000030517578,75.58999633789062,75.58999633789062,501300
2021-08-02,76.08999633789062,76.76000213623047,75.25,76.08000183105469,76.08000183105469,384900
2021-08-03,76.44000244140625,76.83000183105469,75.12999725341797,76.70999908447266,76.70999908447266,261100
2021-08-04,76.66999816894531,76.83999633789062,75.56999969482422,76.19999694824219,76.19999694824219,339500
2021-08-05,76.56999969482422,77.08000183105469,75.9000015258789,76.25,76.25,245600
2021-08-06,76.37000274658203,76.37999725341797,74.87999725341797,75.9000015258789,75.9000015258789,259600
2021-08-09,75.66999816894531,75.91999816894531,74.45999908447266,74.93000030517578,74.93000030517578,223200
2021-08-10,74.91999816894531,75.80999755859375,74.62000274658203,75.47000122070312,75.47000122070312,243600
2021-08-11,75.6500015258789,76.45999908447266,74.58999633789062,76.41000366210938,76.41000366210938,289000
2021-08-12,76.54000091552734,78.0999984741211,75.5999984741211,76.56999969482422,76.56999969482422,442000
2021-08-13,76.51000213623047,76.9000015258789,75.73999786376953,76.7699966430664,76.7699966430664,152900
2021-08-16,76.7699966430664,76.7699966430664,75.62999725341797,75.77999877929688,75.77999877929688,162200
2021-08-17,74.43000030517578,75.12999725341797,73.69999694824219,75.08000183105469,75.08000183105469,324400
2021-08-18,74.9000015258789,75.62000274658203,74.43000030517578,74.54000091552734,74.54000091552734,268400
2021-08-19,73.86000061035156,74.4000015258789,72.9000015258789,73.2300033569336,73.2300033569336,237100
2021-08-20,73.31999969482422,74.94999694824219,73.31999969482422,74.61000061035156,74.61000061035156,253200
2021-08-23,75.22000122070312,77.31999969482422,74.98999786376953,77.08000183105469,77.08000183105469,356700
2021-08-24,77.05999755859375,77.81999969482422,77.05999755859375,77.5,77.5,247300
2021-08-25,77.79000091552734,78.94000244140625,77.31999969482422,78.33000183105469,78.33000183105469,241800
2021-08-26,78.9800033569336,80.8499984741211,78.55999755859375,79.05000305175781,79.05000305175781,337400
2021-08-27,78.97000122070312,81.47000122070312,78.97000122070312,80.77999877929688,80.77999877929688,422500
2021-08-30,80.75,81.5199966430664,80.19000244140625,81.06999969482422,81.06999969482422,254400
2021-08-31,80.95999908447266,81.36000061035156,80.47000122070312,80.97000122070312,80.97000122070312,247900
2021-09-01,81.37000274658203,81.9800033569336,80.37000274658203,80.87999725341797,80.87999725341797,243900
2021-09-02,81.23999786376953,81.7699966430664,81.12999725341797,81.70999908447266,81.70999908447266,250700
2021-09-03,81.9000015258789,84.22000122070312,81.9000015258789,83.87000274658203,83.87000274658203,289900
2021-09-07,84.22000122070312,84.22000122070312,81.2699966430664,81.37999725341797,81.37999725341797,247700
2021-09-08,80.79000091552734,81.0,78.5199966430664,78.56999969482422,78.56999969482422,307900
2021-09-09,78.8499984741211,81.48999786376953,78.41999816894531,78.52999877929688,78.52999877929688,248600
2021-09-10,78.86000061035156,79.3499984741211,78.08000183105469,78.11000061035156,78.11000061035156,288000
2021-09-13,78.61000061035156,79.0999984741211,77.20999908447266,78.29000091552734,78.29000091552734,304900
2021-09-14,78.70999908447266,78.88999938964844,76.81999969482422,76.98999786376953,76.98999786376953,189300
2021-09-15,76.98999786376953,78.91000366210938,76.43000030517578,78.9000015258789,78.9000015258789,210500
2021-09-16,78.5999984741211,79.04000091552734,78.31999969482422,78.36000061035156,78.36000061035156,234500
2021-09-17,78.5,78.55000305175781,73.72000122070312,74.02999877929688,74.02999877929688,998100
2021-09-20,72.05999755859375,73.98999786376953,71.41000366210938,73.7699966430664,73.7699966430664,409500
2021-09-21,74.66999816894531,74.66999816894531,73.37999725341797,73.54000091552734,73.54000091552734,232300
2021-09-22,73.62999725341797,76.08000183105469,73.62999725341797,75.87999725341797,75.87999725341797,255800
2021-09-23,76.18000030517578,77.5999984741211,75.87000274658203,77.0199966430664,77.0199966430664,188900
2021-09-24,76.44999694824219,77.66999816894531,76.20999908447266,77.4800033569336,77.4800033569336,157400
2021-09-27,77.05999755859375,77.93000030517578,76.7699966430664,77.51000213623047,77.51000213623047,202000
2021-09-28,76.79000091552734,77.33000183105469,75.48999786376953,76.0199966430664,76.0199966430664,280600
2021-09-29,76.1500015258789,77.26000213623047,75.47000122070312,76.88999938964844,76.88999938964844,220500
2021-09-30,77.5199966430664,77.73999786376953,75.26000213623047,75.30999755859375,75.30999755859375,300400
2021-10-01,77.51000213623047,78.05999755859375,75.04000091552734,77.72000122070312,77.72000122070312,265700
2021-10-04,75.19999694824219,76.56999969482422,73.58000183105469,74.44999694824219,74.44999694824219,503100
2021-10-05,74.80000305175781,76.33000183105469,74.80000305175781,75.97000122070312,75.97000122070312,269200
2021-10-06,75.0999984741211,76.2699966430664,74.23999786376953,75.41000366210938,75.41000366210938,232300
2021-10-07,76.22000122070312,77.31999969482422,75.9800033569336,76.81999969482422,76.81999969482422,200400
2021-10-08,77.26000213623047,77.26000213623047,73.51000213623047,73.70999908447266,73.70999908447266,192300
2021-10-11,73.36000061035156,74.87999725341797,72.61000061035156,73.69999694824219,73.69999694824219,198100
2021-10-12,73.81999969482422,74.55000305175781,72.91999816894531,73.04000091552734,73.04000091552734,159200
2021-10-13,73.23999786376953,74.7300033569336,72.81999969482422,74.72000122070312,74.72000122070312,171800
2021-10-14,75.70999908447266,76.43000030517578,74.87999725341797,75.62999725341797,75.62999725341797,120600
2021-10-15,76.5999984741211,76.5999984741211,74.87999725341797,75.47000122070312,75.47000122070312,146300
2021-10-18,74.91999816894531,76.02999877929688,72.13999938964844,75.76000213623047,75.76000213623047,192400
2021-10-19,75.93000030517578,76.58000183105469,74.9800033569336,76.38999938964844,76.38999938964844,152500
2021-10-20,76.61000061035156,76.69999694824219,75.80000305175781,76.22000122070312,76.22000122070312,102700
2021-10-21,76.13999938964844,76.5999984741211,75.62000274658203,76.54000091552734,76.54000091552734,103500
2021-10-22,76.5,77.13999938964844,75.95999908447266,76.2699966430664,76.2699966430664,150800
2021-10-25,76.4800033569336,77.70999908447266,75.37000274658203,75.69000244140625,75.69000244140625,352400
2021-10-26,66.4000015258789,66.76000213623047,59.880001068115234,61.040000915527344,61.040000915527344,2044400
2021-10-27,59.25,62.880001068115234,59.25,61.0099983215332,61.0099983215332,790700
2021-10-28,61.0,62.72999954223633,60.959999084472656,61.099998474121094,61.099998474121094,544600
2021-10-29,61.27000045776367,62.38999938964844,61.0,61.5,61.5,289300
2021-11-01,61.470001220703125,63.06999969482422,61.16999816894531,62.97999954223633,62.97999954223633,350500
2021-11-02,63.02000045776367,64.37999725341797,62.349998474121094,64.33999633789062,64.33999633789062,564000
2021-11-03,64.70999908447266,65.98999786376953,63.66999816894531,65.0999984741211,65.0999984741211,444000
2021-11-04,65.66999816894531,66.66000366210938,65.0999984741211,65.94000244140625,65.94000244140625,404700
2021-11-05,66.5999984741211,68.22000122070312,66.48999786376953,67.95999908447266,67.95999908447266,466600
2021-11-08,68.5,69.23999786376953,67.02999877929688,67.16000366210938,67.16000366210938,318000
2021-11-09,67.19000244140625,67.9800033569336,66.54000091552734,67.80000305175781,67.80000305175781,335300
2021-11-10,67.38999938964844,68.31999969482422,66.37999725341797,66.93000030517578,66.93000030517578,416500
2021-11-11,67.36000061035156,68.02999877929688,66.72000122070312,66.98999786376953,66.98999786376953,294000
2021-11-12,67.33999633789062,67.98999786376953,66.81999969482422,67.06999969482422,67.06999969482422,215000
2021-11-15,67.16000366210938,67.16000366210938,65.69000244140625,66.33000183105469,66.33000183105469,250700
2021-11-16,61.209999084472656,65.9000015258789,60.720001220703125,65.45999908447266,65.45999908447266,623300
2021-11-17,65.1500015258789,66.18000030517578,64.12999725341797,64.16000366210938,64.16000366210938,286000
2021-11-18,64.22000122070312,64.48999786376953,62.97999954223633,64.0199966430664,64.0199966430664,303900
2021-11-19,64.0199966430664,64.52999877929688,63.41999816894531,63.66999816894531,63.66999816894531,225200
2021-11-22,63.66999816894531,64.91000366210938,63.15999984741211,64.25,64.25,379900
2021-11-23,63.68000030517578,63.970001220703125,62.2400016784668,62.91999816894531,62.91999816894531,290600
2021-11-24,62.720001220703125,65.6500015258789,62.09000015258789,65.52999877929688,65.52999877929688,256100
2021-11-26,63.970001220703125,64.80000305175781,63.470001220703125,64.38999938964844,64.38999938964844,253600
2021-11-29,65.02999877929688,65.51000213623047,64.12999725341797,64.69999694824219,64.69999694824219,272100
2021-11-30,64.45999908447266,65.01000213623047,62.5099983215332,62.880001068115234,62.880001068115234,599200
2021-12-01,64.22000122070312,64.2300033569336,62.099998474121094,62.189998626708984,62.189998626708984,357100
2021-12-02,62.18000030517578,63.86000061035156,62.060001373291016,63.060001373291016,63.060001373291016,273100
2021-12-03,63.27000045776367,63.349998474121094,62.5099983215332,63.099998474121094,63.099998474121094,421100
2021-12-06,63.470001220703125,64.43000030517578,62.5,63.810001373291016,63.810001373291016,278700
2021-12-07,64.87000274658203,65.98999786376953,64.05000305175781,65.47000122070312,65.47000122070312,235900
2021-12-08,65.87999725341797,66.4800033569336,65.0999984741211,65.30000305175781,65.30000305175781,266200
2021-12-09,65.1500015258789,66.43000030517578,65.1500015258789,66.0999984741211,66.0999984741211,317800
2021-12-10,66.5999984741211,67.80999755859375,65.93000030517578,67.62000274658203,67.62000274658203,338300
2021-12-13,67.55999755859375,67.83000183105469,66.30000305175781,66.73999786376953,66.73999786376953,317200
2021-12-14,65.9000015258789,66.97000122070312,65.02999877929688,66.1500015258789,66.1500015258789,303200
2021-12-15,66.1500015258789,67.75,65.44999694824219,67.29000091552734,67.29000091552734,354200
2021-12-16,67.56999969482422,67.81999969482422,64.9000015258789,65.33000183105469,65.33000183105469,388500
2021-12-17,64.93000030517578,67.73999786376953,64.5999984741211,67.04000091552734,67.04000091552734,699400
2021-12-20,65.83999633789062,66.37999725341797,64.68000030517578,65.66000366210938,65.66000366210938,318800
2021-12-21,66.18000030517578,68.04000091552734,65.43000030517578,67.95999908447266,67.95999908447266,221700
2021-12-22,68.0199966430664,68.72000122070312,67.69999694824219,68.62999725341797,68.62999725341797,163800
2021-12-23,68.62999725341797,69.43000030517578,64.5,68.13999938964844,68.13999938964844,161100
2021-12-27,68.06999969482422,70.22000122070312,67.91000366210938,70.1500015258789,70.1500015258789,167600
2021-12-28,70.12999725341797,70.13999938964844,68.83000183105469,69.91999816894531,69.91999816894531,185300
2021-12-29,69.81999969482422,70.87999725341797,69.18000030517578,69.88999938964844,69.88999938964844,165700
2021-12-30,70.44000244140625,70.44000244140625,69.13999938964844,69.27999877929688,69.27999877929688,135800
2021-12-31,69.77999877929688,69.80999755859375,68.83999633789062,68.91999816894531,68.91999816894531,116800
2022-01-03,68.86000061035156,69.25,67.79000091552734,69.11000061035156,69.11000061035156,266300
2022-01-04,69.18000030517578,69.2300033569336,67.5199966430664,68.19000244140625,68.19000244140625,242000
2022-01-05,66.80000305175781,69.16000366210938,66.51000213623047,68.08999633789062,68.08999633789062,379800
2022-01-06,67.7300033569336,69.04000091552734,66.69999694824219,67.94999694824219,67.94999694824219,216500
2022-01-07,68.05999755859375,69.25,66.33000183105469,66.68000030517578,66.68000030517578,223900
2022-01-10,65.83000183105469,69.51000213623047,64.7699966430664,69.48999786376953,69.48999786376953,261800
2022-01-11,69.48999786376953,70.13999938964844,68.7699966430664,69.70999908447266,69.70999908447266,249300
2022-01-12,70.08999633789062,70.87000274658203,68.83999633789062,69.30999755859375,69.30999755859375,172700
2022-01-13,69.7699966430664,70.5999984741211,68.66000366210938,68.87000274658203,68.87000274658203,153600
2022-01-14,68.33999633789062,69.7300033569336,68.0999984741211,69.68000030517578,69.68000030517578,138700
2022-01-18,69.0199966430664,69.81999969482422,68.01000213623047,68.08999633789062,68.08999633789062,216400
2022-01-19,67.0,68.55000305175781,66.52999877929688,66.66999816894531,66.66999816894531,288900
2022-01-20,66.95999908447266,69.58999633789062,66.95999908447266,67.58999633789062,67.58999633789062,240600
2022-01-21,67.38999938964844,69.47000122070312,65.98999786376953,66.36000061035156,66.36000061035156,413100
2022-01-24,65.5199966430664,68.0,64.33000183105469,67.5,67.5,714600
2022-01-25,69.69999694824219,70.0,63.689998626708984,68.05999755859375,68.05999755859375,558800
2022-01-26,68.62999725341797,69.95999908447266,66.55000305175781,67.06999969482422,67.06999969482422,385600
2022-01-27,67.23999786376953,69.4000015258789,66.2699966430664,66.55000305175781,66.55000305175781,356200
2022-01-28,66.80999755859375,68.5999984741211,65.0999984741211,67.44999694824219,67.44999694824219,215800
2022-01-31,67.04000091552734,67.77999877929688,66.20999908447266,67.45999908447266,67.45999908447266,531900
2022-02-01,67.20999908447266,68.33999633789062,65.91999816894531,67.4000015258789,67.4000015258789,371900
2022-02-02,67.58999633789062,68.33000183105469,66.48999786376953,67.05999755859375,67.05999755859375,296300
2022-02-03,66.38999938964844,67.11000061035156,65.69000244140625,65.75,65.75,237100
2022-02-04,65.86000061035156,66.06999969482422,64.47000122070312,65.41999816894531,65.41999816894531,250800
2022-02-07,65.55000305175781,66.63999938964844,64.87000274658203,66.20999908447266,66.20999908447266,234000
2022-02-08,66.16999816894531,67.47000122070312,64.19000244140625,66.80000305175781,66.80000305175781,221900
2022-02-09,67.19999694824219,67.54000091552734,66.3499984741211,67.51000213623047,67.51000213623047,292700
2022-02-10,66.47000122070312,68.4000015258789,66.47000122070312,67.36000061035156,67.36000061035156,214500
2022-02-11,67.27999877929688,67.7699966430664,65.80000305175781,66.01000213623047,66.01000213623047,168500
2022-02-14,66.16999816894531,67.20999908447266,64.97000122070312,65.55000305175781,65.55000305175781,486800
2022-02-15,66.02999877929688,66.45999908447266,65.79000091552734,66.30000305175781,66.30000305175781,253600
2022-02-16,66.13999938964844,66.2699966430664,64.48999786376953,65.72000122070312,65.72000122070312,262700
2022-02-17,65.16999816894531,65.9800033569336,64.75,65.0199966430664,65.0199966430664,211900
2022-02-18,64.9000015258789,65.31999969482422,62.79999923706055,62.880001068115234,62.880001068115234,303900
2022-02-22,62.36000061035156,63.029998779296875,61.40999984741211,61.650001525878906,61.650001525878906,290000
2022-02-23,61.84000015258789,62.43000030517578,60.630001068115234,60.779998779296875,60.779998779296875,283000
2022-02-24,59.34000015258789,62.650001525878906,59.0099983215332,62.54999923706055,62.54999923706055,288100
2022-02-25,62.4900016784668,63.25,61.84000015258789,63.25,63.25,195700
2022-02-28,62.529998779296875,63.86000061035156,61.9900016784668,62.90999984741211,62.90999984741211,334600
2022-03-01,62.59000015258789,63.720001220703125,61.68000030517578,62.400001525878906,62.400001525878906,259300
2022-03-02,62.599998474121094,64.81999969482422,62.529998779296875,64.48999786376953,64.48999786376953,263400
2022-03-03,65.0,65.47000122070312,63.880001068115234,64.8499984741211,64.8499984741211,238000
2022-03-04,64.37999725341797,65.36000061035156,63.630001068115234,64.06999969482422,64.06999969482422,235200
2022-03-07,63.939998626708984,64.62000274658203,62.04999923706055,62.06999969482422,62.06999969482422,303800
2022-03-08,61.91999816894531,63.13999938964844,60.529998779296875,61.56999969482422,61.56999969482422,235300
2022-03-09,62.65999984741211,64.05999755859375,62.040000915527344,63.209999084472656,63.209999084472656,269300
2022-03-10,62.83000183105469,62.83000183105469,60.9900016784668,62.11000061035156,62.11000061035156,228300
2022-03-11,62.470001220703125,62.5099983215332,60.2400016784668,60.40999984741211,60.40999984741211,189000
2022-03-14,60.34000015258789,61.08000183105469,59.310001373291016,59.79999923706055,59.79999923706055,267900
2022-03-15,60.02000045776367,61.29999923706055,60.02000045776367,61.2599983215332,61.2599983215332,324600
2022-03-16,61.91999816894531,63.470001220703125,61.11000061035156,63.38999938964844,63.38999938964844,329200
2022-03-17,63.209999084472656,64.77999877929688,62.849998474121094,64.58999633789062,64.58999633789062,478500
2022-03-18,65.27999877929688,66.38999938964844,64.37000274658203,66.27999877929688,66.27999877929688,1772400
2022-03-21,66.69000244140625,67.0999984741211,65.43000030517578,66.45999908447266,66.45999908447266,329800
2022-03-22,66.5199966430664,67.33999633789062,66.33000183105469,66.80000305175781,66.80000305175781,212300
2022-03-23,66.45999908447266,66.95999908447266,65.37999725341797,65.68000030517578,65.68000030517578,175100
2022-03-24,65.91000366210938,66.0,65.25,65.7300033569336,65.7300033569336,167400
2022-03-25,66.0199966430664,66.41000366210938,65.31999969482422,66.02999877929688,66.02999877929688,189600
2022-03-28,65.98999786376953,66.80000305175781,65.98999786376953,66.66000366210938,66.66000366210938,143300
2022-03-29,67.19999694824219,68.19000244140625,66.80999755859375,67.95999908447266,67.95999908447266,218700
2022-03-30,67.61000061035156,67.7300033569336,66.27999877929688,66.83999633789062,66.83999633789062,154500
2022-03-31,66.58999633789062,67.4800033569336,66.26000213623047,66.3499984741211,66.3499984741211,149100
2022-04-01,66.51000213623047,67.26000213623047,66.05000305175781,66.91000366210938,66.91000366210938,179600
2022-04-04,66.9800033569336,67.29000091552734,66.58999633789062,67.25,67.25,188100
2022-04-05,67.06999969482422,67.55000305175781,65.52999877929688,65.80000305175781,65.80000305175781,110400
2022-04-06,65.0999984741211,65.30000305175781,63.91999816894531,64.19999694824219,64.19999694824219,164800
2022-04-07,64.0999984741211,65.02999877929688,63.59000015258789,64.22000122070312,64.22000122070312,154300
2022-04-08,63.91999816894531,64.06999969482422,63.099998474121094,63.16999816894531,63.16999816894531,119500
2022-04-11,62.709999084472656,63.95000076293945,62.61000061035156,63.540000915527344,63.540000915527344,141400
2022-04-12,64.19999694824219,65.02999877929688,64.19999694824219,64.43000030517578,64.43000030517578,158200
2022-04-13,64.55000305175781,65.41000366210938,64.19999694824219,65.29000091552734,65.29000091552734,145300
2022-04-14,65.54000091552734,65.54000091552734,63.9900016784668,64.05999755859375,64.05999755859375,138800
2022-04-18,64.05000305175781,64.22000122070312,63.310001373291016,64.0999984741211,64.0999984741211,117500
2022-04-19,64.33999633789062,65.12000274658203,63.880001068115234,64.91000366210938,64.91000366210938,173500
2022-04-20,65.55999755859375,65.83000183105469,64.93000030517578,65.23999786376953,65.23999786376953,123700
2022-04-21,65.94000244140625,66.0,63.58000183105469,63.7599983215332,63.7599983215332,144000
2022-04-22,63.709999084472656,63.77000045776367,62.310001373291016,62.5099983215332,62.5099983215332,192000
2022-04-25,62.40999984741211,63.66999816894531,61.70000076293945,63.599998474121094,63.599998474121094,179100
2022-04-26,63.02000045776367,63.22999954223633,61.439998626708984,61.70000076293945,61.70000076293945,153000
2022-04-27,61.66999816894531,62.27000045776367,61.0,61.650001525878906,61.650001525878906,178300
2022-04-28,62.560001373291016,63.970001220703125,61.91999816894531,63.560001373291016,63.560001373291016,137800
2022-04-29,63.06999969482422,63.79999923706055,60.790000915527344,61.0,61.0,287800
2022-05-02,60.849998474121094,61.79999923706055,59.959999084472656,60.720001220703125,60.720001220703125,387700
2022-05-03,61.02000045776367,63.4900016784668,60.380001068115234,62.099998474121094,62.099998474121094,299700
2022-05-04,62.29999923706055,63.099998474121094,60.08000183105469,62.689998626708984,62.689998626708984,225800
2022-05-05,62.279998779296875,62.470001220703125,58.65999984741211,59.34000015258789,59.34000015258789,226100
2022-05-06,59.0099983215332,59.709999084472656,57.459999084472656,58.349998474121094,58.349998474121094,219400
2022-05-09,57.66999816894531,58.209999084472656,56.9900016784668,57.68000030517578,57.68000030517578,229000
2022-05-10,58.470001220703125,59.540000915527344,57.65999984741211,59.08000183105469,59.08000183105469,262200
2022-05-11,58.79999923706055,59.04999923706055,56.560001373291016,56.77000045776367,56.77000045776367,219900
2022-05-12,56.189998626708984,58.09000015258789,55.720001220703125,57.119998931884766,57.119998931884766,229700
2022-05-13,57.5099983215332,59.380001068115234,57.5099983215332,58.79999923706055,58.79999923706055,190300
2022-05-16,58.52000045776367,59.08000183105469,57.59000015258789,58.29999923706055,58.29999923706055,188000
2022-05-17,59.599998474121094,61.65999984741211,59.209999084472656,61.4900016784668,61.4900016784668,381900
2022-05-18,60.63999938964844,61.029998779296875,58.189998626708984,58.52000045776367,58.52000045776367,245400
2022-05-19,58.040000915527344,59.310001373291016,57.97999954223633,58.540000915527344,58.540000915527344,248600
2022-05-20,59.52000045776367,59.560001373291016,57.15999984741211,58.439998626708984,58.439998626708984,304600
2022-05-23,59.130001068115234,59.959999084472656,58.529998779296875,59.52000045776367,59.52000045776367,273500
2022-05-24,59.59000015258789,59.79999923706055,58.04999923706055,59.36000061035156,59.36000061035156,250800
2022-05-25,58.84000015258789,61.33000183105469,58.84000015258789,61.029998779296875,61.029998779296875,328200
2022-05-26,60.900001525878906,61.810001373291016,60.380001068115234,60.90999984741211,60.90999984741211,235900
2022-05-27,61.0,62.40999984741211,60.84000015258789,62.29999923706055,62.29999923706055,177700
2022-05-31,62.029998779296875,62.2599983215332,60.4900016784668,61.0099983215332,61.0099983215332,329500
2022-06-01,61.70000076293945,62.83000183105469,61.459999084472656,62.25,62.25,245900
2022-06-02,62.06999969482422,65.25,61.689998626708984,65.19999694824219,65.19999694824219,279100
2022-06-03,64.36000061035156,64.88999938964844,63.34000015258789,64.12999725341797,64.12999725341797,167500
2022-06-06,64.18000030517578,64.94999694824219,63.36000061035156,63.709999084472656,63.709999084472656,155900
2022-06-07,62.959999084472656,64.68000030517578,62.90999984741211,64.5199966430664,64.5199966430664,206900
2022-06-08,64.5199966430664,65.20999908447266,63.97999954223633,64.33999633789062,64.33999633789062,193600
2022-06-09,63.81999969482422,64.83999633789062,63.25,63.34000015258789,63.34000015258789,334500
2022-06-10,62.15999984741211,62.779998779296875,61.56999969482422,61.86000061035156,61.86000061035156,130200
2022-06-13,60.150001525878906,61.029998779296875,59.70000076293945,59.900001525878906,59.900001525878906,169500
2022-06-14,59.86000061035156,60.9900016784668,59.61000061035156,60.75,60.75,171300
2022-06-15,61.349998474121094,63.119998931884766,61.0099983215332,62.560001373291016,62.560001373291016,248400
2022-06-16,60.95000076293945,61.689998626708984,58.310001373291016,58.68000030517578,58.68000030517578,347500
2022-06-17,59.27000045776367,60.880001068115234,58.93000030517578,60.4900016784668,60.4900016784668,695400
2022-06-21,61.08000183105469,61.599998474121094,60.65999984741211,61.099998474121094,61.099998474121094,208200
2022-06-22,60.599998474121094,62.27000045776367,60.16999816894531,61.790000915527344,61.790000915527344,227000
2022-06-23,62.150001525878906,63.16999816894531,61.5099983215332,62.18000030517578,62.18000030517578,249100
2022-06-24,62.709999084472656,66.06999969482422,62.709999084472656,65.98999786376953,65.98999786376953,816600
2022-06-27,65.8499984741211,66.54000091552734,64.38999938964844,65.0999984741211,65.0999984741211,253500
2022-06-28,65.13999938964844,65.66999816894531,63.20000076293945,63.290000915527344,63.290000915527344,167900
2022-06-29,63.58000183105469,65.7699966430664,62.77000045776367,63.97999954223633,63.97999954223633,149100
2022-06-30,63.84000015258789,63.84000015258789,62.2599983215332,62.900001525878906,62.900001525878906,188000
2022-07-01,62.65999984741211,64.12999725341797,62.5,64.08000183105469,64.08000183105469,193800
2022-07-05,63.04999923706055,64.87000274658203,62.16999816894531,63.810001373291016,63.810001373291016,216800
2022-07-06,64.37000274658203,65.23999786376953,63.72999954223633,64.5,64.5,220800
2022-07-07,64.68000030517578,67.05000305175781,64.36000061035156,66.88999938964844,66.88999938964844,305500
2022-07-08,66.29000091552734,67.98999786376953,65.91999816894531,66.93000030517578,66.93000030517578,155700
2022-07-11,66.6500015258789,66.91000366210938,65.68000030517578,66.75,66.75,198100
2022-07-12,66.91999816894531,67.12000274658203,63.439998626708984,63.90999984741211,63.90999984741211,187900
2022-07-13,61.16999816894531,61.279998779296875,57.59000015258789,57.650001525878906,57.650001525878906,479600
2022-07-14,57.290000915527344,57.90999984741211,56.11000061035156,57.77000045776367,57.77000045776367,222300
2022-07-15,58.77000045776367,59.47999954223633,58.290000915527344,59.369998931884766,59.369998931884766,363600
2022-07-18,59.66999816894531,59.66999816894531,57.810001373291016,58.0,58.0,168000
2022-07-19,58.90999984741211,59.79999923706055,58.90999984741211,59.650001525878906,59.650001525878906,239700
2022-07-20,59.849998474121094,61.369998931884766,59.61000061035156,60.849998474121094,60.849998474121094,226400
2022-07-21,60.83000183105469,62.40999984741211,60.0099983215332,62.369998931884766,62.369998931884766,180500
2022-07-22,62.84000015258789,62.84000015258789,61.45000076293945,61.970001220703125,61.970001220703125,183200
2022-07-25,61.970001220703125,62.15999984741211,60.040000915527344,61.29999923706055,61.29999923706055,219800
2022-07-26,60.0099983215332,60.290000915527344,54.11000061035156,55.22999954223633,55.22999954223633,461200
2022-07-27,55.150001525878906,55.709999084472656,54.29999923706055,55.220001220703125,55.220001220703125,316000
2022-07-28,55.11000061035156,55.68000030517578,53.869998931884766,54.939998626708984,54.939998626708984,267800
2022-07-29,55.220001220703125,56.290000915527344,54.0099983215332,56.09000015258789,56.09000015258789,312200
2022-08-01,55.18000030517578,56.95000076293945,54.84000015258789,56.18000030517578,56.18000030517578,247000
2022-08-02,55.790000915527344,56.47999954223633,55.34000015258789,55.380001068115234,55.380001068115234,228100
2022-08-03,55.56999969482422,57.15999984741211,55.09000015258789,56.849998474121094,56.849998474121094,164900
2022-08-04,56.650001525878906,56.959999084472656,55.4900016784668,56.63999938964844,56.63999938964844,192500
2022-08-05,56.20000076293945,57.130001068115234,56.20000076293945,56.81999969482422,56.81999969482422,164000
2022-08-08,56.869998931884766,58.0,56.369998931884766,57.619998931884766,57.619998931884766,265800
2022-08-09,57.58000183105469,57.68000030517578,56.619998931884766,57.65999984741211,57.65999984741211,255500
2022-08-10,58.63999938964844,59.709999084472656,58.5,58.54999923706055,58.54999923706055,252200
2022-08-11,58.369998931884766,59.150001525878906,58.02000045776367,58.560001373291016,58.560001373291016,223000
2022-08-12,58.849998474121094,60.119998931884766,58.290000915527344,59.86000061035156,59.86000061035156,205200
2022-08-15,59.11000061035156,60.79999923706055,59.09000015258789,60.529998779296875,60.529998779296875,237800
2022-08-16,60.290000915527344,60.470001220703125,59.08000183105469,59.93000030517578,59.93000030517578,268600
2022-08-17,59.150001525878906,59.88999938964844,58.369998931884766,59.060001373291016,59.060001373291016,208200
2022-08-18,59.02000045776367,59.72999954223633,58.529998779296875,59.2400016784668,59.2400016784668,218000
2022-08-19,59.0,59.38999938964844,58.63999938964844,58.849998474121094,58.849998474121094,161100
2022-08-22,58.150001525878906,58.41999816894531,56.65999984741211,57.0099983215332,57.0099983215332,158800
2022-08-23,57.0,57.470001220703125,56.560001373291016,56.70000076293945,56.70000076293945,150200
2022-08-24,56.52000045776367,57.150001525878906,56.08000183105469,56.79999923706055,56.79999923706055,141300
2022-08-25,56.9900016784668,57.72999954223633,56.18000030517578,57.630001068115234,57.630001068115234,147500
2022-08-26,57.43000030517578,58.11000061035156,55.459999084472656,55.52000045776367,55.52000045776367,142500
2022-08-29,54.869998931884766,55.2400016784668,54.599998474121094,54.63999938964844,54.63999938964844,130500
2022-08-30,54.93000030517578,55.04999923706055,54.029998779296875,54.52000045776367,54.52000045776367,192600
2022-08-31,54.970001220703125,55.2400016784668,54.02000045776367,54.290000915527344,54.290000915527344,269300
2022-09-01,54.2599983215332,54.2599983215332,52.68000030517578,52.900001525878906,52.900001525878906,294900
2022-09-02,53.43000030517578,53.650001525878906,52.0099983215332,52.540000915527344,52.540000915527344,242600
2022-09-06,52.86000061035156,52.86000061035156,51.15999984741211,51.290000915527344,51.290000915527344,335600
2022-09-07,51.29999923706055,51.95000076293945,50.880001068115234,51.7599983215332,51.7599983215332,251400
2022-09-08,51.47999954223633,52.119998931884766,50.66999816894531,51.939998626708984,51.939998626708984,244000
2022-09-09,52.68000030517578,53.209999084472656,52.34000015258789,53.029998779296875,53.029998779296875,203100
2022-09-12,53.400001525878906,54.279998779296875,53.099998474121094,53.790000915527344,53.790000915527344,213100
2022-09-13,52.279998779296875,52.70000076293945,51.33000183105469,51.56999969482422,51.56999969482422,176900
2022-09-14,51.66999816894531,51.93000030517578,50.59000015258789,51.34000015258789,51.34000015258789,208500
2022-09-15,51.119998931884766,51.869998931884766,50.880001068115234,51.08000183105469,51.08000183105469,196800
2022-09-16,50.7400016784668,51.970001220703125,50.2599983215332,51.84000015258789,51.84000015258789,630100
2022-09-19,51.2599983215332,52.209999084472656,51.18000030517578,52.150001525878906,52.150001525878906,295200
2022-09-20,51.77000045776367,52.52000045776367,51.61000061035156,52.400001525878906,52.400001525878906,311100
2022-09-21,52.84000015258789,53.650001525878906,51.709999084472656,52.0,52.0,316600
2022-09-22,51.630001068115234,52.7400016784668,50.56999969482422,51.130001068115234,51.130001068115234,225000
2022-09-23,50.61000061035156,51.619998931884766,50.61000061035156,51.540000915527344,51.540000915527344,269800
2022-09-26,51.439998626708984,52.15999984741211,50.97999954223633,51.09000015258789,51.09000015258789,300300
2022-09-27,51.400001525878906,52.27000045776367,51.15999984741211,51.79999923706055,51.79999923706055,308700
2022-09-28,51.68000030517578,53.290000915527344,51.650001525878906,53.25,53.25,287900
2022-09-29,52.59000015258789,53.459999084472656,51.86000061035156,53.09000015258789,53.09000015258789,351200
2022-09-30,53.02000045776367,54.189998626708984,52.91999816894531,53.040000915527344,53.040000915527344,364200
2022-10-03,53.43000030517578,54.5,53.22999954223633,54.13999938964844,54.13999938964844,272400
2022-10-04,54.56999969482422,55.97999954223633,54.56999969482422,55.97999954223633,55.97999954223633,372700
2022-10-05,55.470001220703125,56.41999816894531,55.2599983215332,56.02000045776367,56.02000045776367,367900
2022-10-06,55.970001220703125,57.040000915527344,55.970001220703125,56.27000045776367,56.27000045776367,278400
2022-10-07,55.7599983215332,55.88999938964844,54.689998626708984,55.15999984741211,55.15999984741211,294300
2022-10-10,55.279998779296875,55.630001068115234,53.939998626708984,54.66999816894531,54.66999816894531,304500
2022-10-11,54.52000045776367,55.029998779296875,53.04999923706055,53.36000061035156,53.36000061035156,343200
2022-10-12,53.54999923706055,54.630001068115234,53.209999084472656,54.15999984741211,54.15999984741211,220700
2022-10-13,52.90999984741211,55.09000015258789,52.38999938964844,54.81999969482422,54.81999969482422,282600
2022-10-14,55.310001373291016,55.68000030517578,54.08000183105469,54.34000015258789,54.34000015258789,208000
2022-10-17,55.15999984741211,56.36000061035156,55.15999984741211,56.209999084472656,56.209999084472656,201000
2022-10-18,57.040000915527344,57.869998931884766,56.68000030517578,57.459999084472656,57.459999084472656,220500
2022-10-19,56.95000076293945,57.81999969482422,56.95000076293945,57.66999816894531,57.66999816894531,228100
2022-10-20,57.59000015258789,58.95000076293945,57.34000015258789,57.95000076293945,57.95000076293945,254800
2022-10-21,58.119998931884766,59.56999969482422,57.5,59.04999923706055,59.04999923706055,370700
2022-10-24,59.40999984741211,59.81999969482422,58.540000915527344,59.380001068115234,59.380001068115234,166300
2022-10-25,59.400001525878906,60.86000061035156,59.400001525878906,60.61000061035156,60.61000061035156,427700
2022-10-26,60.189998626708984,62.11000061035156,59.880001068115234,60.75,60.75,229600
2022-10-27,61.02000045776367,62.34000015258789,60.599998474121094,61.099998474121094,61.099998474121094,279500
2022-10-28,61.20000076293945,62.09000015258789,61.09000015258789,61.66999816894531,61.66999816894531,204900
2022-10-31,61.060001373291016,61.93000030517578,60.61000061035156,60.88999938964844,60.88999938964844,311000
2022-11-01,60.790000915527344,63.9900016784668,60.790000915527344,63.349998474121094,63.349998474121094,417400
2022-11-02,63.33000183105469,65.87000274658203,62.33000183105469,63.63999938964844,63.63999938964844,509000
2022-11-03,62.529998779296875,64.38999938964844,62.060001373291016,63.56999969482422,63.56999969482422,415500
2022-11-04,63.75,64.25,61.900001525878906,63.4900016784668,63.4900016784668,348800
2022-11-07,63.400001525878906,64.56999969482422,63.0,64.02999877929688,64.02999877929688,207100
2022-11-08,64.44999694824219,65.1500015258789,63.93000030517578,64.41000366210938,64.41000366210938,173800
2022-11-09,63.540000915527344,63.97999954223633,62.61000061035156,62.65999984741211,62.65999984741211,258300
2022-11-10,64.94999694824219,66.81999969482422,64.5,66.72000122070312,66.72000122070312,323400
2022-11-11,66.43000030517578,67.19999694824219,66.05000305175781,66.62999725341797,66.62999725341797,250700
2022-11-14,66.12000274658203,69.16000366210938,65.56999969482422,67.18000030517578,67.18000030517578,332100
2022-11-15,67.79000091552734,68.4800033569336,66.31999969482422,66.87000274658203,66.87000274658203,537100
2022-11-16,67.05000305175781,67.29000091552734,65.11000061035156,65.29000091552734,65.29000091552734,678200
2022-11-17,64.88999938964844,65.55000305175781,63.790000915527344,64.0,64.0,648800
2022-11-18,64.86000061035156,64.86000061035156,63.099998474121094,64.25,64.25,507300
2022-11-21,64.4000015258789,64.68000030517578,63.83000183105469,64.2699966430664,64.2699966430664,248000
2022-11-22,64.75,65.18000030517578,64.0,64.95999908447266,64.95999908447266,386200
2022-11-23,65.1500015258789,66.19000244140625,64.94999694824219,65.7300033569336,65.7300033569336,312600
2022-11-25,65.33000183105469,66.37000274658203,65.33000183105469,66.05000305175781,66.05000305175781,64200
2022-11-28,65.7699966430664,66.18000030517578,64.70999908447266,65.05000305175781,65.05000305175781,190800
2022-11-29,65.16999816894531,65.7699966430664,64.95999908447266,65.29000091552734,65.29000091552734,212500
2022-11-30,65.47000122070312,66.37999725341797,65.11000061035156,66.0,66.0,744000
2022-12-01,66.33000183105469,67.91000366210938,66.33000183105469,67.3499984741211,67.3499984741211,524500
2022-12-02,66.5199966430664,68.1500015258789,66.5199966430664,66.91999816894531,66.91999816894531,426700
2022-12-05,66.26000213623047,66.48999786376953,63.95000076293945,64.88999938964844,64.88999938964844,200800
2022-12-06,64.83000183105469,65.1500015258789,62.97999954223633,64.66999816894531,64.66999816894531,227900
2022-12-07,64.66999816894531,65.83000183105469,64.66999816894531,65.08999633789062,65.08999633789062,201000
2022-12-08,65.30999755859375,65.55000305175781,64.16999816894531,64.41999816894531,64.41999816894531,283000
2022-12-09,64.33000183105469,65.51000213623047,59.869998931884766,64.19000244140625,64.19000244140625,174700
2022-12-12,64.75,65.12999725341797,64.13999938964844,64.55999755859375,64.55999755859375,217900
2022-12-13,66.72000122070312,66.72000122070312,64.37000274658203,64.66000366210938,64.66000366210938,404800
2022-12-14,64.55000305175781,65.13999938964844,63.959999084472656,64.68000030517578,64.68000030517578,332400
2022-12-15,63.9900016784668,63.9900016784668,62.779998779296875,63.189998626708984,63.189998626708984,257900
2022-12-16,62.5,63.43000030517578,62.099998474121094,63.22999954223633,63.22999954223633,416400
2022-12-19,63.22999954223633,63.689998626708984,61.90999984741211,62.31999969482422,62.31999969482422,190000
2022-12-20,62.040000915527344,63.63999938964844,61.90999984741211,63.41999816894531,63.41999816894531,216100
2022-12-21,63.689998626708984,64.41000366210938,61.650001525878906,63.59000015258789,63.59000015258789,184000
2022-12-22,63.209999084472656,63.209999084472656,62.029998779296875,62.790000915527344,62.790000915527344,166600
2022-12-23,62.5099983215332,62.86000061035156,61.9900016784668,62.650001525878906,62.650001525878906,106000
2022-12-27,62.7400016784668,62.7400016784668,61.84000015258789,62.380001068115234,62.380001068115234,131300
2022-12-28,62.45000076293945,62.869998931884766,61.529998779296875,61.63999938964844,61.63999938964844,114900
2022-12-29,62.119998931884766,63.25,61.439998626708984,62.970001220703125,62.970001220703125,118900
2022-12-30,62.66999816894531,63.13999938964844,62.16999816894531,62.84000015258789,62.84000015258789,202900
2023-01-03,63.310001373291016,64.26000213623047,62.709999084472656,63.90999984741211,63.90999984741211,169600
2023-01-04,64.26000213623047,64.9000015258789,64.0999984741211,64.76000213623047,64.76000213623047,195700
2023-01-05,64.36000061035156,64.62999725341797,63.72999954223633,64.08999633789062,64.08999633789062,142200
2023-01-06,64.58999633789062,65.69999694824219,64.3499984741211,65.69000244140625,65.69000244140625,175800
2023-01-09,65.94999694824219,66.88999938964844,65.36000061035156,65.51000213623047,65.51000213623047,148100
2023-01-10,65.29000091552734,65.61000061035156,64.33000183105469,64.73999786376953,64.73999786376953,147900
2023-01-11,60.75,62.0,53.20000076293945,55.459999084472656,55.459999084472656,1478500
2023-01-12,55.15999984741211,56.529998779296875,54.43000030517578,54.91999816894531,54.91999816894531,518800
2023-01-13,54.68000030517578,55.65999984741211,54.61000061035156,55.20000076293945,55.20000076293945,296000
2023-01-17,55.0,56.869998931884766,54.90999984741211,56.630001068115234,56.630001068115234,281200
2023-01-18,56.869998931884766,57.45000076293945,56.380001068115234,56.75,56.75,357500
2023-01-19,56.65999984741211,57.65999984741211,56.34000015258789,57.08000183105469,57.08000183105469,268500
2023-01-20,57.27000045776367,57.9900016784668,56.63999938964844,57.81999969482422,57.81999969482422,273700
2023-01-23,57.81999969482422,58.290000915527344,57.380001068115234,58.130001068115234,58.130001068115234,162200
2023-01-24,57.939998626708984,58.880001068115234,57.43000030517578,58.540000915527344,58.540000915527344,272200
2023-01-25,58.11000061035156,58.77000045776367,57.220001220703125,58.65999984741211,58.65999984741211,288700
2023-01-26,59.2599983215332,60.900001525878906,59.189998626708984,60.900001525878906,60.900001525878906,288900
2023-01-27,62.0,64.43000030517578,61.599998474121094,63.189998626708984,63.189998626708984,380600
2023-01-30,62.83000183105469,63.779998779296875,62.54999923706055,62.68000030517578,62.68000030517578,303100
2023-01-31,59.08000183105469,62.91999816894531,55.79999923706055,62.22999954223633,62.22999954223633,393800
2023-02-01,61.86000061035156,63.77000045776367,61.15999984741211,63.43000030517578,63.43000030517578,344100
2023-02-02,63.47999954223633,66.51000213623047,63.43000030517578,65.97000122070312,65.97000122070312,483800
2023-02-03,65.16000366210938,66.88999938964844,64.44999694824219,64.63999938964844,64.63999938964844,447300
2023-02-06,63.97999954223633,64.97000122070312,63.4900016784668,63.630001068115234,63.630001068115234,342100
2023-02-07,63.33000183105469,65.0,62.7599983215332,64.69000244140625,64.69000244140625,397800
2023-02-08,64.47000122070312,65.23999786376953,64.19999694824219,64.5,64.5,288200
2023-02-09,64.93000030517578,65.08000183105469,63.779998779296875,64.22000122070312,64.22000122070312,317900
2023-02-10,63.79999923706055,64.27999877929688,63.31999969482422,63.970001220703125,63.970001220703125,240500
2023-02-13,64.33000183105469,64.79000091552734,63.959999084472656,64.11000061035156,64.11000061035156,287900
2023-02-14,63.7599983215332,64.16000366210938,62.9900016784668,63.529998779296875,63.529998779296875,212000
2023-02-15,62.72999954223633,63.66999816894531,62.41999816894531,63.52000045776367,63.52000045776367,239800
2023-02-16,62.869998931884766,63.439998626708984,62.54999923706055,62.84000015258789,62.84000015258789,251300
2023-02-17,62.59000015258789,62.869998931884766,62.099998474121094,62.33000183105469,62.33000183105469,265200
2023-02-21,61.63999938964844,62.040000915527344,61.02000045776367,61.63999938964844,61.63999938964844,351600
2023-02-22,61.88999938964844,62.099998474121094,60.2400016784668,60.88999938964844,60.88999938964844,348100
2023-02-23,60.900001525878906,61.18000030517578,59.529998779296875,59.75,59.75,198800
2023-02-24,59.15999984741211,60.06999969482422,58.599998474121094,59.75,59.75,266100
2023-02-27,60.040000915527344,60.380001068115234,59.150001525878906,59.70000076293945,59.70000076293945,202700
2023-02-28,59.34000015258789,59.63999938964844,58.75,58.880001068115234,58.880001068115234,397200
2023-03-01,58.84000015258789,59.20000076293945,58.36000061035156,58.849998474121094,58.849998474121094,277300
2023-03-02,58.66999816894531,58.970001220703125,58.099998474121094,58.95000076293945,58.95000076293945,195400
2023-03-03,59.16999816894531,59.72999954223633,58.709999084472656,59.209999084472656,59.209999084472656,191900
2023-03-06,59.08000183105469,59.709999084472656,58.40999984741211,58.779998779296875,58.779998779296875,183400
2023-03-07,58.650001525878906,58.77000045776367,57.75,58.099998474121094,58.099998474121094,205600
2023-03-08,58.0099983215332,58.189998626708984,57.29999923706055,57.849998474121094,57.849998474121094,278700
2023-03-09,57.810001373291016,58.150001525878906,56.7400016784668,56.79999923706055,56.79999923706055,184300
2023-03-10,56.560001373291016,56.560001373291016,54.68000030517578,55.47999954223633,55.47999954223633,302800
2023-03-13,55.04999923706055,55.380001068115234,54.16999816894531,54.34000015258789,54.34000015258789,320400
2023-03-14,55.27000045776367,55.540000915527344,54.599998474121094,55.150001525878906,55.150001525878906,281000
2023-03-15,54.56999969482422,54.63999938964844,53.84000015258789,54.59000015258789,54.59000015258789,284800
2023-03-16,54.040000915527344,55.4900016784668,53.70000076293945,55.439998626708984,55.439998626708984,273600
2023-03-17,55.5,55.91999816894531,54.689998626708984,54.75,54.75,420600
2023-03-20,54.849998474121094,56.11000061035156,54.79999923706055,56.0099983215332,56.0099983215332,206100
2023-03-21,56.369998931884766,57.04999923706055,55.52000045776367,56.02000045776367,56.02000045776367,294200
2023-03-22,56.11000061035156,56.93000030517578,54.70000076293945,54.7599983215332,54.7599983215332,187300
2023-03-23,55.0099983215332,55.90999984741211,54.630001068115234,54.9900016784668,54.9900016784668,220700
2023-03-24,54.79999923706055,56.11000061035156,54.2400016784668,54.90999984741211,54.90999984741211,169500
2023-03-27,55.04999923706055,55.72999954223633,54.59000015258789,55.650001525878906,55.650001525878906,166800
2023-03-28,55.36000061035156,55.68000030517578,55.15999984741211,55.33000183105469,55.33000183105469,121600
2023-03-29,55.63999938964844,55.90999984741211,55.16999816894531,55.66999816894531,55.66999816894531,175700
2023-03-30,55.86000061035156,56.70000076293945,54.90999984741211,55.47999954223633,55.47999954223633,155900
2023-03-31,55.7599983215332,56.81999969482422,55.47999954223633,56.7400016784668,56.7400016784668,211500
2023-04-03,56.619998931884766,57.130001068115234,55.7599983215332,56.88999938964844,56.88999938964844,271900
2023-04-04,56.86000061035156,57.130001068115234,56.47999954223633,56.97999954223633,56.97999954223633,298400
2023-04-05,56.97999954223633,57.52000045776367,56.369998931884766,57.290000915527344,57.290000915527344,278000
2023-04-06,57.25,58.45000076293945,56.5,58.45000076293945,58.45000076293945,303600
2023-04-10,58.13999938964844,59.45000076293945,57.90999984741211,59.380001068115234,59.380001068115234,323600
2023-04-11,59.36000061035156,60.18000030517578,58.119998931884766,59.7400016784668,59.7400016784668,288900
2023-04-12,60.16999816894531,61.59000015258789,60.04999923706055,60.91999816894531,60.91999816894531,373500
2023-04-13,61.060001373291016,61.83000183105469,60.81999969482422,61.43000030517578,61.43000030517578,519200
2023-04-14,61.380001068115234,61.849998474121094,60.81999969482422,61.119998931884766,61.119998931884766,239500
2023-04-17,61.15999984741211,61.36000061035156,60.189998626708984,61.02000045776367,61.02000045776367,234300
2023-04-18,61.2599983215332,61.310001373291016,60.060001373291016,60.15999984741211,60.15999984741211,362800
2023-04-19,59.97999954223633,60.20000076293945,58.849998474121094,58.90999984741211,58.90999984741211,243500
2023-04-20,58.59000015258789,59.11000061035156,57.970001220703125,58.20000076293945,58.20000076293945,367900
2023-04-21,58.290000915527344,58.70000076293945,58.060001373291016,58.13999938964844,58.13999938964844,241600
2023-04-24,57.83000183105469,58.400001525878906,57.369998931884766,58.349998474121094,58.349998474121094,210300
2023-04-25,57.90999984741211,58.47999954223633,57.08000183105469,58.08000183105469,58.08000183105469,323200
2023-04-26,57.849998474121094,58.45000076293945,56.7599983215332,57.439998626708984,57.439998626708984,267700
2023-04-27,57.63999938964844,58.380001068115234,57.459999084472656,58.20000076293945,58.20000076293945,189200
2023-04-28,57.849998474121094,58.900001525878906,57.849998474121094,58.27000045776367,58.27000045776367,297200
2023-05-01,57.939998626708984,59.13999938964844,57.900001525878906,58.349998474121094,58.349998474121094,339200
2023-05-02,60.52000045776367,62.0,58.66999816894531,61.45000076293945,61.45000076293945,422800
2023-05-03,61.869998931884766,63.560001373291016,61.150001525878906,61.2400016784668,61.2400016784668,503900
2023-05-04,60.83000183105469,61.83000183105469,60.43000030517578,60.849998474121094,60.849998474121094,312100
2023-05-05,61.34000015258789,61.880001068115234,60.83000183105469,61.150001525878906,61.150001525878906,339100
2023-05-08,61.04999923706055,62.310001373291016,60.959999084472656,61.68000030517578,61.68000030517578,338600
2023-05-09,61.75,62.29999923706055,61.36000061035156,61.90999984741211,61.90999984741211,387800
2023-05-10,62.470001220703125,63.20000076293945,62.470001220703125,62.880001068115234,62.880001068115234,397400
2023-05-11,62.81999969482422,63.16999816894531,61.81999969482422,62.22999954223633,62.22999954223633,603800
2023-05-12,62.33000183105469,63.22999954223633,62.209999084472656,62.95000076293945,62.95000076293945,287900
2023-05-15,62.91999816894531,63.58000183105469,62.63999938964844,63.27000045776367,63.27000045776367,241900
2023-05-16,62.849998474121094,63.599998474121094,62.43000030517578,63.36000061035156,63.36000061035156,413100
2023-05-17,63.27000045776367,64.41000366210938,63.0,64.30999755859375,64.30999755859375,498000
2023-05-18,64.27999877929688,65.51000213623047,64.0,65.45999908447266,65.45999908447266,510100
2023-05-19,66.0,66.0,65.2699966430664,65.62999725341797,65.62999725341797,324600
2023-05-22,65.5,67.5199966430664,65.41999816894531,67.22000122070312,67.22000122070312,543100
2023-05-23,66.83000183105469,67.80999755859375,66.66999816894531,66.91000366210938,66.91000366210938,440600
2023-05-24,66.58000183105469,67.48999786376953,66.5,67.18000030517578,67.18000030517578,379600
2023-05-25,67.26000213623047,68.68000030517578,67.08999633789062,68.6500015258789,68.6500015258789,408100
2023-05-26,68.56999969482422,70.06999969482422,68.20999908447266,69.4800033569336,69.4800033569336,491300
2023-05-30,69.77999877929688,69.87000274658203,69.33000183105469,69.4000015258789,69.4000015258789,278000
2023-05-31,69.0199966430664,69.98999786376953,68.87999725341797,69.69000244140625,69.69000244140625,1040800
2023-06-01,69.2699966430664,69.9800033569336,69.1500015258789,69.66999816894531,69.66999816894531,213400
2023-06-02,69.98999786376953,71.66000366210938,69.19999694824219,71.44000244140625,71.44000244140625,482400
2023-06-05,70.8499984741211,71.2300033569336,69.56999969482422,71.02999877929688,71.02999877929688,393800
2023-06-06,71.0999984741211,71.95999908447266,71.0199966430664,71.52999877929688,71.52999877929688,630900
2023-06-07,71.29000091552734,72.44000244140625,70.87999725341797,71.37999725341797,71.37999725341797,659000
2023-06-08,71.2699966430664,71.66000366210938,70.66999816894531,71.13999938964844,71.13999938964844,288100
2023-06-09,71.04000091552734,71.81999969482422,70.77999877929688,70.9800033569336,70.9800033569336,653200
2023-06-12,70.94000244140625,71.2300033569336,70.58000183105469,71.02999877929688,71.02999877929688,280500
2023-06-13,71.44000244140625,71.69000244140625,70.36000061035156,70.7699966430664,70.7699966430664,462600
2023-06-14,70.37000274658203,71.45999908447266,70.0999984741211,70.5199966430664,70.5199966430664,420100
2023-06-15,70.0999984741211,71.12999725341797,69.97000122070312,70.93000030517578,70.93000030517578,352500
2023-06-16,71.66999816894531,72.0999984741211,70.68000030517578,72.08000183105469,72.08000183105469,987000
2023-06-20,71.75,72.37999725341797,71.30999755859375,71.68000030517578,71.68000030517578,346100
2023-06-21,71.38999938964844,71.38999938964844,70.4800033569336,71.01000213623047,71.01000213623047,284500
2023-06-22,70.94000244140625,71.76000213623047,70.58000183105469,71.76000213623047,71.76000213623047,313900
2023-06-23,71.36000061035156,72.1500015258789,71.23999786376953,71.3499984741211,71.3499984741211,756500
2023-06-26,71.19999694824219,71.55000305175781,69.94000244140625,69.97000122070312,69.97000122070312,266900
2023-06-27,70.20999908447266,70.66999816894531,69.62999725341797,70.38999938964844,70.38999938964844,181400
2023-06-28,70.3499984741211,71.93000030517578,69.80999755859375,71.91000366210938,71.91000366210938,279200
2023-06-29,72.04000091552734,72.9000015258789,71.61000061035156,72.44000244140625,72.44000244140625,227500
2023-06-30,72.83000183105469,73.23999786376953,72.61000061035156,72.62000274658203,72.62000274658203,426000
2023-07-03,72.6500015258789,73.08000183105469,72.44000244140625,72.44000244140625,72.44000244140625,159900
2023-07-05,72.08999633789062,72.45999908447266,71.63999938964844,72.16999816894531,72.16999816894531,248900
2023-07-06,71.72000122070312,72.19999694824219,71.25,72.02999877929688,72.02999877929688,186900
2023-07-07,71.94000244140625,72.7699966430664,71.83000183105469,72.31999969482422,72.31999969482422,229600
2023-07-10,72.36000061035156,74.20999908447266,72.36000061035156,74.20999908447266,74.20999908447266,319800
2023-07-11,74.31999969482422,74.94999694824219,73.86000061035156,74.77999877929688,74.77999877929688,247300
2023-07-12,75.41000366210938,75.86000061035156,74.5999984741211,74.81999969482422,74.81999969482422,205700
2023-07-13,75.01000213623047,75.5199966430664,74.62999725341797,75.41999816894531,75.41999816894531,248900
2023-07-14,75.44000244140625,75.9000015258789,75.27999877929688,75.77999877929688,75.77999877929688,191800
2023-07-17,75.56999969482422,76.87000274658203,75.56999969482422,76.3499984741211,76.3499984741211,213900
2023-07-18,76.26000213623047,76.86000061035156,75.63999938964844,76.8499984741211,76.8499984741211,213900
2023-07-19,77.0,77.5199966430664,76.5,76.6500015258789,76.6500015258789,196800
2023-07-20,76.80000305175781,77.0199966430664,75.72000122070312,75.95999908447266,75.95999908447266,163800
2023-07-21,76.41000366210938,76.98999786376953,75.26000213623047,75.41000366210938,75.41000366210938,232600
2023-07-24,75.61000061035156,75.76000213623047,75.01000213623047,75.43000030517578,75.43000030517578,165800
2023-07-25,75.41000366210938,76.75,75.41000366210938,76.3499984741211,76.3499984741211,249400
2023-07-26,76.22000122070312,77.0,76.19999694824219,76.76000213623047,76.76000213623047,205500
2023-07-27,77.2300033569336,77.88999938964844,76.72000122070312,77.3499984741211,77.3499984741211,241900
2023-07-28,77.58000183105469,78.2699966430664,77.43000030517578,77.88999938964844,77.88999938964844,267300
2023-07-31,77.91000366210938,78.80000305175781,77.52999877929688,77.93000030517578,77.93000030517578,381700
2023-08-01,74.52999877929688,75.5,71.33000183105469,73.4000015258789,73.4000015258789,535900
2023-08-02,73.08999633789062,73.25,70.38999938964844,70.4800033569336,70.4800033569336,420600
2023-08-03,70.33999633789062,71.4800033569336,69.87999725341797,71.41000366210938,71.41000366210938,381800
2023-08-04,71.58000183105469,71.86000061035156,70.77999877929688,70.94999694824219,70.94999694824219,230400
2023-08-07,71.44000244140625,71.54000091552734,70.5,71.19999694824219,71.19999694824219,216000
2023-08-08,70.55999755859375,70.55999755859375,68.5,68.8499984741211,68.8499984741211,225500
2023-08-09,68.79000091552734,69.05999755859375,68.23999786376953,68.27999877929688,68.27999877929688,264600
2023-08-10,68.44999694824219,69.55000305175781,68.33000183105469,69.38999938964844,69.38999938964844,242000
2023-08-11,69.44000244140625,70.22000122070312,69.0999984741211,69.69000244140625,69.69000244140625,200800
2023-08-14,69.61000061035156,70.56999969482422,69.38999938964844,70.23999786376953,70.23999786376953,236800
2023-08-15,69.87999725341797,70.05000305175781,68.69000244140625,68.80999755859375,68.80999755859375,349700
2023-08-16,68.66000366210938,69.43000030517578,68.36000061035156,68.94000244140625,68.94000244140625,312000
2023-08-17,69.22000122070312,70.26000213623047,68.94000244140625,69.41999816894531,69.41999816894531,294800
2023-08-18,69.0,69.55000305175781,68.73999786376953,68.94000244140625,68.94000244140625,621400
2023-08-21,68.94000244140625,69.75,68.30000305175781,68.3499984741211,68.3499984741211,205300
2023-08-22,68.5,69.33000183105469,68.05000305175781,68.51000213623047,68.51000213623047,458000
2023-08-23,68.88999938964844,69.68000030517578,68.62999725341797,69.52999877929688,69.52999877929688,246800
2023-08-24,69.44000244140625,69.7699966430664,67.91000366210938,67.91000366210938,67.91000366210938,215200
2023-08-25,67.9800033569336,68.73999786376953,67.5,68.23999786376953,68.23999786376953,229900
2023-08-28,68.31999969482422,69.12999725341797,68.16000366210938,68.41000366210938,68.41000366210938,181300
2023-08-29,68.2699966430664,69.11000061035156,68.26000213623047,68.81999969482422,68.81999969482422,220500
2023-08-30,68.55999755859375,69.25,68.37999725341797,68.9000015258789,68.9000015258789,188100
2023-08-31,68.9000015258789,69.61000061035156,68.26000213623047,68.30999755859375,68.30999755859375,300300
2023-09-01,68.69000244140625,69.05000305175781,68.05999755859375,68.23999786376953,68.23999786376953,172300
2023-09-05,67.72000122070312,68.19000244140625,66.95999908447266,67.79000091552734,67.79000091552734,240300
2023-09-06,67.9800033569336,68.4000015258789,67.44999694824219,67.68000030517578,67.68000030517578,178200
2023-09-07,67.69000244140625,67.91999816894531,67.27999877929688,67.55999755859375,67.55999755859375,188300
2023-09-08,67.7300033569336,68.29000091552734,67.66000366210938,68.08000183105469,68.08000183105469,154100
2023-09-11,68.5,68.72000122070312,67.95999908447266,68.58000183105469,68.58000183105469,178200
2023-09-12,68.18000030517578,68.62000274658203,67.95999908447266,68.16000366210938,68.16000366210938,140700
2023-09-13,68.1500015258789,68.62999725341797,67.80000305175781,68.55000305175781,68.55000305175781,203400
2023-09-14,68.75,69.33999633789062,68.58999633789062,68.80000305175781,68.80000305175781,197900
2023-09-15,68.80999755859375,68.80999755859375,67.47000122070312,67.7300033569336,67.7300033569336,509300
2023-09-18,67.7300033569336,68.45999908447266,67.37999725341797,67.98999786376953,67.98999786376953,174700
2023-09-19,68.0199966430664,68.61000061035156,67.5999984741211,68.43000030517578,68.43000030517578,163700
2023-09-20,68.48999786376953,69.19999694824219,68.48999786376953,68.5999984741211,68.5999984741211,204800
2023-09-21,68.26000213623047,68.69000244140625,67.63999938964844,67.66000366210938,67.66000366210938,256800
2023-09-22,67.81999969482422,68.81999969482422,67.81999969482422,68.08999633789062,68.08999633789062,177400
2023-09-25,67.77999877929688,69.29000091552734,67.77999877929688,69.22000122070312,69.22000122070312,177400
2023-09-26,69.0,69.38999938964844,67.55999755859375,67.76000213623047,67.76000213623047,168000
2023-09-27,67.97000122070312,68.5199966430664,67.41000366210938,68.08999633789062,68.08999633789062,190000
2023-09-28,67.8499984741211,68.20999908447266,67.29000091552734,68.13999938964844,68.13999938964844,195300
2023-09-29,68.41999816894531,68.62000274658203,67.33999633789062,67.61000061035156,67.61000061035156,168300
2023-10-02,67.55999755859375,68.48999786376953,67.23999786376953,68.29000091552734,68.29000091552734,162600
2023-10-03,68.0199966430664,68.86000061035156,66.91000366210938,67.08000183105469,67.08000183105469,181300
2023-10-04,67.19999694824219,68.0,67.05999755859375,67.83000183105469,67.83000183105469,169300
2023-10-05,67.62999725341797,68.04000091552734,67.12000274658203,67.72000122070312,67.72000122070312,218500
2023-10-06,67.58999633789062,69.2699966430664,67.58999633789062,68.63999938964844,68.63999938964844,142300
2023-10-09,68.25,69.11000061035156,67.47000122070312,68.86000061035156,68.86000061035156,154700
2023-10-10,68.86000061035156,69.76000213623047,68.86000061035156,69.05000305175781,69.05000305175781,172200
2023-10-11,69.30000305175781,69.76000213623047,68.04000091552734,69.27999877929688,69.27999877929688,203700
2023-10-12,69.30000305175781,69.30000305175781,67.25,67.37000274658203,67.37000274658203,322700
2023-10-13,67.27999877929688,67.97000122070312,65.91000366210938,66.91999816894531,66.91999816894531,261300
2023-10-16,67.33000183105469,68.04000091552734,67.29000091552734,67.48999786376953,67.48999786376953,221300
2023-10-17,67.25,69.20999908447266,67.16000366210938,68.73999786376953,68.73999786376953,353700
2023-10-18,68.3499984741211,68.7300033569336,67.66000366210938,67.75,67.75,257100
2023-10-19,67.66000366210938,68.29000091552734,67.12000274658203,67.36000061035156,67.36000061035156,241600
2023-10-20,67.62999725341797,67.62999725341797,65.91999816894531,66.25,66.25,231900
2023-10-23,66.0999984741211,66.33999633789062,65.48999786376953,65.77999877929688,65.77999877929688,167800
2023-10-24,66.19000244140625,66.68000030517578,65.58000183105469,66.2300033569336,66.2300033569336,151200
2023-10-25,65.91000366210938,66.25,63.70000076293945,63.90999984741211,63.90999984741211,254300
2023-10-26,64.08000183105469,65.7300033569336,63.7599983215332,63.9900016784668,63.9900016784668,170700
2023-10-27,64.05000305175781,64.38999938964844,63.720001220703125,64.12000274658203,64.12000274658203,353100
2023-10-30,64.47000122070312,65.70999908447266,64.4000015258789,65.27999877929688,65.27999877929688,283600
2023-10-31,66.98999786376953,67.3499984741211,65.05999755859375,65.3499984741211,65.3499984741211,235800
2023-11-01,65.31999969482422,65.91999816894531,64.33000183105469,65.47000122070312,65.47000122070312,276500
2023-11-02,66.19000244140625,66.44000244140625,65.43000030517578,65.97000122070312,65.97000122070312,267700
2023-11-03,66.31999969482422,67.5999984741211,66.16999816894531,67.41999816894531,67.41999816894531,225300
2023-11-06,67.23999786376953,67.70999908447266,66.80000305175781,67.62999725341797,67.62999725341797,702300
2023-11-07,67.91999816894531,69.79000091552734,67.87999725341797,69.38999938964844,69.38999938964844,527500
2023-11-08,69.62000274658203,69.94000244140625,69.16000366210938,69.47000122070312,69.47000122070312,295200
2023-11-09,69.72000122070312,70.19000244140625,68.87000274658203,68.94999694824219,68.94999694824219,403200
2023-11-10,69.19999694824219,70.55000305175781,69.05000305175781,70.3499984741211,70.3499984741211,357600
2023-11-13,69.9800033569336,71.0,69.77999877929688,70.5,70.5,323700
2023-11-14,71.0,71.86000061035156,70.72000122070312,71.75,71.75,273800
2023-11-15,71.7300033569336,72.0,71.0999984741211,71.19999694824219,71.19999694824219,224400
2023-11-16,70.80999755859375,71.29000091552734,68.0199966430664,69.0999984741211,69.0999984741211,407700
2023-11-17,69.13999938964844,69.8499984741211,68.9000015258789,69.38999938964844,69.38999938964844,635400
2023-11-20,69.55999755859375,71.05000305175781,69.0999984741211,71.05000305175781,71.05000305175781,340100
2023-11-21,70.55000305175781,71.55999755859375,70.55000305175781,71.36000061035156,71.36000061035156,274400
2023-11-22,71.68000030517578,72.37000274658203,69.72000122070312,70.43000030517578,70.43000030517578,316500
2023-11-24,70.30000305175781,71.13999938964844,70.30000305175781,71.0999984741211,71.0999984741211,86100
2023-11-27,70.72000122070312,73.12000274658203,70.72000122070312,72.95999908447266,72.95999908447266,333400
2023-11-28,72.58999633789062,72.83999633789062,72.19999694824219,72.81999969482422,72.81999969482422,238900
2023-11-29,73.47000122070312,74.06999969482422,72.80999755859375,73.1500015258789,73.1500015258789,293200
2023-11-30,73.2699966430664,73.62999725341797,72.76000213623047,73.58000183105469,73.58000183105469,343000
2023-12-01,73.51000213623047,75.22000122070312,73.05000305175781,75.20999908447266,75.20999908447266,284700
2023-12-04,75.0,76.61000061035156,74.83000183105469,76.12999725341797,76.12999725341797,258000
2023-12-05,75.80000305175781,76.33999633789062,74.1500015258789,76.29000091552734,76.29000091552734,271900
2023-12-06,76.4000015258789,76.9000015258789,74.72000122070312,74.83000183105469,74.83000183105469,217900
2023-12-07,75.04000091552734,75.69000244140625,74.63999938964844,75.37000274658203,75.37000274658203,268500
2023-12-08,75.3499984741211,76.05000305175781,74.79000091552734,75.23999786376953,75.23999786376953,141100
2023-12-11,74.94000244140625,75.94999694824219,74.94000244140625,75.48999786376953,75.48999786376953,212300
2023-12-12,75.56999969482422,75.97000122070312,75.22000122070312,75.80999755859375,75.80999755859375,191700
2023-12-13,75.80999755859375,76.69999694824219,75.3499984741211,76.62000274658203,76.62000274658203,295100
2023-12-14,76.7699966430664,77.7699966430664,76.36000061035156,77.66999816894531,77.66999816894531,404600
2023-12-15,77.94000244140625,78.62999725341797,77.2300033569336,78.08000183105469,78.08000183105469,499400
2023-12-18,78.0,79.69000244140625,77.43000030517578,79.33999633789062,79.33999633789062,258900
2023-12-19,79.5,80.87999725341797,79.5,80.48999786376953,80.48999786376953,315100
2023-12-20,80.16999816894531,80.69999694824219,78.83999633789062,78.87000274658203,78.87000274658203,382800
2023-12-21,79.69000244140625,79.80000305175781,78.58000183105469,79.41000366210938,79.41000366210938,202800
2023-12-22,79.75,80.37000274658203,79.45999908447266,79.91999816894531,79.91999816894531,136400
2023-12-26,80.23999786376953,80.79000091552734,79.94999694824219,80.47000122070312,80.47000122070312,151500
2023-12-27,80.48999786376953,80.87000274658203,80.18000030517578,80.58000183105469,80.58000183105469,138000
2023-12-28,80.62000274658203,80.80000305175781,80.4000015258789,80.66999816894531,80.66999816894531,157800
2023-12-29,80.80000305175781,81.0,79.66999816894531,79.8499984741211,79.8499984741211,265100
2024-01-02,79.33000183105469,79.33000183105469,75.94999694824219,76.97000122070312,76.97000122070312,238900
2024-01-03,76.6500015258789,77.55000305175781,75.94000244140625,75.94000244140625,75.94000244140625,215300
2024-01-04,76.05999755859375,76.55999755859375,75.12999725341797,75.37999725341797,75.37999725341797,185200
2024-01-05,74.83000183105469,75.16999816894531,73.33000183105469,73.97000122070312,73.97000122070312,429800
2024-01-08,74.19000244140625,75.62999725341797,73.8499984741211,75.29000091552734,75.29000091552734,245900
2024-01-09,74.62999725341797,76.05000305175781,74.47000122070312,75.48999786376953,75.48999786376953,153000
2024-01-10,75.30000305175781,77.0199966430664,75.30000305175781,76.83000183105469,76.83000183105469,155100
2024-01-11,77.0,77.41999816894531,76.04000091552734,77.2699966430664,77.2699966430664,372600
2024-01-12,78.0199966430664,78.58999633789062,77.66000366210938,78.27999877929688,78.27999877929688,221900
2024-01-16,77.83000183105469,78.83000183105469,77.66000366210938,78.33999633789062,78.33999633789062,221800
2024-01-17,77.54000091552734,77.87999725341797,77.30999755859375,77.66000366210938,77.66000366210938,207000
2024-01-18,78.08000183105469,78.62999725341797,77.55999755859375,78.23999786376953,78.23999786376953,179200
2024-01-19,78.7699966430664,79.41000366210938,78.30000305175781,79.0199966430664,79.0199966430664,227300
2024-01-22,79.76000213623047,80.87999725341797,79.58999633789062,80.26000213623047,80.26000213623047,212800
2024-01-23,80.80000305175781,80.80000305175781,79.80000305175781,79.83000183105469,79.83000183105469,185000
2024-01-24,80.33000183105469,80.88999938964844,79.97000122070312,80.08000183105469,80.08000183105469,213200
2024-01-25,81.0,81.2699966430664,79.48999786376953,79.97000122070312,79.97000122070312,179700
2024-01-26,80.41999816894531,80.4800033569336,79.38999938964844,79.68000030517578,79.68000030517578,175300
2024-01-29,79.6500015258789,81.5199966430664,79.44000244140625,81.51000213623047,81.51000213623047,380600
2024-01-30,85.0,92.79000091552734,83.5999984741211,88.06999969482422,88.06999969482422,1143800
2024-01-31,90.87999725341797,92.80999755859375,88.33999633789062,91.68000030517578,91.68000030517578,738600
2024-02-01,91.13999938964844,94.8499984741211,90.62999725341797,94.63999938964844,94.63999938964844,690800
2024-02-02,93.75,96.12000274658203,92.93000030517578,95.29000091552734,95.29000091552734,481200
2024-02-05,94.56999969482422,95.47000122070312,92.23999786376953,93.48999786376953,93.48999786376953,301200
2024-02-06,93.44999694824219,94.13999938964844,92.16000366210938,92.95999908447266,92.95999908447266,231100
2024-02-07,93.37999725341797,93.94999694824219,93.05999755859375,93.41000366210938,93.41000366210938,263700
2024-02-08,93.44000244140625,95.0,93.27999877929688,93.91999816894531,93.91999816894531,420600
2024-02-09,94.08999633789062,95.68000030517578,94.08999633789062,94.87000274658203,94.87000274658203,269100
2024-02-12,95.0,95.0,92.44999694824219,92.91000366210938,92.91000366210938,306400
2024-02-13,91.22000122070312,92.47000122070312,90.55000305175781,91.5199966430664,91.5199966430664,282300
2024-02-14,92.5199966430664,94.83999633789062,92.4000015258789,94.44000244140625,94.44000244140625,410600
2024-02-15,94.25,94.72000122070312,93.1500015258789,94.63999938964844,94.63999938964844,311600
2024-02-16,94.47000122070312,94.47000122070312,92.9000015258789,93.77999877929688,93.77999877929688,561900
2024-02-20,92.91999816894531,93.29000091552734,91.7699966430664,92.31999969482422,92.31999969482422,243700
2024-02-21,92.91999816894531,92.06999969482422,90.32499694824219,91.6050033569336,91.6050033569336,119991
