Date,Open,High,Low,Close,Adj Close,Volume
2021-07-23,10.699999809265137,11.15999984741211,10.604000091552734,10.819999694824219,10.819999694824219,1346700
2021-07-26,10.699999809265137,10.899999618530273,10.531000137329102,10.65999984741211,10.65999984741211,46800
2021-07-27,10.65999984741211,10.710000038146973,10.600000381469727,10.600000381469727,10.600000381469727,24800
2021-07-28,10.75,10.765000343322754,10.569999694824219,10.569999694824219,10.569999694824219,93100
2021-07-29,10.729999542236328,10.850000381469727,10.675000190734863,10.800000190734863,10.800000190734863,18100
2021-07-30,10.843000411987305,10.9399995803833,10.630000114440918,10.649999618530273,10.649999618530273,19700
2021-08-02,10.699999809265137,10.880000114440918,10.555999755859375,10.850000381469727,10.850000381469727,52600
2021-08-03,10.760000228881836,10.84000015258789,10.567999839782715,10.800000190734863,10.800000190734863,68700
2021-08-04,10.739999771118164,11.069999694824219,10.640000343322754,10.989999771118164,10.989999771118164,51700
2021-08-05,10.720999717712402,10.994999885559082,10.720999717712402,10.989999771118164,10.989999771118164,18600
2021-08-06,11.100000381469727,11.100000381469727,10.800000190734863,10.949999809265137,10.949999809265137,5300
2021-08-09,10.979999542236328,11.0,10.770000457763672,10.989999771118164,10.989999771118164,11400
2021-08-10,10.949999809265137,10.949999809265137,10.711999893188477,10.895000457763672,10.895000457763672,29400
2021-08-11,11.0,11.053999900817871,10.770000457763672,10.979999542236328,10.979999542236328,38800
2021-08-12,10.760000228881836,12.343000411987305,10.760000228881836,11.600000381469727,11.600000381469727,53600
2021-08-13,11.640000343322754,11.854999542236328,11.25,11.359999656677246,11.359999656677246,10000
2021-08-16,11.180000305175781,11.180000305175781,11.180000305175781,11.180000305175781,11.180000305175781,400
2021-08-17,11.210000038146973,11.640000343322754,11.180000305175781,11.5,11.5,121600
2021-08-18,11.51200008392334,12.47599983215332,11.51200008392334,12.399999618530273,12.399999618530273,10100
2021-08-19,12.010000228881836,12.399999618530273,11.866999626159668,12.0,12.0,27500
2021-08-20,12.109999656677246,12.399999618530273,11.6850004196167,12.390000343322754,12.390000343322754,20900
2021-08-23,12.399999618530273,12.569999694824219,12.34000015258789,12.5,12.5,47400
2021-08-24,12.109999656677246,13.350000381469727,12.109999656677246,12.850000381469727,12.850000381469727,29700
2021-08-25,13.0,13.859999656677246,12.5,13.779999732971191,13.779999732971191,16600
2021-08-26,13.40999984741211,14.279999732971191,12.569999694824219,13.90999984741211,13.90999984741211,48300
2021-08-27,13.800000190734863,13.800000190734863,12.994999885559082,13.100000381469727,13.100000381469727,14300
2021-08-30,13.0,13.149999618530273,12.529999732971191,12.779999732971191,12.779999732971191,26500
2021-08-31,12.75,13.364999771118164,12.699999809265137,13.100000381469727,13.100000381469727,62400
2021-09-01,12.8149995803833,13.069999694824219,12.800000190734863,12.930000305175781,12.930000305175781,39300
2021-09-02,13.0,13.199999809265137,12.802000045776367,12.970000267028809,12.970000267028809,34800
2021-09-03,12.954999923706055,13.199999809265137,12.9399995803833,12.9399995803833,12.9399995803833,25000
2021-09-07,12.859999656677246,12.970000267028809,12.0,12.119999885559082,12.119999885559082,32400
2021-09-08,13.75,13.75,12.399999618530273,12.789999961853027,12.789999961853027,13400
2021-09-09,12.680000305175781,13.140000343322754,12.220000267028809,12.470000267028809,12.470000267028809,8900
2021-09-10,12.253999710083008,12.960000038146973,12.199999809265137,12.630000114440918,12.630000114440918,7500
2021-09-13,12.25,12.430000305175781,12.149999618530273,12.199999809265137,12.199999809265137,14800
2021-09-14,12.359999656677246,13.0,12.199999809265137,12.470000267028809,12.470000267028809,12000
2021-09-15,12.300000190734863,12.350000381469727,12.199999809265137,12.199999809265137,12.199999809265137,24800
2021-09-16,12.210000038146973,12.210000038146973,12.0,12.100000381469727,12.100000381469727,97600
2021-09-17,12.220000267028809,12.5,11.4399995803833,12.0,12.0,193500
2021-09-20,11.890000343322754,12.4399995803833,11.510000228881836,11.510000228881836,11.510000228881836,29000
2021-09-21,12.890000343322754,12.890000343322754,11.6899995803833,11.699999809265137,11.699999809265137,17200
2021-09-22,11.979999542236328,13.180000305175781,11.800000190734863,11.819999694824219,11.819999694824219,14700
2021-09-23,11.75,12.149999618530273,11.649999618530273,12.119999885559082,12.119999885559082,46000
2021-09-24,11.899999618530273,12.190999984741211,11.75,12.170000076293945,12.170000076293945,10600
2021-09-27,11.75,12.239999771118164,11.75,12.050000190734863,12.050000190734863,12400
2021-09-28,12.100000381469727,12.100000381469727,12.050000190734863,12.050000190734863,12.050000190734863,9200
2021-09-29,12.050000190734863,12.199999809265137,12.050000190734863,12.050000190734863,12.050000190734863,2600
2021-09-30,12.1899995803833,12.199999809265137,12.050000190734863,12.199999809265137,12.199999809265137,4000
2021-10-01,12.229999542236328,12.380000114440918,12.100000381469727,12.300000190734863,12.300000190734863,146600
2021-10-04,12.675000190734863,12.920000076293945,12.40999984741211,12.75,12.75,3400
2021-10-05,12.260000228881836,12.779999732971191,12.260000228881836,12.699999809265137,12.699999809265137,3800
2021-10-06,12.390000343322754,12.699999809265137,12.390000343322754,12.630000114440918,12.630000114440918,1100
2021-10-07,12.3100004196167,12.65999984741211,12.3100004196167,12.359999656677246,12.359999656677246,900
2021-10-08,12.350000381469727,12.5,12.140000343322754,12.40999984741211,12.40999984741211,1400
2021-10-11,12.4399995803833,12.569999694824219,12.270000457763672,12.54699993133545,12.54699993133545,2000
2021-10-12,12.253000259399414,12.550000190734863,12.253000259399414,12.550000190734863,12.550000190734863,2400
2021-10-13,12.531999588012695,12.5600004196167,12.531999588012695,12.5600004196167,12.5600004196167,600
2021-10-14,12.5,12.75,12.5,12.75,12.75,1400
2021-10-15,12.713000297546387,12.75,12.281000137329102,12.619999885559082,12.619999885559082,5100
2021-10-18,12.744999885559082,12.744999885559082,12.699999809265137,12.699999809265137,12.699999809265137,1700
2021-10-19,12.850000381469727,13.0,12.850000381469727,13.0,13.0,1600
2021-10-20,12.791000366210938,12.791000366210938,12.600000381469727,12.789999961853027,12.789999961853027,56500
2021-10-21,12.789999961853027,12.789999961853027,12.789999961853027,12.789999961853027,12.789999961853027,0
2021-10-22,12.260000228881836,12.770000457763672,12.260000228881836,12.770000457763672,12.770000457763672,800
2021-10-25,12.770000457763672,12.800000190734863,12.770000457763672,12.800000190734863,12.800000190734863,1100
2021-10-26,12.420000076293945,12.989999771118164,11.979999542236328,12.970000267028809,12.970000267028809,7300
2021-10-27,13.0,13.0,12.199999809265137,12.930000305175781,12.930000305175781,5000
2021-10-28,12.305999755859375,13.0,12.305999755859375,13.0,13.0,5500
2021-10-29,12.920000076293945,12.920000076293945,12.479999542236328,12.479999542236328,12.479999542236328,500
2021-11-01,12.899999618530273,13.104999542236328,12.899999618530273,13.020000457763672,13.020000457763672,38200
2021-11-02,13.25,13.25,13.067999839782715,13.149999618530273,13.149999618530273,27100
2021-11-03,13.199999809265137,13.25,13.100000381469727,13.25,13.25,6200
2021-11-04,13.380000114440918,13.729999542236328,13.380000114440918,13.729999542236328,13.729999542236328,1100
2021-11-05,14.0,14.260000228881836,13.600000381469727,13.75,13.75,9000
2021-11-08,13.600000381469727,13.800000190734863,13.15999984741211,13.800000190734863,13.800000190734863,2900
2021-11-09,13.800000190734863,13.800000190734863,13.045999526977539,13.350000381469727,13.350000381469727,5200
2021-11-10,12.85099983215332,15.0,12.85099983215332,13.989999771118164,13.989999771118164,2900
2021-11-11,13.949999809265137,18.75,13.260000228881836,15.289999961853027,15.289999961853027,18400
2021-11-12,14.3100004196167,14.930000305175781,12.649999618530273,14.460000038146973,14.460000038146973,13900
2021-11-15,14.020000457763672,14.913000106811523,14.020000457763672,14.229999542236328,14.229999542236328,17300
2021-11-16,13.649999618530273,14.5,13.649999618530273,14.5,14.5,4300
2021-11-17,15.220000267028809,16.0,14.75,14.869999885559082,14.869999885559082,8800
2021-11-18,15.0,15.449999809265137,14.800000190734863,15.449999809265137,15.449999809265137,3300
2021-11-19,15.0,15.029999732971191,14.829999923706055,14.829999923706055,14.829999923706055,1100
2021-11-22,14.9399995803833,15.569999694824219,14.880000114440918,14.880000114440918,14.880000114440918,7700
2021-11-23,15.0,15.050000190734863,14.704999923706055,14.800000190734863,14.800000190734863,8100
2021-11-24,15.050000190734863,15.050000190734863,14.569999694824219,15.029999732971191,15.029999732971191,12700
2021-11-26,15.050000190734863,15.050000190734863,14.760000228881836,15.031999588012695,15.031999588012695,4100
2021-11-29,15.399999618530273,15.425000190734863,14.869999885559082,14.869999885559082,14.869999885559082,16100
2021-11-30,15.100000381469727,15.149999618530273,14.784000396728516,15.0,15.0,9900
2021-12-01,15.0600004196167,15.399999618530273,14.770000457763672,15.25,15.25,19300
2021-12-02,15.25,15.930000305175781,15.0,15.399999618530273,15.399999618530273,11300
2021-12-03,15.449999809265137,15.449999809265137,14.75,15.350000381469727,15.350000381469727,13700
2021-12-06,15.420000076293945,16.024999618530273,14.800000190734863,15.789999961853027,15.789999961853027,92700
2021-12-07,15.579999923706055,16.030000686645508,15.350000381469727,15.890000343322754,15.890000343322754,31400
2021-12-08,15.65999984741211,16.0,15.380000114440918,15.53499984741211,15.53499984741211,17200
2021-12-09,15.880000114440918,16.0,15.489999771118164,15.640000343322754,15.640000343322754,12300
2021-12-10,15.579000473022461,15.800000190734863,15.289999961853027,15.390000343322754,15.390000343322754,20000
2021-12-13,15.220000267028809,15.880000114440918,13.069999694824219,13.520000457763672,13.520000457763672,62800
2021-12-14,13.5,14.0,13.3100004196167,13.789999961853027,13.789999961853027,27400
2021-12-15,13.5,13.869999885559082,13.5,13.869999885559082,13.869999885559082,34100
2021-12-16,13.77400016784668,13.77400016784668,13.5,13.5,13.5,14300
2021-12-17,13.5,13.729999542236328,12.880000114440918,13.279999732971191,13.279999732971191,107000
2021-12-20,13.199999809265137,13.489999771118164,12.869999885559082,13.390000343322754,13.390000343322754,8300
2021-12-21,13.359999656677246,13.9399995803833,13.359999656677246,13.880000114440918,13.880000114440918,13200
2021-12-22,13.324999809265137,13.600000381469727,13.199999809265137,13.220000267028809,13.220000267028809,14900
2021-12-23,13.210000038146973,14.630000114440918,13.210000038146973,14.630000114440918,14.630000114440918,2600
2021-12-27,14.050000190734863,14.630000114440918,13.90999984741211,13.90999984741211,13.90999984741211,1100
2021-12-28,14.390000343322754,14.399999618530273,13.869999885559082,13.930000305175781,13.930000305175781,15800
2021-12-29,13.930000305175781,13.930000305175781,13.930000305175781,13.930000305175781,13.930000305175781,0
2021-12-30,14.5,14.5,13.220000267028809,13.920000076293945,13.920000076293945,7400
2021-12-31,14.005000114440918,14.005000114440918,14.005000114440918,14.005000114440918,14.005000114440918,400
2022-01-03,14.5,14.5,14.0,14.390000343322754,14.390000343322754,5600
2022-01-04,13.699999809265137,14.239999771118164,13.699999809265137,14.199999809265137,14.199999809265137,1200
2022-01-05,14.392999649047852,14.489999771118164,14.392999649047852,14.489999771118164,14.489999771118164,500
2022-01-06,14.239999771118164,14.489999771118164,13.300000190734863,14.470000267028809,14.470000267028809,2300
2022-01-07,14.010000228881836,14.470000267028809,13.925000190734863,14.470000267028809,14.470000267028809,2500
2022-01-10,14.449999809265137,15.494999885559082,13.90999984741211,15.489999771118164,15.489999771118164,22300
2022-01-11,15.0,15.5,14.6899995803833,15.449999809265137,15.449999809265137,6100
2022-01-12,15.449999809265137,15.5,14.899999618530273,15.369999885559082,15.369999885559082,7300
2022-01-13,15.449999809265137,15.670000076293945,15.029999732971191,15.029999732971191,15.029999732971191,12700
2022-01-14,15.029999732971191,15.050000190734863,14.390000343322754,14.739999771118164,14.739999771118164,7900
2022-01-18,14.015000343322754,14.710000038146973,13.3149995803833,13.913000106811523,13.913000106811523,2300
2022-01-19,13.899999618530273,14.75,13.899999618530273,14.5,14.5,12100
2022-01-20,14.279999732971191,14.479999542236328,14.25,14.479999542236328,14.479999542236328,2200
2022-01-21,13.319000244140625,14.25,13.319000244140625,14.239999771118164,14.239999771118164,2800
2022-01-24,14.010000228881836,14.25,13.5,13.6899995803833,13.6899995803833,11700
2022-01-25,13.42300033569336,14.0,13.42300033569336,13.5,13.5,5000
2022-01-26,13.670000076293945,13.75,13.430000305175781,13.430000305175781,13.430000305175781,2100
2022-01-27,13.720999717712402,13.75,13.619999885559082,13.75,13.75,3300
2022-01-28,13.75,13.75,13.604999542236328,13.609999656677246,13.609999656677246,1700
2022-01-31,13.850000381469727,13.850000381469727,13.680000305175781,13.795000076293945,13.795000076293945,2600
2022-02-01,13.779999732971191,14.75,13.779999732971191,14.600000381469727,14.600000381469727,3600
2022-02-02,14.40999984741211,14.600000381469727,14.40999984741211,14.5,14.5,3100
2022-02-03,14.513999938964844,14.513999938964844,14.513999938964844,14.513999938964844,14.513999938964844,300
2022-02-04,14.513999938964844,14.513999938964844,14.513999938964844,14.513999938964844,14.513999938964844,0
2022-02-07,14.510000228881836,14.510000228881836,14.510000228881836,14.510000228881836,14.510000228881836,600
2022-02-08,14.600000381469727,14.600000381469727,14.170000076293945,14.369999885559082,14.369999885559082,1800
2022-02-09,13.949999809265137,14.25,13.949999809265137,14.25,14.25,800
2022-02-10,14.470000267028809,14.470000267028809,14.470000267028809,14.470000267028809,14.470000267028809,700
2022-02-11,14.489999771118164,14.489999771118164,14.489999771118164,14.489999771118164,14.489999771118164,800
2022-02-14,14.039999961853027,14.039999961853027,13.720000267028809,13.720000267028809,13.720000267028809,6100
2022-02-15,13.899999618530273,13.899999618530273,13.75,13.899999618530273,13.899999618530273,1600
2022-02-16,13.675000190734863,13.75,13.609999656677246,13.680000305175781,13.680000305175781,4800
2022-02-17,13.899999618530273,13.899999618530273,13.65999984741211,13.65999984741211,13.65999984741211,1500
2022-02-18,13.739999771118164,13.739999771118164,13.649999618530273,13.699999809265137,13.699999809265137,400
2022-02-22,13.649999618530273,13.899999618530273,13.300000190734863,13.600000381469727,13.600000381469727,6300
2022-02-23,13.5,13.899999618530273,13.479999542236328,13.850000381469727,13.850000381469727,6200
2022-02-24,13.829999923706055,13.9399995803833,13.829999923706055,13.875,13.875,1300
2022-02-25,14.020000457763672,14.180000305175781,13.5,13.899999618530273,13.899999618530273,3400
2022-02-28,13.90999984741211,13.989999771118164,13.300000190734863,13.300000190734863,13.300000190734863,3800
2022-03-01,13.949999809265137,13.949999809265137,13.40999984741211,13.40999984741211,13.40999984741211,4700
2022-03-02,13.649999618530273,13.649999618530273,13.420000076293945,13.5,13.5,27600
2022-03-03,13.579999923706055,13.859999656677246,13.579999923706055,13.831999778747559,13.831999778747559,2500
2022-03-04,13.680000305175781,14.010000228881836,13.270000457763672,13.899999618530273,13.899999618530273,5600
2022-03-07,13.899999618530273,13.949999809265137,13.550000190734863,13.550000190734863,13.550000190734863,13000
2022-03-08,13.75,13.890000343322754,13.369999885559082,13.479999542236328,13.479999542236328,3200
2022-03-09,13.779999732971191,13.890000343322754,13.600000381469727,13.600000381469727,13.600000381469727,1800
2022-03-10,13.84000015258789,13.899999618530273,13.5600004196167,13.619999885559082,13.619999885559082,4900
2022-03-11,13.479999542236328,14.0,12.819999694824219,14.0,14.0,988700
2022-03-14,13.9399995803833,14.380000114440918,13.729999542236328,14.100000381469727,14.100000381469727,14100
2022-03-15,14.0,14.0,13.640000343322754,13.770000457763672,13.770000457763672,22400
2022-03-16,14.010000228881836,14.010000228881836,13.920000076293945,13.920000076293945,13.920000076293945,10600
2022-03-17,13.760000228881836,14.0,13.539999961853027,13.899999618530273,13.899999618530273,12000
2022-03-18,14.0,14.25,13.59000015258789,14.0,14.0,171700
2022-03-21,13.850000381469727,14.050000190734863,13.84000015258789,14.0,14.0,19100
2022-03-22,14.0,14.0649995803833,13.680000305175781,13.920000076293945,13.920000076293945,27200
2022-03-23,13.800000190734863,14.0,13.800000190734863,14.0,14.0,2100
2022-03-24,13.9350004196167,14.079999923706055,13.869999885559082,13.869999885559082,13.869999885559082,12000
2022-03-25,13.880000114440918,14.015000343322754,13.880000114440918,13.930000305175781,13.930000305175781,14300
2022-03-28,14.09000015258789,14.329999923706055,13.75,14.329999923706055,14.329999923706055,367900
2022-03-29,14.15999984741211,14.470000267028809,13.625,14.399999618530273,14.399999618530273,12700
2022-03-30,14.399999618530273,14.5,13.970000267028809,14.399999618530273,14.399999618530273,209100
2022-03-31,14.220000267028809,14.399999618530273,14.220000267028809,14.329999923706055,14.329999923706055,1900
2022-04-01,14.300000190734863,14.84000015258789,14.25,14.84000015258789,14.84000015258789,81300
2022-04-04,14.989999771118164,14.989999771118164,13.899999618530273,14.020000457763672,14.020000457763672,51000
2022-04-05,13.949999809265137,14.180000305175781,13.5,13.770000457763672,13.770000457763672,49400
2022-04-06,13.989999771118164,14.333999633789062,13.649999618530273,13.930000305175781,13.930000305175781,27100
2022-04-07,13.899999618530273,14.270000457763672,13.600000381469727,13.859999656677246,13.859999656677246,24500
2022-04-08,13.8100004196167,14.039999961853027,13.760000228881836,13.880000114440918,13.880000114440918,23800
2022-04-11,13.8100004196167,13.925000190734863,13.720000267028809,13.899999618530273,13.899999618530273,11500
2022-04-12,13.880000114440918,14.28499984741211,13.779999732971191,13.989999771118164,13.989999771118164,42800
2022-04-13,13.90999984741211,14.739999771118164,13.760000228881836,14.069999694824219,14.069999694824219,33200
2022-04-14,13.984999656677246,14.390000343322754,13.760000228881836,14.279999732971191,14.279999732971191,23700
2022-04-18,14.100000381469727,14.380000114440918,13.800000190734863,14.0,14.0,21600
2022-04-19,14.329999923706055,14.329999923706055,13.850000381469727,14.0,14.0,26000
2022-04-20,13.979999542236328,14.5,13.8100004196167,13.979999542236328,13.979999542236328,34900
2022-04-21,13.970000267028809,14.319999694824219,13.8100004196167,14.0,14.0,25900
2022-04-22,13.920000076293945,14.0,13.869999885559082,14.0,14.0,14300
2022-04-25,13.949999809265137,14.0,13.8100004196167,14.0,14.0,18100
2022-04-26,13.920000076293945,13.9399995803833,13.54800033569336,13.729999542236328,13.729999542236328,22500
2022-04-27,13.640000343322754,13.869999885559082,13.510000228881836,13.720000267028809,13.720000267028809,15000
2022-04-28,13.710000038146973,13.800000190734863,13.5600004196167,13.800000190734863,13.800000190734863,25400
2022-04-29,13.300000190734863,13.880000114440918,13.300000190734863,13.800000190734863,13.800000190734863,22000
2022-05-02,13.789999961853027,13.890000343322754,13.59000015258789,13.890000343322754,13.890000343322754,36100
2022-05-03,13.84000015258789,13.869999885559082,13.0,13.600000381469727,13.600000381469727,234600
2022-05-04,13.40999984741211,13.600000381469727,13.3100004196167,13.579999923706055,13.579999923706055,24000
2022-05-05,13.529999732971191,13.600000381469727,13.220000267028809,13.600000381469727,13.600000381469727,18500
2022-05-06,13.550000190734863,13.600000381469727,13.319999694824219,13.59000015258789,13.59000015258789,10500
2022-05-09,13.59000015258789,13.59000015258789,13.199999809265137,13.25,13.25,40000
2022-05-10,13.329999923706055,13.4399995803833,12.899999618530273,13.40999984741211,13.40999984741211,31900
2022-05-11,13.4399995803833,13.53499984741211,13.149999618530273,13.15999984741211,13.15999984741211,32000
2022-05-12,13.399999618530273,13.600000381469727,13.100000381469727,13.359999656677246,13.359999656677246,29900
2022-05-13,13.305000305175781,13.550000190734863,13.182999610900879,13.359999656677246,13.359999656677246,24400
2022-05-16,13.28499984741211,13.40999984741211,13.140000343322754,13.319999694824219,13.319999694824219,24300
2022-05-17,13.399999618530273,13.543999671936035,13.0600004196167,13.100000381469727,13.100000381469727,33900
2022-05-18,13.09000015258789,13.319999694824219,12.8100004196167,13.079999923706055,13.079999923706055,33100
2022-05-19,13.069999694824219,13.154999732971191,12.8100004196167,13.050000190734863,13.050000190734863,16200
2022-05-20,13.020000457763672,13.220000267028809,12.569999694824219,12.569999694824219,12.569999694824219,46300
2022-05-23,12.739999771118164,13.180000305175781,12.739999771118164,13.119999885559082,13.119999885559082,35400
2022-05-24,13.09000015258789,13.319999694824219,12.84000015258789,13.069999694824219,13.069999694824219,27700
2022-05-25,13.029999732971191,13.319999694824219,12.859999656677246,13.039999961853027,13.039999961853027,24000
2022-05-26,13.010000228881836,13.274999618530273,12.869999885559082,13.0,13.0,28200
2022-05-27,12.994999885559082,13.270000457763672,12.920000076293945,13.0600004196167,13.0600004196167,31200
2022-05-31,13.0,13.140000343322754,12.899999618530273,12.949999809265137,12.949999809265137,49600
2022-06-01,13.130000114440918,14.84000015258789,12.600000381469727,14.100000381469727,14.100000381469727,71100
2022-06-02,13.479999542236328,13.6899995803833,12.890000343322754,12.890000343322754,12.890000343322754,50500
2022-06-03,12.869999885559082,13.199000358581543,12.800000190734863,13.09000015258789,13.09000015258789,29600
2022-06-06,13.1899995803833,13.199999809265137,12.869999885559082,13.180000305175781,13.180000305175781,50200
2022-06-07,12.979999542236328,13.199999809265137,12.5,12.699999809265137,12.699999809265137,65100
2022-06-08,12.800000190734863,13.1899995803833,12.550000190734863,13.1899995803833,13.1899995803833,25300
2022-06-09,12.859999656677246,13.100000381469727,12.619999885559082,12.75,12.75,30100
2022-06-10,12.869999885559082,12.869999885559082,12.616999626159668,12.680000305175781,12.680000305175781,21800
2022-06-13,12.600000381469727,12.649999618530273,11.430000305175781,11.960000038146973,11.960000038146973,55000
2022-06-14,12.100000381469727,12.329999923706055,11.779999732971191,12.199999809265137,12.199999809265137,26600
2022-06-15,13.039999961853027,13.199999809265137,12.699999809265137,13.050000190734863,13.050000190734863,35300
2022-06-16,12.920000076293945,13.489999771118164,12.869999885559082,12.949999809265137,12.949999809265137,54100
2022-06-17,13.100000381469727,13.329999923706055,13.0600004196167,13.239999771118164,13.239999771118164,124300
2022-06-21,13.329999923706055,13.329999923706055,12.354999542236328,12.760000228881836,12.760000228881836,104200
2022-06-22,12.619999885559082,12.84000015258789,11.75,12.449999809265137,12.449999809265137,87300
2022-06-23,12.489999771118164,12.829999923706055,12.09000015258789,12.220000267028809,12.220000267028809,69600
2022-06-24,12.460000038146973,13.210000038146973,11.770000457763672,11.880000114440918,11.880000114440918,1109500
2022-06-27,12.039999961853027,12.35200023651123,11.5,11.600000381469727,11.600000381469727,67800
2022-06-28,11.59000015258789,11.829999923706055,11.59000015258789,11.630000114440918,11.630000114440918,27900
2022-06-29,11.579999923706055,11.675000190734863,11.135000228881836,11.210000038146973,11.210000038146973,60300
2022-06-30,11.1899995803833,11.5600004196167,11.029999732971191,11.539999961853027,11.539999961853027,81100
2022-07-01,11.5600004196167,12.149999618530273,11.350000381469727,11.789999961853027,11.789999961853027,22000
2022-07-05,11.710000038146973,11.970000267028809,11.550000190734863,11.90999984741211,11.90999984741211,27500
2022-07-06,11.770000457763672,11.770000457763672,11.289999961853027,11.399999618530273,11.399999618530273,30200
2022-07-07,11.649999618530273,11.649999618530273,11.399999618530273,11.510000228881836,11.510000228881836,15900
2022-07-08,11.420000076293945,11.609999656677246,11.3149995803833,11.40999984741211,11.40999984741211,61900
2022-07-11,11.399999618530273,11.800000190734863,11.399999618530273,11.40999984741211,11.40999984741211,35900
2022-07-12,11.489999771118164,11.489999771118164,11.329999923706055,11.399999618530273,11.399999618530273,28800
2022-07-13,12.539999961853027,12.539999961853027,11.395000457763672,11.430000305175781,11.430000305175781,28600
2022-07-14,11.399999618530273,11.944999694824219,11.0,11.079999923706055,11.079999923706055,51000
2022-07-15,11.300000190734863,11.734999656677246,11.199999809265137,11.65999984741211,11.65999984741211,18000
2022-07-18,11.579999923706055,11.579999923706055,11.25,11.279999732971191,11.279999732971191,6300
2022-07-19,11.550000190734863,11.550000190734863,11.34000015258789,11.399999618530273,11.399999618530273,14300
2022-07-20,11.460000038146973,11.529999732971191,11.430000305175781,11.5,11.5,44500
2022-07-21,11.329999923706055,11.510000228881836,11.329999923706055,11.430000305175781,11.430000305175781,10100
2022-07-22,11.579999923706055,11.59000015258789,11.359999656677246,11.369999885559082,11.369999885559082,7200
2022-07-25,11.5,11.729999542236328,11.5,11.710000038146973,11.710000038146973,8700
2022-07-26,11.890000343322754,12.0,11.729999542236328,11.729999542236328,11.729999542236328,6700
2022-07-27,11.920000076293945,11.989999771118164,11.819999694824219,11.970000267028809,11.970000267028809,11900
2022-07-28,11.885000228881836,11.885000228881836,11.8100004196167,11.8100004196167,11.8100004196167,8700
2022-07-29,12.0,12.307999610900879,11.960000038146973,12.140000343322754,12.140000343322754,18700
2022-08-01,11.800000190734863,12.1899995803833,11.600000381469727,12.020000457763672,12.020000457763672,38800
2022-08-02,12.0600004196167,12.170000076293945,11.539999961853027,11.6899995803833,11.6899995803833,105400
2022-08-03,11.600000381469727,11.789999961853027,11.595000267028809,11.699999809265137,11.699999809265137,8400
2022-08-04,11.670000076293945,11.84000015258789,11.619999885559082,11.84000015258789,11.84000015258789,6900
2022-08-05,11.890000343322754,12.210000038146973,11.630000114440918,12.210000038146973,12.210000038146973,24100
2022-08-08,12.4399995803833,12.604999542236328,12.260000228881836,12.470000267028809,12.470000267028809,37200
2022-08-09,12.494999885559082,12.6899995803833,12.319999694824219,12.390000343322754,12.390000343322754,31700
2022-08-10,12.4399995803833,13.100000381469727,12.4399995803833,12.890000343322754,12.890000343322754,55800
2022-08-11,12.930000305175781,13.095000267028809,12.890000343322754,13.029999732971191,13.029999732971191,14100
2022-08-12,13.050000190734863,13.050000190734863,12.899999618530273,13.0,13.0,15500
2022-08-15,13.0,13.329999923706055,13.0,13.199999809265137,13.199999809265137,25700
2022-08-16,13.199999809265137,13.880000114440918,13.100000381469727,13.710000038146973,13.710000038146973,30500
2022-08-17,13.520000457763672,13.899999618530273,13.520000457763672,13.6899995803833,13.6899995803833,32200
2022-08-18,13.619999885559082,13.739999771118164,13.515000343322754,13.680000305175781,13.680000305175781,7100
2022-08-19,13.5600004196167,13.59000015258789,12.75,13.550000190734863,13.550000190734863,11700
2022-08-22,13.479999542236328,13.760000228881836,13.25,13.380000114440918,13.380000114440918,17500
2022-08-23,13.482000350952148,14.0600004196167,13.482000350952148,13.5600004196167,13.5600004196167,8400
2022-08-24,13.619999885559082,13.619999885559082,13.260000228881836,13.300000190734863,13.300000190734863,9400
2022-08-25,13.369999885559082,14.008999824523926,13.039999961853027,13.829999923706055,13.829999923706055,12000
2022-08-26,13.949999809265137,14.40999984741211,13.664999961853027,13.6899995803833,13.6899995803833,11200
2022-08-29,13.6899995803833,13.90999984741211,13.289999961853027,13.84000015258789,13.84000015258789,6100
2022-08-30,13.850000381469727,14.119999885559082,13.399999618530273,13.460000038146973,13.460000038146973,8200
2022-08-31,13.529999732971191,13.609999656677246,13.0,13.0,13.0,10200
2022-09-01,13.199999809265137,13.449999809265137,12.34000015258789,12.819999694824219,12.819999694824219,12000
2022-09-02,12.369999885559082,13.84000015258789,12.369999885559082,13.640000343322754,13.640000343322754,56800
2022-09-06,13.84000015258789,14.420000076293945,13.815999984741211,14.289999961853027,14.289999961853027,40500
2022-09-07,14.289999961853027,14.300000190734863,13.770000457763672,14.0,14.0,46000
2022-09-08,14.0,14.789999961853027,13.850000381469727,14.369999885559082,14.369999885559082,27000
2022-09-09,14.539999961853027,14.800000190734863,13.9399995803833,14.739999771118164,14.739999771118164,22500
2022-09-12,14.258000373840332,14.96500015258789,13.9350004196167,14.729999542236328,14.729999542236328,56000
2022-09-13,14.875,14.880000114440918,14.050000190734863,14.270000457763672,14.270000457763672,33800
2022-09-14,14.40999984741211,14.819999694824219,13.989999771118164,14.300000190734863,14.300000190734863,27700
2022-09-15,14.399999618530273,14.670000076293945,14.210000038146973,14.34000015258789,14.34000015258789,27900
2022-09-16,14.220000267028809,14.664999961853027,14.010000228881836,14.359999656677246,14.359999656677246,191800
2022-09-19,14.010000228881836,14.319999694824219,13.774999618530273,14.220000267028809,14.220000267028809,23800
2022-09-20,14.100000381469727,14.430000305175781,13.960000038146973,13.970000267028809,13.970000267028809,10400
2022-09-21,13.789999961853027,14.239999771118164,13.789999961853027,14.0,14.0,14900
2022-09-22,13.880000114440918,14.03499984741211,13.520000457763672,13.880000114440918,13.880000114440918,27800
2022-09-23,13.800000190734863,13.800000190734863,13.0,13.609999656677246,13.609999656677246,16000
2022-09-26,13.470000267028809,13.680000305175781,13.470000267028809,13.600000381469727,13.600000381469727,7100
2022-09-27,13.619999885559082,13.869999885559082,13.380000114440918,13.640000343322754,13.640000343322754,6800
2022-09-28,13.53499984741211,13.53499984741211,13.3100004196167,13.319999694824219,13.319999694824219,31000
2022-09-29,13.399999618530273,13.399999618530273,13.109999656677246,13.130000114440918,13.130000114440918,21000
2022-09-30,13.319999694824219,13.319999694824219,13.109999656677246,13.109999656677246,13.109999656677246,11200
2022-10-03,13.109999656677246,13.388999938964844,13.109999656677246,13.380000114440918,13.380000114440918,13700
2022-10-04,13.279999732971191,13.520000457763672,13.279999732971191,13.520000457763672,13.520000457763672,16600
2022-10-05,13.4399995803833,13.520000457763672,13.029999732971191,13.430000305175781,13.430000305175781,20500
2022-10-06,13.420000076293945,13.430000305175781,13.194999694824219,13.300000190734863,13.300000190734863,9100
2022-10-07,13.390000343322754,13.390000343322754,13.039999961853027,13.170000076293945,13.170000076293945,8300
2022-10-10,13.15999984741211,13.78499984741211,13.15999984741211,13.359999656677246,13.359999656677246,8600
2022-10-11,13.880000114440918,13.880000114440918,13.279999732971191,13.300000190734863,13.300000190734863,10500
2022-10-12,13.289999961853027,13.859999656677246,13.289999961853027,13.800000190734863,13.800000190734863,3600
2022-10-13,13.6899995803833,13.6899995803833,13.489999771118164,13.609999656677246,13.609999656677246,26100
2022-10-14,13.5649995803833,13.585000038146973,13.260000228881836,13.449999809265137,13.449999809265137,12300
2022-10-17,13.449999809265137,13.779999732971191,13.449999809265137,13.779999732971191,13.779999732971191,19800
2022-10-18,13.819999694824219,14.300000190734863,13.699999809265137,14.300000190734863,14.300000190734863,27300
2022-10-19,14.300000190734863,14.350000381469727,13.600000381469727,13.829999923706055,13.829999923706055,32000
2022-10-20,13.949999809265137,14.0,13.600000381469727,13.649999618530273,13.649999618530273,18800
2022-10-21,13.84000015258789,14.0,13.84000015258789,14.0,14.0,20100
2022-10-24,14.140000343322754,14.140000343322754,13.739999771118164,13.770000457763672,13.770000457763672,20000
2022-10-25,13.729999542236328,13.890000343322754,13.65999984741211,13.850000381469727,13.850000381469727,33300
2022-10-26,13.90999984741211,14.0,13.800000190734863,13.930000305175781,13.930000305175781,19100
2022-10-27,13.869999885559082,14.0,13.600000381469727,13.949999809265137,13.949999809265137,37400
2022-10-28,13.720000267028809,14.109999656677246,13.390000343322754,13.829999923706055,13.829999923706055,175300
2022-10-31,13.649999618530273,13.880000114440918,13.430000305175781,13.430000305175781,13.430000305175781,28300
2022-11-01,13.539999961853027,13.920000076293945,13.449999809265137,13.489999771118164,13.489999771118164,46800
2022-11-02,13.59000015258789,13.920000076293945,13.449999809265137,13.539999961853027,13.539999961853027,61900
2022-11-03,13.470000267028809,13.84000015258789,13.300000190734863,13.739999771118164,13.739999771118164,74300
2022-11-04,13.819999694824219,13.819999694824219,13.460000038146973,13.529999732971191,13.529999732971191,18900
2022-11-07,13.649999618530273,13.805000305175781,13.3100004196167,13.4399995803833,13.4399995803833,228500
2022-11-08,13.430000305175781,13.625,13.390000343322754,13.5600004196167,13.5600004196167,23900
2022-11-09,13.479999542236328,13.729999542236328,13.329999923706055,13.390000343322754,13.390000343322754,45500
2022-11-10,13.630000114440918,13.890000343322754,13.329999923706055,13.609999656677246,13.609999656677246,59000
2022-11-11,13.720000267028809,13.930000305175781,13.489999771118164,13.539999961853027,13.539999961853027,34300
2022-11-14,13.600000381469727,13.625,13.1899995803833,13.430000305175781,13.430000305175781,27600
2022-11-15,13.430000305175781,13.4399995803833,13.25,13.289999961853027,13.289999961853027,17700
2022-11-16,13.3100004196167,13.34000015258789,13.289999961853027,13.34000015258789,13.34000015258789,10700
2022-11-17,13.300000190734863,13.4399995803833,13.300000190734863,13.40999984741211,13.40999984741211,24500
2022-11-18,13.579999923706055,13.595000267028809,13.25,13.3100004196167,13.3100004196167,35600
2022-11-21,13.359999656677246,13.600000381469727,13.260000228881836,13.430000305175781,13.430000305175781,25100
2022-11-22,13.380000114440918,13.600000381469727,13.289999961853027,13.399999618530273,13.399999618530273,16900
2022-11-23,13.4399995803833,14.069999694824219,13.399999618530273,13.5,13.5,20800
2022-11-25,13.460000038146973,13.826000213623047,13.40999984741211,13.449999809265137,13.449999809265137,9100
2022-11-28,13.449999809265137,13.710000038146973,13.3100004196167,13.40999984741211,13.40999984741211,24500
2022-11-29,13.399999618530273,13.649999618530273,13.34000015258789,13.40999984741211,13.40999984741211,34900
2022-11-30,13.34000015258789,13.739999771118164,13.229999542236328,13.279999732971191,13.279999732971191,34200
2022-12-01,13.260000228881836,13.550000190734863,13.199999809265137,13.210000038146973,13.210000038146973,24200
2022-12-02,13.170000076293945,13.430000305175781,13.170000076293945,13.25,13.25,24600
2022-12-05,13.199999809265137,13.3100004196167,13.050000190734863,13.25,13.25,25000
2022-12-06,13.300000190734863,13.300000190734863,13.130000114440918,13.170000076293945,13.170000076293945,11300
2022-12-07,13.100000381469727,13.210000038146973,12.819999694824219,12.90999984741211,12.90999984741211,8200
2022-12-08,13.069999694824219,13.149999618530273,12.550000190734863,12.979999542236328,12.979999542236328,13100
2022-12-09,12.75,13.010000228881836,12.75,12.75,12.75,9700
2022-12-12,12.760000228881836,13.057999610900879,12.489999771118164,12.789999961853027,12.789999961853027,33100
2022-12-13,12.949999809265137,13.0,12.25,12.739999771118164,12.739999771118164,42500
2022-12-14,12.760000228881836,13.020000457763672,12.470000267028809,12.65999984741211,12.65999984741211,11200
2022-12-15,12.59000015258789,12.739999771118164,12.279999732971191,12.479999542236328,12.479999542236328,196800
2022-12-16,12.180000305175781,12.699999809265137,12.0,12.420000076293945,12.420000076293945,115700
2022-12-19,12.380000114440918,12.699999809265137,12.300000190734863,12.449999809265137,12.449999809265137,12900
2022-12-20,12.489999771118164,12.755000114440918,12.300000190734863,12.359999656677246,12.359999656677246,12800
2022-12-21,12.359999656677246,12.569999694824219,12.25,12.569999694824219,12.569999694824219,13300
2022-12-22,12.979999542236328,13.399999618530273,12.270000457763672,12.640000343322754,12.640000343322754,36500
2022-12-23,12.710000038146973,12.989999771118164,12.449999809265137,12.460000038146973,12.460000038146973,10600
2022-12-27,12.630000114440918,12.630000114440918,12.3100004196167,12.460000038146973,12.460000038146973,11000
2022-12-28,12.470000267028809,12.609999656677246,12.199999809265137,12.3100004196167,12.3100004196167,9000
2022-12-29,12.699999809265137,12.699999809265137,12.010000228881836,12.15999984741211,12.15999984741211,36900
2022-12-30,12.100000381469727,12.229999542236328,11.40999984741211,12.199999809265137,12.199999809265137,34800
2023-01-03,12.109999656677246,12.329999923706055,11.960000038146973,12.25,12.25,4100
2023-01-04,12.010000228881836,12.289999961853027,12.010000228881836,12.15999984741211,12.15999984741211,6300
2023-01-05,12.220000267028809,12.40999984741211,12.140000343322754,12.289999961853027,12.289999961853027,3300
2023-01-06,12.319999694824219,12.510000228881836,12.319999694824219,12.510000228881836,12.510000228881836,4900
2023-01-09,12.220000267028809,12.404999732971191,12.220000267028809,12.229999542236328,12.229999542236328,5600
2023-01-10,12.3100004196167,12.460000038146973,12.100000381469727,12.460000038146973,12.460000038146973,5700
2023-01-11,12.399999618530273,12.694000244140625,12.130000114440918,12.34000015258789,12.34000015258789,11400
2023-01-12,12.319999694824219,12.5,12.15999984741211,12.5,12.5,20300
2023-01-13,12.329999923706055,12.5,12.119999885559082,12.359999656677246,12.359999656677246,6600
2023-01-17,12.388999938964844,12.600000381469727,12.329999923706055,12.600000381469727,12.600000381469727,5100
2023-01-18,12.652000427246094,12.65999984741211,12.520000457763672,12.585000038146973,12.585000038146973,9000
2023-01-19,12.5,12.550000190734863,12.350000381469727,12.420000076293945,12.420000076293945,17400
2023-01-20,12.520000457763672,12.520000457763672,12.119999885559082,12.479999542236328,12.479999542236328,17000
2023-01-23,12.5,12.5,12.130000114440918,12.399999618530273,12.399999618530273,4500
2023-01-24,11.869999885559082,12.489999771118164,11.869999885559082,12.329999923706055,12.329999923706055,4500
2023-01-25,12.210000038146973,12.460000038146973,12.0,12.460000038146973,12.460000038146973,5400
2023-01-26,12.5,12.5,11.930000305175781,12.5,12.5,7000
2023-01-27,12.434000015258789,12.5,12.170000076293945,12.220000267028809,12.220000267028809,14400
2023-01-30,12.489999771118164,12.489999771118164,11.920000076293945,12.149999618530273,12.149999618530273,9900
2023-01-31,12.199999809265137,12.260000228881836,12.0,12.0,12.0,14700
2023-02-01,12.210000038146973,12.6899995803833,12.210000038146973,12.600000381469727,12.600000381469727,16300
2023-02-02,12.59000015258789,12.789999961853027,12.0600004196167,12.59000015258789,12.59000015258789,10900
2023-02-03,12.510000228881836,12.600000381469727,12.25,12.430000305175781,12.430000305175781,12800
2023-02-06,12.329999923706055,12.329999923706055,11.949999809265137,12.050000190734863,12.050000190734863,23300
2023-02-07,12.069999694824219,12.21500015258789,11.859999656677246,11.869999885559082,11.869999885559082,310500
2023-02-08,11.850000381469727,12.039999961853027,11.8100004196167,11.970000267028809,11.970000267028809,8600
2023-02-09,12.020000457763672,12.25,12.0,12.010000228881836,12.010000228881836,653200
2023-02-10,12.145000457763672,12.34000015258789,12.145000457763672,12.34000015258789,12.34000015258789,14500
2023-02-13,12.079999923706055,12.59000015258789,12.079999923706055,12.420000076293945,12.420000076293945,24000
2023-02-14,12.3100004196167,12.470000267028809,12.29800033569336,12.329999923706055,12.329999923706055,6800
2023-02-15,12.479999542236328,12.600000381469727,12.430000305175781,12.479999542236328,12.479999542236328,27400
2023-02-16,12.449999809265137,12.550000190734863,12.220000267028809,12.4399995803833,12.4399995803833,13300
2023-02-17,12.489999771118164,12.567000389099121,12.380000114440918,12.430000305175781,12.430000305175781,11000
2023-02-21,12.350000381469727,12.550000190734863,12.350000381469727,12.510000228881836,12.510000228881836,8000
2023-02-22,12.420000076293945,12.550000190734863,12.411999702453613,12.5,12.5,21900
2023-02-23,12.600000381469727,12.649999618530273,12.479999542236328,12.5,12.5,9200
2023-02-24,12.359999656677246,12.59000015258789,12.359999656677246,12.449999809265137,12.449999809265137,5800
2023-02-27,12.550000190734863,12.694999694824219,12.420000076293945,12.479999542236328,12.479999542236328,13200
2023-02-28,12.449999809265137,12.800000190734863,12.40999984741211,12.710000038146973,12.710000038146973,10100
2023-03-01,12.869999885559082,12.869999885559082,12.550000190734863,12.630000114440918,12.630000114440918,4800
2023-03-02,12.619999885559082,12.739999771118164,12.399999618530273,12.6899995803833,12.6899995803833,8800
2023-03-03,12.680000305175781,13.100000381469727,12.529999732971191,12.569999694824219,12.569999694824219,22000
2023-03-06,12.65999984741211,12.9399995803833,12.460000038146973,12.579999923706055,12.579999923706055,29600
2023-03-07,12.569999694824219,12.569999694824219,12.4399995803833,12.489999771118164,12.489999771118164,6300
2023-03-08,12.619999885559082,12.869999885559082,12.5600004196167,12.670000076293945,12.670000076293945,7400
2023-03-09,12.710000038146973,12.734999656677246,12.494999885559082,12.539999961853027,12.539999961853027,7000
2023-03-10,12.4399995803833,12.4399995803833,11.920000076293945,12.130000114440918,12.130000114440918,25800
2023-03-13,11.979999542236328,12.300000190734863,10.8100004196167,10.890000343322754,10.890000343322754,283500
2023-03-14,10.979999542236328,11.630000114440918,10.930000305175781,10.930000305175781,10.930000305175781,12900
2023-03-15,10.8100004196167,11.015000343322754,10.8100004196167,10.989999771118164,10.989999771118164,15600
2023-03-16,10.869999885559082,11.40999984741211,10.869999885559082,11.40999984741211,11.40999984741211,14600
2023-03-17,11.260000228881836,11.338000297546387,10.920000076293945,11.0600004196167,11.0600004196167,59400
2023-03-20,11.130000114440918,11.300000190734863,11.0,11.100000381469727,11.100000381469727,9900
2023-03-21,11.210000038146973,11.25,11.050000190734863,11.180000305175781,11.180000305175781,76300
2023-03-22,11.25,11.270000457763672,11.0,11.020000457763672,11.020000457763672,5900
2023-03-23,11.109999656677246,11.210000038146973,10.920000076293945,11.0,11.0,9400
2023-03-24,11.010000228881836,11.010000228881836,10.859999656677246,10.869999885559082,10.869999885559082,9300
2023-03-27,10.880000114440918,10.989999771118164,10.869999885559082,10.869999885559082,10.869999885559082,6600
2023-03-28,10.850000381469727,10.850000381469727,10.600000381469727,10.670000076293945,10.670000076293945,26300
2023-03-29,10.6899995803833,10.6899995803833,10.359999656677246,10.4399995803833,10.4399995803833,13600
2023-03-30,10.430000305175781,10.430000305175781,10.020000457763672,10.050000190734863,10.050000190734863,24700
2023-03-31,10.039999961853027,10.130000114440918,9.8100004196167,9.890000343322754,9.890000343322754,30200
2023-04-03,10.020000457763672,10.375,9.859999656677246,10.3100004196167,10.3100004196167,23400
2023-04-04,10.229999542236328,10.229999542236328,9.880000114440918,9.960000038146973,9.960000038146973,25400
2023-04-05,9.960000038146973,10.029999732971191,9.859999656677246,9.960000038146973,9.960000038146973,8600
2023-04-06,9.869999885559082,10.489999771118164,9.859999656677246,9.880000114440918,9.880000114440918,10400
2023-04-10,9.859999656677246,10.130000114440918,9.789999961853027,9.880000114440918,9.880000114440918,14600
2023-04-11,9.829999923706055,10.170000076293945,9.760000228881836,9.760000228881836,9.760000228881836,11500
2023-04-12,9.779999732971191,10.0,9.65999984741211,9.65999984741211,9.65999984741211,29200
2023-04-13,9.890000343322754,9.970000267028809,9.569999694824219,9.75,9.75,14500
2023-04-14,9.789999961853027,9.789999961853027,9.545000076293945,9.579999923706055,9.579999923706055,13200
2023-04-17,9.529999732971191,9.850000381469727,9.449999809265137,9.619999885559082,9.619999885559082,18900
2023-04-18,9.539999961853027,9.6850004196167,9.430000305175781,9.470000267028809,9.470000267028809,6200
2023-04-19,9.539999961853027,9.850000381469727,9.390000343322754,9.710000038146973,9.710000038146973,13600
2023-04-20,9.609999656677246,9.850000381469727,9.520000457763672,9.770000457763672,9.770000457763672,60900
2023-04-21,9.6899995803833,9.800000190734863,9.520000457763672,9.6899995803833,9.6899995803833,13700
2023-04-24,9.460000038146973,9.829999923706055,9.460000038146973,9.609999656677246,9.609999656677246,13600
2023-04-25,9.609999656677246,9.819000244140625,9.460000038146973,9.609999656677246,9.609999656677246,7100
2023-04-26,9.5600004196167,9.779999732971191,9.4399995803833,9.649999618530273,9.649999618530273,7500
2023-04-27,9.3100004196167,9.630000114440918,9.3100004196167,9.609999656677246,9.609999656677246,20800
2023-04-28,10.1899995803833,10.1899995803833,9.510000228881836,9.520000457763672,9.520000457763672,16800
2023-05-01,9.600000381469727,9.604999542236328,9.319999694824219,9.34000015258789,9.34000015258789,27200
2023-05-02,9.34000015258789,9.539999961853027,8.819999694824219,8.859999656677246,8.859999656677246,29100
2023-05-03,8.670000076293945,9.260000228881836,8.670000076293945,9.050000190734863,9.050000190734863,21600
2023-05-04,8.930000305175781,8.989999771118164,8.5600004196167,8.90999984741211,8.90999984741211,48900
2023-05-05,8.930000305175781,9.15999984741211,8.720000267028809,9.079999923706055,9.079999923706055,4900
2023-05-08,9.0,9.239999771118164,8.8100004196167,8.9399995803833,8.9399995803833,14600
2023-05-09,9.005000114440918,9.100000381469727,8.949999809265137,9.010000228881836,9.010000228881836,16000
2023-05-10,8.90999984741211,9.220000267028809,8.885000228881836,9.180000305175781,9.180000305175781,24600
2023-05-11,8.9399995803833,9.119999885559082,8.9399995803833,9.050000190734863,9.050000190734863,11900
2023-05-12,8.880000114440918,9.145000457763672,8.880000114440918,9.0600004196167,9.0600004196167,8200
2023-05-15,9.0,9.15999984741211,9.0,9.039999961853027,9.039999961853027,5300
2023-05-16,8.960000038146973,9.40999984741211,8.960000038146973,9.220000267028809,9.220000267028809,8800
2023-05-17,9.119999885559082,9.65999984741211,9.119999885559082,9.649999618530273,9.649999618530273,20400
2023-05-18,9.390000343322754,9.9399995803833,9.300000190734863,9.819999694824219,9.819999694824219,25300
2023-05-19,10.020000457763672,10.020000457763672,9.5600004196167,9.5600004196167,9.5600004196167,9800
2023-05-22,9.710000038146973,10.220000267028809,9.649999618530273,9.960000038146973,9.960000038146973,17100
2023-05-23,10.032999992370605,10.15999984741211,9.899999618530273,10.100000381469727,10.100000381469727,21100
2023-05-24,10.069999694824219,10.069999694824219,9.899999618530273,9.90999984741211,9.90999984741211,15500
2023-05-25,9.850000381469727,9.914999961853027,9.75,9.75,9.75,18400
2023-05-26,9.880000114440918,10.020000457763672,9.850000381469727,9.869999885559082,9.869999885559082,8400
2023-05-30,9.899999618530273,10.069999694824219,9.899999618530273,10.0,10.0,13100
2023-05-31,10.100000381469727,10.100000381469727,9.90999984741211,9.920000076293945,9.920000076293945,10600
2023-06-01,10.039999961853027,10.279999732971191,9.670000076293945,9.859999656677246,9.859999656677246,29300
2023-06-02,10.020000457763672,10.229999542236328,9.800000190734863,10.229999542236328,10.229999542236328,21500
2023-06-05,10.1899995803833,10.199999809265137,9.319999694824219,9.520000457763672,9.520000457763672,32200
2023-06-06,9.869999885559082,10.039999961853027,9.75,9.960000038146973,9.960000038146973,44900
2023-06-07,10.050000190734863,10.279999732971191,9.800000190734863,10.100000381469727,10.100000381469727,46600
2023-06-08,9.9399995803833,10.795000076293945,9.9399995803833,10.720000267028809,10.720000267028809,11100
2023-06-09,10.479999542236328,10.829999923706055,10.399999618530273,10.699999809265137,10.699999809265137,6800
2023-06-12,10.59000015258789,10.710000038146973,10.319999694824219,10.319999694824219,10.319999694824219,8000
2023-06-13,10.322999954223633,10.670000076293945,10.130000114440918,10.319999694824219,10.319999694824219,29500
2023-06-14,10.319999694824219,10.720000267028809,10.100000381469727,10.34000015258789,10.34000015258789,93800
2023-06-15,10.15999984741211,10.694999694824219,10.15999984741211,10.640000343322754,10.640000343322754,11400
2023-06-16,10.6899995803833,10.6899995803833,10.020000457763672,10.449999809265137,10.449999809265137,51300
2023-06-20,10.317999839782715,10.710000038146973,10.109999656677246,10.520000457763672,10.520000457763672,18500
2023-06-21,10.510000228881836,10.710000038146973,10.475000381469727,10.479999542236328,10.479999542236328,9500
2023-06-22,10.670000076293945,11.0,10.625,10.9399995803833,10.9399995803833,25800
2023-06-23,10.8100004196167,10.989999771118164,10.550000190734863,10.779999732971191,10.779999732971191,96200
2023-06-26,10.720000267028809,10.720000267028809,10.399999618530273,10.399999618530273,10.399999618530273,18200
2023-06-27,10.40999984741211,10.460000038146973,10.300000190734863,10.399999618530273,10.399999618530273,24700
2023-06-28,10.300000190734863,10.368000030517578,10.25,10.300000190734863,10.300000190734863,13100
2023-06-29,10.329999923706055,10.649999618530273,10.25,10.420000076293945,10.420000076293945,4500
2023-06-30,10.199999809265137,10.319999694824219,10.109999656677246,10.199999809265137,10.199999809265137,11200
2023-07-03,10.460000038146973,10.460000038146973,10.460000038146973,10.460000038146973,10.460000038146973,1600
2023-07-05,10.640000343322754,10.640000343322754,10.390000343322754,10.520000457763672,10.520000457763672,6400
2023-07-06,10.359999656677246,10.5,10.15999984741211,10.3100004196167,10.3100004196167,9500
2023-07-07,10.569999694824219,11.0,10.265000343322754,10.869999885559082,10.869999885559082,31500
2023-07-10,10.779999732971191,10.779999732971191,10.550000190734863,10.699999809265137,10.699999809265137,9900
2023-07-11,10.649999618530273,10.979999542236328,10.649999618530273,10.890000343322754,10.890000343322754,4600
2023-07-12,11.0,11.100000381469727,10.630000114440918,11.100000381469727,11.100000381469727,15900
2023-07-13,11.039999961853027,11.039999961853027,10.720000267028809,10.979999542236328,10.979999542236328,10000
2023-07-14,10.819999694824219,11.09000015258789,10.600000381469727,10.970000267028809,10.970000267028809,16200
2023-07-17,11.020000457763672,11.369999885559082,11.020000457763672,11.229999542236328,11.229999542236328,6400
2023-07-18,11.444999694824219,11.890000343322754,11.444999694824219,11.890000343322754,11.890000343322754,8700
2023-07-19,11.770000457763672,12.0,11.460000038146973,11.609999656677246,11.609999656677246,15000
2023-07-20,11.579999923706055,12.0,11.449999809265137,12.0,12.0,30500
2023-07-21,12.029999732971191,12.029999732971191,11.670000076293945,11.6899995803833,11.6899995803833,16800
2023-07-24,11.779999732971191,12.100000381469727,11.630000114440918,11.699999809265137,11.699999809265137,20600
2023-07-25,11.630000114440918,12.0,11.5,11.619999885559082,11.619999885559082,19800
2023-07-26,11.928000450134277,12.369999885559082,11.640000343322754,11.770000457763672,11.770000457763672,8200
2023-07-27,11.84000015258789,12.100000381469727,11.84000015258789,12.09000015258789,12.09000015258789,13500
2023-07-28,11.75,11.949999809265137,10.920000076293945,10.920000076293945,10.920000076293945,44600
2023-07-31,10.970000267028809,11.470000267028809,10.869999885559082,10.960000038146973,10.960000038146973,49500
2023-08-01,10.949999809265137,11.390000343322754,10.949999809265137,11.25,11.25,22200
2023-08-02,11.359999656677246,11.59000015258789,11.020000457763672,11.199999809265137,11.199999809265137,15400
2023-08-03,11.010000228881836,11.38599967956543,11.010000228881836,11.329999923706055,11.329999923706055,12100
2023-08-04,11.390000343322754,11.390000343322754,11.100000381469727,11.100000381469727,11.100000381469727,4200
2023-08-07,11.279999732971191,11.350000381469727,11.279999732971191,11.329999923706055,11.329999923706055,3800
2023-08-08,11.1899995803833,11.345000267028809,11.1899995803833,11.319999694824219,11.319999694824219,4700
2023-08-09,11.350000381469727,11.350000381469727,11.230999946594238,11.279999732971191,11.279999732971191,9600
2023-08-10,11.347000122070312,11.529999732971191,11.329999923706055,11.460000038146973,11.460000038146973,13800
2023-08-11,11.350000381469727,11.680000305175781,11.170000076293945,11.460000038146973,11.460000038146973,34000
2023-08-14,11.470000267028809,11.470000267028809,11.270000457763672,11.300000190734863,11.300000190734863,8800
2023-08-15,11.050000190734863,11.420000076293945,10.704999923706055,11.109999656677246,11.109999656677246,99900
2023-08-16,11.029999732971191,11.800000190734863,10.850000381469727,11.1899995803833,11.1899995803833,13900
2023-08-17,11.050000190734863,11.350000381469727,10.84000015258789,11.069999694824219,11.069999694824219,13400
2023-08-18,11.010000228881836,11.619999885559082,11.010000228881836,11.180000305175781,11.180000305175781,16600
2023-08-21,11.145000457763672,11.239999771118164,11.0,11.020000457763672,11.020000457763672,6100
2023-08-22,11.789999961853027,11.789999961853027,11.0,11.029999732971191,11.029999732971191,6900
2023-08-23,10.979999542236328,11.369999885559082,10.864999771118164,10.90999984741211,10.90999984741211,7100
2023-08-24,10.84000015258789,11.140000343322754,10.760000228881836,11.029999732971191,11.029999732971191,6600
2023-08-25,10.960000038146973,11.119999885559082,10.960000038146973,11.0600004196167,11.0600004196167,6600
2023-08-28,11.09000015258789,11.199999809265137,11.0,11.149999618530273,11.149999618530273,9200
2023-08-29,11.069999694824219,11.300000190734863,11.069999694824219,11.300000190734863,11.300000190734863,2500
2023-08-30,11.15999984741211,11.300000190734863,11.0,11.050000190734863,11.050000190734863,20700
2023-08-31,11.140000343322754,11.395000457763672,10.949999809265137,10.970000267028809,10.970000267028809,33100
2023-09-01,10.899999618530273,11.130000114440918,10.699999809265137,11.130000114440918,11.130000114440918,10300
2023-09-05,11.119999885559082,11.319999694824219,10.710000038146973,11.300000190734863,11.300000190734863,9500
2023-09-06,11.045999526977539,11.390000343322754,11.029999732971191,11.170000076293945,11.170000076293945,12100
2023-09-07,10.90999984741211,11.364999771118164,10.649999618530273,10.699999809265137,10.699999809265137,44100
2023-09-08,10.779999732971191,10.979999542236328,10.484999656677246,10.770000457763672,10.770000457763672,8300
2023-09-11,10.520000457763672,10.869999885559082,10.515000343322754,10.770000457763672,10.770000457763672,11200
2023-09-12,10.8100004196167,10.824999809265137,10.593999862670898,10.699999809265137,10.699999809265137,5700
2023-09-13,10.75,10.819999694824219,10.579999923706055,10.630000114440918,10.630000114440918,7100
2023-09-14,10.675000190734863,11.319999694824219,10.675000190734863,11.140000343322754,11.140000343322754,9600
2023-09-15,11.15999984741211,11.760000228881836,11.15999984741211,11.670000076293945,11.670000076293945,32100
2023-09-18,11.670000076293945,11.770000457763672,10.765000343322754,11.170000076293945,11.170000076293945,16100
2023-09-19,10.755000114440918,11.09000015258789,10.755000114440918,11.09000015258789,11.09000015258789,3900
2023-09-20,10.970000267028809,11.079999923706055,10.649999618530273,10.84000015258789,10.84000015258789,7700
2023-09-21,10.699999809265137,10.84000015258789,10.600000381469727,10.6899995803833,10.6899995803833,8600
2023-09-22,10.78499984741211,10.960000038146973,10.65999984741211,10.720000267028809,10.720000267028809,6500
2023-09-25,10.510000228881836,10.739999771118164,10.510000228881836,10.619999885559082,10.619999885559082,11900
2023-09-26,10.529999732971191,10.859999656677246,10.5,10.609999656677246,10.609999656677246,8900
2023-09-27,10.510000228881836,10.739999771118164,10.420000076293945,10.600000381469727,10.600000381469727,9300
2023-09-28,10.680000305175781,10.6899995803833,10.579999923706055,10.579999923706055,10.579999923706055,5100
2023-09-29,10.649999618530273,10.65999984741211,10.510000228881836,10.510000228881836,10.510000228881836,5800
2023-10-02,10.670000076293945,10.670000076293945,10.510000228881836,10.510000228881836,10.510000228881836,5700
2023-10-03,10.579999923706055,10.630000114440918,10.399999618530273,10.5600004196167,10.5600004196167,8800
2023-10-04,10.649999618530273,10.90999984741211,10.649999618530273,10.649999618530273,10.649999618530273,7600
2023-10-05,10.649999618530273,10.829999923706055,10.40999984741211,10.8100004196167,10.8100004196167,15800
2023-10-06,10.819999694824219,11.449999809265137,10.40999984741211,11.234999656677246,11.234999656677246,10700
2023-10-09,12.069999694824219,12.069999694824219,11.300000190734863,11.300000190734863,11.300000190734863,2900
2023-10-10,11.329999923706055,11.75,11.329999923706055,11.5,11.5,8600
2023-10-11,11.550000190734863,11.989999771118164,11.329999923706055,11.329999923706055,11.329999923706055,11600
2023-10-12,10.539999961853027,11.649999618530273,10.399999618530273,11.329999923706055,11.329999923706055,17400
2023-10-13,11.34000015258789,12.180000305175781,10.899999618530273,11.800000190734863,11.800000190734863,19000
2023-10-16,11.649999618530273,12.0,11.050000190734863,11.239999771118164,11.239999771118164,33200
2023-10-17,11.399999618530273,11.399999618530273,11.050000190734863,11.050000190734863,11.050000190734863,14800
2023-10-18,11.119999885559082,11.119999885559082,10.649999618530273,10.75,10.75,8200
2023-10-19,10.699999809265137,10.975000381469727,10.529999732971191,10.529999732971191,10.529999732971191,7200
2023-10-20,10.5600004196167,10.65999984741211,10.4399995803833,10.529999732971191,10.529999732971191,10300
2023-10-23,10.34000015258789,10.649999618530273,10.178000450134277,10.319999694824219,10.319999694824219,11100
2023-10-24,10.579999923706055,10.600000381469727,10.319999694824219,10.5,10.5,7800
2023-10-25,10.149999618530273,10.739999771118164,10.079999923706055,10.5600004196167,10.5600004196167,7100
2023-10-26,10.210000038146973,10.479999542236328,10.210000038146973,10.479999542236328,10.479999542236328,122100
2023-10-27,10.300000190734863,10.300000190734863,10.036999702453613,10.109999656677246,10.109999656677246,10600
2023-10-30,10.279999732971191,10.600000381469727,10.234999656677246,10.399999618530273,10.399999618530273,20500
2023-10-31,10.510000228881836,10.8100004196167,10.449999809265137,10.739999771118164,10.739999771118164,104100
2023-11-01,10.59000015258789,10.949999809265137,10.59000015258789,10.720000267028809,10.720000267028809,7400
2023-11-02,10.392000198364258,11.0,10.392000198364258,10.819999694824219,10.819999694824219,7500
2023-11-03,10.960000038146973,11.406999588012695,10.899999618530273,11.199999809265137,11.199999809265137,10500
2023-11-06,10.850000381469727,11.050000190734863,10.739999771118164,10.770000457763672,10.770000457763672,17100
2023-11-07,10.569999694824219,12.0,10.569999694824219,11.479999542236328,11.479999542236328,13800
2023-11-08,11.204000473022461,11.319999694824219,11.180000305175781,11.319999694824219,11.319999694824219,6200
2023-11-09,10.652999877929688,11.300000190734863,10.359999656677246,10.899999618530273,10.899999618530273,12000
2023-11-10,11.199999809265137,11.210000038146973,10.789999961853027,10.930000305175781,10.930000305175781,22500
2023-11-13,10.960000038146973,11.319999694824219,10.960000038146973,11.270000457763672,11.270000457763672,14200
2023-11-14,11.619999885559082,12.229999542236328,11.300000190734863,12.220000267028809,12.220000267028809,30000
2023-11-15,11.989999771118164,12.390000343322754,11.416000366210938,11.819999694824219,11.819999694824219,11800
2023-11-16,11.859999656677246,12.130000114440918,11.449999809265137,11.699999809265137,11.699999809265137,12000
2023-11-17,11.949999809265137,12.149999618530273,11.319999694824219,11.8100004196167,11.8100004196167,28000
2023-11-20,11.850000381469727,11.979999542236328,11.800000190734863,11.859999656677246,11.859999656677246,9900
2023-11-21,11.90999984741211,12.510000228881836,11.25,11.390000343322754,11.390000343322754,14300
2023-11-22,11.508999824523926,11.600000381469727,11.329999923706055,11.5,11.5,8600
2023-11-24,11.3100004196167,11.3100004196167,11.25,11.260000228881836,11.260000228881836,3300
2023-11-27,10.619999885559082,11.3100004196167,10.619999885559082,11.029999732971191,11.029999732971191,12300
2023-11-28,11.178000450134277,11.75,11.050000190734863,11.300000190734863,11.300000190734863,36000
2023-11-29,11.354999542236328,11.90999984741211,11.300000190734863,11.449999809265137,11.449999809265137,31200
2023-11-30,11.479999542236328,11.579999923706055,11.479999542236328,11.579999923706055,11.579999923706055,6800
2023-12-01,11.670000076293945,12.09000015258789,11.670000076293945,11.960000038146973,11.960000038146973,10000
2023-12-04,11.890000343322754,12.020000457763672,11.890000343322754,12.020000457763672,12.020000457763672,4000
2023-12-05,12.010000228881836,12.279999732971191,12.010000228881836,12.130000114440918,12.130000114440918,5200
2023-12-06,12.140000343322754,12.140000343322754,11.819999694824219,12.0600004196167,12.0600004196167,11100
2023-12-07,12.100000381469727,12.100000381469727,11.770000457763672,12.020000457763672,12.020000457763672,18300
2023-12-08,11.979999542236328,11.989999771118164,11.970000267028809,11.970000267028809,11.970000267028809,5100
2023-12-11,11.699999809265137,11.699999809265137,11.550000190734863,11.550000190734863,11.550000190734863,9500
2023-12-12,11.479999542236328,11.779999732971191,10.84000015258789,11.180000305175781,11.180000305175781,17600
2023-12-13,11.359999656677246,12.319999694824219,11.359999656677246,12.319999694824219,12.319999694824219,14400
2023-12-14,12.350000381469727,12.649999618530273,12.199999809265137,12.649999618530273,12.649999618530273,31600
2023-12-15,12.880000114440918,12.970000267028809,12.229999542236328,12.350000381469727,12.350000381469727,84400
2023-12-18,12.170000076293945,12.65999984741211,11.8100004196167,11.8100004196167,11.8100004196167,63700
2023-12-19,12.020000457763672,12.880000114440918,11.6850004196167,12.130000114440918,12.130000114440918,381800
2023-12-20,11.899999618530273,12.510000228881836,11.619999885559082,12.109999656677246,12.109999656677246,71600
2023-12-21,12.199999809265137,12.623000144958496,12.069999694824219,12.109999656677246,12.109999656677246,35000
2023-12-22,12.15999984741211,12.444999694824219,12.0,12.09000015258789,12.09000015258789,96600
2023-12-26,12.670000076293945,12.779999732971191,12.0,12.114999771118164,12.114999771118164,173800
2023-12-27,12.100000381469727,12.489999771118164,12.039999961853027,12.40999984741211,12.40999984741211,61800
2023-12-28,12.390000343322754,12.779999732971191,12.100000381469727,12.319999694824219,12.319999694824219,78500
2023-12-29,12.34000015258789,12.649999618530273,12.130000114440918,12.25,12.25,51300
2024-01-02,12.25,12.550000190734863,12.079999923706055,12.220000267028809,12.220000267028809,26700
2024-01-03,12.210000038146973,12.350000381469727,12.085000038146973,12.229999542236328,12.229999542236328,177700
2024-01-04,12.3100004196167,12.319999694824219,11.989999771118164,12.199999809265137,12.199999809265137,38100
2024-01-05,12.149999618530273,12.645999908447266,12.09000015258789,12.4399995803833,12.4399995803833,57500
2024-01-08,12.303000450134277,12.5,12.109999656677246,12.180000305175781,12.180000305175781,16600
2024-01-09,12.069999694824219,12.220000267028809,12.069999694824219,12.100000381469727,12.100000381469727,12800
2024-01-10,12.149999618530273,12.239999771118164,12.010000228881836,12.149999618530273,12.149999618530273,46400
2024-01-11,12.25,12.34000015258789,12.135000228881836,12.1899995803833,12.1899995803833,11400
2024-01-12,12.34000015258789,12.34000015258789,12.130000114440918,12.199999809265137,12.199999809265137,9500
2024-01-16,12.229999542236328,12.319999694824219,12.149999618530273,12.210000038146973,12.210000038146973,11800
2024-01-17,12.109999656677246,12.329999923706055,11.90999984741211,12.100000381469727,12.100000381469727,23600
2024-01-18,12.100000381469727,12.149999618530273,11.989999771118164,12.119999885559082,12.119999885559082,23300
2024-01-19,12.180000305175781,12.359999656677246,11.920000076293945,12.359999656677246,12.359999656677246,12700
2024-01-22,12.329999923706055,12.385000228881836,12.329999923706055,12.359999656677246,12.359999656677246,9500
2024-01-23,12.470000267028809,12.470000267028809,12.210000038146973,12.229999542236328,12.229999542236328,13500
2024-01-24,12.229999542236328,12.295000076293945,12.1899995803833,12.1899995803833,12.1899995803833,7000
2024-01-25,12.239999771118164,12.239999771118164,12.121999740600586,12.180000305175781,12.180000305175781,9100
2024-01-26,12.180000305175781,12.279999732971191,12.100000381469727,12.149999618530273,12.149999618530273,30800
2024-01-29,12.119999885559082,12.184000015258789,12.119999885559082,12.149999618530273,12.149999618530273,4400
2024-01-30,12.069999694824219,12.359999656677246,12.069999694824219,12.220000267028809,12.220000267028809,26100
2024-01-31,12.357999801635742,12.5,12.020000457763672,12.130000114440918,12.130000114440918,13100
2024-02-01,11.949999809265137,12.0600004196167,11.949999809265137,12.0,12.0,20500
2024-02-02,11.90999984741211,12.225000381469727,11.880000114440918,12.0,12.0,42700
2024-02-05,11.9399995803833,12.15999984741211,11.777999877929688,12.149999618530273,12.149999618530273,49300
2024-02-06,12.109999656677246,12.210000038146973,11.859999656677246,11.880000114440918,11.880000114440918,28600
2024-02-07,11.90999984741211,11.960000038146973,11.305000305175781,11.350000381469727,11.350000381469727,24600
2024-02-08,11.449999809265137,11.460000038146973,11.4399995803833,11.449999809265137,11.449999809265137,9600
2024-02-09,11.5,11.5600004196167,11.350000381469727,11.369999885559082,11.369999885559082,10700
2024-02-12,11.359999656677246,11.539999961853027,11.329999923706055,11.449999809265137,11.449999809265137,19000
2024-02-13,11.260000228881836,11.399999618530273,10.960000038146973,11.0,11.0,31500
2024-02-14,10.960000038146973,10.979999542236328,10.680000305175781,10.979999542236328,10.979999542236328,10800
2024-02-15,11.079999923706055,11.390000343322754,10.9399995803833,11.369999885559082,11.369999885559082,10500
2024-02-16,11.380000114440918,11.548999786376953,11.020000457763672,11.40999984741211,11.40999984741211,11900
2024-02-20,11.289999961853027,11.479999542236328,11.069999694824219,11.079999923706055,11.079999923706055,9200
2024-02-21,11.289999961853027,11.055000305175781,10.859999656677246,10.880000114440918,10.880000114440918,591
